iso,country,year,type,records,deaths,deaths_reported,deaths_coverage_pct,affected,affected_reported,affected_coverage_pct,damage_usd,damage_usd_reported,damage_usd_coverage_pct,damage_adjusted_usd,damage_adjusted_usd_reported,damage_adjusted_usd_coverage_pct
AFG,Afghanistan,2000,Drought,1,37.0,1,100.0,2580000.0,1,100.0,50000.0,1,100.0,93000.0,1,100.0
AFG,Afghanistan,2000,Epidemic,4,557.0,4,100.0,2228.0,3,75.0,,0,0.0,,0,0.0
AFG,Afghanistan,2001,Earthquake,1,4.0,1,100.0,270.0,1,100.0,,0,0.0,,0,0.0
AFG,Afghanistan,2001,Epidemic,2,154.0,2,100.0,4425.0,2,100.0,,0,0.0,,0,0.0
AFG,Afghanistan,2001,Extreme temperature,2,327.0,2,100.0,200000.0,2,100.0,10000.0,1,50.0,18000.0,1,50.0
AFG,Afghanistan,2002,Earthquake,3,1200.0,3,100.0,100891.0,3,100.0,,0,0.0,,0,0.0
AFG,Afghanistan,2002,Epidemic,8,2797.0,7,87.5,206834.0,4,50.0,,0,0.0,,0,0.0
AFG,Afghanistan,2002,Flood,4,81.0,3,75.0,5545.0,3,75.0,,0,0.0,,0,0.0
AFG,Afghanistan,2002,Mass movement (wet),1,5.0,1,100.0,400.0,1,100.0,,0,0.0,,0,0.0
AFG,Afghanistan,2003,Earthquake,1,1.0,1,100.0,1001.0,1,100.0,,0,0.0,,0,0.0
AFG,Afghanistan,2003,Flood,8,136.0,7,87.5,3753.0,6,75.0,,0,0.0,,0,0.0
AFG,Afghanistan,2004,Earthquake,1,2.0,1,100.0,1040.0,1,100.0,,0,0.0,,0,0.0
AFG,Afghanistan,2004,Flood,2,16.0,1,50.0,4500.0,2,100.0,,0,0.0,,0,0.0
AFG,Afghanistan,2005,Earthquake,2,6.0,2,100.0,501.0,1,50.0,50000.0,1,50.0,82000.0,1,50.0
AFG,Afghanistan,2005,Epidemic,1,,0,0.0,3245.0,1,100.0,,0,0.0,,0,0.0
AFG,Afghanistan,2005,Extreme temperature,1,21.0,1,100.0,,0,0.0,,0,0.0,,0,0.0
AFG,Afghanistan,2005,Flood,8,283.0,5,62.5,18318.0,6,75.0,,0,0.0,,0,0.0
AFG,Afghanistan,2005,Storm,1,260.0,1,100.0,22656.0,1,100.0,5000000.0,1,100.0,8243000.0,1,100.0
AFG,Afghanistan,2006,Drought,1,,0,0.0,1900000.0,1,100.0,,0,0.0,,0,0.0
AFG,Afghanistan,2006,Earthquake,1,1.0,1,100.0,935.0,1,100.0,,0,0.0,,0,0.0
AFG,Afghanistan,2006,Flood,7,282.0,6,85.71,32975.0,6,85.71,,0,0.0,,0,0.0
AFG,Afghanistan,2006,Mass movement (wet),2,28.0,2,100.0,300000.0,1,50.0,,0,0.0,,0,0.0
AFG,Afghanistan,2006,Storm,2,71.0,2,100.0,,0,0.0,,0,0.0,,0,0.0
AFG,Afghanistan,2007,Flood,7,296.0,7,100.0,30255.0,6,85.71,,0,0.0,,0,0.0
AFG,Afghanistan,2008,Drought,1,,0,0.0,280000.0,1,100.0,,0,0.0,,0,0.0
AFG,Afghanistan,2008,Epidemic,1,17.0,1,100.0,1100.0,1,100.0,,0,0.0,,0,0.0
AFG,Afghanistan,2008,Extreme temperature,1,1317.0,1,100.0,170684.0,1,100.0,,0,0.0,,0,0.0
AFG,Afghanistan,2008,Flood,1,,0,0.0,1180.0,1,100.0,,0,0.0,,0,0.0
AFG,Afghanistan,2009,Earthquake,1,22.0,1,100.0,3309.0,1,100.0,,0,0.0,,0,0.0
AFG,Afghanistan,2009,Flood,3,69.0,3,100.0,62516.0,2,66.67,20000000.0,1,33.33,30013000.0,1,33.33
AFG,Afghanistan,2009,Mass movement (wet),1,10.0,1,100.0,32.0,1,100.0,,0,0.0,,0,0.0
AFG,Afghanistan,2010,Earthquake,1,11.0,1,100.0,1070.0,1,100.0,,0,0.0,,0,0.0
AFG,Afghanistan,2010,Flood,2,135.0,2,100.0,45000.0,2,100.0,,0,0.0,,0,0.0
AFG,Afghanistan,2010,Mass movement (wet),2,204.0,2,100.0,130.0,1,50.0,,0,0.0,,0,0.0
AFG,Afghanistan,2011,Drought,1,,0,0.0,1750000.0,1,100.0,142000000.0,1,100.0,203237000.0,1,100.0
AFG,Afghanistan,2011,Flood,2,62.0,2,100.0,12810.0,2,100.0,,0,0.0,,0,0.0
AFG,Afghanistan,2011,Storm,1,21.0,1,100.0,5.0,1,100.0,,0,0.0,,0,0.0
AFG,Afghanistan,2012,Earthquake,1,75.0,1,100.0,3548.0,1,100.0,,0,0.0,,0,0.0
AFG,Afghanistan,2012,Extreme temperature,1,45.0,1,100.0,68.0,1,100.0,,0,0.0,,0,0.0
AFG,Afghanistan,2012,Flood,6,149.0,4,66.67,51150.0,5,83.33,,0,0.0,,0,0.0
AFG,Afghanistan,2012,Mass movement (wet),3,111.0,3,100.0,46.0,2,66.67,,0,0.0,,0,0.0
AFG,Afghanistan,2013,Earthquake,1,18.0,1,100.0,3531.0,1,100.0,,0,0.0,,0,0.0
AFG,Afghanistan,2013,Flood,4,113.0,4,100.0,17097.0,3,75.0,,0,0.0,,0,0.0
AFG,Afghanistan,2013,Mass movement (wet),1,24.0,1,100.0,1000.0,1,100.0,,0,0.0,,0,0.0
AFG,Afghanistan,2014,Flood,2,512.0,2,100.0,142055.0,2,100.0,3000000.0,1,50.0,4080000.0,1,50.0
AFG,Afghanistan,2014,Storm,1,63.0,1,100.0,,0,0.0,,0,0.0,,0,0.0
AFG,Afghanistan,2015,Earthquake,2,115.0,1,50.0,93132.0,2,100.0,,0,0.0,,0,0.0
AFG,Afghanistan,2015,Flood,1,7.0,1,100.0,3010.0,1,100.0,,0,0.0,,0,0.0
AFG,Afghanistan,2015,Mass movement (wet),4,324.0,4,100.0,33707.0,4,100.0,3000000.0,1,25.0,4075000.0,1,25.0
AFG,Afghanistan,2016,Flood,4,84.0,4,100.0,,0,0.0,,0,0.0,,0,0.0
AFG,Afghanistan,2017,Flood,1,36.0,1,100.0,1822.0,1,100.0,,0,0.0,,0,0.0
AFG,Afghanistan,2017,Mass movement (wet),2,123.0,2,100.0,363.0,1,50.0,,0,0.0,,0,0.0
AFG,Afghanistan,2017,Storm,2,67.0,2,100.0,9055.0,1,50.0,,0,0.0,,0,0.0
AFG,Afghanistan,2018,Drought,1,,0,0.0,13500000.0,1,100.0,,0,0.0,,0,0.0
AFG,Afghanistan,2018,Flood,3,101.0,3,100.0,4000.0,1,33.33,,0,0.0,,0,0.0
AFG,Afghanistan,2018,Mass movement (wet),1,12.0,1,100.0,,0,0.0,,0,0.0,,0,0.0
AFG,Afghanistan,2019,Flood,6,171.0,6,100.0,130942.0,3,50.0,,0,0.0,,0,0.0
AFG,Afghanistan,2019,Mass movement (wet),1,40.0,1,100.0,,0,0.0,,0,0.0,,0,0.0
AFG,Afghanistan,2020,Flood,5,293.0,5,100.0,44076.0,4,80.0,,0,0.0,,0,0.0
AFG,Afghanistan,2020,Mass movement (wet),1,22.0,1,100.0,260.0,1,100.0,,0,0.0,,0,0.0
AFG,Afghanistan,2020,Storm,1,13.0,1,100.0,7481.0,1,100.0,,0,0.0,,0,0.0
AFG,Afghanistan,2021,Drought,1,,0,0.0,11000000.0,1,100.0,,0,0.0,,0,0.0
AFG,Afghanistan,2021,Flood,2,376.0,2,100.0,35033.0,2,100.0,,0,0.0,,0,0.0
AFG,Afghanistan,2021,Mass movement (wet),1,20.0,1,100.0,,0,0.0,,0,0.0,,0,0.0
AFG,Afghanistan,2022,Earthquake,2,1191.0,2,100.0,368627.0,2,100.0,,0,0.0,,0,0.0
AFG,Afghanistan,2022,Flood,5,252.0,5,100.0,266787.0,5,100.0,,0,0.0,,0,0.0
AFG,Afghanistan,2022,Mass movement (wet),1,19.0,1,100.0,,0,0.0,,0,0.0,,0,0.0
AFG,Afghanistan,2023,Earthquake,3,1486.0,3,100.0,280435.0,3,100.0,217000000.0,1,33.33,229279000.0,1,33.33
AFG,Afghanistan,2023,Extreme temperature,1,166.0,1,100.0,,0,0.0,,0,0.0,,0,0.0
AFG,Afghanistan,2023,Flood,2,71.0,2,100.0,127549.0,2,100.0,,0,0.0,,0,0.0
AFG,Afghanistan,2024,Epidemic,1,178.0,1,100.0,41330.0,1,100.0,,0,0.0,,0,0.0
AFG,Afghanistan,2024,Extreme temperature,1,1197.0,1,100.0,327422.0,1,100.0,,0,0.0,,0,0.0
AFG,Afghanistan,2024,Flood,5,611.0,5,100.0,312504.0,5,100.0,,0,0.0,,0,0.0
AFG,Afghanistan,2024,Mass movement (wet),2,37.0,2,100.0,158.0,1,50.0,,0,0.0,,0,0.0
AFG,Afghanistan,2025,Earthquake,2,2226.0,2,100.0,2716772.0,2,100.0,190000000.0,2,100.0,190000000.0,2,100.0
AFG,Afghanistan,2025,Flood,2,43.0,2,100.0,2048.0,2,100.0,,0,0.0,,0,0.0
AFG,Afghanistan,2026,Earthquake,1,12.0,1,100.0,194.0,1,100.0,,0,0.0,,0,0.0
AFG,Afghanistan,2026,Flood,5,260.0,5,100.0,181115.0,5,100.0,10000000.0,1,20.0,,0,0.0
AFG,Afghanistan,2026,Storm,1,61.0,1,100.0,2390.0,1,100.0,,0,0.0,,0,0.0
AGO,Angola,2000,Epidemic,1,18.0,1,100.0,117.0,1,100.0,,0,0.0,,0,0.0
AGO,Angola,2000,Flood,4,46.0,4,100.0,79011.0,4,100.0,10000000.0,1,25.0,18696000.0,1,25.0
AGO,Angola,2000,Mass movement (wet),1,13.0,1,100.0,,0,0.0,,0,0.0,,0,0.0
AGO,Angola,2001,Drought,1,58.0,1,100.0,,0,0.0,,0,0.0,,0,0.0
AGO,Angola,2001,Epidemic,1,30.0,1,100.0,332.0,1,100.0,,0,0.0,,0,0.0
AGO,Angola,2001,Flood,1,48.0,1,100.0,39928.0,1,100.0,,0,0.0,,0,0.0
AGO,Angola,2003,Flood,2,15.0,2,100.0,825.0,2,100.0,,0,0.0,,0,0.0
AGO,Angola,2004,Drought,1,,0,0.0,25000.0,1,100.0,,0,0.0,,0,0.0
AGO,Angola,2004,Epidemic,1,329.0,1,100.0,45.0,1,100.0,,0,0.0,,0,0.0
AGO,Angola,2004,Flood,3,28.0,2,66.67,333700.0,2,66.67,,0,0.0,,0,0.0
AGO,Angola,2005,Flood,1,,0,0.0,10000.0,1,100.0,,0,0.0,,0,0.0
AGO,Angola,2006,Epidemic,2,2422.0,2,100.0,57570.0,1,50.0,,0,0.0,,0,0.0
AGO,Angola,2006,Flood,1,,0,0.0,225.0,1,100.0,,0,0.0,,0,0.0
AGO,Angola,2007,Epidemic,2,515.0,1,50.0,18343.0,2,100.0,,0,0.0,,0,0.0
AGO,Angola,2007,Flood,2,105.0,1,50.0,46000.0,2,100.0,,0,0.0,,0,0.0
AGO,Angola,2008,Epidemic,1,134.0,1,100.0,7495.0,1,100.0,,0,0.0,,0,0.0
AGO,Angola,2008,Flood,1,7.0,1,100.0,81400.0,1,100.0,,0,0.0,,0,0.0
AGO,Angola,2009,Epidemic,2,116.0,2,100.0,25938.0,2,100.0,,0,0.0,,0,0.0
AGO,Angola,2009,Flood,3,62.0,2,66.67,225065.0,3,100.0,,0,0.0,,0,0.0
AGO,Angola,2010,Flood,3,25.0,2,66.67,189781.0,3,100.0,,0,0.0,,0,0.0
AGO,Angola,2011,Flood,4,130.0,2,50.0,90684.0,3,75.0,,0,0.0,,0,0.0
AGO,Angola,2012,Drought,1,,0,0.0,1833900.0,1,100.0,,0,0.0,,0,0.0
AGO,Angola,2013,Flood,1,9.0,1,100.0,1000.0,1,100.0,,0,0.0,,0,0.0
AGO,Angola,2015,Epidemic,1,384.0,1,100.0,4599.0,1,100.0,,0,0.0,,0,0.0
AGO,Angola,2015,Flood,3,75.0,3,100.0,5000.0,3,100.0,,0,0.0,,0,0.0
AGO,Angola,2016,Flood,4,113.0,4,100.0,9899.0,3,75.0,,0,0.0,,0,0.0
AGO,Angola,2017,Drought,1,,0,0.0,1420000.0,1,100.0,,0,0.0,,0,0.0
AGO,Angola,2017,Flood,1,11.0,1,100.0,30250.0,1,100.0,2000000.0,1,100.0,2627000.0,1,100.0
AGO,Angola,2018,Epidemic,1,2.0,1,100.0,139.0,1,100.0,,0,0.0,,0,0.0
AGO,Angola,2018,Flood,1,8.0,1,100.0,3000.0,1,100.0,,0,0.0,,0,0.0
AGO,Angola,2019,Flood,3,71.0,3,100.0,16520.0,3,100.0,,0,0.0,,0,0.0
AGO,Angola,2020,Drought,1,,0,0.0,1643316.0,1,100.0,,0,0.0,,0,0.0
AGO,Angola,2020,Flood,2,33.0,2,100.0,20600.0,2,100.0,,0,0.0,,0,0.0
AGO,Angola,2021,Flood,2,22.0,2,100.0,9937.0,2,100.0,,0,0.0,,0,0.0
AGO,Angola,2023,Flood,2,84.0,2,100.0,160725.0,2,100.0,,0,0.0,,0,0.0
AGO,Angola,2024,Drought,1,,0,0.0,2800000.0,1,100.0,,0,0.0,,0,0.0
AGO,Angola,2025,Epidemic,1,776.0,1,100.0,27728.0,1,100.0,,0,0.0,,0,0.0
AGO,Angola,2026,Flood,2,45.0,1,50.0,57785.0,2,100.0,,0,0.0,,0,0.0
AIA,Anguilla,2017,Storm,1,4.0,1,100.0,15000.0,1,100.0,200000000.0,1,100.0,262682000.0,1,100.0
ALB,Albania,2002,Epidemic,1,,0,0.0,226.0,1,100.0,,0,0.0,,0,0.0
ALB,Albania,2002,Flood,1,1.0,1,100.0,66884.0,1,100.0,17500000.0,1,100.0,31322000.0,1,100.0
ALB,Albania,2002,Storm,1,6.0,1,100.0,125000.0,1,100.0,,0,0.0,,0,0.0
ALB,Albania,2004,Extreme temperature,1,3.0,1,100.0,,0,0.0,,0,0.0,,0,0.0
ALB,Albania,2004,Flood,1,,0,0.0,2500.0,1,100.0,173000.0,1,100.0,295000.0,1,100.0
ALB,Albania,2005,Flood,1,3.0,1,100.0,500.0,1,100.0,,0,0.0,,0,0.0
ALB,Albania,2005,Storm,1,2.0,1,100.0,400000.0,1,100.0,,0,0.0,,0,0.0
ALB,Albania,2007,Extreme temperature,1,,0,0.0,150.0,1,100.0,,0,0.0,,0,0.0
ALB,Albania,2007,Wildfire,1,,0,0.0,75.0,1,100.0,,0,0.0,,0,0.0
ALB,Albania,2009,Earthquake,1,,0,0.0,150.0,1,100.0,,0,0.0,,0,0.0
ALB,Albania,2009,Flood,1,,0,0.0,6600.0,1,100.0,,0,0.0,,0,0.0
ALB,Albania,2010,Flood,1,,0,0.0,14000.0,1,100.0,,0,0.0,,0,0.0
ALB,Albania,2012,Extreme temperature,1,5.0,1,100.0,230000.0,1,100.0,,0,0.0,,0,0.0
ALB,Albania,2013,Flood,1,,0,0.0,2800.0,1,100.0,,0,0.0,,0,0.0
ALB,Albania,2015,Flood,2,1.0,1,50.0,42300.0,2,100.0,,0,0.0,,0,0.0
ALB,Albania,2016,Flood,1,3.0,1,100.0,4500.0,1,100.0,,0,0.0,,0,0.0
ALB,Albania,2017,Extreme temperature,1,6.0,1,100.0,,0,0.0,,0,0.0,,0,0.0
ALB,Albania,2017,Flood,1,1.0,1,100.0,21002.0,1,100.0,8900000.0,1,100.0,11689000.0,1,100.0
ALB,Albania,2018,Flood,1,,0,0.0,800.0,1,100.0,,0,0.0,,0,0.0
ALB,Albania,2019,Earthquake,3,51.0,1,33.33,207825.0,3,100.0,745000000.0,2,66.67,938159000.0,2,66.67
ALB,Albania,2021,Flood,1,,0,0.0,84.0,1,100.0,,0,0.0,,0,0.0
ALB,Albania,2022,Extreme temperature,1,352.0,1,100.0,,0,0.0,,0,0.0,,0,0.0
ALB,Albania,2023,Extreme temperature,1,363.0,1,100.0,,0,0.0,,0,0.0,,0,0.0
ALB,Albania,2025,Extreme temperature,1,,0,0.0,,0,0.0,,0,0.0,,0,0.0
ALB,Albania,2025,Storm,2,2.0,2,100.0,840.0,2,100.0,,0,0.0,,0,0.0
ALB,Albania,2026,Storm,1,1.0,1,100.0,2400.0,1,100.0,250000000.0,1,100.0,,0,0.0
ARE,United Arab Emirates,2017,Flood,1,,0,0.0,188.0,1,100.0,,0,0.0,,0,0.0
ARE,United Arab Emirates,2024,Flood,2,4.0,1,50.0,346.0,1,50.0,,0,0.0,,0,0.0
ARG,Argentina,2000,Extreme temperature,1,15.0,1,100.0,300.0,1,100.0,,0,0.0,,0,0.0
ARG,Argentina,2000,Flood,4,13.0,3,75.0,37840.0,3,75.0,300000000.0,1,25.0,560876000.0,1,25.0
ARG,Argentina,2000,Storm,2,1.0,1,50.0,430.0,1,50.0,,0,0.0,,0,0.0
ARG,Argentina,2000,Wildfire,1,8.0,1,100.0,,0,0.0,,0,0.0,,0,0.0
ARG,Argentina,2001,Extreme temperature,1,14.0,1,100.0,3000.0,1,100.0,,0,0.0,,0,0.0
ARG,Argentina,2001,Flood,3,1.0,1,33.33,251300.0,3,100.0,750000000.0,1,33.33,1363652000.0,1,33.33
ARG,Argentina,2001,Storm,2,20.0,2,100.0,2650.0,2,100.0,15000000.0,1,50.0,27273000.0,1,50.0
ARG,Argentina,2001,Wildfire,1,,0,0.0,,0,0.0,,0,0.0,,0,0.0
ARG,Argentina,2002,Earthquake,1,,0,0.0,727.0,1,100.0,,0,0.0,,0,0.0
ARG,Argentina,2002,Extreme temperature,1,,0,0.0,200.0,1,100.0,,0,0.0,,0,0.0
ARG,Argentina,2002,Flood,1,4.0,1,100.0,6000.0,1,100.0,,0,0.0,,0,0.0
ARG,Argentina,2002,Storm,1,3.0,1,100.0,5000.0,1,100.0,,0,0.0,,0,0.0
ARG,Argentina,2003,Drought,1,,0,0.0,,0,0.0,120000000.0,1,100.0,210010000.0,1,100.0
ARG,Argentina,2003,Flood,2,27.0,2,100.0,163000.0,2,100.0,1028210000.0,1,50.0,1799456000.0,1,50.0
ARG,Argentina,2003,Storm,1,12.0,1,100.0,900.0,1,100.0,,0,0.0,,0,0.0
ARG,Argentina,2004,Extreme temperature,1,5.0,1,100.0,,0,0.0,,0,0.0,,0,0.0
ARG,Argentina,2004,Flood,2,5.0,1,50.0,6307.0,2,100.0,,0,0.0,,0,0.0
ARG,Argentina,2005,Storm,1,11.0,1,100.0,252.0,1,100.0,,0,0.0,,0,0.0
ARG,Argentina,2006,Flood,1,,0,0.0,4500.0,1,100.0,,0,0.0,,0,0.0
ARG,Argentina,2007,Extreme temperature,1,9.0,1,100.0,,0,0.0,,0,0.0,,0,0.0
ARG,Argentina,2007,Flood,2,10.0,2,100.0,135000.0,2,100.0,40000000.0,2,100.0,62108000.0,2,100.0
ARG,Argentina,2008,Flood,1,,0,0.0,85000.0,1,100.0,,0,0.0,,0,0.0
ARG,Argentina,2008,Volcanic activity,1,,0,0.0,,0,0.0,,0,0.0,,0,0.0
ARG,Argentina,2009,Drought,1,,0,0.0,,0,0.0,,0,0.0,,0,0.0
ARG,Argentina,2009,Epidemic,1,6.0,1,100.0,13366.0,1,100.0,,0,0.0,,0,0.0
ARG,Argentina,2009,Flood,2,9.0,2,100.0,34128.0,2,100.0,,0,0.0,,0,0.0
ARG,Argentina,2009,Mass movement (wet),1,4.0,1,100.0,20000.0,1,100.0,15000000.0,1,100.0,22510000.0,1,100.0
ARG,Argentina,2009,Storm,1,10.0,1,100.0,24.0,1,100.0,,0,0.0,,0,0.0
ARG,Argentina,2010,Extreme temperature,1,42.0,1,100.0,,0,0.0,,0,0.0,,0,0.0
ARG,Argentina,2011,Volcanic activity,1,,0,0.0,3000.0,1,100.0,104000000.0,1,100.0,148849000.0,1,100.0
ARG,Argentina,2012,Flood,1,6.0,1,100.0,10000.0,1,100.0,,0,0.0,,0,0.0
ARG,Argentina,2012,Storm,2,19.0,2,100.0,9530.0,2,100.0,12000000.0,2,100.0,16826000.0,2,100.0
ARG,Argentina,2013,Flood,1,52.0,1,100.0,350000.0,1,100.0,1300000000.0,1,100.0,1796579000.0,1,100.0
ARG,Argentina,2013,Storm,1,4.0,1,100.0,12.0,1,100.0,2000000.0,1,100.0,2764000.0,1,100.0
ARG,Argentina,2014,Flood,3,3.0,1,33.33,7203.0,2,66.67,62000000.0,1,33.33,84315000.0,1,33.33
ARG,Argentina,2014,Mass movement (wet),1,24.0,1,100.0,350.0,1,100.0,,0,0.0,,0,0.0
ARG,Argentina,2015,Flood,3,11.0,3,100.0,141133.0,3,100.0,,0,0.0,,0,0.0
ARG,Argentina,2015,Storm,1,8.0,1,100.0,4500.0,1,100.0,17200000.0,1,100.0,23363000.0,1,100.0
ARG,Argentina,2015,Volcanic activity,1,,0,0.0,,0,0.0,,0,0.0,,0,0.0
ARG,Argentina,2016,Flood,2,,0,0.0,85769.0,2,100.0,1002000000.0,2,100.0,1344072000.0,2,100.0
ARG,Argentina,2017,Flood,3,1.0,1,33.33,51777.0,3,100.0,,0,0.0,,0,0.0
ARG,Argentina,2017,Mass movement (wet),1,,0,0.0,2666.0,1,100.0,,0,0.0,,0,0.0
ARG,Argentina,2018,Drought,1,,0,0.0,,0,0.0,3400000000.0,1,100.0,4359127000.0,1,100.0
ARG,Argentina,2018,Flood,3,,0,0.0,63420.0,3,100.0,,0,0.0,,0,0.0
ARG,Argentina,2018,Storm,1,2.0,1,100.0,1200.0,1,100.0,,0,0.0,,0,0.0
ARG,Argentina,2019,Drought,1,8.0,1,100.0,35032.0,1,100.0,,0,0.0,,0,0.0
ARG,Argentina,2019,Flood,3,6.0,2,66.67,35351.0,3,100.0,,0,0.0,,0,0.0
ARG,Argentina,2020,Flood,1,3.0,1,100.0,3000.0,1,100.0,10000000.0,1,100.0,12439000.0,1,100.0
ARG,Argentina,2020,Storm,1,,0,0.0,250.0,1,100.0,,0,0.0,,0,0.0
ARG,Argentina,2021,Earthquake,1,,0,0.0,1814.0,1,100.0,,0,0.0,,0,0.0
ARG,Argentina,2021,Flood,1,,0,0.0,90.0,1,100.0,,0,0.0,,0,0.0
ARG,Argentina,2021,Wildfire,1,15.0,1,100.0,1207.0,1,100.0,,0,0.0,,0,0.0
ARG,Argentina,2022,Wildfire,1,,0,0.0,124085.0,1,100.0,770000000.0,1,100.0,847060000.0,1,100.0
ARG,Argentina,2023,Flood,1,,0,0.0,38000.0,1,100.0,,0,0.0,,0,0.0
ARG,Argentina,2023,Storm,2,13.0,1,50.0,14020.0,2,100.0,125000000.0,1,50.0,132073000.0,1,50.0
ARG,Argentina,2023,Wildfire,1,,0,0.0,800.0,1,100.0,,0,0.0,,0,0.0
ARG,Argentina,2024,Flood,2,,0,0.0,402400.0,2,100.0,,0,0.0,,0,0.0
ARG,Argentina,2024,Storm,1,1.0,1,100.0,400006.0,1,100.0,250000000.0,1,100.0,256578000.0,1,100.0
ARG,Argentina,2025,Flood,1,125.0,1,100.0,236700.0,1,100.0,375000000.0,1,100.0,375000000.0,1,100.0
ARG,Argentina,2025,Storm,2,9.0,1,50.0,1800.0,1,50.0,,0,0.0,,0,0.0
ARG,Argentina,2025,Wildfire,1,1.0,1,100.0,1500.0,1,100.0,,0,0.0,,0,0.0
ARG,Argentina,2026,Mass movement (wet),1,,0,0.0,10500.0,1,100.0,,0,0.0,,0,0.0
ARG,Argentina,2026,Wildfire,1,,0,0.0,3001.0,1,100.0,,0,0.0,,0,0.0
ARM,Armenia,2000,Drought,1,,0,0.0,297000.0,1,100.0,100000000.0,1,100.0,186959000.0,1,100.0
ARM,Armenia,2004,Flood,1,1.0,1,100.0,,0,0.0,,0,0.0,,0,0.0
ARM,Armenia,2013,Extreme temperature,1,,0,0.0,12000.0,1,100.0,,0,0.0,,0,0.0
ARM,Armenia,2013,Storm,1,,0,0.0,64000.0,1,100.0,60000000.0,1,100.0,82919000.0,1,100.0
ARM,Armenia,2016,Mass movement (wet),1,,0,0.0,750.0,1,100.0,,0,0.0,,0,0.0
ARM,Armenia,2018,Storm,1,,0,0.0,9900.0,1,100.0,1822000.0,1,100.0,2336000.0,1,100.0
ARM,Armenia,2019,Storm,1,,0,0.0,11700.0,1,100.0,,0,0.0,,0,0.0
ARM,Armenia,2020,Storm,1,,0,0.0,2836.0,1,100.0,,0,0.0,,0,0.0
ARM,Armenia,2023,Storm,1,,0,0.0,18000.0,1,100.0,,0,0.0,,0,0.0
ARM,Armenia,2024,Flood,1,4.0,1,100.0,429.0,1,100.0,50000000.0,1,100.0,51316000.0,1,100.0
ARM,Armenia,2025,Storm,1,4.0,1,100.0,20000.0,1,100.0,,0,0.0,,0,0.0
ASM,American Samoa,2003,Flood,1,6.0,1,100.0,3.0,1,100.0,50000000.0,1,100.0,87504000.0,1,100.0
ASM,American Samoa,2004,Storm,1,,0,0.0,23060.0,1,100.0,150000000.0,1,100.0,255668000.0,1,100.0
ASM,American Samoa,2005,Storm,1,,0,0.0,,0,0.0,,0,0.0,,0,0.0
ASM,American Samoa,2009,Earthquake,1,34.0,1,100.0,2500.0,1,100.0,,0,0.0,,0,0.0
ATG,Antigua and Barbuda,2008,Storm,1,,0,0.0,25800.0,1,100.0,,0,0.0,,0,0.0
ATG,Antigua and Barbuda,2010,Storm,1,,0,0.0,5000.0,1,100.0,12600000.0,1,100.0,18603000.0,1,100.0
ATG,Antigua and Barbuda,2017,Storm,1,1.0,1,100.0,1800.0,1,100.0,250000000.0,1,100.0,328353000.0,1,100.0
AUS,Australia,2000,Flood,1,,0,0.0,600.0,1,100.0,265000000.0,1,100.0,495441000.0,1,100.0
AUS,Australia,2000,Infestation,1,,0,0.0,,0,0.0,120000000.0,1,100.0,224350000.0,1,100.0
AUS,Australia,2000,Storm,3,1.0,1,33.33,1350.0,3,100.0,150000000.0,2,66.67,280438000.0,2,66.67
AUS,Australia,2000,Wildfire,1,,0,0.0,200.0,1,100.0,,0,0.0,,0,0.0
AUS,Australia,2001,Flood,4,4.0,2,50.0,4001.0,3,75.0,225000000.0,3,75.0,409095000.0,3,75.0
AUS,Australia,2001,Storm,3,2.0,2,66.67,207.0,2,66.67,6600000.0,1,33.33,12000000.0,1,33.33
AUS,Australia,2001,Wildfire,2,,0,0.0,4400.0,1,50.0,90000000.0,1,50.0,163638000.0,1,50.0
AUS,Australia,2002,Drought,1,,0,0.0,,0,0.0,2000000000.0,1,100.0,3579630000.0,1,100.0
AUS,Australia,2002,Storm,3,,0,0.0,129.0,1,33.33,,0,0.0,,0,0.0
AUS,Australia,2002,Wildfire,1,2.0,1,100.0,244.0,1,100.0,50000000.0,1,100.0,89491000.0,1,100.0
AUS,Australia,2003,Flood,4,1.0,1,25.0,470.0,4,100.0,77000000.0,2,50.0,134756000.0,2,50.0
AUS,Australia,2003,Storm,5,1.0,1,20.0,2070.0,3,60.0,93000000.0,1,20.0,162758000.0,1,20.0
AUS,Australia,2003,Wildfire,1,4.0,1,100.0,2650.0,1,100.0,300000000.0,1,100.0,525026000.0,1,100.0
AUS,Australia,2004,Flood,3,3.0,1,33.33,3620.0,3,100.0,52500000.0,3,100.0,89484000.0,3,100.0
AUS,Australia,2004,Infestation,1,,0,0.0,,0,0.0,,0,0.0,,0,0.0
AUS,Australia,2004,Storm,3,3.0,2,66.67,645.0,2,66.67,60000000.0,2,66.67,102268000.0,2,66.67
AUS,Australia,2005,Flood,1,3.0,1,100.0,3000.0,1,100.0,58000000.0,1,100.0,95614000.0,1,100.0
AUS,Australia,2005,Storm,2,1.0,1,50.0,1200.0,2,100.0,42000000.0,2,100.0,69238000.0,2,100.0
AUS,Australia,2005,Wildfire,1,12.0,1,100.0,220.0,1,100.0,40000000.0,1,100.0,65941000.0,1,100.0
AUS,Australia,2006,Drought,1,,0,0.0,,0,0.0,,0,0.0,,0,0.0
AUS,Australia,2006,Flood,1,,0,0.0,1100.0,1,100.0,,0,0.0,,0,0.0
AUS,Australia,2006,Storm,3,,0,0.0,9030.0,3,100.0,1182354000.0,2,66.67,1888225000.0,2,66.67
AUS,Australia,2006,Wildfire,3,4.0,2,66.67,141.0,2,66.67,100000000.0,2,66.67,159700000.0,2,66.67
AUS,Australia,2007,Flood,1,9.0,1,100.0,5000.0,1,100.0,1300000000.0,1,100.0,2018525000.0,1,100.0
AUS,Australia,2007,Storm,1,2.0,1,100.0,820.0,1,100.0,100000000.0,1,100.0,155271000.0,1,100.0
AUS,Australia,2008,Flood,4,7.0,3,75.0,8400.0,4,100.0,2065000000.0,4,100.0,3087805000.0,4,100.0
AUS,Australia,2008,Storm,1,1.0,1,100.0,12000.0,1,100.0,450000000.0,1,100.0,672887000.0,1,100.0
AUS,Australia,2009,Extreme temperature,1,347.0,1,100.0,2000.0,1,100.0,,0,0.0,,0,0.0
AUS,Australia,2009,Flood,2,7.0,1,50.0,9200.0,2,100.0,150000000.0,1,50.0,225096000.0,1,50.0
AUS,Australia,2009,Storm,2,1.0,1,50.0,15400.0,2,100.0,60000000.0,1,50.0,90038000.0,1,50.0
AUS,Australia,2009,Wildfire,1,180.0,1,100.0,9954.0,1,100.0,1300000000.0,1,100.0,1950833000.0,1,100.0
AUS,Australia,2010,Flood,5,35.0,1,20.0,186000.0,3,60.0,7409000000.0,2,40.0,10938846000.0,2,40.0
AUS,Australia,2010,Storm,3,1.0,1,33.33,,0,0.0,2720000000.0,2,66.67,4015881000.0,2,66.67
AUS,Australia,2011,Flood,1,,0,0.0,217.0,1,100.0,,0,0.0,,0,0.0
AUS,Australia,2011,Storm,1,1.0,1,100.0,7300.0,1,100.0,2500000000.0,1,100.0,3578111000.0,1,100.0
AUS,Australia,2011,Wildfire,1,,0,0.0,120.0,1,100.0,54000000.0,1,100.0,77287000.0,1,100.0
AUS,Australia,2012,Flood,2,4.0,2,100.0,16000.0,2,100.0,588000000.0,2,100.0,824510000.0,2,100.0
AUS,Australia,2013,Storm,1,6.0,1,100.0,7500.0,1,100.0,2000000000.0,1,100.0,2763968000.0,1,100.0
AUS,Australia,2013,Wildfire,2,3.0,2,100.0,1440.0,2,100.0,366000000.0,2,100.0,505806000.0,2,100.0
AUS,Australia,2014,Extreme temperature,1,139.0,1,100.0,,0,0.0,,0,0.0,,0,0.0
AUS,Australia,2014,Storm,1,,0,0.0,52539.0,1,100.0,1000000000.0,1,100.0,1359923000.0,1,100.0
AUS,Australia,2014,Wildfire,2,2.0,1,50.0,290.0,2,100.0,125000000.0,2,100.0,169990000.0,2,100.0
AUS,Australia,2015,Flood,1,6.0,1,100.0,,0,0.0,400000000.0,1,100.0,543325000.0,1,100.0
AUS,Australia,2015,Storm,4,8.0,2,50.0,8038.0,4,100.0,1981000000.0,4,100.0,2690815000.0,4,100.0
AUS,Australia,2015,Wildfire,3,2.0,1,33.33,743.0,3,100.0,351000000.0,3,100.0,476767000.0,3,100.0
AUS,Australia,2016,Epidemic,1,,0,0.0,2016.0,1,100.0,,0,0.0,,0,0.0
AUS,Australia,2016,Flood,1,1.0,1,100.0,280.0,1,100.0,25000000.0,1,100.0,33535000.0,1,100.0
AUS,Australia,2016,Storm,1,5.0,1,100.0,,0,0.0,500000000.0,1,100.0,670694000.0,1,100.0
AUS,Australia,2016,Wildfire,1,2.0,1,100.0,540.0,1,100.0,110000000.0,1,100.0,147553000.0,1,100.0
AUS,Australia,2017,Storm,2,12.0,1,50.0,51000.0,2,100.0,3190000000.0,2,100.0,4189783000.0,2,100.0
AUS,Australia,2017,Wildfire,1,,0,0.0,143.0,1,100.0,20000000.0,1,100.0,26268000.0,1,100.0
AUS,Australia,2018,Drought,1,,0,0.0,,0,0.0,1200000000.0,1,100.0,1538515000.0,1,100.0
AUS,Australia,2018,Extreme temperature,1,,0,0.0,,0,0.0,,0,0.0,,0,0.0
AUS,Australia,2018,Flood,1,,0,0.0,600.0,1,100.0,11400000.0,1,100.0,14616000.0,1,100.0
AUS,Australia,2019,Flood,1,3.0,1,100.0,9900.0,1,100.0,2000000000.0,1,100.0,2518550000.0,1,100.0
AUS,Australia,2019,Wildfire,2,32.0,1,50.0,9510.0,2,100.0,2000000000.0,1,50.0,2518550000.0,1,50.0
AUS,Australia,2020,Flood,1,1.0,1,100.0,,0,0.0,1200000000.0,1,100.0,1492716000.0,1,100.0
AUS,Australia,2020,Storm,2,,0,0.0,,0,0.0,2700000000.0,2,100.0,3358611000.0,2,100.0
AUS,Australia,2021,Flood,4,6.0,3,75.0,19850.0,4,100.0,2530000000.0,3,75.0,3005929000.0,3,75.0
AUS,Australia,2021,Storm,2,1.0,1,50.0,8625.0,2,100.0,685000000.0,2,100.0,813859000.0,2,100.0
AUS,Australia,2021,Wildfire,1,,0,0.0,243.0,1,100.0,120000000.0,1,100.0,142574000.0,1,100.0
AUS,Australia,2022,Flood,5,31.0,5,100.0,247212.0,5,100.0,8446000000.0,4,80.0,9291254000.0,4,80.0
AUS,Australia,2023,Flood,4,,0,0.0,1737.0,4,100.0,,0,0.0,,0,0.0
AUS,Australia,2023,Storm,2,10.0,1,50.0,2400.0,2,100.0,,0,0.0,,0,0.0
AUS,Australia,2024,Flood,2,2.0,1,50.0,6206.0,2,100.0,570000000.0,2,100.0,584998000.0,2,100.0
AUS,Australia,2024,Storm,1,1.0,1,100.0,4402.0,1,100.0,,0,0.0,,0,0.0
AUS,Australia,2025,Storm,2,6.0,2,100.0,50013.0,2,100.0,3770000000.0,2,100.0,3770000000.0,2,100.0
AUS,Australia,2025,Wildfire,2,1.0,1,50.0,419.0,2,100.0,,0,0.0,,0,0.0
AUS,Australia,2026,Flood,1,2.0,1,100.0,197.0,1,100.0,,0,0.0,,0,0.0
AUS,Australia,2026,Wildfire,1,1.0,1,100.0,780.0,1,100.0,1000000000.0,1,100.0,,0,0.0
AUT,Austria,2000,Mass movement (wet),1,13.0,1,100.0,,0,0.0,,0,0.0,,0,0.0
AUT,Austria,2000,Storm,1,,0,0.0,,0,0.0,20000000.0,1,100.0,37392000.0,1,100.0
AUT,Austria,2002,Flood,1,9.0,1,100.0,60000.0,1,100.0,2400000000.0,1,100.0,4295556000.0,1,100.0
AUT,Austria,2002,Storm,2,3.0,2,100.0,300.0,1,50.0,5000000.0,1,50.0,8949000.0,1,50.0
AUT,Austria,2003,Extreme temperature,1,345.0,1,100.0,,0,0.0,280000000.0,1,100.0,490024000.0,1,100.0
AUT,Austria,2005,Extreme temperature,1,,0,0.0,,0,0.0,,0,0.0,,0,0.0
AUT,Austria,2005,Flood,2,4.0,1,50.0,900.0,1,50.0,700000000.0,1,50.0,1153967000.0,1,50.0
AUT,Austria,2006,Flood,1,,0,0.0,516.0,1,100.0,,0,0.0,,0,0.0
AUT,Austria,2007,Extreme temperature,1,5.0,1,100.0,,0,0.0,,0,0.0,,0,0.0
AUT,Austria,2007,Flood,1,,0,0.0,480.0,1,100.0,,0,0.0,,0,0.0
AUT,Austria,2007,Storm,1,,0,0.0,,0,0.0,400000000.0,1,100.0,621085000.0,1,100.0
AUT,Austria,2008,Storm,1,4.0,1,100.0,,0,0.0,500000000.0,1,100.0,747653000.0,1,100.0
AUT,Austria,2009,Extreme temperature,1,2.0,1,100.0,,0,0.0,,0,0.0,,0,0.0
AUT,Austria,2009,Flood,2,1.0,1,50.0,,0,0.0,200000000.0,1,50.0,300128000.0,1,50.0
AUT,Austria,2009,Storm,1,,0,0.0,,0,0.0,500000000.0,1,100.0,750320000.0,1,100.0
AUT,Austria,2012,Extreme temperature,1,5.0,1,100.0,,0,0.0,,0,0.0,,0,0.0
AUT,Austria,2013,Flood,1,4.0,1,100.0,200.0,1,100.0,1000000000.0,1,100.0,1381984000.0,1,100.0
AUT,Austria,2016,Flood,1,,0,0.0,,0,0.0,,0,0.0,,0,0.0
AUT,Austria,2017,Storm,2,5.0,2,100.0,330.0,2,100.0,118000000.0,1,50.0,154983000.0,1,50.0
AUT,Austria,2019,Extreme temperature,1,1.0,1,100.0,,0,0.0,,0,0.0,,0,0.0
AUT,Austria,2019,Storm,1,11.0,1,100.0,,0,0.0,,0,0.0,,0,0.0
AUT,Austria,2020,Storm,1,,0,0.0,,0,0.0,,0,0.0,,0,0.0
AUT,Austria,2021,Flood,1,1.0,1,100.0,,0,0.0,,0,0.0,,0,0.0
AUT,Austria,2022,Extreme temperature,1,419.0,1,100.0,,0,0.0,,0,0.0,,0,0.0
AUT,Austria,2022,Storm,1,5.0,1,100.0,13.0,1,100.0,,0,0.0,,0,0.0
AUT,Austria,2023,Extreme temperature,1,486.0,1,100.0,,0,0.0,,0,0.0,,0,0.0
AUT,Austria,2023,Mass movement (wet),1,8.0,1,100.0,,0,0.0,,0,0.0,,0,0.0
AUT,Austria,2024,Extreme temperature,1,1055.0,1,100.0,,0,0.0,,0,0.0,,0,0.0
AUT,Austria,2024,Storm,1,5.0,1,100.0,2220.0,1,100.0,,0,0.0,,0,0.0
AUT,Austria,2025,Extreme temperature,1,180.0,1,100.0,,0,0.0,,0,0.0,,0,0.0
AZE,Azerbaijan,2000,Drought,1,,0,0.0,,0,0.0,100000000.0,1,100.0,186959000.0,1,100.0
AZE,Azerbaijan,2000,Earthquake,1,31.0,1,100.0,3294.0,1,100.0,10000000.0,1,100.0,18696000.0,1,100.0
AZE,Azerbaijan,2000,Mass movement (wet),1,11.0,1,100.0,,0,0.0,,0,0.0,,0,0.0
AZE,Azerbaijan,2003,Flood,1,,0,0.0,31500.0,1,100.0,55000000.0,1,100.0,96255000.0,1,100.0
AZE,Azerbaijan,2009,Flood,1,,0,0.0,5000.0,1,100.0,,0,0.0,,0,0.0
AZE,Azerbaijan,2010,Flood,1,3.0,1,100.0,70000.0,1,100.0,,0,0.0,,0,0.0
AZE,Azerbaijan,2012,Earthquake,2,,0,0.0,22499.0,2,100.0,,0,0.0,,0,0.0
AZE,Azerbaijan,2012,Extreme temperature,1,5.0,1,100.0,,0,0.0,,0,0.0,,0,0.0
AZE,Azerbaijan,2026,Flood,1,1.0,1,100.0,167.0,1,100.0,,0,0.0,,0,0.0
AZO,Azores Islands,2025,Storm,1,,0,0.0,600.0,1,100.0,,0,0.0,,0,0.0
BDI,Burundi,2000,Epidemic,3,308.0,1,33.33,730691.0,3,100.0,,0,0.0,,0,0.0
BDI,Burundi,2000,Flood,1,,0,0.0,500.0,1,100.0,,0,0.0,,0,0.0
BDI,Burundi,2002,Epidemic,3,87.0,3,100.0,2163.0,3,100.0,,0,0.0,,0,0.0
BDI,Burundi,2002,Flood,2,,0,0.0,8000.0,2,100.0,,0,0.0,,0,0.0
BDI,Burundi,2003,Drought,1,,0,0.0,,0,0.0,,0,0.0,,0,0.0
BDI,Burundi,2003,Epidemic,1,6.0,1,100.0,230.0,1,100.0,,0,0.0,,0,0.0
BDI,Burundi,2004,Earthquake,1,3.0,1,100.0,120.0,1,100.0,,0,0.0,,0,0.0
BDI,Burundi,2004,Flood,1,,0,0.0,10000.0,1,100.0,,0,0.0,,0,0.0
BDI,Burundi,2004,Storm,2,,0,0.0,15500.0,2,100.0,,0,0.0,,0,0.0
BDI,Burundi,2005,Drought,1,120.0,1,100.0,2150000.0,1,100.0,,0,0.0,,0,0.0
BDI,Burundi,2005,Flood,1,,0,0.0,5000.0,1,100.0,,0,0.0,,0,0.0
BDI,Burundi,2006,Flood,6,22.0,4,66.67,14805.0,6,100.0,,0,0.0,,0,0.0
BDI,Burundi,2006,Storm,1,,0,0.0,1505.0,1,100.0,,0,0.0,,0,0.0
BDI,Burundi,2007,Flood,2,5.0,2,100.0,25701.0,2,100.0,,0,0.0,,0,0.0
BDI,Burundi,2008,Drought,1,,0,0.0,82500.0,1,100.0,,0,0.0,,0,0.0
BDI,Burundi,2008,Flood,2,9.0,2,100.0,3275.0,2,100.0,,0,0.0,,0,0.0
BDI,Burundi,2009,Drought,1,,0,0.0,180000.0,1,100.0,,0,0.0,,0,0.0
BDI,Burundi,2009,Flood,1,,0,0.0,8000.0,1,100.0,,0,0.0,,0,0.0
BDI,Burundi,2010,Flood,2,,0,0.0,1990.0,2,100.0,,0,0.0,,0,0.0
BDI,Burundi,2010,Storm,1,9.0,1,100.0,1500.0,1,100.0,,0,0.0,,0,0.0
BDI,Burundi,2011,Drought,1,,0,0.0,,0,0.0,,0,0.0,,0,0.0
BDI,Burundi,2011,Epidemic,1,12.0,1,100.0,600.0,1,100.0,,0,0.0,,0,0.0
BDI,Burundi,2011,Flood,1,,0,0.0,685.0,1,100.0,,0,0.0,,0,0.0
BDI,Burundi,2011,Storm,1,12.0,1,100.0,50.0,1,100.0,,0,0.0,,0,0.0
BDI,Burundi,2014,Flood,1,96.0,1,100.0,12682.0,1,100.0,2000000.0,1,100.0,2720000.0,1,100.0
BDI,Burundi,2015,Flood,1,52.0,1,100.0,4179.0,1,100.0,13000000.0,1,100.0,17658000.0,1,100.0
BDI,Burundi,2015,Mass movement (wet),1,20.0,1,100.0,3000.0,1,100.0,,0,0.0,,0,0.0
BDI,Burundi,2016,Epidemic,1,1.0,1,100.0,193.0,1,100.0,,0,0.0,,0,0.0
BDI,Burundi,2017,Mass movement (wet),1,6.0,1,100.0,810.0,1,100.0,,0,0.0,,0,0.0
BDI,Burundi,2018,Flood,3,,0,0.0,47956.0,3,100.0,,0,0.0,,0,0.0
BDI,Burundi,2019,Flood,2,24.0,2,100.0,3773.0,1,50.0,,0,0.0,,0,0.0
BDI,Burundi,2019,Mass movement (wet),1,37.0,1,100.0,9942.0,1,100.0,,0,0.0,,0,0.0
BDI,Burundi,2020,Flood,2,3.0,1,50.0,36762.0,2,100.0,,0,0.0,,0,0.0
BDI,Burundi,2020,Storm,1,2.0,1,100.0,5000.0,1,100.0,,0,0.0,,0,0.0
BDI,Burundi,2021,Flood,1,,0,0.0,52182.0,1,100.0,,0,0.0,,0,0.0
BDI,Burundi,2023,Flood,2,21.0,2,100.0,9585.0,2,100.0,,0,0.0,,0,0.0
BDI,Burundi,2024,Epidemic,1,,0,0.0,3543.0,1,100.0,,0,0.0,,0,0.0
BDI,Burundi,2024,Flood,1,29.0,1,100.0,237175.0,1,100.0,,0,0.0,,0,0.0
BDI,Burundi,2024,Storm,1,,0,0.0,655.0,1,100.0,,0,0.0,,0,0.0
BEL,Belgium,2002,Flood,3,,0,0.0,2400.0,3,100.0,,0,0.0,,0,0.0
BEL,Belgium,2002,Storm,1,5.0,1,100.0,,0,0.0,5000000.0,1,100.0,8949000.0,1,100.0
BEL,Belgium,2003,Extreme temperature,1,1175.0,1,100.0,,0,0.0,,0,0.0,,0,0.0
BEL,Belgium,2003,Flood,1,,0,0.0,,0,0.0,,0,0.0,,0,0.0
BEL,Belgium,2005,Extreme temperature,2,2.0,1,50.0,,0,0.0,,0,0.0,,0,0.0
BEL,Belgium,2005,Flood,1,,0,0.0,210.0,1,100.0,,0,0.0,,0,0.0
BEL,Belgium,2006,Extreme temperature,1,940.0,1,100.0,,0,0.0,,0,0.0,,0,0.0
BEL,Belgium,2007,Storm,1,2.0,1,100.0,2.0,1,100.0,450000000.0,1,100.0,698720000.0,1,100.0
BEL,Belgium,2008,Storm,1,,0,0.0,,0,0.0,,0,0.0,,0,0.0
BEL,Belgium,2009,Extreme temperature,1,1.0,1,100.0,,0,0.0,,0,0.0,,0,0.0
BEL,Belgium,2010,Flood,1,3.0,1,100.0,690.0,1,100.0,238146000.0,1,100.0,351605000.0,1,100.0
BEL,Belgium,2010,Storm,2,1.0,1,50.0,,0,0.0,160000000.0,1,50.0,236228000.0,1,50.0
BEL,Belgium,2011,Storm,1,5.0,1,100.0,71.0,1,100.0,99000000.0,1,100.0,141693000.0,1,100.0
BEL,Belgium,2012,Extreme temperature,1,3.0,1,100.0,,0,0.0,,0,0.0,,0,0.0
BEL,Belgium,2013,Storm,2,,0,0.0,,0,0.0,,0,0.0,,0,0.0
BEL,Belgium,2014,Storm,1,,0,0.0,,0,0.0,,0,0.0,,0,0.0
BEL,Belgium,2015,Extreme temperature,1,410.0,1,100.0,,0,0.0,,0,0.0,,0,0.0
BEL,Belgium,2016,Flood,1,1.0,1,100.0,,0,0.0,,0,0.0,,0,0.0
BEL,Belgium,2016,Storm,1,1.0,1,100.0,,0,0.0,,0,0.0,,0,0.0
BEL,Belgium,2018,Extreme temperature,1,,0,0.0,,0,0.0,,0,0.0,,0,0.0
BEL,Belgium,2018,Storm,1,1.0,1,100.0,,0,0.0,,0,0.0,,0,0.0
BEL,Belgium,2019,Extreme temperature,3,716.0,3,100.0,,0,0.0,,0,0.0,,0,0.0
BEL,Belgium,2020,Extreme temperature,1,1687.0,1,100.0,,0,0.0,,0,0.0,,0,0.0
BEL,Belgium,2020,Storm,1,,0,0.0,,0,0.0,,0,0.0,,0,0.0
BEL,Belgium,2021,Flood,1,39.0,1,100.0,101950.0,1,100.0,2000000000.0,1,100.0,2376229000.0,1,100.0
BEL,Belgium,2021,Storm,2,,0,0.0,,0,0.0,,0,0.0,,0,0.0
BEL,Belgium,2022,Extreme temperature,1,434.0,1,100.0,,0,0.0,,0,0.0,,0,0.0
BEL,Belgium,2022,Storm,1,2.0,1,100.0,,0,0.0,,0,0.0,,0,0.0
BEL,Belgium,2023,Extreme temperature,1,324.0,1,100.0,,0,0.0,,0,0.0,,0,0.0
BEL,Belgium,2023,Flood,1,,0,0.0,3000.0,1,100.0,,0,0.0,,0,0.0
BEL,Belgium,2023,Storm,1,2.0,1,100.0,,0,0.0,,0,0.0,,0,0.0
BEL,Belgium,2024,Extreme temperature,1,249.0,1,100.0,,0,0.0,,0,0.0,,0,0.0
BEL,Belgium,2025,Extreme temperature,1,269.0,1,100.0,,0,0.0,,0,0.0,,0,0.0
BEN,Benin,2000,Epidemic,3,351.0,3,100.0,7762.0,3,100.0,,0,0.0,,0,0.0
BEN,Benin,2001,Epidemic,3,378.0,3,100.0,9760.0,3,100.0,,0,0.0,,0,0.0
BEN,Benin,2002,Epidemic,1,50.0,1,100.0,452.0,1,100.0,,0,0.0,,0,0.0
BEN,Benin,2003,Epidemic,1,3.0,1,100.0,265.0,1,100.0,,0,0.0,,0,0.0
BEN,Benin,2005,Epidemic,1,4.0,1,100.0,206.0,1,100.0,,0,0.0,,0,0.0
BEN,Benin,2007,Flood,1,10.0,1,100.0,10884.0,1,100.0,,0,0.0,,0,0.0
BEN,Benin,2008,Epidemic,3,33.0,3,100.0,988.0,3,100.0,,0,0.0,,0,0.0
BEN,Benin,2008,Flood,1,15.0,1,100.0,158235.0,1,100.0,,0,0.0,,0,0.0
BEN,Benin,2009,Flood,2,10.0,2,100.0,119657.0,2,100.0,,0,0.0,,0,0.0
BEN,Benin,2009,Storm,1,,0,0.0,800.0,1,100.0,,0,0.0,,0,0.0
BEN,Benin,2010,Epidemic,3,25.0,3,100.0,1037.0,3,100.0,,0,0.0,,0,0.0
BEN,Benin,2010,Flood,1,46.0,1,100.0,831000.0,1,100.0,,0,0.0,,0,0.0
BEN,Benin,2011,Flood,1,,0,0.0,5840.0,1,100.0,,0,0.0,,0,0.0
BEN,Benin,2012,Flood,1,4.0,1,100.0,55000.0,1,100.0,,0,0.0,,0,0.0
BEN,Benin,2013,Epidemic,1,6.0,1,100.0,486.0,1,100.0,,0,0.0,,0,0.0
BEN,Benin,2013,Flood,1,,0,0.0,32735.0,1,100.0,,0,0.0,,0,0.0
BEN,Benin,2013,Wildfire,1,1.0,1,100.0,2759.0,1,100.0,,0,0.0,,0,0.0
BEN,Benin,2016,Epidemic,1,13.0,1,100.0,678.0,1,100.0,,0,0.0,,0,0.0
BEN,Benin,2019,Epidemic,1,13.0,1,100.0,24.0,1,100.0,,0,0.0,,0,0.0
BEN,Benin,2020,Flood,1,6.0,1,100.0,7000.0,1,100.0,,0,0.0,,0,0.0
BEN,Benin,2021,Flood,1,13.0,1,100.0,35850.0,1,100.0,,0,0.0,,0,0.0
BEN,Benin,2022,Flood,1,44.0,1,100.0,73000.0,1,100.0,,0,0.0,,0,0.0
BEN,Benin,2024,Flood,1,,0,0.0,34052.0,1,100.0,,0,0.0,,0,0.0
BEN,Benin,2025,Storm,1,,0,0.0,1368.0,1,100.0,,0,0.0,,0,0.0
BFA,Burkina Faso,2001,Drought,1,,0,0.0,,0,0.0,,0,0.0,,0,0.0
BFA,Burkina Faso,2001,Epidemic,3,2978.0,3,100.0,20820.0,3,100.0,,0,0.0,,0,0.0
BFA,Burkina Faso,2003,Epidemic,1,1058.0,1,100.0,7146.0,1,100.0,,0,0.0,,0,0.0
BFA,Burkina Faso,2003,Flood,1,,0,0.0,12120.0,1,100.0,,0,0.0,,0,0.0
BFA,Burkina Faso,2004,Epidemic,1,527.0,1,100.0,2783.0,1,100.0,,0,0.0,,0,0.0
BFA,Burkina Faso,2004,Infestation,1,,0,0.0,,0,0.0,,0,0.0,,0,0.0
BFA,Burkina Faso,2005,Epidemic,1,9.0,1,100.0,606.0,1,100.0,,0,0.0,,0,0.0
BFA,Burkina Faso,2006,Epidemic,1,784.0,1,100.0,7402.0,1,100.0,,0,0.0,,0,0.0
BFA,Burkina Faso,2006,Flood,2,,0,0.0,25610.0,2,100.0,,0,0.0,,0,0.0
BFA,Burkina Faso,2007,Epidemic,1,1490.0,1,100.0,20765.0,1,100.0,,0,0.0,,0,0.0
BFA,Burkina Faso,2007,Flood,1,52.0,1,100.0,121043.0,1,100.0,,0,0.0,,0,0.0
BFA,Burkina Faso,2008,Epidemic,2,550.0,2,100.0,53000.0,2,100.0,,0,0.0,,0,0.0
BFA,Burkina Faso,2008,Flood,2,6.0,1,50.0,4870.0,2,100.0,,0,0.0,,0,0.0
BFA,Burkina Faso,2009,Epidemic,1,389.0,1,100.0,2892.0,1,100.0,,0,0.0,,0,0.0
BFA,Burkina Faso,2009,Flood,2,9.0,1,50.0,151500.0,2,100.0,150000000.0,1,50.0,225096000.0,1,50.0
BFA,Burkina Faso,2010,Epidemic,1,841.0,1,100.0,5960.0,1,100.0,,0,0.0,,0,0.0
BFA,Burkina Faso,2010,Flood,1,16.0,1,100.0,133362.0,1,100.0,176000.0,1,100.0,260000.0,1,100.0
BFA,Burkina Faso,2011,Drought,1,,0,0.0,2850000.0,1,100.0,,0,0.0,,0,0.0
BFA,Burkina Faso,2012,Flood,1,18.0,1,100.0,21000.0,1,100.0,,0,0.0,,0,0.0
BFA,Burkina Faso,2013,Flood,1,2.0,1,100.0,11396.0,1,100.0,,0,0.0,,0,0.0
BFA,Burkina Faso,2014,Drought,1,,0,0.0,4000000.0,1,100.0,,0,0.0,,0,0.0
BFA,Burkina Faso,2015,Flood,1,8.0,1,100.0,28925.0,1,100.0,31000000.0,1,100.0,42108000.0,1,100.0
BFA,Burkina Faso,2016,Flood,1,15.0,1,100.0,34893.0,1,100.0,,0,0.0,,0,0.0
BFA,Burkina Faso,2017,Epidemic,1,18.0,1,100.0,9029.0,1,100.0,,0,0.0,,0,0.0
BFA,Burkina Faso,2017,Flood,1,2.0,1,100.0,882.0,1,100.0,,0,0.0,,0,0.0
BFA,Burkina Faso,2020,Drought,1,,0,0.0,2900000.0,1,100.0,,0,0.0,,0,0.0
BFA,Burkina Faso,2020,Flood,3,13.0,1,33.33,130452.0,3,100.0,,0,0.0,,0,0.0
BFA,Burkina Faso,2022,Drought,1,,0,0.0,3500928.0,1,100.0,,0,0.0,,0,0.0
BFA,Burkina Faso,2023,Epidemic,1,10.0,1,100.0,3050.0,1,100.0,,0,0.0,,0,0.0
BFA,Burkina Faso,2024,Flood,1,,0,0.0,7684.0,1,100.0,,0,0.0,,0,0.0
BGD,Bangladesh,2000,Earthquake,1,,0,0.0,1000.0,1,100.0,,0,0.0,,0,0.0
BGD,Bangladesh,2000,Epidemic,3,31.0,2,66.67,26214.0,3,100.0,,0,0.0,,0,0.0
BGD,Bangladesh,2000,Extreme temperature,1,49.0,1,100.0,,0,0.0,,0,0.0,,0,0.0
BGD,Bangladesh,2000,Flood,3,43.0,3,100.0,2679198.0,3,100.0,500000000.0,1,33.33,934794000.0,1,33.33
BGD,Bangladesh,2000,Storm,7,99.0,4,57.14,146599.0,6,85.71,,0,0.0,,0,0.0
BGD,Bangladesh,2001,Extreme temperature,1,6.0,1,100.0,2000.0,1,100.0,,0,0.0,,0,0.0
BGD,Bangladesh,2001,Flood,2,9.0,1,50.0,700000.0,2,100.0,,0,0.0,,0,0.0
BGD,Bangladesh,2001,Storm,4,238.0,4,100.0,28750.0,4,100.0,,0,0.0,,0,0.0
BGD,Bangladesh,2002,Epidemic,1,96.0,1,100.0,49904.0,1,100.0,,0,0.0,,0,0.0
BGD,Bangladesh,2002,Extreme temperature,1,700.0,1,100.0,50000.0,1,100.0,,0,0.0,,0,0.0
BGD,Bangladesh,2002,Flood,1,10.0,1,100.0,1500000.0,1,100.0,,0,0.0,,0,0.0
BGD,Bangladesh,2002,Storm,4,122.0,4,100.0,101400.0,2,50.0,,0,0.0,,0,0.0
BGD,Bangladesh,2003,Earthquake,1,2.0,1,100.0,2525.0,1,100.0,,0,0.0,,0,0.0
BGD,Bangladesh,2003,Extreme temperature,2,215.0,2,100.0,200.0,1,50.0,,0,0.0,,0,0.0
BGD,Bangladesh,2003,Flood,2,252.0,2,100.0,550000.0,2,100.0,,0,0.0,,0,0.0
BGD,Bangladesh,2003,Storm,2,51.0,2,100.0,400.0,1,50.0,,0,0.0,,0,0.0
BGD,Bangladesh,2004,Earthquake,1,2.0,1,100.0,,0,0.0,500000000.0,1,100.0,852227000.0,1,100.0
BGD,Bangladesh,2004,Epidemic,2,32.0,2,100.0,54.0,2,100.0,,0,0.0,,0,0.0
BGD,Bangladesh,2004,Flood,3,761.0,3,100.0,36871700.0,3,100.0,2200000000.0,1,33.33,3749799000.0,1,33.33
BGD,Bangladesh,2004,Storm,4,239.0,3,75.0,18200.0,4,100.0,,0,0.0,,0,0.0
BGD,Bangladesh,2005,Extreme temperature,2,100.0,1,50.0,1000.0,1,50.0,,0,0.0,,0,0.0
BGD,Bangladesh,2005,Flood,3,55.0,3,100.0,1150000.0,3,100.0,,0,0.0,,0,0.0
BGD,Bangladesh,2005,Storm,7,177.0,7,100.0,35606.0,6,85.71,,0,0.0,,0,0.0
BGD,Bangladesh,2006,Flood,2,,0,0.0,211775.0,2,100.0,,0,0.0,,0,0.0
BGD,Bangladesh,2006,Storm,5,154.0,5,100.0,18149.0,5,100.0,,0,0.0,,0,0.0
BGD,Bangladesh,2007,Epidemic,2,86.0,2,100.0,284910.0,2,100.0,,0,0.0,,0,0.0
BGD,Bangladesh,2007,Extreme temperature,1,130.0,1,100.0,100000.0,1,100.0,,0,0.0,,0,0.0
BGD,Bangladesh,2007,Flood,2,1230.0,2,100.0,13851440.0,2,100.0,114000000.0,2,100.0,177009000.0,2,100.0
BGD,Bangladesh,2007,Storm,2,4275.0,2,100.0,8978766.0,2,100.0,2300000000.0,1,50.0,3571236000.0,1,50.0
BGD,Bangladesh,2008,Flood,2,28.0,2,100.0,635640.0,2,100.0,,0,0.0,,0,0.0
BGD,Bangladesh,2008,Mass movement (wet),1,13.0,1,100.0,50.0,1,100.0,,0,0.0,,0,0.0
BGD,Bangladesh,2008,Storm,2,27.0,2,100.0,400.0,2,100.0,,0,0.0,,0,0.0
BGD,Bangladesh,2009,Drought,1,,0,0.0,,0,0.0,,0,0.0,,0,0.0
BGD,Bangladesh,2009,Extreme temperature,1,135.0,1,100.0,50000.0,1,100.0,,0,0.0,,0,0.0
BGD,Bangladesh,2009,Flood,2,16.0,2,100.0,500000.0,1,50.0,,0,0.0,,0,0.0
BGD,Bangladesh,2009,Storm,2,197.0,2,100.0,3954550.0,2,100.0,270000000.0,1,50.0,405173000.0,1,50.0
BGD,Bangladesh,2010,Flood,2,15.0,1,50.0,575000.0,2,100.0,,0,0.0,,0,0.0
BGD,Bangladesh,2010,Mass movement (wet),1,66.0,1,100.0,55230.0,1,100.0,,0,0.0,,0,0.0
BGD,Bangladesh,2010,Storm,3,26.0,3,100.0,257160.0,3,100.0,,0,0.0,,0,0.0
BGD,Bangladesh,2011,Extreme temperature,2,62.0,2,100.0,102000.0,2,100.0,,0,0.0,,0,0.0
BGD,Bangladesh,2011,Flood,1,10.0,1,100.0,1570559.0,1,100.0,,0,0.0,,0,0.0
BGD,Bangladesh,2011,Mass movement (wet),1,17.0,1,100.0,,0,0.0,,0,0.0,,0,0.0
BGD,Bangladesh,2011,Storm,1,13.0,1,100.0,121.0,1,100.0,,0,0.0,,0,0.0
BGD,Bangladesh,2012,Extreme temperature,1,72.0,1,100.0,75000.0,1,100.0,,0,0.0,,0,0.0
BGD,Bangladesh,2012,Flood,2,139.0,1,50.0,5398475.0,2,100.0,,0,0.0,,0,0.0
BGD,Bangladesh,2012,Storm,2,133.0,2,100.0,184679.0,2,100.0,,0,0.0,,0,0.0
BGD,Bangladesh,2013,Storm,3,50.0,3,100.0,1532207.0,3,100.0,20000000.0,1,33.33,27640000.0,1,33.33
BGD,Bangladesh,2014,Flood,2,59.0,1,50.0,3200447.0,2,100.0,160000000.0,1,50.0,217588000.0,1,50.0
BGD,Bangladesh,2014,Storm,2,20.0,2,100.0,5262.0,2,100.0,,0,0.0,,0,0.0
BGD,Bangladesh,2015,Earthquake,1,4.0,1,100.0,200.0,1,100.0,,0,0.0,,0,0.0
BGD,Bangladesh,2015,Flood,2,31.0,2,100.0,1411901.0,2,100.0,40000000.0,1,50.0,54332000.0,1,50.0
BGD,Bangladesh,2015,Mass movement (wet),1,7.0,1,100.0,1003.0,1,100.0,,0,0.0,,0,0.0
BGD,Bangladesh,2015,Storm,4,117.0,4,100.0,2660250.0,3,75.0,44000000.0,2,50.0,59765000.0,2,50.0
BGD,Bangladesh,2016,Earthquake,1,5.0,1,100.0,70.0,1,100.0,,0,0.0,,0,0.0
BGD,Bangladesh,2016,Flood,1,106.0,1,100.0,1900000.0,1,100.0,150000000.0,1,100.0,201208000.0,1,100.0
BGD,Bangladesh,2016,Storm,2,87.0,2,100.0,1203555.0,1,50.0,600000000.0,1,50.0,804833000.0,1,50.0
BGD,Bangladesh,2017,Epidemic,1,15.0,1,100.0,789.0,1,100.0,,0,0.0,,0,0.0
BGD,Bangladesh,2017,Flood,2,144.0,1,50.0,8086025.0,2,100.0,628000000.0,2,100.0,824823000.0,2,100.0
BGD,Bangladesh,2017,Mass movement (wet),1,160.0,1,100.0,80187.0,1,100.0,,0,0.0,,0,0.0
BGD,Bangladesh,2017,Storm,2,19.0,2,100.0,3300012.0,1,50.0,,0,0.0,,0,0.0
BGD,Bangladesh,2018,Extreme temperature,1,34.0,1,100.0,,0,0.0,,0,0.0,,0,0.0
BGD,Bangladesh,2018,Flood,2,35.0,2,100.0,14000.0,1,50.0,,0,0.0,,0,0.0
BGD,Bangladesh,2018,Storm,1,33.0,1,100.0,,0,0.0,,0,0.0,,0,0.0
BGD,Bangladesh,2019,Extreme temperature,1,50.0,1,100.0,4500.0,1,100.0,,0,0.0,,0,0.0
BGD,Bangladesh,2019,Flood,1,114.0,1,100.0,7600000.0,1,100.0,75000000.0,1,100.0,94446000.0,1,100.0
BGD,Bangladesh,2019,Mass movement (wet),1,2.0,1,100.0,18016.0,1,100.0,,0,0.0,,0,0.0
BGD,Bangladesh,2019,Storm,3,94.0,3,100.0,261551.0,2,66.67,5785000.0,1,33.33,7285000.0,1,33.33
BGD,Bangladesh,2020,Flood,1,257.0,1,100.0,5448271.0,1,100.0,500000000.0,1,100.0,621965000.0,1,100.0
BGD,Bangladesh,2020,Storm,1,26.0,1,100.0,2600000.0,1,100.0,1500000000.0,1,100.0,1865895000.0,1,100.0
BGD,Bangladesh,2021,Flood,1,21.0,1,100.0,268744.0,1,100.0,,0,0.0,,0,0.0
BGD,Bangladesh,2021,Storm,1,3.0,1,100.0,1300000.0,1,100.0,,0,0.0,,0,0.0
BGD,Bangladesh,2022,Flood,1,141.0,1,100.0,7200000.0,1,100.0,462500000.0,1,100.0,508786000.0,1,100.0
BGD,Bangladesh,2022,Storm,1,35.0,1,100.0,1000000.0,1,100.0,,0,0.0,,0,0.0
BGD,Bangladesh,2023,Epidemic,1,127.0,1,100.0,,0,0.0,,0,0.0,,0,0.0
BGD,Bangladesh,2023,Flood,1,4.0,1,100.0,1000006.0,1,100.0,,0,0.0,,0,0.0
BGD,Bangladesh,2023,Storm,3,16.0,3,100.0,2250012.0,2,66.67,251000000.0,2,66.67,265203000.0,2,66.67
BGD,Bangladesh,2024,Extreme temperature,1,10.0,1,100.0,33000000.0,1,100.0,,0,0.0,,0,0.0
BGD,Bangladesh,2024,Flood,3,96.0,3,100.0,11188931.0,3,100.0,189600000.0,2,66.67,194589000.0,2,66.67
BGD,Bangladesh,2024,Storm,2,18.0,2,100.0,4590013.0,1,50.0,90700000.0,1,50.0,93087000.0,1,50.0
BGD,Bangladesh,2025,Earthquake,1,10.0,1,100.0,507.0,1,100.0,,0,0.0,,0,0.0
BGD,Bangladesh,2025,Flood,2,5.0,1,50.0,15350.0,1,50.0,,0,0.0,,0,0.0
BGD,Bangladesh,2025,Storm,2,13.0,1,50.0,10104.0,2,100.0,50000000.0,1,50.0,50000000.0,1,50.0
BGD,Bangladesh,2026,Epidemic,1,253.0,1,100.0,5567.0,1,100.0,,0,0.0,,0,0.0
BGD,Bangladesh,2026,Flood,1,59.0,1,100.0,1280039.0,1,100.0,,0,0.0,,0,0.0
BGD,Bangladesh,2026,Storm,2,26.0,2,100.0,23.0,2,100.0,,0,0.0,,0,0.0
BGR,Bulgaria,2000,Drought,1,,0,0.0,,0,0.0,,0,0.0,,0,0.0
BGR,Bulgaria,2000,Extreme temperature,2,7.0,1,50.0,,0,0.0,50000.0,1,50.0,93000.0,1,50.0
BGR,Bulgaria,2000,Wildfire,1,7.0,1,100.0,167.0,1,100.0,17600000.0,1,100.0,32905000.0,1,100.0
BGR,Bulgaria,2001,Wildfire,1,,0,0.0,,0,0.0,,0,0.0,,0,0.0
BGR,Bulgaria,2002,Flood,1,1.0,1,100.0,,0,0.0,1000000.0,1,100.0,1790000.0,1,100.0
BGR,Bulgaria,2005,Flood,5,39.0,5,100.0,13240.0,3,60.0,457000000.0,3,60.0,753375000.0,3,60.0
BGR,Bulgaria,2005,Storm,1,,0,0.0,,0,0.0,,0,0.0,,0,0.0
BGR,Bulgaria,2006,Earthquake,1,,0,0.0,527.0,1,100.0,,0,0.0,,0,0.0
BGR,Bulgaria,2006,Extreme temperature,1,18.0,1,100.0,20.0,1,100.0,,0,0.0,,0,0.0
BGR,Bulgaria,2006,Flood,2,,0,0.0,,0,0.0,,0,0.0,,0,0.0
BGR,Bulgaria,2007,Extreme temperature,1,2.0,1,100.0,50.0,1,100.0,,0,0.0,,0,0.0
BGR,Bulgaria,2007,Flood,3,12.0,3,100.0,1070.0,3,100.0,,0,0.0,,0,0.0
BGR,Bulgaria,2007,Wildfire,2,3.0,2,100.0,9.0,1,50.0,2454000.0,1,50.0,3810000.0,1,50.0
BGR,Bulgaria,2008,Extreme temperature,1,10.0,1,100.0,,0,0.0,,0,0.0,,0,0.0
BGR,Bulgaria,2010,Extreme temperature,1,3.0,1,100.0,,0,0.0,,0,0.0,,0,0.0
BGR,Bulgaria,2010,Flood,1,,0,0.0,90.0,1,100.0,,0,0.0,,0,0.0
BGR,Bulgaria,2012,Earthquake,1,,0,0.0,210.0,1,100.0,,0,0.0,,0,0.0
BGR,Bulgaria,2012,Extreme temperature,2,33.0,2,100.0,,0,0.0,,0,0.0,,0,0.0
BGR,Bulgaria,2012,Flood,1,5.0,1,100.0,37950.0,1,100.0,4400000.0,1,100.0,6170000.0,1,100.0
BGR,Bulgaria,2014,Flood,4,20.0,3,75.0,8507.0,2,50.0,387000000.0,2,50.0,526290000.0,2,50.0
BGR,Bulgaria,2014,Storm,1,1.0,1,100.0,40.0,1,100.0,545000000.0,1,100.0,741158000.0,1,100.0
BGR,Bulgaria,2015,Flood,1,5.0,1,100.0,,0,0.0,5800000.0,1,100.0,7878000.0,1,100.0
BGR,Bulgaria,2017,Flood,1,4.0,1,100.0,,0,0.0,,0,0.0,,0,0.0
BGR,Bulgaria,2018,Flood,1,,0,0.0,600.0,1,100.0,,0,0.0,,0,0.0
BGR,Bulgaria,2021,Flood,1,,0,0.0,25.0,1,100.0,,0,0.0,,0,0.0
BGR,Bulgaria,2021,Wildfire,1,,0,0.0,500.0,1,100.0,,0,0.0,,0,0.0
BGR,Bulgaria,2022,Extreme temperature,1,1277.0,1,100.0,,0,0.0,,0,0.0,,0,0.0
BGR,Bulgaria,2022,Flood,1,,0,0.0,10937.0,1,100.0,47000000.0,1,100.0,51704000.0,1,100.0
BGR,Bulgaria,2023,Extreme temperature,1,1670.0,1,100.0,,0,0.0,,0,0.0,,0,0.0
BGR,Bulgaria,2023,Flood,1,4.0,1,100.0,4000.0,1,100.0,,0,0.0,,0,0.0
BGR,Bulgaria,2023,Storm,2,4.0,2,100.0,36.0,1,50.0,,0,0.0,,0,0.0
BGR,Bulgaria,2024,Extreme temperature,1,3414.0,1,100.0,,0,0.0,,0,0.0,,0,0.0
BGR,Bulgaria,2025,Extreme temperature,1,866.0,1,100.0,,0,0.0,,0,0.0,,0,0.0
BGR,Bulgaria,2025,Flood,1,4.0,1,100.0,100.0,1,100.0,,0,0.0,,0,0.0
BHS,Bahamas,2001,Storm,1,,0,0.0,,0,0.0,300000000.0,1,100.0,545461000.0,1,100.0
BHS,Bahamas,2004,Storm,3,12.0,3,100.0,9000.0,2,66.67,1550000000.0,2,66.67,2641904000.0,2,66.67
BHS,Bahamas,2005,Storm,1,1.0,1,100.0,1500.0,1,100.0,,0,0.0,,0,0.0
BHS,Bahamas,2007,Storm,1,1.0,1,100.0,7000.0,1,100.0,,0,0.0,,0,0.0
BHS,Bahamas,2008,Storm,2,,0,0.0,3000.0,1,50.0,,0,0.0,,0,0.0
BHS,Bahamas,2011,Storm,1,,0,0.0,10000.0,1,100.0,40000000.0,1,100.0,57250000.0,1,100.0
BHS,Bahamas,2012,Storm,1,2.0,1,100.0,,0,0.0,700000000.0,1,100.0,981559000.0,1,100.0
BHS,Bahamas,2013,Flood,1,,0,0.0,1000.0,1,100.0,45000000.0,1,100.0,62189000.0,1,100.0
BHS,Bahamas,2015,Storm,1,33.0,1,100.0,6710.0,1,100.0,90000000.0,1,100.0,122248000.0,1,100.0
BHS,Bahamas,2016,Storm,1,,0,0.0,,0,0.0,600000000.0,1,100.0,804833000.0,1,100.0
BHS,Bahamas,2017,Storm,1,,0,0.0,,0,0.0,2000000.0,1,100.0,2627000.0,1,100.0
BHS,Bahamas,2019,Storm,1,356.0,1,100.0,14940.0,1,100.0,3400000000.0,1,100.0,4281534000.0,1,100.0
BHS,Bahamas,2025,Storm,2,,0,0.0,2600.0,2,100.0,,0,0.0,,0,0.0
BIH,Bosnia and Herzegovina,2000,Drought,1,,0,0.0,,0,0.0,158000000.0,1,100.0,295395000.0,1,100.0
BIH,Bosnia and Herzegovina,2000,Epidemic,1,,0,0.0,400.0,1,100.0,,0,0.0,,0,0.0
BIH,Bosnia and Herzegovina,2000,Mass movement (wet),1,6.0,1,100.0,403.0,1,100.0,,0,0.0,,0,0.0
BIH,Bosnia and Herzegovina,2001,Flood,1,,0,0.0,9000.0,1,100.0,,0,0.0,,0,0.0
BIH,Bosnia and Herzegovina,2003,Drought,1,,0,0.0,62575.0,1,100.0,140000000.0,1,100.0,245012000.0,1,100.0
BIH,Bosnia and Herzegovina,2004,Flood,2,,0,0.0,278000.0,2,100.0,,0,0.0,,0,0.0
BIH,Bosnia and Herzegovina,2005,Flood,1,,0,0.0,3100.0,1,100.0,,0,0.0,,0,0.0
BIH,Bosnia and Herzegovina,2005,Storm,1,4.0,1,100.0,,0,0.0,,0,0.0,,0,0.0
BIH,Bosnia and Herzegovina,2007,Extreme temperature,1,,0,0.0,,0,0.0,,0,0.0,,0,0.0
BIH,Bosnia and Herzegovina,2009,Extreme temperature,1,1.0,1,100.0,10000.0,1,100.0,,0,0.0,,0,0.0
BIH,Bosnia and Herzegovina,2009,Flood,2,,0,0.0,3730.0,2,100.0,,0,0.0,,0,0.0
BIH,Bosnia and Herzegovina,2010,Flood,2,3.0,1,50.0,34910.0,2,100.0,87000000.0,1,50.0,128449000.0,1,50.0
BIH,Bosnia and Herzegovina,2012,Extreme temperature,1,4.0,1,100.0,10347.0,1,100.0,,0,0.0,,0,0.0
BIH,Bosnia and Herzegovina,2014,Flood,4,26.0,2,50.0,1000600.0,2,50.0,436580000.0,1,25.0,593715000.0,1,25.0
BIH,Bosnia and Herzegovina,2015,Flood,1,,0,0.0,,0,0.0,,0,0.0,,0,0.0
BIH,Bosnia and Herzegovina,2019,Flood,2,1.0,1,50.0,759.0,2,100.0,,0,0.0,,0,0.0
BIH,Bosnia and Herzegovina,2020,Flood,1,,0,0.0,15000.0,1,100.0,,0,0.0,,0,0.0
BIH,Bosnia and Herzegovina,2021,Flood,1,,0,0.0,250000.0,1,100.0,,0,0.0,,0,0.0
BIH,Bosnia and Herzegovina,2022,Earthquake,1,1.0,1,100.0,1052.0,1,100.0,26000000.0,1,100.0,28602000.0,1,100.0
BIH,Bosnia and Herzegovina,2022,Flood,1,1.0,1,100.0,3000.0,1,100.0,,0,0.0,,0,0.0
BIH,Bosnia and Herzegovina,2023,Flood,1,,0,0.0,10000.0,1,100.0,,0,0.0,,0,0.0
BIH,Bosnia and Herzegovina,2023,Storm,1,1.0,1,100.0,20.0,1,100.0,,0,0.0,,0,0.0
BIH,Bosnia and Herzegovina,2024,Epidemic,1,,0,0.0,1749.0,1,100.0,,0,0.0,,0,0.0
BIH,Bosnia and Herzegovina,2024,Extreme temperature,1,909.0,1,100.0,,0,0.0,,0,0.0,,0,0.0
BIH,Bosnia and Herzegovina,2024,Flood,1,27.0,1,100.0,5000.0,1,100.0,10000000.0,1,100.0,10263000.0,1,100.0
BIH,Bosnia and Herzegovina,2025,Extreme temperature,1,,0,0.0,,0,0.0,,0,0.0,,0,0.0
BIH,Bosnia and Herzegovina,2025,Flood,1,,0,0.0,3000.0,1,100.0,,0,0.0,,0,0.0
BIH,Bosnia and Herzegovina,2026,Storm,2,2.0,2,100.0,,0,0.0,,0,0.0,,0,0.0
BLM,Saint Barthélemy,2017,Storm,1,4.0,1,100.0,,0,0.0,,0,0.0,,0,0.0
BLR,Belarus,2000,Extreme temperature,1,,0,0.0,,0,0.0,30300000.0,1,100.0,56648000.0,1,100.0
BLR,Belarus,2006,Extreme temperature,1,5.0,1,100.0,1820.0,1,100.0,,0,0.0,,0,0.0
BLR,Belarus,2007,Storm,1,,0,0.0,,0,0.0,10000000.0,1,100.0,15527000.0,1,100.0
BLR,Belarus,2012,Extreme temperature,1,,0,0.0,130.0,1,100.0,,0,0.0,,0,0.0
BLR,Belarus,2013,Extreme temperature,1,4.0,1,100.0,11325.0,1,100.0,,0,0.0,,0,0.0
BLR,Belarus,2014,Extreme temperature,1,2.0,1,100.0,31500.0,1,100.0,,0,0.0,,0,0.0
BLR,Belarus,2017,Extreme temperature,1,43.0,1,100.0,50539.0,1,100.0,,0,0.0,,0,0.0
BLR,Belarus,2018,Flood,1,,0,0.0,50000.0,1,100.0,,0,0.0,,0,0.0
BLR,Belarus,2023,Flood,1,,0,0.0,420.0,1,100.0,,0,0.0,,0,0.0
BLZ,Belize,2000,Storm,1,14.0,1,100.0,62570.0,1,100.0,277460000.0,1,100.0,518736000.0,1,100.0
BLZ,Belize,2001,Storm,2,30.0,1,50.0,20000.0,1,50.0,254000000.0,2,100.0,461824000.0,2,100.0
BLZ,Belize,2004,Storm,1,,0,0.0,,0,0.0,97000000.0,1,100.0,165332000.0,1,100.0
BLZ,Belize,2005,Storm,2,3.0,1,50.0,,0,0.0,,0,0.0,,0,0.0
BLZ,Belize,2007,Storm,1,,0,0.0,20000.0,1,100.0,14847000.0,1,100.0,23053000.0,1,100.0
BLZ,Belize,2008,Flood,1,1.0,1,100.0,38000.0,1,100.0,9697000.0,1,100.0,14500000.0,1,100.0
BLZ,Belize,2008,Storm,1,7.0,1,100.0,10000.0,1,100.0,,0,0.0,,0,0.0
BLZ,Belize,2010,Storm,1,,0,0.0,,0,0.0,,0,0.0,,0,0.0
BLZ,Belize,2015,Flood,1,,0,0.0,20000.0,1,100.0,,0,0.0,,0,0.0
BLZ,Belize,2016,Storm,1,,0,0.0,10355.0,1,100.0,,0,0.0,,0,0.0
BLZ,Belize,2020,Storm,1,,0,0.0,60000.0,1,100.0,,0,0.0,,0,0.0
BLZ,Belize,2022,Storm,1,,0,0.0,172150.0,1,100.0,100000000.0,1,100.0,110008000.0,1,100.0
BLZ,Belize,2024,Storm,1,,0,0.0,162.0,1,100.0,,0,0.0,,0,0.0
BLZ,Belize,2024,Wildfire,1,,0,0.0,800.0,1,100.0,,0,0.0,,0,0.0
BMU,Bermuda,2003,Storm,1,4.0,1,100.0,,0,0.0,300000000.0,1,100.0,525026000.0,1,100.0
BMU,Bermuda,2025,Storm,1,,0,0.0,,0,0.0,,0,0.0,,0,0.0
BOL,Bolivia (Plurinational State of),2000,Drought,1,,0,0.0,20000.0,1,100.0,,0,0.0,,0,0.0
BOL,Bolivia (Plurinational State of),2000,Extreme temperature,1,6.0,1,100.0,25277.0,1,100.0,,0,0.0,,0,0.0
BOL,Bolivia (Plurinational State of),2000,Flood,2,30.0,1,50.0,7010.0,2,100.0,,0,0.0,,0,0.0
BOL,Bolivia (Plurinational State of),2001,Flood,1,41.0,1,100.0,357250.0,1,100.0,121000000.0,1,100.0,220002000.0,1,100.0
BOL,Bolivia (Plurinational State of),2002,Flood,1,76.0,1,100.0,5146.0,1,100.0,100000000.0,1,100.0,178982000.0,1,100.0
BOL,Bolivia (Plurinational State of),2002,Storm,1,20.0,1,100.0,12085.0,1,100.0,,0,0.0,,0,0.0
BOL,Bolivia (Plurinational State of),2003,Flood,3,74.0,3,100.0,57529.0,3,100.0,1000000.0,1,33.33,1750000.0,1,33.33
BOL,Bolivia (Plurinational State of),2003,Mass movement (wet),1,69.0,1,100.0,1001.0,1,100.0,,0,0.0,,0,0.0
BOL,Bolivia (Plurinational State of),2004,Drought,1,,0,0.0,55000.0,1,100.0,,0,0.0,,0,0.0
BOL,Bolivia (Plurinational State of),2005,Wildfire,1,,0,0.0,3000.0,1,100.0,,0,0.0,,0,0.0
BOL,Bolivia (Plurinational State of),2006,Flood,2,25.0,1,50.0,126600.0,2,100.0,35000000.0,1,50.0,55895000.0,1,50.0
BOL,Bolivia (Plurinational State of),2007,Epidemic,1,1.0,1,100.0,228.0,1,100.0,,0,0.0,,0,0.0
BOL,Bolivia (Plurinational State of),2007,Extreme temperature,1,,0,0.0,,0,0.0,,0,0.0,,0,0.0
BOL,Bolivia (Plurinational State of),2007,Flood,2,115.0,2,100.0,824519.0,2,100.0,590000000.0,2,100.0,916100000.0,2,100.0
BOL,Bolivia (Plurinational State of),2008,Drought,1,,0,0.0,27500.0,1,100.0,,0,0.0,,0,0.0
BOL,Bolivia (Plurinational State of),2008,Epidemic,2,27.0,1,50.0,7202.0,2,100.0,,0,0.0,,0,0.0
BOL,Bolivia (Plurinational State of),2008,Storm,1,,0,0.0,6655.0,1,100.0,,0,0.0,,0,0.0
BOL,Bolivia (Plurinational State of),2009,Flood,1,,0,0.0,63000.0,1,100.0,,0,0.0,,0,0.0
BOL,Bolivia (Plurinational State of),2010,Drought,1,,0,0.0,62500.0,1,100.0,100000000.0,1,100.0,147643000.0,1,100.0
BOL,Bolivia (Plurinational State of),2010,Epidemic,1,29.0,1,100.0,25236.0,1,100.0,,0,0.0,,0,0.0
BOL,Bolivia (Plurinational State of),2010,Extreme temperature,1,4.0,1,100.0,,0,0.0,,0,0.0,,0,0.0
BOL,Bolivia (Plurinational State of),2010,Flood,1,26.0,1,100.0,227860.0,1,100.0,,0,0.0,,0,0.0
BOL,Bolivia (Plurinational State of),2010,Wildfire,1,,0,0.0,300.0,1,100.0,,0,0.0,,0,0.0
BOL,Bolivia (Plurinational State of),2011,Flood,1,52.0,1,100.0,88825.0,1,100.0,20000000.0,1,100.0,28625000.0,1,100.0
BOL,Bolivia (Plurinational State of),2011,Mass movement (wet),1,,0,0.0,4000.0,1,100.0,,0,0.0,,0,0.0
BOL,Bolivia (Plurinational State of),2012,Flood,1,13.0,1,100.0,69085.0,1,100.0,,0,0.0,,0,0.0
BOL,Bolivia (Plurinational State of),2013,Drought,1,,0,0.0,340355.0,1,100.0,,0,0.0,,0,0.0
BOL,Bolivia (Plurinational State of),2013,Extreme temperature,1,18.0,1,100.0,17490.0,1,100.0,,0,0.0,,0,0.0
BOL,Bolivia (Plurinational State of),2013,Flood,2,99.0,2,100.0,483995.0,2,100.0,2500000.0,1,50.0,3455000.0,1,50.0
BOL,Bolivia (Plurinational State of),2013,Mass movement (wet),1,19.0,1,100.0,29.0,1,100.0,,0,0.0,,0,0.0
BOL,Bolivia (Plurinational State of),2014,Drought,1,,0,0.0,51180.0,1,100.0,,0,0.0,,0,0.0
BOL,Bolivia (Plurinational State of),2014,Flood,1,38.0,1,100.0,185120.0,1,100.0,,0,0.0,,0,0.0
BOL,Bolivia (Plurinational State of),2014,Mass movement (wet),1,74.0,1,100.0,11400.0,1,100.0,200000000.0,1,100.0,271985000.0,1,100.0
BOL,Bolivia (Plurinational State of),2015,Flood,2,25.0,1,50.0,96890.0,2,100.0,,0,0.0,,0,0.0
BOL,Bolivia (Plurinational State of),2016,Drought,1,,0,0.0,665000.0,1,100.0,450000000.0,1,100.0,603625000.0,1,100.0
BOL,Bolivia (Plurinational State of),2016,Flood,2,4.0,1,50.0,5420.0,2,100.0,,0,0.0,,0,0.0
BOL,Bolivia (Plurinational State of),2018,Epidemic,1,23.0,1,100.0,1428.0,1,100.0,,0,0.0,,0,0.0
BOL,Bolivia (Plurinational State of),2018,Flood,1,6.0,1,100.0,12186.0,1,100.0,,0,0.0,,0,0.0
BOL,Bolivia (Plurinational State of),2019,Flood,2,60.0,1,50.0,349540.0,2,100.0,,0,0.0,,0,0.0
BOL,Bolivia (Plurinational State of),2019,Mass movement (wet),1,23.0,1,100.0,,0,0.0,,0,0.0,,0,0.0
BOL,Bolivia (Plurinational State of),2019,Volcanic activity,1,,0,0.0,3000.0,1,100.0,,0,0.0,,0,0.0
BOL,Bolivia (Plurinational State of),2019,Wildfire,1,,0,0.0,36000.0,1,100.0,,0,0.0,,0,0.0
BOL,Bolivia (Plurinational State of),2020,Flood,2,26.0,2,100.0,37611.0,2,100.0,10000000.0,1,50.0,12439000.0,1,50.0
BOL,Bolivia (Plurinational State of),2020,Wildfire,1,5.0,1,100.0,126000.0,1,100.0,,0,0.0,,0,0.0
BOL,Bolivia (Plurinational State of),2021,Flood,7,50.0,6,85.71,303597.0,7,100.0,,0,0.0,,0,0.0
BOL,Bolivia (Plurinational State of),2022,Flood,1,60.0,1,100.0,375000.0,1,100.0,,0,0.0,,0,0.0
BOL,Bolivia (Plurinational State of),2023,Drought,1,10.0,1,100.0,2050000.0,1,100.0,,0,0.0,,0,0.0
BOL,Bolivia (Plurinational State of),2023,Flood,4,22.0,3,75.0,208970.0,4,100.0,,0,0.0,,0,0.0
BOL,Bolivia (Plurinational State of),2023,Wildfire,1,12.0,1,100.0,,0,0.0,,0,0.0,,0,0.0
BOL,Bolivia (Plurinational State of),2024,Flood,4,4.0,2,50.0,7022.0,4,100.0,,0,0.0,,0,0.0
BOL,Bolivia (Plurinational State of),2024,Wildfire,1,2.0,1,100.0,25335.0,1,100.0,100000000.0,1,100.0,102631000.0,1,100.0
BOL,Bolivia (Plurinational State of),2025,Flood,2,98.0,2,100.0,3015642.0,2,100.0,36000000.0,1,50.0,36000000.0,1,50.0
BOL,Bolivia (Plurinational State of),2025,Storm,1,23.0,1,100.0,80000.0,1,100.0,,0,0.0,,0,0.0
BOL,Bolivia (Plurinational State of),2025,Wildfire,1,,0,0.0,14000.0,1,100.0,,0,0.0,,0,0.0
BRA,Brazil,2000,Flood,4,48.0,4,100.0,87000.0,4,100.0,,0,0.0,,0,0.0
BRA,Brazil,2000,Mass movement (wet),1,60.0,1,100.0,143000.0,1,100.0,75000000.0,1,100.0,140219000.0,1,100.0
BRA,Brazil,2001,Drought,1,,0,0.0,1000000.0,1,100.0,,0,0.0,,0,0.0
BRA,Brazil,2001,Flood,3,85.0,3,100.0,11046.0,3,100.0,45000000.0,1,33.33,81819000.0,1,33.33
BRA,Brazil,2001,Storm,1,13.0,1,100.0,3400.0,1,100.0,,0,0.0,,0,0.0
BRA,Brazil,2002,Drought,1,,0,0.0,,0,0.0,,0,0.0,,0,0.0
BRA,Brazil,2002,Epidemic,1,57.0,1,100.0,317730.0,1,100.0,,0,0.0,,0,0.0
BRA,Brazil,2002,Flood,2,17.0,1,50.0,3500.0,2,100.0,,0,0.0,,0,0.0
BRA,Brazil,2002,Mass movement (wet),2,87.0,2,100.0,1500.0,1,50.0,11000000.0,1,50.0,19688000.0,1,50.0
BRA,Brazil,2003,Flood,5,255.0,5,100.0,205981.0,5,100.0,303000000.0,1,20.0,530276000.0,1,20.0
BRA,Brazil,2004,Drought,1,,0,0.0,,0,0.0,1650000000.0,1,100.0,2812349000.0,1,100.0
BRA,Brazil,2004,Extreme temperature,1,,0,0.0,,0,0.0,,0,0.0,,0,0.0
BRA,Brazil,2004,Flood,2,35.0,2,100.0,5254.0,2,100.0,370000.0,1,50.0,631000.0,1,50.0
BRA,Brazil,2004,Storm,1,4.0,1,100.0,150060.0,1,100.0,350000000.0,1,100.0,596559000.0,1,100.0
BRA,Brazil,2005,Drought,1,,0,0.0,,0,0.0,,0,0.0,,0,0.0
BRA,Brazil,2005,Flood,2,47.0,2,100.0,41000.0,2,100.0,,0,0.0,,0,0.0
BRA,Brazil,2005,Storm,1,2.0,1,100.0,344.0,1,100.0,,0,0.0,,0,0.0
BRA,Brazil,2006,Flood,2,20.0,2,100.0,116000.0,1,50.0,,0,0.0,,0,0.0
BRA,Brazil,2007,Drought,1,,0,0.0,1000000.0,1,100.0,,0,0.0,,0,0.0
BRA,Brazil,2007,Earthquake,1,1.0,1,100.0,286.0,1,100.0,,0,0.0,,0,0.0
BRA,Brazil,2007,Flood,3,69.0,3,100.0,206352.0,3,100.0,125000000.0,1,33.33,194089000.0,1,33.33
BRA,Brazil,2007,Mass movement (wet),1,,0,0.0,5000.0,1,100.0,,0,0.0,,0,0.0
BRA,Brazil,2008,Epidemic,1,123.0,1,100.0,162701.0,1,100.0,,0,0.0,,0,0.0
BRA,Brazil,2008,Flood,4,200.0,4,100.0,1752391.0,4,100.0,1110000000.0,2,50.0,1659789000.0,2,50.0
BRA,Brazil,2008,Storm,1,3.0,1,100.0,1600.0,1,100.0,,0,0.0,,0,0.0
BRA,Brazil,2009,Epidemic,1,23.0,1,100.0,126139.0,1,100.0,,0,0.0,,0,0.0
BRA,Brazil,2009,Flood,7,90.0,5,71.43,1862648.0,7,100.0,600000000.0,2,28.57,900384000.0,2,28.57
BRA,Brazil,2009,Mass movement (wet),1,74.0,1,100.0,1000.0,1,100.0,145000000.0,1,100.0,217593000.0,1,100.0
BRA,Brazil,2009,Storm,1,4.0,1,100.0,2364.0,1,100.0,,0,0.0,,0,0.0
BRA,Brazil,2010,Drought,1,,0,0.0,62000.0,1,100.0,,0,0.0,,0,0.0
BRA,Brazil,2010,Extreme temperature,1,32.0,1,100.0,,0,0.0,,0,0.0,,0,0.0
BRA,Brazil,2010,Flood,3,363.0,3,100.0,244938.0,3,100.0,802000000.0,2,66.67,1184094000.0,2,66.67
BRA,Brazil,2011,Epidemic,1,,0,0.0,942153.0,1,100.0,,0,0.0,,0,0.0
BRA,Brazil,2011,Flood,8,978.0,8,100.0,1215600.0,8,100.0,1002000000.0,2,25.0,1434107000.0,2,25.0
BRA,Brazil,2012,Drought,1,,0,0.0,4000000.0,1,100.0,1460000000.0,1,100.0,2047253000.0,1,100.0
BRA,Brazil,2012,Flood,2,3.0,1,50.0,299000.0,2,100.0,171000000.0,1,50.0,239781000.0,1,50.0
BRA,Brazil,2013,Flood,5,119.0,5,100.0,247410.0,5,100.0,545500000.0,4,80.0,753872000.0,4,80.0
BRA,Brazil,2013,Storm,1,2.0,1,100.0,13864.0,1,100.0,90000000.0,1,100.0,124379000.0,1,100.0
BRA,Brazil,2014,Drought,1,,0,0.0,27000000.0,1,100.0,5000000000.0,1,100.0,6799615000.0,1,100.0
BRA,Brazil,2014,Flood,4,41.0,3,75.0,618152.0,4,100.0,200000000.0,1,25.0,271985000.0,1,25.0
BRA,Brazil,2015,Flood,4,11.0,3,75.0,298510.0,4,100.0,2000000.0,1,25.0,2717000.0,1,25.0
BRA,Brazil,2015,Mass movement (wet),1,15.0,1,100.0,,0,0.0,,0,0.0,,0,0.0
BRA,Brazil,2015,Storm,1,2.0,1,100.0,11037.0,1,100.0,2000000.0,1,100.0,2717000.0,1,100.0
BRA,Brazil,2016,Epidemic,1,261.0,1,100.0,777.0,1,100.0,,0,0.0,,0,0.0
BRA,Brazil,2016,Flood,2,33.0,2,100.0,50500.0,1,50.0,200000000.0,2,100.0,268278000.0,2,100.0
BRA,Brazil,2017,Epidemic,1,154.0,1,100.0,310.0,1,100.0,,0,0.0,,0,0.0
BRA,Brazil,2017,Flood,1,14.0,1,100.0,104140.0,1,100.0,100000000.0,1,100.0,131341000.0,1,100.0
BRA,Brazil,2018,Flood,2,7.0,2,100.0,1250.0,2,100.0,53000000.0,2,100.0,67951000.0,2,100.0
BRA,Brazil,2018,Mass movement (wet),1,15.0,1,100.0,300.0,1,100.0,,0,0.0,,0,0.0
BRA,Brazil,2019,Flood,7,47.0,6,85.71,46778.0,6,85.71,,0,0.0,,0,0.0
BRA,Brazil,2019,Wildfire,1,,0,0.0,10002195.0,1,100.0,,0,0.0,,0,0.0
BRA,Brazil,2020,Drought,1,,0,0.0,,0,0.0,3000000000.0,1,100.0,3731790000.0,1,100.0
BRA,Brazil,2020,Flood,5,151.0,5,100.0,17161.0,5,100.0,500000000.0,4,80.0,621965000.0,4,80.0
BRA,Brazil,2020,Storm,1,12.0,1,100.0,1119.0,1,100.0,100000000.0,1,100.0,124393000.0,1,100.0
BRA,Brazil,2021,Drought,1,,0,0.0,,0,0.0,3000000000.0,1,100.0,3564343000.0,1,100.0
BRA,Brazil,2021,Flood,8,62.0,5,62.5,1608050.0,8,100.0,543000000.0,5,62.5,645146000.0,5,62.5
BRA,Brazil,2022,Drought,1,,0,0.0,,0,0.0,4000000000.0,1,100.0,4400309000.0,1,100.0
BRA,Brazil,2022,Flood,11,528.0,11,100.0,224081.0,11,100.0,1141000000.0,7,63.64,1255189000.0,7,63.64
BRA,Brazil,2023,Drought,1,,0,0.0,608000.0,1,100.0,2500000000.0,1,100.0,2641460000.0,1,100.0
BRA,Brazil,2023,Flood,12,124.0,8,66.67,288246.0,12,100.0,411200000.0,7,58.33,434468000.0,7,58.33
BRA,Brazil,2023,Storm,3,47.0,2,66.67,343274.0,3,100.0,940000000.0,2,66.67,993189000.0,2,66.67
BRA,Brazil,2024,Drought,1,,0,0.0,745000.0,1,100.0,6050000000.0,1,100.0,6209193000.0,1,100.0
BRA,Brazil,2024,Flood,7,271.0,5,71.43,2588933.0,7,100.0,7560000000.0,4,57.14,7758926000.0,4,57.14
BRA,Brazil,2024,Storm,3,4.0,1,33.33,29655.0,3,100.0,,0,0.0,,0,0.0
BRA,Brazil,2025,Drought,1,,0,0.0,,0,0.0,4800000000.0,1,100.0,4800000000.0,1,100.0
BRA,Brazil,2025,Flood,2,,0,0.0,780.0,2,100.0,,0,0.0,,0,0.0
BRA,Brazil,2025,Mass movement (wet),1,27.0,1,100.0,3700.0,1,100.0,,0,0.0,,0,0.0
BRA,Brazil,2025,Storm,6,16.0,2,33.33,17600.0,6,100.0,22000000.0,1,16.67,22000000.0,1,16.67
BRA,Brazil,2026,Flood,2,2.0,1,50.0,1800.0,1,50.0,,0,0.0,,0,0.0
BRA,Brazil,2026,Storm,2,73.0,1,50.0,11202.0,2,100.0,60000000.0,1,50.0,,0,0.0
BRB,Barbados,2002,Storm,1,,0,0.0,2000.0,1,100.0,200000.0,1,100.0,358000.0,1,100.0
BRB,Barbados,2004,Storm,1,1.0,1,100.0,880.0,1,100.0,5000000.0,1,100.0,8522000.0,1,100.0
BRB,Barbados,2007,Earthquake,1,,0,0.0,1.0,1,100.0,,0,0.0,,0,0.0
BRB,Barbados,2010,Drought,1,,0,0.0,,0,0.0,,0,0.0,,0,0.0
BRB,Barbados,2010,Storm,1,,0,0.0,2500.0,1,100.0,,0,0.0,,0,0.0
BRB,Barbados,2017,Storm,1,1.0,1,100.0,,0,0.0,,0,0.0,,0,0.0
BRB,Barbados,2021,Storm,1,,0,0.0,3300.0,1,100.0,,0,0.0,,0,0.0
BRB,Barbados,2023,Storm,1,,0,0.0,179.0,1,100.0,,0,0.0,,0,0.0
BRB,Barbados,2024,Storm,1,,0,0.0,2500.0,1,100.0,96500000.0,1,100.0,99039000.0,1,100.0
BTN,Bhutan,2000,Flood,1,200.0,1,100.0,1000.0,1,100.0,,0,0.0,,0,0.0
BTN,Bhutan,2004,Flood,1,,0,0.0,,0,0.0,,0,0.0,,0,0.0
BTN,Bhutan,2009,Earthquake,1,11.0,1,100.0,12.0,1,100.0,,0,0.0,,0,0.0
BTN,Bhutan,2009,Storm,1,12.0,1,100.0,,0,0.0,,0,0.0,,0,0.0
BTN,Bhutan,2011,Earthquake,1,1.0,1,100.0,20016.0,1,100.0,,0,0.0,,0,0.0
BTN,Bhutan,2021,Earthquake,1,,0,0.0,502.0,1,100.0,,0,0.0,,0,0.0
BTN,Bhutan,2021,Flood,1,10.0,1,100.0,,0,0.0,,0,0.0,,0,0.0
BWA,Botswana,2000,Flood,1,3.0,1,100.0,138776.0,1,100.0,5000000.0,1,100.0,9348000.0,1,100.0
BWA,Botswana,2004,Flood,1,,0,0.0,4960.0,1,100.0,,0,0.0,,0,0.0
BWA,Botswana,2006,Epidemic,1,470.0,1,100.0,22264.0,1,100.0,,0,0.0,,0,0.0
BWA,Botswana,2008,Epidemic,1,2.0,1,100.0,15.0,1,100.0,,0,0.0,,0,0.0
BWA,Botswana,2009,Flood,2,,0,0.0,4656.0,2,100.0,,0,0.0,,0,0.0
BWA,Botswana,2009,Storm,1,,0,0.0,400.0,1,100.0,,0,0.0,,0,0.0
BWA,Botswana,2011,Flood,1,,0,0.0,,0,0.0,,0,0.0,,0,0.0
BWA,Botswana,2013,Flood,1,12.0,1,100.0,4210.0,1,100.0,,0,0.0,,0,0.0
BWA,Botswana,2015,Drought,1,,0,0.0,,0,0.0,44000000.0,1,100.0,59766000.0,1,100.0
BWA,Botswana,2017,Flood,1,,0,0.0,3250.0,1,100.0,,0,0.0,,0,0.0
BWA,Botswana,2018,Flood,1,,0,0.0,4225.0,1,100.0,,0,0.0,,0,0.0
BWA,Botswana,2019,Drought,1,,0,0.0,38000.0,1,100.0,,0,0.0,,0,0.0
BWA,Botswana,2023,Drought,1,,0,0.0,37000.0,1,100.0,,0,0.0,,0,0.0
BWA,Botswana,2024,Storm,1,,0,0.0,105000.0,1,100.0,,0,0.0,,0,0.0
BWA,Botswana,2025,Flood,1,9.0,1,100.0,190343.0,1,100.0,,0,0.0,,0,0.0
BWA,Botswana,2026,Flood,1,,0,0.0,7829.0,1,100.0,,0,0.0,,0,0.0
CAF,Central African Republic,2000,Epidemic,3,448.0,3,100.0,2572.0,3,100.0,,0,0.0,,0,0.0
CAF,Central African Republic,2001,Epidemic,1,343.0,1,100.0,1473.0,1,100.0,,0,0.0,,0,0.0
CAF,Central African Republic,2001,Storm,1,3.0,1,100.0,3000.0,1,100.0,,0,0.0,,0,0.0
CAF,Central African Republic,2002,Epidemic,1,6.0,1,100.0,727.0,1,100.0,,0,0.0,,0,0.0
CAF,Central African Republic,2002,Wildfire,1,1.0,1,100.0,750.0,1,100.0,,0,0.0,,0,0.0
CAF,Central African Republic,2003,Epidemic,1,23.0,1,100.0,379.0,1,100.0,,0,0.0,,0,0.0
CAF,Central African Republic,2003,Flood,1,,0,0.0,240.0,1,100.0,,0,0.0,,0,0.0
CAF,Central African Republic,2004,Flood,1,3.0,1,100.0,12702.0,1,100.0,,0,0.0,,0,0.0
CAF,Central African Republic,2005,Flood,1,1.0,1,100.0,23805.0,1,100.0,,0,0.0,,0,0.0
CAF,Central African Republic,2007,Flood,1,1.0,1,100.0,7812.0,1,100.0,,0,0.0,,0,0.0
CAF,Central African Republic,2008,Flood,1,,0,0.0,795.0,1,100.0,,0,0.0,,0,0.0
CAF,Central African Republic,2009,Flood,1,1.0,1,100.0,11000.0,1,100.0,,0,0.0,,0,0.0
CAF,Central African Republic,2009,Storm,2,3.0,1,50.0,12972.0,2,100.0,,0,0.0,,0,0.0
CAF,Central African Republic,2010,Flood,1,3.0,1,100.0,1585.0,1,100.0,,0,0.0,,0,0.0
CAF,Central African Republic,2011,Epidemic,1,16.0,1,100.0,172.0,1,100.0,,0,0.0,,0,0.0
CAF,Central African Republic,2011,Flood,1,,0,0.0,2935.0,1,100.0,,0,0.0,,0,0.0
CAF,Central African Republic,2011,Storm,1,1.0,1,100.0,1831.0,1,100.0,,0,0.0,,0,0.0
CAF,Central African Republic,2012,Storm,2,,0,0.0,3893.0,2,100.0,,0,0.0,,0,0.0
CAF,Central African Republic,2013,Flood,1,,0,0.0,32993.0,1,100.0,,0,0.0,,0,0.0
CAF,Central African Republic,2013,Storm,1,,0,0.0,8744.0,1,100.0,,0,0.0,,0,0.0
CAF,Central African Republic,2015,Storm,1,1.0,1,100.0,1116.0,1,100.0,,0,0.0,,0,0.0
CAF,Central African Republic,2016,Epidemic,1,21.0,1,100.0,266.0,1,100.0,,0,0.0,,0,0.0
CAF,Central African Republic,2017,Flood,1,,0,0.0,3500.0,1,100.0,,0,0.0,,0,0.0
CAF,Central African Republic,2017,Storm,1,,0,0.0,3690.0,1,100.0,,0,0.0,,0,0.0
CAF,Central African Republic,2018,Epidemic,1,1.0,1,100.0,119.0,1,100.0,,0,0.0,,0,0.0
CAF,Central African Republic,2019,Epidemic,1,53.0,1,100.0,3600.0,1,100.0,,0,0.0,,0,0.0
CAF,Central African Republic,2019,Flood,1,,0,0.0,44918.0,1,100.0,,0,0.0,,0,0.0
CAF,Central African Republic,2021,Flood,1,,0,0.0,3957.0,1,100.0,,0,0.0,,0,0.0
CAF,Central African Republic,2022,Drought,1,,0,0.0,2221692.0,1,100.0,,0,0.0,,0,0.0
CAF,Central African Republic,2022,Flood,1,16.0,1,100.0,118003.0,1,100.0,,0,0.0,,0,0.0
CAF,Central African Republic,2022,Wildfire,1,,0,0.0,30000.0,1,100.0,,0,0.0,,0,0.0
CAF,Central African Republic,2023,Storm,1,,0,0.0,6066.0,1,100.0,,0,0.0,,0,0.0
CAF,Central African Republic,2024,Flood,1,,0,0.0,2700.0,1,100.0,145000000.0,1,100.0,148815000.0,1,100.0
CAF,Central African Republic,2025,Flood,1,,0,0.0,2500.0,1,100.0,,0,0.0,,0,0.0
CAF,Central African Republic,2026,Wildfire,1,,0,0.0,1352.0,1,100.0,,0,0.0,,0,0.0
CAN,Canada,2000,Storm,1,11.0,1,100.0,840.0,1,100.0,13000000.0,1,100.0,24305000.0,1,100.0
CAN,Canada,2001,Epidemic,1,1.0,1,100.0,399.0,1,100.0,,0,0.0,,0,0.0
CAN,Canada,2001,Storm,1,11.0,1,100.0,30.0,1,100.0,,0,0.0,,0,0.0
CAN,Canada,2001,Wildfire,1,,0,0.0,1200.0,1,100.0,,0,0.0,,0,0.0
CAN,Canada,2002,Epidemic,1,2.0,1,100.0,139.0,1,100.0,,0,0.0,,0,0.0
CAN,Canada,2002,Flood,1,,0,0.0,,0,0.0,,0,0.0,,0,0.0
CAN,Canada,2002,Wildfire,1,,0,0.0,600.0,1,100.0,,0,0.0,,0,0.0
CAN,Canada,2003,Flood,4,4.0,2,50.0,2470.0,4,100.0,35000000.0,3,75.0,61253000.0,3,75.0
CAN,Canada,2003,Storm,2,3.0,2,100.0,200.0,1,50.0,110000000.0,1,50.0,192510000.0,1,50.0
CAN,Canada,2003,Wildfire,1,1.0,1,100.0,,0,0.0,545000000.0,1,100.0,953797000.0,1,100.0
CAN,Canada,2004,Flood,2,,0,0.0,1000.0,1,50.0,200000000.0,1,50.0,340891000.0,1,50.0
CAN,Canada,2004,Storm,2,,0,0.0,,0,0.0,100000000.0,1,50.0,170445000.0,1,50.0
CAN,Canada,2005,Flood,2,4.0,1,50.0,5600.0,2,100.0,357000000.0,1,50.0,588523000.0,1,50.0
CAN,Canada,2005,Storm,1,,0,0.0,300.0,1,100.0,,0,0.0,,0,0.0
CAN,Canada,2005,Wildfire,2,,0,0.0,,0,0.0,,0,0.0,,0,0.0
CAN,Canada,2006,Flood,5,1.0,1,20.0,3900.0,5,100.0,,0,0.0,,0,0.0
CAN,Canada,2007,Flood,1,,0,0.0,500.0,1,100.0,,0,0.0,,0,0.0
CAN,Canada,2007,Storm,2,6.0,2,100.0,,0,0.0,,0,0.0,,0,0.0
CAN,Canada,2008,Flood,2,,0,0.0,2400.0,2,100.0,,0,0.0,,0,0.0
CAN,Canada,2009,Flood,1,,0,0.0,200.0,1,100.0,,0,0.0,,0,0.0
CAN,Canada,2009,Storm,2,2.0,1,50.0,3.0,1,50.0,500000000.0,1,50.0,750320000.0,1,50.0
CAN,Canada,2011,Flood,1,5.0,1,100.0,2000.0,1,100.0,800000000.0,1,100.0,1144996000.0,1,100.0
CAN,Canada,2011,Storm,1,1.0,1,100.0,,0,0.0,,0,0.0,,0,0.0
CAN,Canada,2011,Wildfire,1,1.0,1,100.0,7000.0,1,100.0,1500000000.0,1,100.0,2146867000.0,1,100.0
CAN,Canada,2012,Flood,1,,0,0.0,1500.0,1,100.0,34000000.0,1,100.0,47676000.0,1,100.0
CAN,Canada,2012,Storm,3,2.0,1,33.33,,0,0.0,1150000000.0,2,66.67,1612562000.0,2,66.67
CAN,Canada,2013,Extreme temperature,1,10.0,1,100.0,,0,0.0,200000000.0,1,100.0,276397000.0,1,100.0
CAN,Canada,2013,Flood,1,4.0,1,100.0,100000.0,1,100.0,5700000000.0,1,100.0,7877309000.0,1,100.0
CAN,Canada,2013,Storm,1,,0,0.0,,0,0.0,1410000000.0,1,100.0,1948597000.0,1,100.0
CAN,Canada,2014,Extreme temperature,1,,0,0.0,,0,0.0,,0,0.0,,0,0.0
CAN,Canada,2014,Flood,1,,0,0.0,6904.0,1,100.0,129000000.0,1,100.0,175430000.0,1,100.0
CAN,Canada,2015,Wildfire,1,,0,0.0,13036.0,1,100.0,,0,0.0,,0,0.0
CAN,Canada,2016,Flood,1,,0,0.0,300.0,1,100.0,,0,0.0,,0,0.0
CAN,Canada,2016,Wildfire,1,,0,0.0,88000.0,1,100.0,4000000000.0,1,100.0,5365555000.0,1,100.0
CAN,Canada,2017,Flood,2,2.0,1,50.0,19113.0,2,100.0,200000000.0,1,50.0,262682000.0,1,50.0
CAN,Canada,2017,Wildfire,1,,0,0.0,43441.0,1,100.0,,0,0.0,,0,0.0
CAN,Canada,2018,Extreme temperature,1,70.0,1,100.0,,0,0.0,,0,0.0,,0,0.0
CAN,Canada,2018,Flood,1,,0,0.0,4000.0,1,100.0,,0,0.0,,0,0.0
CAN,Canada,2018,Storm,1,,0,0.0,930.0,1,100.0,325000000.0,1,100.0,416681000.0,1,100.0
CAN,Canada,2018,Wildfire,1,,0,0.0,3000.0,1,100.0,,0,0.0,,0,0.0
CAN,Canada,2019,Flood,1,1.0,1,100.0,19500.0,1,100.0,800000000.0,1,100.0,1007420000.0,1,100.0
CAN,Canada,2019,Storm,1,1.0,1,100.0,,0,0.0,275000000.0,1,100.0,346301000.0,1,100.0
CAN,Canada,2020,Flood,1,1.0,1,100.0,12936.0,1,100.0,1300000000.0,1,100.0,1617109000.0,1,100.0
CAN,Canada,2020,Storm,1,,0,0.0,60000.0,1,100.0,1200000000.0,1,100.0,1492716000.0,1,100.0
CAN,Canada,2021,Extreme temperature,1,815.0,1,100.0,,0,0.0,,0,0.0,,0,0.0
CAN,Canada,2021,Flood,1,4.0,1,100.0,15000.0,1,100.0,2000000000.0,1,100.0,2376229000.0,1,100.0
CAN,Canada,2021,Storm,1,1.0,1,100.0,302.0,1,100.0,25000000.0,1,100.0,29703000.0,1,100.0
CAN,Canada,2021,Wildfire,1,2.0,1,100.0,250.0,1,100.0,80912000.0,1,100.0,96133000.0,1,100.0
CAN,Canada,2022,Flood,2,,0,0.0,2000.0,2,100.0,36000000.0,1,50.0,39603000.0,1,50.0
CAN,Canada,2022,Storm,4,17.0,3,75.0,4000.0,1,25.0,179000000.0,1,25.0,196914000.0,1,25.0
CAN,Canada,2023,Extreme temperature,1,2.0,1,100.0,,0,0.0,165000000.0,1,100.0,174336000.0,1,100.0
CAN,Canada,2023,Flood,2,6.0,2,100.0,1450.0,2,100.0,,0,0.0,,0,0.0
CAN,Canada,2023,Wildfire,1,2.0,1,100.0,30000.0,1,100.0,200000000.0,1,100.0,211317000.0,1,100.0
CAN,Canada,2024,Storm,4,2.0,2,50.0,20.0,1,25.0,7950000000.0,3,75.0,8159188000.0,3,75.0
CAN,Canada,2024,Wildfire,3,1.0,1,33.33,3500.0,1,33.33,1000000000.0,1,33.33,1026313000.0,1,33.33
CAN,Canada,2025,Storm,1,,0,0.0,396.0,1,100.0,,0,0.0,,0,0.0
CHE,Switzerland,2000,Mass movement (wet),1,16.0,1,100.0,1500.0,1,100.0,330000000.0,1,100.0,616964000.0,1,100.0
CHE,Switzerland,2002,Mass movement (wet),1,1.0,1,100.0,231.0,1,100.0,180000000.0,1,100.0,322167000.0,1,100.0
CHE,Switzerland,2002,Storm,1,1.0,1,100.0,2.0,1,100.0,,0,0.0,,0,0.0
CHE,Switzerland,2003,Extreme temperature,1,1039.0,1,100.0,,0,0.0,280000000.0,1,100.0,490024000.0,1,100.0
CHE,Switzerland,2003,Storm,1,1.0,1,100.0,7.0,1,100.0,5000000.0,1,100.0,8750000.0,1,100.0
CHE,Switzerland,2005,Extreme temperature,1,,0,0.0,,0,0.0,,0,0.0,,0,0.0
CHE,Switzerland,2005,Flood,1,6.0,1,100.0,2500.0,1,100.0,2100000000.0,1,100.0,3461900000.0,1,100.0
CHE,Switzerland,2006,Flood,1,,0,0.0,3000.0,1,100.0,,0,0.0,,0,0.0
CHE,Switzerland,2006,Storm,1,1.0,1,100.0,,0,0.0,,0,0.0,,0,0.0
CHE,Switzerland,2007,Flood,1,1.0,1,100.0,101.0,1,100.0,350000000.0,1,100.0,543449000.0,1,100.0
CHE,Switzerland,2007,Storm,2,,0,0.0,,0,0.0,100000000.0,1,50.0,155271000.0,1,50.0
CHE,Switzerland,2009,Storm,1,,0,0.0,,0,0.0,1000000000.0,1,100.0,1500641000.0,1,100.0
CHE,Switzerland,2010,Extreme temperature,1,,0,0.0,,0,0.0,,0,0.0,,0,0.0
CHE,Switzerland,2010,Storm,1,,0,0.0,,0,0.0,14000000.0,1,100.0,20670000.0,1,100.0
CHE,Switzerland,2012,Extreme temperature,2,11.0,1,50.0,,0,0.0,,0,0.0,,0,0.0
CHE,Switzerland,2013,Storm,2,,0,0.0,84.0,1,50.0,250000000.0,1,50.0,345496000.0,1,50.0
CHE,Switzerland,2014,Storm,1,2.0,1,100.0,,0,0.0,,0,0.0,,0,0.0
CHE,Switzerland,2017,Mass movement (dry),1,8.0,1,100.0,200.0,1,100.0,,0,0.0,,0,0.0
CHE,Switzerland,2018,Storm,2,,0,0.0,16.0,1,50.0,,0,0.0,,0,0.0
CHE,Switzerland,2019,Storm,2,5.0,2,100.0,,0,0.0,,0,0.0,,0,0.0
CHE,Switzerland,2020,Storm,2,1.0,1,50.0,13.0,1,50.0,,0,0.0,,0,0.0
CHE,Switzerland,2021,Flood,1,,0,0.0,,0,0.0,,0,0.0,,0,0.0
CHE,Switzerland,2021,Mass movement (wet),1,17.0,1,100.0,,0,0.0,,0,0.0,,0,0.0
CHE,Switzerland,2021,Storm,1,,0,0.0,5.0,1,100.0,,0,0.0,,0,0.0
CHE,Switzerland,2022,Extreme temperature,1,302.0,1,100.0,,0,0.0,,0,0.0,,0,0.0
CHE,Switzerland,2023,Extreme temperature,1,294.0,1,100.0,,0,0.0,,0,0.0,,0,0.0
CHE,Switzerland,2023,Mass movement (wet),1,2.0,1,100.0,,0,0.0,,0,0.0,,0,0.0
CHE,Switzerland,2023,Storm,1,2.0,1,100.0,15040.0,1,100.0,,0,0.0,,0,0.0
CHE,Switzerland,2024,Extreme temperature,1,363.0,1,100.0,,0,0.0,,0,0.0,,0,0.0
CHE,Switzerland,2024,Storm,1,6.0,1,100.0,,0,0.0,,0,0.0,,0,0.0
CHE,Switzerland,2025,Extreme temperature,1,280.0,1,100.0,,0,0.0,,0,0.0,,0,0.0
CHE,Switzerland,2025,Glacial lake outburst flood,1,1.0,1,100.0,,0,0.0,500000000.0,1,100.0,500000000.0,1,100.0
CHL,Chile,2000,Extreme temperature,1,,0,0.0,,0,0.0,10000000.0,1,100.0,18696000.0,1,100.0
CHL,Chile,2000,Flood,2,16.0,2,100.0,181667.0,2,100.0,30000000.0,1,50.0,56088000.0,1,50.0
CHL,Chile,2001,Flood,2,,0,0.0,12559.0,2,100.0,8900000.0,1,50.0,16182000.0,1,50.0
CHL,Chile,2001,Storm,1,2.0,1,100.0,2400.0,1,100.0,,0,0.0,,0,0.0
CHL,Chile,2002,Extreme temperature,1,,0,0.0,25000.0,1,100.0,,0,0.0,,0,0.0
CHL,Chile,2002,Flood,3,19.0,3,100.0,230642.0,3,100.0,200000000.0,1,33.33,357963000.0,1,33.33
CHL,Chile,2002,Wildfire,1,,0,0.0,,0,0.0,80000000.0,1,100.0,143185000.0,1,100.0
CHL,Chile,2003,Wildfire,1,,0,0.0,285.0,1,100.0,,0,0.0,,0,0.0
CHL,Chile,2004,Extreme temperature,1,,0,0.0,,0,0.0,,0,0.0,,0,0.0
CHL,Chile,2004,Flood,1,3.0,1,100.0,9000.0,1,100.0,,0,0.0,,0,0.0
CHL,Chile,2005,Earthquake,1,11.0,1,100.0,27645.0,1,100.0,5000000.0,1,100.0,8243000.0,1,100.0
CHL,Chile,2005,Flood,2,5.0,1,50.0,1348.0,2,100.0,,0,0.0,,0,0.0
CHL,Chile,2005,Storm,1,45.0,1,100.0,112.0,1,100.0,,0,0.0,,0,0.0
CHL,Chile,2006,Flood,1,18.0,1,100.0,95862.0,1,100.0,,0,0.0,,0,0.0
CHL,Chile,2007,Earthquake,2,12.0,2,100.0,25155.0,1,50.0,100000000.0,1,50.0,155271000.0,1,50.0
CHL,Chile,2007,Extreme temperature,1,6.0,1,100.0,,0,0.0,,0,0.0,,0,0.0
CHL,Chile,2008,Flood,2,9.0,2,100.0,144755.0,2,100.0,23000000.0,1,50.0,34392000.0,1,50.0
CHL,Chile,2008,Volcanic activity,1,,0,0.0,8000.0,1,100.0,,0,0.0,,0,0.0
CHL,Chile,2010,Earthquake,1,562.0,1,100.0,2671556.0,1,100.0,30000000000.0,1,100.0,44292803000.0,1,100.0
CHL,Chile,2010,Extreme temperature,1,,0,0.0,150.0,1,100.0,,0,0.0,,0,0.0
CHL,Chile,2011,Extreme temperature,1,,0,0.0,25475.0,1,100.0,,0,0.0,,0,0.0
CHL,Chile,2011,Volcanic activity,1,,0,0.0,3500.0,1,100.0,,0,0.0,,0,0.0
CHL,Chile,2011,Wildfire,2,1.0,1,50.0,1482.0,2,100.0,200000000.0,1,50.0,286249000.0,1,50.0
CHL,Chile,2012,Earthquake,1,1.0,1,100.0,24297.0,1,100.0,100000000.0,1,100.0,140223000.0,1,100.0
CHL,Chile,2012,Flood,1,,0,0.0,4300.0,1,100.0,3100000.0,1,100.0,4347000.0,1,100.0
CHL,Chile,2012,Wildfire,1,7.0,1,100.0,1082.0,1,100.0,200000000.0,1,100.0,280446000.0,1,100.0
CHL,Chile,2013,Extreme temperature,1,,0,0.0,,0,0.0,1000000000.0,1,100.0,1381984000.0,1,100.0
CHL,Chile,2014,Earthquake,1,6.0,1,100.0,513387.0,1,100.0,100000000.0,1,100.0,135992000.0,1,100.0
CHL,Chile,2014,Flood,1,,0,0.0,12555.0,1,100.0,,0,0.0,,0,0.0
CHL,Chile,2014,Wildfire,1,12.0,1,100.0,13000.0,1,100.0,34000000.0,1,100.0,46237000.0,1,100.0
CHL,Chile,2015,Earthquake,1,19.0,1,100.0,681499.0,1,100.0,800000000.0,1,100.0,1086649000.0,1,100.0
CHL,Chile,2015,Flood,2,178.0,1,50.0,193997.0,2,100.0,1500000000.0,1,50.0,2037468000.0,1,50.0
CHL,Chile,2015,Storm,1,6.0,1,100.0,938.0,1,100.0,,0,0.0,,0,0.0
CHL,Chile,2015,Volcanic activity,2,,0,0.0,7600.0,2,100.0,600000000.0,1,50.0,814987000.0,1,50.0
CHL,Chile,2015,Wildfire,1,1.0,1,100.0,32.0,1,100.0,,0,0.0,,0,0.0
CHL,Chile,2016,Flood,1,12.0,1,100.0,100.0,1,100.0,100000000.0,1,100.0,134139000.0,1,100.0
CHL,Chile,2017,Flood,3,9.0,3,100.0,7224.0,3,100.0,2000000.0,1,33.33,2627000.0,1,33.33
CHL,Chile,2017,Mass movement (wet),1,22.0,1,100.0,142.0,1,100.0,,0,0.0,,0,0.0
CHL,Chile,2017,Wildfire,1,11.0,1,100.0,19608.0,1,100.0,550000000.0,1,100.0,722376000.0,1,100.0
CHL,Chile,2019,Earthquake,1,2.0,1,100.0,780.0,1,100.0,,0,0.0,,0,0.0
CHL,Chile,2019,Flood,1,6.0,1,100.0,600.0,1,100.0,,0,0.0,,0,0.0
CHL,Chile,2019,Wildfire,1,,0,0.0,747.0,1,100.0,,0,0.0,,0,0.0
CHL,Chile,2021,Flood,1,,0,0.0,610.0,1,100.0,,0,0.0,,0,0.0
CHL,Chile,2021,Storm,1,,0,0.0,521.0,1,100.0,175000000.0,1,100.0,207920000.0,1,100.0
CHL,Chile,2022,Wildfire,2,3.0,2,100.0,13051.0,2,100.0,,0,0.0,,0,0.0
CHL,Chile,2023,Flood,2,7.0,2,100.0,53673.0,2,100.0,1865000000.0,2,100.0,1970529000.0,2,100.0
CHL,Chile,2023,Wildfire,2,26.0,1,50.0,10916.0,2,100.0,900000000.0,1,50.0,950926000.0,1,50.0
CHL,Chile,2024,Flood,1,1.0,1,100.0,6393.0,1,100.0,540000000.0,1,100.0,554209000.0,1,100.0
CHL,Chile,2024,Storm,1,1.0,1,100.0,26820.0,1,100.0,540000000.0,1,100.0,554209000.0,1,100.0
CHL,Chile,2024,Wildfire,2,135.0,1,50.0,40904.0,2,100.0,1000000000.0,1,50.0,1026313000.0,1,50.0
CHL,Chile,2025,Storm,1,,0,0.0,,0,0.0,,0,0.0,,0,0.0
CHL,Chile,2025,Wildfire,3,24.0,2,66.67,59198.0,3,100.0,400000000.0,1,33.33,400000000.0,1,33.33
CHL,Chile,2026,Storm,2,22.0,2,100.0,24900.0,2,100.0,,0,0.0,,0,0.0
CHN,China,2000,Drought,3,,0,0.0,20000000.0,2,66.67,796115000.0,1,33.33,1488407000.0,1,33.33
CHN,China,2000,Earthquake,5,9.0,3,60.0,2105050.0,5,100.0,116983000.0,3,60.0,218710000.0,3,60.0
CHN,China,2000,Flood,8,396.0,8,100.0,758407.0,7,87.5,310366000.0,6,75.0,580256000.0,6,75.0
CHN,China,2000,Mass movement (wet),2,85.0,2,100.0,2027.0,2,100.0,2400000.0,1,50.0,4487000.0,1,50.0
CHN,China,2000,Storm,10,173.0,10,100.0,2526889.0,9,90.0,260321000.0,7,70.0,486693000.0,7,70.0
CHN,China,2001,Drought,2,,0,0.0,16330000.0,2,100.0,,0,0.0,,0,0.0
CHN,China,2001,Earthquake,5,8.0,4,80.0,503124.0,5,100.0,91000000.0,3,60.0,165456000.0,3,60.0
CHN,China,2001,Flood,9,402.0,8,88.89,2349839.0,9,100.0,711000000.0,7,77.78,1292742000.0,7,77.78
CHN,China,2001,Infestation,1,,0,0.0,,0,0.0,,0,0.0,,0,0.0
CHN,China,2001,Mass movement (wet),6,168.0,6,100.0,21633.0,4,66.67,60000000.0,1,16.67,109092000.0,1,16.67
CHN,China,2001,Storm,10,344.0,8,80.0,21165838.0,8,80.0,3587000000.0,7,70.0,6521890000.0,7,70.0
CHN,China,2002,Drought,3,,0,0.0,64560000.0,3,100.0,1210000000.0,1,33.33,2165676000.0,1,33.33
CHN,China,2002,Earthquake,2,2.0,1,50.0,65878.0,2,100.0,,0,0.0,,0,0.0
CHN,China,2002,Epidemic,2,20.0,1,50.0,1674.0,2,100.0,,0,0.0,,0,0.0
CHN,China,2002,Extreme temperature,1,7.0,1,100.0,3500.0,1,100.0,,0,0.0,,0,0.0
CHN,China,2002,Flood,10,1246.0,7,70.0,113255696.0,10,100.0,4728800000.0,7,70.0,8463678000.0,7,70.0
CHN,China,2002,Mass movement (wet),4,63.0,4,100.0,11.0,1,25.0,,0,0.0,,0,0.0
CHN,China,2002,Storm,6,108.0,5,83.33,107403094.0,6,100.0,218000000.0,3,50.0,390180000.0,3,50.0
CHN,China,2003,Drought,2,,0,0.0,51000000.0,2,100.0,,0,0.0,,0,0.0
CHN,China,2003,Earthquake,11,317.0,9,81.82,3146942.0,11,100.0,500933000.0,6,54.55,876675000.0,6,54.55
CHN,China,2003,Flood,6,662.0,6,100.0,155924986.0,5,83.33,15329640000.0,5,83.33,26828195000.0,5,83.33
CHN,China,2003,Mass movement (wet),2,52.0,2,100.0,,0,0.0,,0,0.0,,0,0.0
CHN,China,2003,Storm,6,61.0,4,66.67,9487207.0,6,100.0,554838000.0,4,66.67,971015000.0,4,66.67
CHN,China,2003,Wildfire,1,,0,0.0,300.0,1,100.0,,0,0.0,,0,0.0
CHN,China,2004,Earthquake,5,4.0,1,20.0,436930.0,5,100.0,124000000.0,2,40.0,211353000.0,2,40.0
CHN,China,2004,Extreme temperature,1,39.0,1,100.0,,0,0.0,,0,0.0,,0,0.0
CHN,China,2004,Flood,9,450.0,8,88.89,42720339.0,6,66.67,1985500000.0,4,44.44,3384194000.0,4,44.44
CHN,China,2004,Mass movement (dry),1,44.0,1,100.0,353.0,1,100.0,,0,0.0,,0,0.0
CHN,China,2004,Mass movement (wet),1,21.0,1,100.0,100.0,1,100.0,,0,0.0,,0,0.0
CHN,China,2004,Storm,7,249.0,5,71.43,9791865.0,7,100.0,2217980000.0,6,85.71,3780446000.0,6,85.71
CHN,China,2005,Drought,2,,0,0.0,7774000.0,2,100.0,,0,0.0,,0,0.0
CHN,China,2005,Earthquake,2,16.0,1,50.0,634009.0,2,100.0,,0,0.0,,0,0.0
CHN,China,2005,Epidemic,1,38.0,1,100.0,168.0,1,100.0,,0,0.0,,0,0.0
CHN,China,2005,Extreme temperature,1,,0,0.0,200.0,1,100.0,,0,0.0,,0,0.0
CHN,China,2005,Flood,11,578.0,11,100.0,34752066.0,11,100.0,4660860000.0,10,90.91,7683538000.0,10,90.91
CHN,China,2005,Storm,14,426.0,13,92.86,40782831.0,14,100.0,7161915000.0,10,71.43,11806588000.0,10,71.43
CHN,China,2006,Drought,1,134.0,1,100.0,18000000.0,1,100.0,2910000000.0,1,100.0,4647286000.0,1,100.0
CHN,China,2006,Earthquake,6,23.0,2,33.33,411548.0,6,100.0,7191000.0,2,33.33,11484000.0,2,33.33
CHN,China,2006,Flood,20,430.0,19,95.0,14990065.0,18,90.0,1687500000.0,9,45.0,2694947000.0,9,45.0
CHN,China,2006,Mass movement (dry),1,11.0,1,100.0,5.0,1,100.0,,0,0.0,,0,0.0
CHN,China,2006,Mass movement (wet),1,11.0,1,100.0,,0,0.0,,0,0.0,,0,0.0
CHN,China,2006,Storm,8,1500.0,7,87.5,55337820.0,8,100.0,7859000000.0,6,75.0,12550867000.0,6,75.0
CHN,China,2007,Earthquake,1,3.0,1,100.0,329.0,1,100.0,342000000.0,1,100.0,531027000.0,1,100.0
CHN,China,2007,Flood,10,1010.0,9,90.0,111093292.0,10,100.0,4997155000.0,8,80.0,7759139000.0,8,80.0
CHN,China,2007,Mass movement (wet),1,33.0,1,100.0,1.0,1,100.0,,0,0.0,,0,0.0
CHN,China,2007,Storm,6,95.0,5,83.33,9005154.0,4,66.67,2639543000.0,5,83.33,4098449000.0,5,83.33
CHN,China,2008,Drought,1,,0,0.0,3700000.0,1,100.0,234000000.0,1,100.0,349901000.0,1,100.0
CHN,China,2008,Earthquake,7,87564.0,6,85.71,47369797.0,7,100.0,85492000000.0,2,28.57,127836642000.0,2,28.57
CHN,China,2008,Extreme temperature,2,145.0,2,100.0,77000000.0,1,50.0,21100000000.0,1,50.0,31550942000.0,1,50.0
CHN,China,2008,Flood,7,352.0,7,100.0,7189166.0,7,100.0,2392000000.0,5,71.43,3576771000.0,5,71.43
CHN,China,2008,Mass movement (wet),4,323.0,4,100.0,35.0,1,25.0,,0,0.0,,0,0.0
CHN,China,2008,Storm,9,66.0,6,66.67,1649106.0,6,66.67,2015000000.0,8,88.89,3013040000.0,8,88.89
CHN,China,2009,Drought,2,,0,0.0,60160000.0,2,100.0,3600000000.0,1,50.0,5402307000.0,1,50.0
CHN,China,2009,Earthquake,2,1.0,1,50.0,69885.0,2,100.0,318100000.0,2,100.0,477354000.0,2,100.0
CHN,China,2009,Flood,7,209.0,7,100.0,45226038.0,5,71.43,1373000000.0,4,57.14,2060380000.0,4,57.14
CHN,China,2009,Mass movement (wet),5,203.0,5,100.0,10022.0,2,40.0,139000000.0,1,20.0,208589000.0,1,20.0
CHN,China,2009,Storm,10,169.0,9,90.0,23296806.0,8,80.0,3601452000.0,9,90.0,5404484000.0,9,90.0
CHN,China,2010,Drought,1,,0,0.0,35000000.0,1,100.0,2370000000.0,1,100.0,3499131000.0,1,100.0
CHN,China,2010,Earthquake,4,2969.0,2,50.0,177540.0,4,100.0,504400000.0,2,50.0,744709000.0,2,50.0
CHN,China,2010,Flood,5,1911.0,5,100.0,140194136.0,4,80.0,18171000000.0,2,40.0,26828151000.0,2,40.0
CHN,China,2010,Mass movement (wet),8,2137.0,8,100.0,2147835.0,4,50.0,759000000.0,1,12.5,1120608000.0,1,12.5
CHN,China,2010,Storm,6,139.0,5,83.33,3137290.0,4,66.67,871036000.0,5,83.33,1286020000.0,5,83.33
CHN,China,2010,Wildfire,1,22.0,1,100.0,3.0,1,100.0,,0,0.0,,0,0.0
CHN,China,2011,Earthquake,7,32.0,2,28.57,229459.0,7,100.0,346400000.0,2,28.57,495783000.0,2,28.57
CHN,China,2011,Extreme temperature,1,2.0,1,100.0,4033472.0,1,100.0,281000000.0,1,100.0,402180000.0,1,100.0
CHN,China,2011,Flood,5,628.0,5,100.0,93360000.0,5,100.0,10704130000.0,3,60.0,15320227000.0,3,60.0
CHN,China,2011,Mass movement (wet),2,40.0,2,100.0,2.0,1,50.0,,0,0.0,,0,0.0
CHN,China,2011,Storm,5,44.0,3,60.0,26649950.0,3,60.0,716585000.0,3,60.0,1025609000.0,3,60.0
CHN,China,2012,Earthquake,6,86.0,3,50.0,978858.0,6,100.0,1548000000.0,5,83.33,2170648000.0,5,83.33
CHN,China,2012,Extreme temperature,1,,0,0.0,50650.0,1,100.0,20200000.0,1,100.0,28325000.0,1,100.0
CHN,China,2012,Flood,12,622.0,10,83.33,32992000.0,10,83.33,14970333000.0,10,83.33,20991818000.0,10,83.33
CHN,China,2012,Mass movement (wet),1,19.0,1,100.0,,0,0.0,,0,0.0,,0,0.0
CHN,China,2012,Storm,8,75.0,7,87.5,10541177.0,8,100.0,3216000000.0,8,100.0,4509565000.0,8,100.0
CHN,China,2013,Drought,1,,0,0.0,5000000.0,1,100.0,,0,0.0,,0,0.0
CHN,China,2013,Earthquake,8,296.0,3,37.5,3519817.0,8,100.0,8055300000.0,6,75.0,11132295000.0,6,75.0
CHN,China,2013,Extreme temperature,1,40.0,1,100.0,,0,0.0,,0,0.0,,0,0.0
CHN,China,2013,Flood,14,637.0,13,92.86,7684030.0,14,100.0,16598600000.0,14,100.0,22939001000.0,14,100.0
CHN,China,2013,Mass movement (dry),1,46.0,1,100.0,2.0,1,100.0,8000000.0,1,100.0,11056000.0,1,100.0
CHN,China,2013,Mass movement (wet),3,111.0,3,100.0,2.0,1,33.33,,0,0.0,,0,0.0
CHN,China,2013,Storm,15,265.0,13,86.67,11345574.0,14,93.33,10787000000.0,12,80.0,14907463000.0,12,80.0
CHN,China,2014,Drought,2,,0,0.0,27726000.0,2,100.0,3680000000.0,2,100.0,5004516000.0,2,100.0
CHN,China,2014,Earthquake,8,738.0,4,50.0,2394973.0,8,100.0,5640000000.0,7,87.5,7669966000.0,7,87.5
CHN,China,2014,Flood,13,473.0,13,100.0,23581500.0,12,92.31,9667000000.0,12,92.31,13146375000.0,12,92.31
CHN,China,2014,Mass movement (wet),2,35.0,2,100.0,407.0,1,50.0,,0,0.0,,0,0.0
CHN,China,2014,Storm,16,329.0,13,81.25,11209694.0,13,81.25,10069973000.0,14,87.5,13694388000.0,14,87.5
CHN,China,2015,Drought,1,,0,0.0,,0,0.0,2464000000.0,1,100.0,3346880000.0,1,100.0
CHN,China,2015,Earthquake,5,34.0,3,60.0,221603.0,4,80.0,32850000.0,3,60.0,44621000.0,3,60.0
CHN,China,2015,Flood,12,310.0,12,100.0,1374371.0,12,100.0,6992000000.0,11,91.67,9497315000.0,11,91.67
CHN,China,2015,Mass movement (wet),1,38.0,1,100.0,300.0,1,100.0,,0,0.0,,0,0.0
CHN,China,2015,Storm,17,119.0,11,64.71,2189485.0,16,94.12,8983690000.0,16,94.12,12202650000.0,16,94.12
CHN,China,2016,Drought,1,,0,0.0,10000000.0,1,100.0,3000000000.0,1,100.0,4024166000.0,1,100.0
CHN,China,2016,Earthquake,3,3.0,2,66.67,51320.0,3,100.0,200500000.0,3,100.0,268948000.0,3,100.0
CHN,China,2016,Extreme temperature,1,5.0,1,100.0,,0,0.0,1600000000.0,1,100.0,2146222000.0,1,100.0
CHN,China,2016,Flood,12,816.0,12,100.0,61308000.0,11,91.67,31793000000.0,12,100.0,42646773000.0,12,100.0
CHN,China,2016,Mass movement (wet),3,123.0,3,100.0,237607.0,2,66.67,700000000.0,1,33.33,938972000.0,1,33.33
CHN,China,2016,Storm,13,340.0,6,46.15,604695.0,12,92.31,7624160000.0,11,84.62,10226963000.0,11,84.62
CHN,China,2017,Drought,1,,0,0.0,2000000.0,1,100.0,122000000.0,1,100.0,160236000.0,1,100.0
CHN,China,2017,Earthquake,4,37.0,2,50.0,251457.0,4,100.0,654000000.0,3,75.0,858972000.0,3,75.0
CHN,China,2017,Flood,12,231.0,12,100.0,12333608.0,11,91.67,8446000000.0,12,100.0,11093074000.0,12,100.0
CHN,China,2017,Mass movement (wet),4,155.0,4,100.0,1162.0,3,75.0,2300000.0,1,25.0,3021000.0,1,25.0
CHN,China,2017,Storm,9,91.0,6,66.67,307206.0,9,100.0,7381600000.0,9,100.0,9695077000.0,9,100.0
CHN,China,2018,Earthquake,2,,0,0.0,30024.0,2,100.0,79000000.0,2,100.0,101286000.0,2,100.0
CHN,China,2018,Flood,8,244.0,8,100.0,3698400.0,8,100.0,4569972000.0,7,87.5,5859143000.0,7,87.5
CHN,China,2018,Storm,12,110.0,8,66.67,4609700.0,10,83.33,10675200000.0,12,100.0,13686633000.0,12,100.0
CHN,China,2019,Earthquake,3,16.0,3,100.0,292574.0,3,100.0,1302000000.0,2,66.67,1639576000.0,2,66.67
CHN,China,2019,Flood,6,355.0,5,83.33,4887261.0,4,66.67,6605000000.0,3,50.0,8317511000.0,3,50.0
CHN,China,2019,Mass movement (wet),2,89.0,2,100.0,6646.0,2,100.0,200000000.0,1,50.0,251855000.0,1,50.0
CHN,China,2019,Storm,4,81.0,3,75.0,153120.0,2,50.0,10539000000.0,4,100.0,13271497000.0,4,100.0
CHN,China,2019,Wildfire,1,30.0,1,100.0,,0,0.0,,0,0.0,,0,0.0
CHN,China,2020,Earthquake,1,4.0,1,100.0,3324.0,1,100.0,17000000.0,1,100.0,21147000.0,1,100.0
CHN,China,2020,Flood,5,410.0,5,100.0,14274120.0,4,80.0,21800000000.0,2,40.0,27117671000.0,2,40.0
CHN,China,2020,Mass movement (wet),1,4.0,1,100.0,20000.0,1,100.0,,0,0.0,,0,0.0
CHN,China,2020,Storm,4,26.0,2,50.0,627335.0,3,75.0,1275000000.0,3,75.0,1586011000.0,3,75.0
CHN,China,2020,Wildfire,1,19.0,1,100.0,1200.0,1,100.0,,0,0.0,,0,0.0
CHN,China,2021,Drought,1,,0,0.0,,0,0.0,3100000000.0,1,100.0,3683154000.0,1,100.0
CHN,China,2021,Earthquake,5,9.0,3,60.0,90840.0,5,100.0,962000000.0,4,80.0,1142966000.0,4,80.0
CHN,China,2021,Flood,4,391.0,3,75.0,17626100.0,4,100.0,18461000000.0,3,75.0,21933779000.0,3,75.0
CHN,China,2021,Storm,7,55.0,6,85.71,172034.0,6,85.71,3033500000.0,4,57.14,3604145000.0,4,57.14
CHN,China,2022,Drought,1,,0,0.0,6100000.0,1,100.0,7600000000.0,1,100.0,8360588000.0,1,100.0
CHN,China,2022,Earthquake,5,122.0,2,40.0,200254.0,5,100.0,2937000000.0,4,80.0,3230927000.0,4,80.0
CHN,China,2022,Flood,4,124.0,3,75.0,9200.0,2,50.0,5000000000.0,1,25.0,5500387000.0,1,25.0
CHN,China,2022,Mass movement (wet),1,13.0,1,100.0,3.0,1,100.0,,0,0.0,,0,0.0
CHN,China,2022,Storm,1,24.0,1,100.0,,0,0.0,463000000.0,1,100.0,509336000.0,1,100.0
CHN,China,2023,Drought,1,,0,0.0,,0,0.0,2700000000.0,1,100.0,2852777000.0,1,100.0
CHN,China,2023,Earthquake,3,151.0,1,33.33,609789.0,3,100.0,1065000000.0,3,100.0,1125262000.0,3,100.0
CHN,China,2023,Flood,7,138.0,5,71.43,1373000.0,4,57.14,95000000.0,1,14.29,100375000.0,1,14.29
CHN,China,2023,Mass movement (wet),2,35.0,2,100.0,958.0,2,100.0,,0,0.0,,0,0.0
CHN,China,2023,Storm,4,62.0,3,75.0,880908.0,3,75.0,25690000000.0,2,50.0,27143645000.0,2,50.0
CHN,China,2024,Drought,1,,0,0.0,,0,0.0,970000000.0,1,100.0,995523000.0,1,100.0
CHN,China,2024,Earthquake,1,6.0,1,100.0,12572.0,1,100.0,430000000.0,1,100.0,441315000.0,1,100.0
CHN,China,2024,Flood,6,245.0,6,100.0,176045.0,5,83.33,13650000000.0,2,33.33,14009170000.0,2,33.33
CHN,China,2024,Mass movement (wet),3,107.0,3,100.0,536.0,3,100.0,,0,0.0,,0,0.0
CHN,China,2024,Storm,7,153.0,6,85.71,9634.0,3,42.86,4222200000.0,3,42.86,4333298000.0,3,42.86
CHN,China,2024,Wildfire,1,4.0,1,100.0,4900.0,1,100.0,,0,0.0,,0,0.0
CHN,China,2025,Earthquake,3,126.0,1,33.33,62525.0,3,100.0,1250000000.0,1,33.33,1250000000.0,1,33.33
CHN,China,2025,Flood,3,157.0,3,100.0,300181.0,2,66.67,5800000000.0,1,33.33,5800000000.0,1,33.33
CHN,China,2025,Glacial lake outburst flood,1,20.0,1,100.0,,0,0.0,,0,0.0,,0,0.0
CHN,China,2025,Mass movement (wet),3,60.0,3,100.0,3.0,1,33.33,,0,0.0,,0,0.0
CHN,China,2025,Storm,5,12.0,1,20.0,100507.0,3,60.0,,0,0.0,,0,0.0
CHN,China,2026,Flood,2,604.0,2,100.0,61500.0,1,50.0,900000000.0,1,50.0,,0,0.0
CHN,China,2026,Mass movement (dry),1,61.0,1,100.0,10.0,1,100.0,,0,0.0,,0,0.0
CHN,China,2026,Mass movement (wet),1,21.0,1,100.0,,0,0.0,,0,0.0,,0,0.0
CHN,China,2026,Storm,1,,0,0.0,,0,0.0,,0,0.0,,0,0.0
CIV,Côte d’Ivoire,2001,Epidemic,2,196.0,2,100.0,3180.0,2,100.0,,0,0.0,,0,0.0
CIV,Côte d’Ivoire,2002,Epidemic,3,77.0,3,100.0,861.0,3,100.0,,0,0.0,,0,0.0
CIV,Côte d’Ivoire,2005,Epidemic,1,40.0,1,100.0,210.0,1,100.0,,0,0.0,,0,0.0
CIV,Côte d’Ivoire,2006,Epidemic,2,42.0,2,100.0,451.0,2,100.0,,0,0.0,,0,0.0
CIV,Côte d’Ivoire,2007,Epidemic,1,30.0,1,100.0,150.0,1,100.0,,0,0.0,,0,0.0
CIV,Côte d’Ivoire,2007,Flood,1,,0,0.0,2000.0,1,100.0,,0,0.0,,0,0.0
CIV,Côte d’Ivoire,2008,Epidemic,1,44.0,1,100.0,,0,0.0,,0,0.0,,0,0.0
CIV,Côte d’Ivoire,2008,Flood,1,6.0,1,100.0,450.0,1,100.0,,0,0.0,,0,0.0
CIV,Côte d’Ivoire,2009,Mass movement (wet),1,27.0,1,100.0,10006.0,1,100.0,,0,0.0,,0,0.0
CIV,Côte d’Ivoire,2010,Flood,2,18.0,2,100.0,6425.0,1,50.0,,0,0.0,,0,0.0
CIV,Côte d’Ivoire,2014,Flood,2,46.0,2,100.0,,0,0.0,,0,0.0,,0,0.0
CIV,Côte d’Ivoire,2015,Flood,1,16.0,1,100.0,,0,0.0,,0,0.0,,0,0.0
CIV,Côte d’Ivoire,2016,Flood,1,20.0,1,100.0,,0,0.0,,0,0.0,,0,0.0
CIV,Côte d’Ivoire,2017,Epidemic,1,2.0,1,100.0,621.0,1,100.0,,0,0.0,,0,0.0
CIV,Côte d’Ivoire,2017,Flood,1,15.0,1,100.0,225.0,1,100.0,,0,0.0,,0,0.0
CIV,Côte d’Ivoire,2018,Flood,1,20.0,1,100.0,25000.0,1,100.0,,0,0.0,,0,0.0
CIV,Côte d’Ivoire,2019,Flood,1,12.0,1,100.0,14646.0,1,100.0,,0,0.0,,0,0.0
CIV,Côte d’Ivoire,2020,Flood,1,24.0,1,100.0,18657.0,1,100.0,,0,0.0,,0,0.0
CIV,Côte d’Ivoire,2022,Flood,1,13.0,1,100.0,11592.0,1,100.0,,0,0.0,,0,0.0
CIV,Côte d’Ivoire,2024,Flood,1,26.0,1,100.0,227.0,1,100.0,,0,0.0,,0,0.0
CIV,Côte d’Ivoire,2025,Mass movement (wet),1,12.0,1,100.0,7.0,1,100.0,,0,0.0,,0,0.0
CIV,Côte d’Ivoire,2026,Flood,1,59.0,1,100.0,3648.0,1,100.0,,0,0.0,,0,0.0
CMR,Cameroon,2000,Epidemic,1,22.0,1,100.0,65.0,1,100.0,,0,0.0,,0,0.0
CMR,Cameroon,2000,Flood,1,3.0,1,100.0,500.0,1,100.0,,0,0.0,,0,0.0
CMR,Cameroon,2001,Drought,1,,0,0.0,,0,0.0,,0,0.0,,0,0.0
CMR,Cameroon,2001,Epidemic,2,31.0,2,100.0,542.0,2,100.0,,0,0.0,,0,0.0
CMR,Cameroon,2001,Flood,1,30.0,1,100.0,1500.0,1,100.0,,0,0.0,,0,0.0
CMR,Cameroon,2003,Mass movement (wet),1,20.0,1,100.0,100.0,1,100.0,,0,0.0,,0,0.0
CMR,Cameroon,2004,Epidemic,1,46.0,1,100.0,2924.0,1,100.0,,0,0.0,,0,0.0
CMR,Cameroon,2005,Epidemic,1,42.0,1,100.0,1400.0,1,100.0,,0,0.0,,0,0.0
CMR,Cameroon,2005,Flood,1,2.0,1,100.0,,0,0.0,,0,0.0,,0,0.0
CMR,Cameroon,2007,Flood,1,8.0,1,100.0,10296.0,1,100.0,,0,0.0,,0,0.0
CMR,Cameroon,2008,Flood,1,9.0,1,100.0,25000.0,1,100.0,,0,0.0,,0,0.0
CMR,Cameroon,2009,Epidemic,1,109.0,1,100.0,1456.0,1,100.0,,0,0.0,,0,0.0
CMR,Cameroon,2010,Epidemic,1,515.0,1,100.0,7869.0,1,100.0,,0,0.0,,0,0.0
CMR,Cameroon,2010,Flood,1,13.0,1,100.0,3095.0,1,100.0,,0,0.0,,0,0.0
CMR,Cameroon,2011,Epidemic,1,639.0,1,100.0,16706.0,1,100.0,,0,0.0,,0,0.0
CMR,Cameroon,2012,Drought,1,,0,0.0,12000.0,1,100.0,,0,0.0,,0,0.0
CMR,Cameroon,2012,Flood,2,25.0,2,100.0,51980.0,2,100.0,2000000.0,1,50.0,2804000.0,1,50.0
CMR,Cameroon,2013,Flood,1,,0,0.0,805.0,1,100.0,,0,0.0,,0,0.0
CMR,Cameroon,2014,Epidemic,2,111.0,2,100.0,2056.0,2,100.0,,0,0.0,,0,0.0
CMR,Cameroon,2014,Flood,1,,0,0.0,250000.0,1,100.0,,0,0.0,,0,0.0
CMR,Cameroon,2015,Epidemic,1,,0,0.0,858.0,1,100.0,,0,0.0,,0,0.0
CMR,Cameroon,2015,Flood,1,4.0,1,100.0,30000.0,1,100.0,,0,0.0,,0,0.0
CMR,Cameroon,2017,Flood,1,3.0,1,100.0,12890.0,1,100.0,,0,0.0,,0,0.0
CMR,Cameroon,2018,Epidemic,1,57.0,1,100.0,942.0,1,100.0,,0,0.0,,0,0.0
CMR,Cameroon,2019,Mass movement (wet),1,54.0,1,100.0,,0,0.0,,0,0.0,,0,0.0
CMR,Cameroon,2020,Flood,1,,0,0.0,26402.0,1,100.0,,0,0.0,,0,0.0
CMR,Cameroon,2022,Drought,1,,0,0.0,2389127.0,1,100.0,,0,0.0,,0,0.0
CMR,Cameroon,2022,Epidemic,1,295.0,1,100.0,13730.0,1,100.0,,0,0.0,,0,0.0
CMR,Cameroon,2022,Flood,1,2.0,1,100.0,153095.0,1,100.0,15000000.0,1,100.0,16501000.0,1,100.0
CMR,Cameroon,2022,Mass movement (wet),2,19.0,2,100.0,250.0,1,50.0,,0,0.0,,0,0.0
CMR,Cameroon,2023,Flood,1,2.0,1,100.0,93260.0,1,100.0,,0,0.0,,0,0.0
CMR,Cameroon,2023,Mass movement (wet),1,27.0,1,100.0,2000.0,1,100.0,,0,0.0,,0,0.0
CMR,Cameroon,2024,Flood,1,38.0,1,100.0,500008.0,1,100.0,,0,0.0,,0,0.0
CMR,Cameroon,2024,Mass movement (wet),1,12.0,1,100.0,,0,0.0,,0,0.0,,0,0.0
CMR,Cameroon,2026,Wildfire,1,1.0,1,100.0,23199.0,1,100.0,,0,0.0,,0,0.0
COD,Democratic Republic of the Congo,2000,Epidemic,2,26.0,2,100.0,63.0,2,100.0,,0,0.0,,0,0.0
COD,Democratic Republic of the Congo,2001,Epidemic,8,838.0,8,100.0,11094.0,8,100.0,,0,0.0,,0,0.0
COD,Democratic Republic of the Congo,2001,Flood,2,50.0,1,50.0,13026.0,2,100.0,,0,0.0,,0,0.0
COD,Democratic Republic of the Congo,2001,Mass movement (wet),1,12.0,1,100.0,,0,0.0,,0,0.0,,0,0.0
COD,Democratic Republic of the Congo,2002,Epidemic,9,2502.0,8,88.89,539375.0,9,100.0,,0,0.0,,0,0.0
COD,Democratic Republic of the Congo,2002,Flood,1,40.0,1,100.0,2540.0,1,100.0,,0,0.0,,0,0.0
COD,Democratic Republic of the Congo,2002,Volcanic activity,1,200.0,1,100.0,110400.0,1,100.0,9000000.0,1,100.0,16108000.0,1,100.0
COD,Democratic Republic of the Congo,2003,Epidemic,3,786.0,3,100.0,20401.0,3,100.0,,0,0.0,,0,0.0
COD,Democratic Republic of the Congo,2003,Flood,2,1.0,1,50.0,1481.0,2,100.0,,0,0.0,,0,0.0
COD,Democratic Republic of the Congo,2003,Storm,2,28.0,2,100.0,22573.0,2,100.0,,0,0.0,,0,0.0
COD,Democratic Republic of the Congo,2004,Epidemic,5,706.0,5,100.0,46220.0,4,80.0,,0,0.0,,0,0.0
COD,Democratic Republic of the Congo,2005,Earthquake,1,6.0,1,100.0,1505.0,1,100.0,,0,0.0,,0,0.0
COD,Democratic Republic of the Congo,2005,Epidemic,3,101.0,3,100.0,4872.0,3,100.0,,0,0.0,,0,0.0
COD,Democratic Republic of the Congo,2005,Storm,1,8.0,1,100.0,5389.0,1,100.0,,0,0.0,,0,0.0
COD,Democratic Republic of the Congo,2006,Epidemic,7,151.0,7,100.0,2986.0,7,100.0,,0,0.0,,0,0.0
COD,Democratic Republic of the Congo,2006,Flood,3,1.0,1,33.33,12970.0,3,100.0,,0,0.0,,0,0.0
COD,Democratic Republic of the Congo,2006,Storm,1,3.0,1,100.0,75066.0,1,100.0,,0,0.0,,0,0.0
COD,Democratic Republic of the Congo,2007,Epidemic,2,172.0,2,100.0,419.0,2,100.0,,0,0.0,,0,0.0
COD,Democratic Republic of the Congo,2007,Flood,1,32.0,1,100.0,1600.0,1,100.0,,0,0.0,,0,0.0
COD,Democratic Republic of the Congo,2008,Earthquake,1,11.0,1,100.0,17355.0,1,100.0,7000000.0,1,100.0,10467000.0,1,100.0
COD,Democratic Republic of the Congo,2008,Flood,1,15.0,1,100.0,502.0,1,100.0,,0,0.0,,0,0.0
COD,Democratic Republic of the Congo,2008,Storm,1,10.0,1,100.0,8.0,1,100.0,,0,0.0,,0,0.0
COD,Democratic Republic of the Congo,2009,Epidemic,4,210.0,4,100.0,16123.0,4,100.0,,0,0.0,,0,0.0
COD,Democratic Republic of the Congo,2009,Flood,1,,0,0.0,5000.0,1,100.0,,0,0.0,,0,0.0
COD,Democratic Republic of the Congo,2009,Wildfire,1,,0,0.0,125.0,1,100.0,,0,0.0,,0,0.0
COD,Democratic Republic of the Congo,2010,Epidemic,2,56.0,2,100.0,4342.0,2,100.0,,0,0.0,,0,0.0
COD,Democratic Republic of the Congo,2010,Flood,2,,0,0.0,70500.0,2,100.0,,0,0.0,,0,0.0
COD,Democratic Republic of the Congo,2010,Mass movement (wet),1,46.0,1,100.0,1167.0,1,100.0,,0,0.0,,0,0.0
COD,Democratic Republic of the Congo,2010,Wildfire,1,8.0,1,100.0,2770.0,1,100.0,,0,0.0,,0,0.0
COD,Democratic Republic of the Congo,2011,Epidemic,2,636.0,2,100.0,28757.0,2,100.0,,0,0.0,,0,0.0
COD,Democratic Republic of the Congo,2011,Flood,2,,0,0.0,8000.0,2,100.0,,0,0.0,,0,0.0
COD,Democratic Republic of the Congo,2012,Epidemic,4,608.0,4,100.0,23626.0,4,100.0,,0,0.0,,0,0.0
COD,Democratic Republic of the Congo,2012,Flood,1,1.0,1,100.0,4535.0,1,100.0,,0,0.0,,0,0.0
COD,Democratic Republic of the Congo,2014,Epidemic,1,49.0,1,100.0,17.0,1,100.0,,0,0.0,,0,0.0
COD,Democratic Republic of the Congo,2014,Flood,1,154.0,1,100.0,4750.0,1,100.0,15000000.0,1,100.0,20399000.0,1,100.0
COD,Democratic Republic of the Congo,2014,Mass movement (wet),1,11.0,1,100.0,,0,0.0,,0,0.0,,0,0.0
COD,Democratic Republic of the Congo,2015,Earthquake,1,3.0,1,100.0,390.0,1,100.0,,0,0.0,,0,0.0
COD,Democratic Republic of the Congo,2015,Flood,3,49.0,2,66.67,190560.0,2,66.67,,0,0.0,,0,0.0
COD,Democratic Republic of the Congo,2015,Wildfire,1,3.0,1,100.0,57003.0,1,100.0,,0,0.0,,0,0.0
COD,Democratic Republic of the Congo,2016,Epidemic,2,55.0,1,50.0,2638.0,2,100.0,,0,0.0,,0,0.0
COD,Democratic Republic of the Congo,2016,Flood,2,50.0,1,50.0,12635.0,2,100.0,,0,0.0,,0,0.0
COD,Democratic Republic of the Congo,2017,Epidemic,1,43.0,1,100.0,1022.0,1,100.0,,0,0.0,,0,0.0
COD,Democratic Republic of the Congo,2017,Flood,1,105.0,1,100.0,500.0,1,100.0,,0,0.0,,0,0.0
COD,Democratic Republic of the Congo,2017,Mass movement (wet),1,174.0,1,100.0,10.0,1,100.0,,0,0.0,,0,0.0
COD,Democratic Republic of the Congo,2018,Epidemic,2,2320.0,2,100.0,3480.0,2,100.0,,0,0.0,,0,0.0
COD,Democratic Republic of the Congo,2018,Flood,1,51.0,1,100.0,15760.0,1,100.0,,0,0.0,,0,0.0
COD,Democratic Republic of the Congo,2019,Epidemic,2,4139.0,2,100.0,210837.0,2,100.0,,0,0.0,,0,0.0
COD,Democratic Republic of the Congo,2019,Flood,1,43.0,1,100.0,399894.0,1,100.0,,0,0.0,,0,0.0
COD,Democratic Republic of the Congo,2019,Mass movement (wet),2,37.0,2,100.0,450.0,1,50.0,,0,0.0,,0,0.0
COD,Democratic Republic of the Congo,2020,Epidemic,1,55.0,1,100.0,,0,0.0,,0,0.0,,0,0.0
COD,Democratic Republic of the Congo,2020,Flood,6,83.0,3,50.0,231506.0,6,100.0,,0,0.0,,0,0.0
COD,Democratic Republic of the Congo,2021,Epidemic,1,205.0,1,100.0,2662.0,1,100.0,,0,0.0,,0,0.0
COD,Democratic Republic of the Congo,2021,Volcanic activity,1,32.0,1,100.0,288404.0,1,100.0,,0,0.0,,0,0.0
COD,Democratic Republic of the Congo,2022,Drought,1,,0,0.0,25972806.0,1,100.0,,0,0.0,,0,0.0
COD,Democratic Republic of the Congo,2022,Epidemic,2,13.0,2,100.0,748.0,2,100.0,,0,0.0,,0,0.0
COD,Democratic Republic of the Congo,2022,Flood,4,223.0,4,100.0,260711.0,2,50.0,,0,0.0,,0,0.0
COD,Democratic Republic of the Congo,2023,Epidemic,1,,0,0.0,13881.0,1,100.0,,0,0.0,,0,0.0
COD,Democratic Republic of the Congo,2023,Flood,3,2874.0,3,100.0,53845.0,3,100.0,10000000.0,1,33.33,10566000.0,1,33.33
COD,Democratic Republic of the Congo,2023,Mass movement (wet),4,72.0,4,100.0,,0,0.0,,0,0.0,,0,0.0
COD,Democratic Republic of the Congo,2024,Flood,2,311.0,2,100.0,2479430.0,2,100.0,,0,0.0,,0,0.0
COD,Democratic Republic of the Congo,2024,Mass movement (wet),2,86.0,2,100.0,193.0,1,50.0,,0,0.0,,0,0.0
COD,Democratic Republic of the Congo,2024,Storm,1,2.0,1,100.0,527.0,1,100.0,,0,0.0,,0,0.0
COD,Democratic Republic of the Congo,2025,Epidemic,2,173.0,2,100.0,6372.0,2,100.0,,0,0.0,,0,0.0
COD,Democratic Republic of the Congo,2025,Flood,6,374.0,6,100.0,283464.0,6,100.0,,0,0.0,,0,0.0
COD,Democratic Republic of the Congo,2026,Flood,3,14.0,3,100.0,367097.0,3,100.0,,0,0.0,,0,0.0
COD,Democratic Republic of the Congo,2026,Mass movement (wet),2,213.0,2,100.0,74.0,2,100.0,,0,0.0,,0,0.0
COG,Congo,2000,Epidemic,1,24.0,1,100.0,,0,0.0,,0,0.0,,0,0.0
COG,Congo,2001,Epidemic,1,19.0,1,100.0,13.0,1,100.0,,0,0.0,,0,0.0
COG,Congo,2002,Epidemic,1,128.0,1,100.0,15.0,1,100.0,,0,0.0,,0,0.0
COG,Congo,2002,Flood,1,,0,0.0,53000.0,1,100.0,,0,0.0,,0,0.0
COG,Congo,2003,Epidemic,1,29.0,1,100.0,2.0,1,100.0,,0,0.0,,0,0.0
COG,Congo,2005,Epidemic,1,10.0,1,100.0,2.0,1,100.0,,0,0.0,,0,0.0
COG,Congo,2005,Flood,1,1.0,1,100.0,2000.0,1,100.0,,0,0.0,,0,0.0
COG,Congo,2006,Epidemic,1,50.0,1,100.0,3030.0,1,100.0,,0,0.0,,0,0.0
COG,Congo,2006,Flood,1,6.0,1,100.0,5000.0,1,100.0,,0,0.0,,0,0.0
COG,Congo,2007,Flood,1,,0,0.0,25000.0,1,100.0,,0,0.0,,0,0.0
COG,Congo,2008,Epidemic,2,26.0,2,100.0,630.0,2,100.0,,0,0.0,,0,0.0
COG,Congo,2010,Epidemic,1,219.0,1,100.0,524.0,1,100.0,,0,0.0,,0,0.0
COG,Congo,2011,Epidemic,3,65.0,2,66.67,10819.0,3,100.0,,0,0.0,,0,0.0
COG,Congo,2012,Flood,2,19.0,2,100.0,9614.0,2,100.0,,0,0.0,,0,0.0
COG,Congo,2013,Epidemic,1,16.0,1,100.0,1071.0,1,100.0,,0,0.0,,0,0.0
COG,Congo,2019,Epidemic,3,3819.0,2,66.67,208246.0,3,100.0,,0,0.0,,0,0.0
COG,Congo,2019,Flood,2,,0,0.0,253000.0,2,100.0,,0,0.0,,0,0.0
COG,Congo,2020,Flood,2,20.0,1,50.0,66000.0,1,50.0,,0,0.0,,0,0.0
COG,Congo,2021,Flood,1,24.0,1,100.0,46652.0,1,100.0,,0,0.0,,0,0.0
COG,Congo,2022,Flood,1,,0,0.0,164679.0,1,100.0,,0,0.0,,0,0.0
COG,Congo,2023,Epidemic,1,52.0,1,100.0,85992.0,1,100.0,,0,0.0,,0,0.0
COG,Congo,2023,Flood,1,23.0,1,100.0,1800000.0,1,100.0,,0,0.0,,0,0.0
COG,Congo,2025,Epidemic,1,91.0,1,100.0,76.0,1,100.0,,0,0.0,,0,0.0
COG,Congo,2025,Storm,1,,0,0.0,61555.0,1,100.0,,0,0.0,,0,0.0
COK,Cook Islands,2001,Storm,1,,0,0.0,744.0,1,100.0,52000.0,1,100.0,95000.0,1,100.0
COK,Cook Islands,2005,Storm,1,,0,0.0,608.0,1,100.0,,0,0.0,,0,0.0
COK,Cook Islands,2009,Epidemic,1,,0,0.0,1247.0,1,100.0,,0,0.0,,0,0.0
COK,Cook Islands,2010,Storm,1,,0,0.0,2202.0,1,100.0,,0,0.0,,0,0.0
COL,Colombia,2000,Earthquake,1,2.0,1,100.0,430.0,1,100.0,,0,0.0,,0,0.0
COL,Colombia,2000,Flood,3,113.0,3,100.0,79000.0,3,100.0,,0,0.0,,0,0.0
COL,Colombia,2001,Flood,2,,0,0.0,6000.0,2,100.0,,0,0.0,,0,0.0
COL,Colombia,2001,Mass movement (wet),2,94.0,2,100.0,32.0,1,50.0,,0,0.0,,0,0.0
COL,Colombia,2001,Storm,1,5.0,1,100.0,7700.0,1,100.0,,0,0.0,,0,0.0
COL,Colombia,2001,Wildfire,1,,0,0.0,,0,0.0,,0,0.0,,0,0.0
COL,Colombia,2002,Flood,4,65.0,2,50.0,124538.0,4,100.0,,0,0.0,,0,0.0
COL,Colombia,2002,Mass movement (wet),1,70.0,1,100.0,2000.0,1,100.0,,0,0.0,,0,0.0
COL,Colombia,2003,Flood,3,80.0,3,100.0,39752.0,2,66.67,,0,0.0,,0,0.0
COL,Colombia,2003,Mass movement (wet),1,35.0,1,100.0,779.0,1,100.0,,0,0.0,,0,0.0
COL,Colombia,2004,Earthquake,2,1.0,1,50.0,8538.0,2,100.0,,0,0.0,,0,0.0
COL,Colombia,2004,Flood,2,115.0,2,100.0,531482.0,2,100.0,,0,0.0,,0,0.0
COL,Colombia,2005,Flood,3,180.0,3,100.0,601866.0,3,100.0,10000000.0,1,33.33,16485000.0,1,33.33
COL,Colombia,2005,Storm,1,,0,0.0,3074.0,1,100.0,,0,0.0,,0,0.0
COL,Colombia,2005,Volcanic activity,1,,0,0.0,,0,0.0,,0,0.0,,0,0.0
COL,Colombia,2006,Flood,1,150.0,1,100.0,221465.0,1,100.0,,0,0.0,,0,0.0
COL,Colombia,2006,Volcanic activity,2,,0,0.0,17000.0,2,100.0,,0,0.0,,0,0.0
COL,Colombia,2007,Earthquake,1,,0,0.0,175.0,1,100.0,,0,0.0,,0,0.0
COL,Colombia,2007,Flood,4,218.0,4,100.0,2671487.0,4,100.0,,0,0.0,,0,0.0
COL,Colombia,2007,Volcanic activity,1,,0,0.0,3000.0,1,100.0,,0,0.0,,0,0.0
COL,Colombia,2008,Earthquake,1,11.0,1,100.0,1754.0,1,100.0,10000000.0,1,100.0,14953000.0,1,100.0
COL,Colombia,2008,Flood,2,87.0,2,100.0,1200091.0,1,50.0,,0,0.0,,0,0.0
COL,Colombia,2008,Mass movement (dry),1,12.0,1,100.0,,0,0.0,,0,0.0,,0,0.0
COL,Colombia,2008,Mass movement (wet),1,27.0,1,100.0,16.0,1,100.0,,0,0.0,,0,0.0
COL,Colombia,2008,Volcanic activity,3,16.0,1,33.33,22358.0,3,100.0,,0,0.0,,0,0.0
COL,Colombia,2009,Flood,1,23.0,1,100.0,31250.0,1,100.0,,0,0.0,,0,0.0
COL,Colombia,2009,Mass movement (wet),2,30.0,1,50.0,600.0,2,100.0,,0,0.0,,0,0.0
COL,Colombia,2010,Flood,3,418.0,1,33.33,2796560.0,3,100.0,1000000000.0,1,33.33,1476427000.0,1,33.33
COL,Colombia,2010,Mass movement (wet),2,175.0,2,100.0,,0,0.0,,0,0.0,,0,0.0
COL,Colombia,2010,Wildfire,1,31.0,1,100.0,200.0,1,100.0,,0,0.0,,0,0.0
COL,Colombia,2011,Flood,2,273.0,2,100.0,1487523.0,2,100.0,2320000000.0,2,100.0,3320487000.0,2,100.0
COL,Colombia,2011,Mass movement (wet),1,40.0,1,100.0,175.0,1,100.0,,0,0.0,,0,0.0
COL,Colombia,2012,Epidemic,1,,0,0.0,23235.0,1,100.0,,0,0.0,,0,0.0
COL,Colombia,2012,Flood,3,77.0,3,100.0,81518.0,3,100.0,102000000.0,2,66.67,143027000.0,2,66.67
COL,Colombia,2013,Earthquake,1,,0,0.0,10015.0,1,100.0,4000000.0,1,100.0,5528000.0,1,100.0
COL,Colombia,2013,Epidemic,1,91.0,1,100.0,1171.0,1,100.0,,0,0.0,,0,0.0
COL,Colombia,2013,Flood,1,7.0,1,100.0,51781.0,1,100.0,2000000.0,1,100.0,2764000.0,1,100.0
COL,Colombia,2014,Flood,4,77.0,2,50.0,72214.0,4,100.0,8000000.0,1,25.0,10879000.0,1,25.0
COL,Colombia,2014,Storm,1,11.0,1,100.0,18.0,1,100.0,,0,0.0,,0,0.0
COL,Colombia,2015,Drought,1,,0,0.0,,0,0.0,,0,0.0,,0,0.0
COL,Colombia,2015,Earthquake,1,,0,0.0,41236.0,1,100.0,,0,0.0,,0,0.0
COL,Colombia,2015,Flood,1,,0,0.0,8105.0,1,100.0,,0,0.0,,0,0.0
COL,Colombia,2015,Mass movement (wet),1,93.0,1,100.0,348.0,1,100.0,,0,0.0,,0,0.0
COL,Colombia,2015,Wildfire,1,11.0,1,100.0,119000.0,1,100.0,,0,0.0,,0,0.0
COL,Colombia,2016,Epidemic,1,,0,0.0,12.0,1,100.0,,0,0.0,,0,0.0
COL,Colombia,2016,Flood,2,10.0,2,100.0,2272.0,2,100.0,,0,0.0,,0,0.0
COL,Colombia,2017,Flood,4,35.0,3,75.0,30853.0,4,100.0,2000000.0,1,25.0,2627000.0,1,25.0
COL,Colombia,2017,Mass movement (wet),2,349.0,2,100.0,45872.0,2,100.0,102000000.0,2,100.0,133968000.0,2,100.0
COL,Colombia,2017,Storm,1,,0,0.0,,0,0.0,,0,0.0,,0,0.0
COL,Colombia,2018,Flood,2,26.0,2,100.0,60000.0,1,50.0,,0,0.0,,0,0.0
COL,Colombia,2019,Epidemic,1,169.0,1,100.0,79639.0,1,100.0,,0,0.0,,0,0.0
COL,Colombia,2019,Flood,5,52.0,3,60.0,39897.0,4,80.0,,0,0.0,,0,0.0
COL,Colombia,2019,Mass movement (wet),1,32.0,1,100.0,,0,0.0,,0,0.0,,0,0.0
COL,Colombia,2020,Flood,3,25.0,2,66.67,56617.0,3,100.0,35000000.0,2,66.67,43537000.0,2,66.67
COL,Colombia,2020,Mass movement (wet),1,18.0,1,100.0,12.0,1,100.0,,0,0.0,,0,0.0
COL,Colombia,2020,Storm,2,23.0,1,50.0,277800.0,2,100.0,125000000.0,2,100.0,155491000.0,2,100.0
COL,Colombia,2021,Flood,10,22.0,4,40.0,50457.0,10,100.0,,0,0.0,,0,0.0
COL,Colombia,2021,Mass movement (wet),1,20.0,1,100.0,10.0,1,100.0,,0,0.0,,0,0.0
COL,Colombia,2022,Flood,9,81.0,7,77.78,231810.0,8,88.89,11000000.0,1,11.11,12101000.0,1,11.11
COL,Colombia,2022,Mass movement (wet),4,75.0,3,75.0,32696.0,4,100.0,,0,0.0,,0,0.0
COL,Colombia,2022,Storm,1,,0,0.0,5002.0,1,100.0,,0,0.0,,0,0.0
COL,Colombia,2023,Flood,2,1.0,1,50.0,45588.0,2,100.0,,0,0.0,,0,0.0
COL,Colombia,2023,Mass movement (wet),2,29.0,1,50.0,806.0,2,100.0,,0,0.0,,0,0.0
COL,Colombia,2024,Drought,1,,0,0.0,1143043.0,1,100.0,,0,0.0,,0,0.0
COL,Colombia,2024,Mass movement (wet),1,34.0,1,100.0,19.0,1,100.0,,0,0.0,,0,0.0
COL,Colombia,2024,Storm,3,1.0,1,33.33,262059.0,2,66.67,150000000.0,1,33.33,153947000.0,1,33.33
COL,Colombia,2024,Volcanic activity,1,,0,0.0,335.0,1,100.0,,0,0.0,,0,0.0
COL,Colombia,2025,Earthquake,1,,0,0.0,1651.0,1,100.0,,0,0.0,,0,0.0
COL,Colombia,2025,Flood,1,130.0,1,100.0,407957.0,1,100.0,,0,0.0,,0,0.0
COL,Colombia,2025,Mass movement (wet),2,30.0,2,100.0,1715.0,2,100.0,,0,0.0,,0,0.0
COL,Colombia,2025,Storm,1,2.0,1,100.0,20000.0,1,100.0,,0,0.0,,0,0.0
COL,Colombia,2026,Earthquake,1,730.0,1,100.0,496236.0,1,100.0,9570000000.0,1,100.0,,0,0.0
COL,Colombia,2026,Flood,1,44.0,1,100.0,580003.0,1,100.0,2200000000.0,1,100.0,,0,0.0
COL,Colombia,2026,Storm,1,18.0,1,100.0,150000.0,1,100.0,,0,0.0,,0,0.0
COM,Comoros,2003,Storm,1,,0,0.0,300.0,1,100.0,,0,0.0,,0,0.0
COM,Comoros,2005,Epidemic,1,,0,0.0,1358.0,1,100.0,,0,0.0,,0,0.0
COM,Comoros,2005,Volcanic activity,2,1.0,1,50.0,284000.0,2,100.0,,0,0.0,,0,0.0
COM,Comoros,2006,Epidemic,1,,0,0.0,924.0,1,100.0,,0,0.0,,0,0.0
COM,Comoros,2006,Volcanic activity,1,,0,0.0,,0,0.0,,0,0.0,,0,0.0
COM,Comoros,2007,Epidemic,1,29.0,1,100.0,1490.0,1,100.0,,0,0.0,,0,0.0
COM,Comoros,2009,Flood,1,2.0,1,100.0,2500.0,1,100.0,,0,0.0,,0,0.0
COM,Comoros,2012,Flood,1,4.0,1,100.0,65137.0,1,100.0,5000000.0,1,100.0,7011000.0,1,100.0
COM,Comoros,2014,Earthquake,1,,0,0.0,10000.0,1,100.0,,0,0.0,,0,0.0
COM,Comoros,2014,Storm,1,,0,0.0,9511.0,1,100.0,,0,0.0,,0,0.0
COM,Comoros,2019,Storm,2,8.0,1,50.0,345311.0,1,50.0,,0,0.0,,0,0.0
COM,Comoros,2024,Epidemic,1,149.0,1,100.0,10342.0,1,100.0,,0,0.0,,0,0.0
COM,Comoros,2024,Storm,1,,0,0.0,64155.0,1,100.0,,0,0.0,,0,0.0
CPV,Cabo Verde,2002,Drought,1,,0,0.0,30000.0,1,100.0,,0,0.0,,0,0.0
CPV,Cabo Verde,2004,Infestation,1,,0,0.0,,0,0.0,,0,0.0,,0,0.0
CPV,Cabo Verde,2009,Epidemic,1,6.0,1,100.0,20147.0,1,100.0,,0,0.0,,0,0.0
CPV,Cabo Verde,2009,Flood,1,3.0,1,100.0,150.0,1,100.0,,0,0.0,,0,0.0
CPV,Cabo Verde,2014,Volcanic activity,1,,0,0.0,2500.0,1,100.0,,0,0.0,,0,0.0
CPV,Cabo Verde,2015,Storm,1,9.0,1,100.0,,0,0.0,1100000.0,1,100.0,1494000.0,1,100.0
CPV,Cabo Verde,2017,Drought,1,,0,0.0,70000.0,1,100.0,,0,0.0,,0,0.0
CPV,Cabo Verde,2020,Flood,1,1.0,1,100.0,25000.0,1,100.0,,0,0.0,,0,0.0
CPV,Cabo Verde,2022,Drought,1,,0,0.0,46093.0,1,100.0,,0,0.0,,0,0.0
CPV,Cabo Verde,2023,Epidemic,1,8.0,1,100.0,18208.0,1,100.0,,0,0.0,,0,0.0
CPV,Cabo Verde,2025,Flood,1,17.0,1,100.0,119000.0,1,100.0,,0,0.0,,0,0.0
CRI,Costa Rica,2000,Mass movement (wet),1,7.0,1,100.0,200.0,1,100.0,,0,0.0,,0,0.0
CRI,Costa Rica,2001,Flood,1,,0,0.0,1437.0,1,100.0,,0,0.0,,0,0.0
CRI,Costa Rica,2001,Storm,1,,0,0.0,,0,0.0,1000000.0,1,100.0,1818000.0,1,100.0
CRI,Costa Rica,2002,Flood,2,10.0,1,50.0,95040.0,2,100.0,1000000.0,1,50.0,1790000.0,1,50.0
CRI,Costa Rica,2003,Earthquake,1,2.0,1,100.0,135.0,1,100.0,,0,0.0,,0,0.0
CRI,Costa Rica,2003,Flood,1,1.0,1,100.0,2500.0,1,100.0,,0,0.0,,0,0.0
CRI,Costa Rica,2004,Earthquake,1,8.0,1,100.0,280.0,1,100.0,,0,0.0,,0,0.0
CRI,Costa Rica,2004,Flood,2,2.0,1,50.0,3056.0,2,100.0,,0,0.0,,0,0.0
CRI,Costa Rica,2005,Flood,2,5.0,2,100.0,2998.0,2,100.0,25000000.0,1,50.0,41213000.0,1,50.0
CRI,Costa Rica,2005,Storm,1,1.0,1,100.0,1074.0,1,100.0,20000000.0,1,100.0,32970000.0,1,100.0
CRI,Costa Rica,2007,Flood,2,19.0,1,50.0,24500.0,2,100.0,80000000.0,1,50.0,124217000.0,1,50.0
CRI,Costa Rica,2008,Flood,3,7.0,2,66.67,154498.0,3,100.0,22000000.0,1,33.33,32897000.0,1,33.33
CRI,Costa Rica,2008,Storm,1,4.0,1,100.0,55000.0,1,100.0,,0,0.0,,0,0.0
CRI,Costa Rica,2009,Earthquake,1,31.0,1,100.0,128618.0,1,100.0,200000000.0,1,100.0,300128000.0,1,100.0
CRI,Costa Rica,2010,Flood,2,27.0,2,100.0,3106.0,2,100.0,,0,0.0,,0,0.0
CRI,Costa Rica,2011,Flood,1,4.0,1,100.0,46695.0,1,100.0,,0,0.0,,0,0.0
CRI,Costa Rica,2012,Earthquake,1,2.0,1,100.0,762.0,1,100.0,45000000.0,1,100.0,63100000.0,1,100.0
CRI,Costa Rica,2012,Flood,1,6.0,1,100.0,9523.0,1,100.0,,0,0.0,,0,0.0
CRI,Costa Rica,2013,Epidemic,1,3.0,1,100.0,12000.0,1,100.0,,0,0.0,,0,0.0
CRI,Costa Rica,2015,Drought,1,,0,0.0,,0,0.0,,0,0.0,,0,0.0
CRI,Costa Rica,2015,Flood,1,,0,0.0,9666.0,1,100.0,,0,0.0,,0,0.0
CRI,Costa Rica,2015,Volcanic activity,1,,0,0.0,18450.0,1,100.0,,0,0.0,,0,0.0
CRI,Costa Rica,2016,Storm,1,9.0,1,100.0,50000.0,1,100.0,,0,0.0,,0,0.0
CRI,Costa Rica,2017,Storm,1,13.0,1,100.0,11500.0,1,100.0,185000000.0,1,100.0,242981000.0,1,100.0
CRI,Costa Rica,2018,Flood,1,1.0,1,100.0,125190.0,1,100.0,,0,0.0,,0,0.0
CRI,Costa Rica,2019,Drought,1,,0,0.0,,0,0.0,,0,0.0,,0,0.0
CRI,Costa Rica,2019,Epidemic,1,,0,0.0,4852.0,1,100.0,,0,0.0,,0,0.0
CRI,Costa Rica,2020,Storm,1,,0,0.0,25000.0,1,100.0,,0,0.0,,0,0.0
CRI,Costa Rica,2021,Flood,1,3.0,1,100.0,200000.0,1,100.0,,0,0.0,,0,0.0
CRI,Costa Rica,2022,Storm,1,,0,0.0,300000.0,1,100.0,,0,0.0,,0,0.0
CRI,Costa Rica,2023,Epidemic,1,,0,0.0,14403.0,1,100.0,,0,0.0,,0,0.0
CRI,Costa Rica,2024,Flood,1,8.0,1,100.0,1098668.0,1,100.0,,0,0.0,,0,0.0
CRI,Costa Rica,2024,Storm,2,,0,0.0,3418.0,1,50.0,980000.0,1,50.0,1006000.0,1,50.0
CRI,Costa Rica,2025,Flood,1,,0,0.0,400000.0,1,100.0,,0,0.0,,0,0.0
CRI,Costa Rica,2025,Volcanic activity,1,,0,0.0,518948.0,1,100.0,,0,0.0,,0,0.0
CUB,Cuba,2000,Drought,1,,0,0.0,,0,0.0,,0,0.0,,0,0.0
CUB,Cuba,2000,Flood,1,2.0,1,100.0,675.0,1,100.0,,0,0.0,,0,0.0
CUB,Cuba,2001,Storm,1,5.0,1,100.0,5900012.0,1,100.0,100000000.0,1,100.0,181820000.0,1,100.0
CUB,Cuba,2002,Flood,1,,0,0.0,35000.0,1,100.0,,0,0.0,,0,0.0
CUB,Cuba,2002,Storm,2,3.0,1,50.0,323970.0,2,100.0,46000000.0,2,100.0,82332000.0,2,100.0
CUB,Cuba,2003,Flood,1,,0,0.0,600.0,1,100.0,,0,0.0,,0,0.0
CUB,Cuba,2004,Drought,1,,0,0.0,,0,0.0,3139000.0,1,100.0,5350000.0,1,100.0
CUB,Cuba,2004,Storm,2,4.0,1,50.0,247250.0,2,100.0,1200000000.0,2,100.0,2045345000.0,2,100.0
CUB,Cuba,2005,Storm,2,20.0,2,100.0,2600000.0,2,100.0,2100000000.0,2,100.0,3461900000.0,2,100.0
CUB,Cuba,2006,Flood,1,2.0,1,100.0,1500.0,1,100.0,,0,0.0,,0,0.0
CUB,Cuba,2006,Storm,1,,0,0.0,268.0,1,100.0,,0,0.0,,0,0.0
CUB,Cuba,2007,Flood,1,,0,0.0,18000.0,1,100.0,,0,0.0,,0,0.0
CUB,Cuba,2007,Storm,2,1.0,1,50.0,192488.0,1,50.0,500000000.0,1,50.0,776356000.0,1,50.0
CUB,Cuba,2008,Flood,1,,0,0.0,20000.0,1,100.0,,0,0.0,,0,0.0
CUB,Cuba,2008,Storm,4,7.0,1,25.0,499464.0,2,50.0,3572000000.0,2,50.0,5341231000.0,2,50.0
CUB,Cuba,2012,Flood,1,2.0,1,100.0,3000.0,1,100.0,,0,0.0,,0,0.0
CUB,Cuba,2012,Storm,2,12.0,2,100.0,208101.0,2,100.0,2000000000.0,1,50.0,2804456000.0,1,50.0
CUB,Cuba,2013,Flood,1,2.0,1,100.0,227.0,1,100.0,,0,0.0,,0,0.0
CUB,Cuba,2015,Drought,1,,0,0.0,100000.0,1,100.0,,0,0.0,,0,0.0
CUB,Cuba,2015,Flood,1,3.0,1,100.0,10089.0,1,100.0,,0,0.0,,0,0.0
CUB,Cuba,2016,Storm,1,,0,0.0,190000.0,1,100.0,2600000000.0,1,100.0,3487611000.0,1,100.0
CUB,Cuba,2017,Storm,1,10.0,1,100.0,10000000.0,1,100.0,540000000.0,1,100.0,709242000.0,1,100.0
CUB,Cuba,2018,Storm,2,9.0,1,50.0,40540.0,2,100.0,,0,0.0,,0,0.0
CUB,Cuba,2019,Storm,1,6.0,1,100.0,10111.0,1,100.0,,0,0.0,,0,0.0
CUB,Cuba,2020,Storm,2,,0,0.0,4333.0,2,100.0,,0,0.0,,0,0.0
CUB,Cuba,2021,Storm,2,,0,0.0,,0,0.0,100000000.0,1,50.0,118811000.0,1,50.0
CUB,Cuba,2022,Flood,1,3.0,1,100.0,2300.0,1,100.0,25000000.0,1,100.0,27502000.0,1,100.0
CUB,Cuba,2022,Storm,2,6.0,2,100.0,3206780.0,2,100.0,25000000.0,1,50.0,27502000.0,1,50.0
CUB,Cuba,2023,Flood,1,6.0,1,100.0,18500.0,1,100.0,,0,0.0,,0,0.0
CUB,Cuba,2023,Storm,1,,0,0.0,,0,0.0,,0,0.0,,0,0.0
CUB,Cuba,2024,Earthquake,1,,0,0.0,6007.0,1,100.0,,0,0.0,,0,0.0
CUB,Cuba,2024,Storm,4,10.0,1,25.0,4590000.0,3,75.0,1130000000.0,2,50.0,1159734000.0,2,50.0
CUB,Cuba,2025,Storm,2,3.0,2,100.0,2200017.0,1,50.0,,0,0.0,,0,0.0
CYM,Cayman Islands,2001,Storm,1,,0,0.0,,0,0.0,60000000.0,1,100.0,109092000.0,1,100.0
CYM,Cayman Islands,2002,Storm,2,,0,0.0,300.0,1,50.0,1500000.0,2,100.0,2685000.0,2,100.0
CYM,Cayman Islands,2004,Storm,2,2.0,1,50.0,,0,0.0,3435080000.0,2,100.0,5854936000.0,2,100.0
CYM,Cayman Islands,2008,Storm,2,,0,0.0,,0,0.0,,0,0.0,,0,0.0
CYM,Cayman Islands,2024,Storm,1,,0,0.0,,0,0.0,2100000.0,1,100.0,2155000.0,1,100.0
CYP,Cyprus,2000,Drought,1,,0,0.0,,0,0.0,,0,0.0,,0,0.0
CYP,Cyprus,2000,Extreme temperature,1,5.0,1,100.0,400.0,1,100.0,,0,0.0,,0,0.0
CYP,Cyprus,2000,Wildfire,1,,0,0.0,,0,0.0,,0,0.0,,0,0.0
CYP,Cyprus,2003,Storm,1,,0,0.0,30.0,1,100.0,10000000.0,1,100.0,17501000.0,1,100.0
CYP,Cyprus,2004,Storm,1,,0,0.0,10.0,1,100.0,,0,0.0,,0,0.0
CYP,Cyprus,2007,Extreme temperature,1,4.0,1,100.0,,0,0.0,,0,0.0,,0,0.0
CYP,Cyprus,2021,Wildfire,1,4.0,1,100.0,150.0,1,100.0,47000000.0,1,100.0,55841000.0,1,100.0
CYP,Cyprus,2022,Extreme temperature,1,101.0,1,100.0,,0,0.0,,0,0.0,,0,0.0
CYP,Cyprus,2023,Extreme temperature,1,151.0,1,100.0,,0,0.0,,0,0.0,,0,0.0
CYP,Cyprus,2024,Extreme temperature,1,218.0,1,100.0,,0,0.0,,0,0.0,,0,0.0
CYP,Cyprus,2024,Flood,1,,0,0.0,469.0,1,100.0,,0,0.0,,0,0.0
CYP,Cyprus,2025,Extreme temperature,1,49.0,1,100.0,,0,0.0,,0,0.0,,0,0.0
CYP,Cyprus,2025,Wildfire,1,2.0,1,100.0,599.0,1,100.0,,0,0.0,,0,0.0
CZE,Czechia,2000,Flood,1,3.0,1,100.0,,0,0.0,80000000.0,1,100.0,149567000.0,1,100.0
CZE,Czechia,2002,Flood,1,18.0,1,100.0,200000.0,1,100.0,2400000000.0,1,100.0,4295556000.0,1,100.0
CZE,Czechia,2002,Storm,1,2.0,1,100.0,,0,0.0,20000000.0,1,100.0,35796000.0,1,100.0
CZE,Czechia,2003,Extreme temperature,1,418.0,1,100.0,,0,0.0,,0,0.0,,0,0.0
CZE,Czechia,2005,Extreme temperature,1,15.0,1,100.0,,0,0.0,,0,0.0,,0,0.0
CZE,Czechia,2005,Flood,1,1.0,1,100.0,,0,0.0,,0,0.0,,0,0.0
CZE,Czechia,2005,Storm,1,,0,0.0,3.0,1,100.0,,0,0.0,,0,0.0
CZE,Czechia,2006,Flood,2,6.0,1,50.0,4315.0,2,100.0,,0,0.0,,0,0.0
CZE,Czechia,2007,Flood,1,,0,0.0,300.0,1,100.0,,0,0.0,,0,0.0
CZE,Czechia,2007,Storm,1,4.0,1,100.0,,0,0.0,150000000.0,1,100.0,232907000.0,1,100.0
CZE,Czechia,2008,Storm,1,2.0,1,100.0,,0,0.0,50000000.0,1,100.0,74765000.0,1,100.0
CZE,Czechia,2009,Flood,1,13.0,1,100.0,14450.0,1,100.0,150000000.0,1,100.0,225096000.0,1,100.0
CZE,Czechia,2009,Storm,1,2.0,1,100.0,12.0,1,100.0,,0,0.0,,0,0.0
CZE,Czechia,2010,Extreme temperature,1,12.0,1,100.0,,0,0.0,,0,0.0,,0,0.0
CZE,Czechia,2010,Flood,3,11.0,3,100.0,1400.0,2,66.67,347560000.0,2,66.67,513147000.0,2,66.67
CZE,Czechia,2012,Extreme temperature,2,32.0,2,100.0,,0,0.0,,0,0.0,,0,0.0
CZE,Czechia,2013,Flood,1,15.0,1,100.0,1300000.0,1,100.0,828552000.0,1,100.0,1145046000.0,1,100.0
CZE,Czechia,2017,Storm,1,,0,0.0,600.0,1,100.0,2900000.0,1,100.0,3809000.0,1,100.0
CZE,Czechia,2018,Extreme temperature,1,3.0,1,100.0,,0,0.0,,0,0.0,,0,0.0
CZE,Czechia,2020,Flood,1,2.0,1,100.0,24.0,1,100.0,32000000.0,1,100.0,39806000.0,1,100.0
CZE,Czechia,2020,Storm,1,1.0,1,100.0,5.0,1,100.0,,0,0.0,,0,0.0
CZE,Czechia,2021,Flood,1,,0,0.0,,0,0.0,,0,0.0,,0,0.0
CZE,Czechia,2021,Storm,2,6.0,1,50.0,3815.0,2,100.0,701000000.0,1,50.0,832868000.0,1,50.0
CZE,Czechia,2022,Extreme temperature,1,279.0,1,100.0,,0,0.0,,0,0.0,,0,0.0
CZE,Czechia,2022,Storm,2,1.0,1,50.0,3.0,1,50.0,,0,0.0,,0,0.0
CZE,Czechia,2023,Extreme temperature,1,361.0,1,100.0,,0,0.0,,0,0.0,,0,0.0
CZE,Czechia,2023,Flood,1,,0,0.0,,0,0.0,,0,0.0,,0,0.0
CZE,Czechia,2024,Extreme temperature,1,544.0,1,100.0,,0,0.0,,0,0.0,,0,0.0
CZE,Czechia,2024,Storm,1,13.0,1,100.0,250000.0,1,100.0,3000000000.0,1,100.0,3078939000.0,1,100.0
CZE,Czechia,2025,Extreme temperature,1,144.0,1,100.0,,0,0.0,,0,0.0,,0,0.0
DEU,Germany,2000,Storm,1,,0,0.0,,0,0.0,,0,0.0,,0,0.0
DEU,Germany,2002,Epidemic,1,,0,0.0,600.0,1,100.0,,0,0.0,,0,0.0
DEU,Germany,2002,Flood,1,27.0,1,100.0,330108.0,1,100.0,11600000000.0,1,100.0,20761854000.0,1,100.0
DEU,Germany,2002,Storm,3,22.0,3,100.0,19.0,2,66.67,2050000000.0,3,100.0,3669121000.0,3,100.0
DEU,Germany,2003,Extreme temperature,1,9355.0,1,100.0,,0,0.0,1650000000.0,1,100.0,2887643000.0,1,100.0
DEU,Germany,2003,Storm,2,15.0,2,100.0,,0,0.0,300000000.0,1,50.0,525026000.0,1,50.0
DEU,Germany,2004,Earthquake,1,,0,0.0,150.0,1,100.0,12000000.0,1,100.0,20453000.0,1,100.0
DEU,Germany,2004,Storm,1,2.0,1,100.0,,0,0.0,130000000.0,1,100.0,221579000.0,1,100.0
DEU,Germany,2005,Extreme temperature,1,1.0,1,100.0,165.0,1,100.0,300000000.0,1,100.0,494557000.0,1,100.0
DEU,Germany,2005,Flood,2,2.0,2,100.0,450.0,1,50.0,220000000.0,1,50.0,362675000.0,1,50.0
DEU,Germany,2005,Storm,1,2.0,1,100.0,2.0,1,100.0,270000000.0,1,100.0,445101000.0,1,100.0
DEU,Germany,2006,Extreme temperature,2,12.0,2,100.0,,0,0.0,,0,0.0,,0,0.0
DEU,Germany,2006,Flood,1,3.0,1,100.0,1000.0,1,100.0,,0,0.0,,0,0.0
DEU,Germany,2006,Storm,2,11.0,2,100.0,300.0,2,100.0,,0,0.0,,0,0.0
DEU,Germany,2007,Flood,1,1.0,1,100.0,,0,0.0,,0,0.0,,0,0.0
DEU,Germany,2007,Storm,2,18.0,2,100.0,130.0,1,50.0,5500000000.0,1,50.0,8539913000.0,1,50.0
DEU,Germany,2008,Storm,2,8.0,2,100.0,,0,0.0,2700000000.0,2,100.0,4037324000.0,2,100.0
DEU,Germany,2009,Extreme temperature,2,15.0,2,100.0,,0,0.0,,0,0.0,,0,0.0
DEU,Germany,2009,Flood,1,,0,0.0,,0,0.0,20000000.0,1,100.0,30013000.0,1,100.0
DEU,Germany,2009,Storm,1,1.0,1,100.0,,0,0.0,50000000.0,1,100.0,75032000.0,1,100.0
DEU,Germany,2010,Extreme temperature,1,1.0,1,100.0,,0,0.0,,0,0.0,,0,0.0
DEU,Germany,2010,Flood,1,3.0,1,100.0,1400.0,1,100.0,,0,0.0,,0,0.0
DEU,Germany,2010,Storm,2,4.0,1,50.0,,0,0.0,1000000000.0,1,50.0,1476427000.0,1,50.0
DEU,Germany,2012,Extreme temperature,2,6.0,2,100.0,,0,0.0,,0,0.0,,0,0.0
DEU,Germany,2013,Flood,1,4.0,1,100.0,6350.0,1,100.0,12900000000.0,1,100.0,17827594000.0,1,100.0
DEU,Germany,2013,Storm,3,7.0,1,33.33,2.0,1,33.33,4800000000.0,1,33.33,6633523000.0,1,33.33
DEU,Germany,2014,Storm,2,8.0,2,100.0,1.0,1,50.0,400000000.0,1,50.0,543969000.0,1,50.0
DEU,Germany,2016,Flood,1,7.0,1,100.0,,0,0.0,2000000000.0,1,100.0,2682778000.0,1,100.0
DEU,Germany,2017,Flood,1,1.0,1,100.0,600.0,1,100.0,,0,0.0,,0,0.0
DEU,Germany,2017,Storm,2,5.0,2,100.0,24.0,1,50.0,899000000.0,2,100.0,1180756000.0,2,100.0
DEU,Germany,2018,Extreme temperature,1,,0,0.0,,0,0.0,,0,0.0,,0,0.0
DEU,Germany,2018,Storm,1,5.0,1,100.0,12.0,1,100.0,588475000.0,1,100.0,754482000.0,1,100.0
DEU,Germany,2019,Extreme temperature,2,4.0,1,50.0,,0,0.0,,0,0.0,,0,0.0
DEU,Germany,2019,Storm,1,1.0,1,100.0,,0,0.0,,0,0.0,,0,0.0
DEU,Germany,2020,Storm,1,9.0,1,100.0,33.0,1,100.0,1100000000.0,1,100.0,1368323000.0,1,100.0
DEU,Germany,2021,Flood,1,226.0,1,100.0,1000.0,1,100.0,40000000000.0,1,100.0,47524574000.0,1,100.0
DEU,Germany,2021,Storm,2,1.0,1,50.0,604.0,2,100.0,,0,0.0,,0,0.0
DEU,Germany,2022,Extreme temperature,1,8173.0,1,100.0,,0,0.0,,0,0.0,,0,0.0
DEU,Germany,2022,Storm,3,7.0,3,100.0,2.0,1,33.33,1023156000.0,1,33.33,1125551000.0,1,33.33
DEU,Germany,2023,Extreme temperature,1,6376.0,1,100.0,,0,0.0,,0,0.0,,0,0.0
DEU,Germany,2023,Storm,3,4.0,3,100.0,,0,0.0,,0,0.0,,0,0.0
DEU,Germany,2024,Extreme temperature,1,6282.0,1,100.0,,0,0.0,,0,0.0,,0,0.0
DEU,Germany,2024,Flood,1,12.0,1,100.0,3407.0,1,100.0,4500000000.0,1,100.0,4618408000.0,1,100.0
DEU,Germany,2025,Extreme temperature,1,2445.0,1,100.0,,0,0.0,,0,0.0,,0,0.0
DJI,Djibouti,2000,Epidemic,1,4.0,1,100.0,419.0,1,100.0,,0,0.0,,0,0.0
DJI,Djibouti,2001,Drought,1,,0,0.0,100000.0,1,100.0,,0,0.0,,0,0.0
DJI,Djibouti,2004,Flood,1,51.0,1,100.0,100000.0,1,100.0,,0,0.0,,0,0.0
DJI,Djibouti,2005,Drought,1,,0,0.0,150000.0,1,100.0,,0,0.0,,0,0.0
DJI,Djibouti,2007,Drought,1,,0,0.0,42750.0,1,100.0,,0,0.0,,0,0.0
DJI,Djibouti,2007,Epidemic,1,6.0,1,100.0,562.0,1,100.0,,0,0.0,,0,0.0
DJI,Djibouti,2008,Drought,1,,0,0.0,340000.0,1,100.0,,0,0.0,,0,0.0
DJI,Djibouti,2010,Drought,1,,0,0.0,200258.0,1,100.0,,0,0.0,,0,0.0
DJI,Djibouti,2018,Storm,1,2.0,1,100.0,25000.0,1,100.0,,0,0.0,,0,0.0
DJI,Djibouti,2019,Flood,1,11.0,1,100.0,250000.0,1,100.0,,0,0.0,,0,0.0
DJI,Djibouti,2020,Flood,1,8.0,1,100.0,110000.0,1,100.0,,0,0.0,,0,0.0
DJI,Djibouti,2020,Infestation,1,,0,0.0,,0,0.0,,0,0.0,,0,0.0
DJI,Djibouti,2022,Drought,1,,0,0.0,192168.0,1,100.0,,0,0.0,,0,0.0
DMA,Dominica,2004,Earthquake,1,,0,0.0,100.0,1,100.0,,0,0.0,,0,0.0
DMA,Dominica,2007,Storm,1,2.0,1,100.0,7530.0,1,100.0,20000000.0,1,100.0,31054000.0,1,100.0
DMA,Dominica,2011,Storm,1,,0,0.0,240.0,1,100.0,,0,0.0,,0,0.0
DMA,Dominica,2015,Storm,1,30.0,1,100.0,28594.0,1,100.0,482810000.0,1,100.0,655806000.0,1,100.0
DMA,Dominica,2017,Storm,1,64.0,1,100.0,71393.0,1,100.0,1456000000.0,1,100.0,1912327000.0,1,100.0
DNK,Denmark,2002,Storm,1,1.0,1,100.0,,0,0.0,,0,0.0,,0,0.0
DNK,Denmark,2005,Storm,1,4.0,1,100.0,,0,0.0,1300000000.0,1,100.0,2143081000.0,1,100.0
DNK,Denmark,2007,Storm,1,,0,0.0,,0,0.0,100000000.0,1,100.0,155271000.0,1,100.0
DNK,Denmark,2010,Storm,1,,0,0.0,,0,0.0,,0,0.0,,0,0.0
DNK,Denmark,2013,Storm,2,2.0,2,100.0,,0,0.0,,0,0.0,,0,0.0
DNK,Denmark,2022,Extreme temperature,1,252.0,1,100.0,,0,0.0,,0,0.0,,0,0.0
DNK,Denmark,2022,Storm,1,1.0,1,100.0,3.0,1,100.0,,0,0.0,,0,0.0
DNK,Denmark,2023,Extreme temperature,1,189.0,1,100.0,,0,0.0,,0,0.0,,0,0.0
DNK,Denmark,2024,Extreme temperature,1,174.0,1,100.0,,0,0.0,,0,0.0,,0,0.0
DNK,Denmark,2025,Extreme temperature,1,22.0,1,100.0,,0,0.0,,0,0.0,,0,0.0
DOM,Dominican Republic,2001,Storm,1,3.0,1,100.0,175.0,1,100.0,10000.0,1,100.0,18000.0,1,100.0
DOM,Dominican Republic,2002,Flood,1,3.0,1,100.0,1750.0,1,100.0,500000.0,1,100.0,895000.0,1,100.0
DOM,Dominican Republic,2003,Earthquake,1,3.0,1,100.0,2015.0,1,100.0,,0,0.0,,0,0.0
DOM,Dominican Republic,2003,Flood,2,10.0,2,100.0,65463.0,2,100.0,44720000.0,2,100.0,78264000.0,2,100.0
DOM,Dominican Republic,2003,Storm,1,8.0,1,100.0,10014.0,1,100.0,8000000.0,1,100.0,14001000.0,1,100.0
DOM,Dominican Republic,2004,Flood,1,688.0,1,100.0,10002.0,1,100.0,,0,0.0,,0,0.0
DOM,Dominican Republic,2004,Storm,3,15.0,2,66.67,14259.0,2,66.67,297000000.0,2,66.67,506222000.0,2,66.67
DOM,Dominican Republic,2005,Flood,1,3.0,1,100.0,1450.0,1,100.0,,0,0.0,,0,0.0
DOM,Dominican Republic,2005,Storm,1,9.0,1,100.0,1000.0,1,100.0,,0,0.0,,0,0.0
DOM,Dominican Republic,2005,Wildfire,1,,0,0.0,,0,0.0,,0,0.0,,0,0.0
DOM,Dominican Republic,2007,Flood,2,12.0,2,100.0,19830.0,2,100.0,,0,0.0,,0,0.0
DOM,Dominican Republic,2007,Storm,3,163.0,3,100.0,142933.0,3,100.0,162700000.0,3,100.0,252626000.0,3,100.0
DOM,Dominican Republic,2008,Storm,3,13.0,3,100.0,17002.0,2,66.67,,0,0.0,,0,0.0
DOM,Dominican Republic,2009,Epidemic,1,25.0,1,100.0,3270.0,1,100.0,,0,0.0,,0,0.0
DOM,Dominican Republic,2009,Flood,2,7.0,2,100.0,14565.0,2,100.0,52403000.0,2,100.0,78638000.0,2,100.0
DOM,Dominican Republic,2010,Epidemic,1,130.0,1,100.0,17321.0,1,100.0,,0,0.0,,0,0.0
DOM,Dominican Republic,2010,Flood,2,7.0,2,100.0,35200.0,2,100.0,,0,0.0,,0,0.0
DOM,Dominican Republic,2010,Storm,1,,0,0.0,12000.0,1,100.0,,0,0.0,,0,0.0
DOM,Dominican Republic,2011,Epidemic,1,1.0,1,100.0,220.0,1,100.0,,0,0.0,,0,0.0
DOM,Dominican Republic,2011,Flood,1,4.0,1,100.0,11200.0,1,100.0,,0,0.0,,0,0.0
DOM,Dominican Republic,2011,Storm,2,7.0,2,100.0,44000.0,2,100.0,30000000.0,1,50.0,42937000.0,1,50.0
DOM,Dominican Republic,2012,Epidemic,1,167.0,1,100.0,26090.0,1,100.0,,0,0.0,,0,0.0
DOM,Dominican Republic,2012,Flood,2,,0,0.0,14570.0,2,100.0,,0,0.0,,0,0.0
DOM,Dominican Republic,2012,Storm,2,8.0,2,100.0,42515.0,2,100.0,30000000.0,1,50.0,42067000.0,1,50.0
DOM,Dominican Republic,2013,Flood,1,,0,0.0,,0,0.0,102000.0,1,100.0,141000.0,1,100.0
DOM,Dominican Republic,2014,Flood,1,1.0,1,100.0,300.0,1,100.0,,0,0.0,,0,0.0
DOM,Dominican Republic,2015,Flood,2,2.0,1,50.0,21200.0,2,100.0,,0,0.0,,0,0.0
DOM,Dominican Republic,2015,Storm,1,,0,0.0,2133.0,1,100.0,,0,0.0,,0,0.0
DOM,Dominican Republic,2016,Flood,2,15.0,1,50.0,2795400.0,2,100.0,,0,0.0,,0,0.0
DOM,Dominican Republic,2016,Storm,1,6.0,1,100.0,48.0,1,100.0,,0,0.0,,0,0.0
DOM,Dominican Republic,2017,Storm,3,5.0,1,33.33,42587.0,3,100.0,63000000.0,1,33.33,82745000.0,1,33.33
DOM,Dominican Republic,2018,Flood,1,,0,0.0,7390.0,1,100.0,,0,0.0,,0,0.0
DOM,Dominican Republic,2018,Storm,1,,0,0.0,8000.0,1,100.0,,0,0.0,,0,0.0
DOM,Dominican Republic,2019,Epidemic,1,34.0,1,100.0,16907.0,1,100.0,,0,0.0,,0,0.0
DOM,Dominican Republic,2020,Storm,2,6.0,2,100.0,15595.0,2,100.0,165000000.0,1,50.0,205248000.0,1,50.0
DOM,Dominican Republic,2021,Storm,2,2.0,1,50.0,4178.0,2,100.0,,0,0.0,,0,0.0
DOM,Dominican Republic,2022,Flood,2,,0,0.0,467.0,2,100.0,,0,0.0,,0,0.0
DOM,Dominican Republic,2022,Storm,1,2.0,1,100.0,1434802.0,1,100.0,,0,0.0,,0,0.0
DOM,Dominican Republic,2023,Flood,2,35.0,2,100.0,311319.0,2,100.0,17500000.0,1,50.0,18490000.0,1,50.0
DOM,Dominican Republic,2023,Storm,1,3.0,1,100.0,289083.0,1,100.0,,0,0.0,,0,0.0
DOM,Dominican Republic,2024,Flood,1,,0,0.0,15000.0,1,100.0,,0,0.0,,0,0.0
DOM,Dominican Republic,2024,Storm,1,2.0,1,100.0,15000.0,1,100.0,,0,0.0,,0,0.0
DOM,Dominican Republic,2025,Storm,2,6.0,2,100.0,1277237.0,2,100.0,23360000.0,1,50.0,23360000.0,1,50.0
DOM,Dominican Republic,2026,Flood,2,13.0,1,50.0,188122.0,2,100.0,,0,0.0,,0,0.0
DZA,Algeria,2000,Flood,1,28.0,1,100.0,100.0,1,100.0,,0,0.0,,0,0.0
DZA,Algeria,2001,Flood,1,921.0,1,100.0,45423.0,1,100.0,300000000.0,1,100.0,545461000.0,1,100.0
DZA,Algeria,2002,Flood,2,42.0,2,100.0,2305.0,2,100.0,1500000.0,1,50.0,2685000.0,1,50.0
DZA,Algeria,2003,Earthquake,2,2275.0,2,100.0,210461.0,2,100.0,5000000000.0,1,50.0,8750432000.0,1,50.0
DZA,Algeria,2003,Extreme temperature,1,40.0,1,100.0,,0,0.0,,0,0.0,,0,0.0
DZA,Algeria,2003,Flood,3,41.0,3,100.0,50.0,1,33.33,,0,0.0,,0,0.0
DZA,Algeria,2003,Storm,1,13.0,1,100.0,,0,0.0,,0,0.0,,0,0.0
DZA,Algeria,2004,Earthquake,2,,0,0.0,315.0,2,100.0,,0,0.0,,0,0.0
DZA,Algeria,2004,Flood,2,22.0,2,100.0,27565.0,2,100.0,,0,0.0,,0,0.0
DZA,Algeria,2005,Flood,2,12.0,2,100.0,1820.0,2,100.0,7256000.0,1,50.0,11962000.0,1,50.0
DZA,Algeria,2005,Storm,1,10.0,1,100.0,5.0,1,100.0,,0,0.0,,0,0.0
DZA,Algeria,2006,Earthquake,1,4.0,1,100.0,319.0,1,100.0,,0,0.0,,0,0.0
DZA,Algeria,2006,Flood,1,1.0,1,100.0,60000.0,1,100.0,1200000.0,1,100.0,1916000.0,1,100.0
DZA,Algeria,2007,Flood,6,82.0,6,100.0,1305.0,2,33.33,43061000.0,2,33.33,66861000.0,2,33.33
DZA,Algeria,2007,Wildfire,1,8.0,1,100.0,,0,0.0,,0,0.0,,0,0.0
DZA,Algeria,2008,Flood,1,93.0,1,100.0,59050.0,1,100.0,348000000.0,1,100.0,520366000.0,1,100.0
DZA,Algeria,2009,Flood,2,48.0,2,100.0,2548.0,1,50.0,,0,0.0,,0,0.0
DZA,Algeria,2011,Flood,1,10.0,1,100.0,793.0,1,100.0,779000000.0,1,100.0,1114939000.0,1,100.0
DZA,Algeria,2012,Flood,2,69.0,2,100.0,101.0,2,100.0,,0,0.0,,0,0.0
DZA,Algeria,2014,Earthquake,1,6.0,1,100.0,420.0,1,100.0,,0,0.0,,0,0.0
DZA,Algeria,2015,Flood,2,12.0,1,50.0,35000.0,1,50.0,,0,0.0,,0,0.0
DZA,Algeria,2017,Extreme temperature,1,,0,0.0,125000.0,1,100.0,,0,0.0,,0,0.0
DZA,Algeria,2018,Flood,1,6.0,1,100.0,200.0,1,100.0,,0,0.0,,0,0.0
DZA,Algeria,2019,Extreme temperature,1,8.0,1,100.0,125025.0,1,100.0,,0,0.0,,0,0.0
DZA,Algeria,2020,Earthquake,1,,0,0.0,15000.0,1,100.0,,0,0.0,,0,0.0
DZA,Algeria,2021,Flood,2,13.0,2,100.0,2920.0,2,100.0,,0,0.0,,0,0.0
DZA,Algeria,2021,Wildfire,1,90.0,1,100.0,42503.0,1,100.0,,0,0.0,,0,0.0
DZA,Algeria,2022,Wildfire,1,44.0,1,100.0,6768.0,1,100.0,,0,0.0,,0,0.0
DZA,Algeria,2023,Flood,1,8.0,1,100.0,1668.0,1,100.0,,0,0.0,,0,0.0
DZA,Algeria,2023,Wildfire,1,34.0,1,100.0,30026.0,1,100.0,,0,0.0,,0,0.0
DZA,Algeria,2024,Epidemic,1,68.0,1,100.0,651.0,1,100.0,,0,0.0,,0,0.0
DZA,Algeria,2024,Flood,2,5.0,1,50.0,12000.0,2,100.0,,0,0.0,,0,0.0
DZA,Algeria,2025,Flood,1,5.0,1,100.0,1350.0,1,100.0,,0,0.0,,0,0.0
DZA,Algeria,2026,Flood,1,1.0,1,100.0,6000.0,1,100.0,,0,0.0,,0,0.0
DZA,Algeria,2026,Wildfire,2,18.0,2,100.0,10054.0,2,100.0,,0,0.0,,0,0.0
ECU,Ecuador,2000,Epidemic,2,8.0,1,50.0,100220.0,2,100.0,,0,0.0,,0,0.0
ECU,Ecuador,2000,Flood,1,34.0,1,100.0,32.0,1,100.0,,0,0.0,,0,0.0
ECU,Ecuador,2000,Mass movement (wet),2,44.0,2,100.0,385.0,2,100.0,,0,0.0,,0,0.0
ECU,Ecuador,2001,Flood,2,58.0,2,100.0,9530.0,2,100.0,,0,0.0,,0,0.0
ECU,Ecuador,2001,Volcanic activity,1,,0,0.0,22770.0,1,100.0,10975000.0,1,100.0,19955000.0,1,100.0
ECU,Ecuador,2002,Epidemic,1,,0,0.0,100.0,1,100.0,,0,0.0,,0,0.0
ECU,Ecuador,2002,Flood,2,31.0,1,50.0,54633.0,2,100.0,16000000.0,2,100.0,28637000.0,2,100.0
ECU,Ecuador,2002,Mass movement (dry),1,60.0,1,100.0,,0,0.0,,0,0.0,,0,0.0
ECU,Ecuador,2002,Volcanic activity,2,,0,0.0,149650.0,2,100.0,,0,0.0,,0,0.0
ECU,Ecuador,2003,Flood,1,,0,0.0,7905.0,1,100.0,,0,0.0,,0,0.0
ECU,Ecuador,2003,Volcanic activity,1,,0,0.0,25000.0,1,100.0,,0,0.0,,0,0.0
ECU,Ecuador,2006,Flood,1,16.0,1,100.0,57670.0,1,100.0,2800000.0,1,100.0,4472000.0,1,100.0
ECU,Ecuador,2006,Volcanic activity,2,5.0,1,50.0,300263.0,2,100.0,150000000.0,1,50.0,239551000.0,1,50.0
ECU,Ecuador,2008,Flood,1,41.0,1,100.0,289122.0,1,100.0,1000000000.0,1,100.0,1495305000.0,1,100.0
ECU,Ecuador,2009,Drought,1,,0,0.0,107500.0,1,100.0,1700000.0,1,100.0,2551000.0,1,100.0
ECU,Ecuador,2009,Flood,1,3.0,1,100.0,11807.0,1,100.0,,0,0.0,,0,0.0
ECU,Ecuador,2010,Epidemic,1,4.0,1,100.0,4000.0,1,100.0,,0,0.0,,0,0.0
ECU,Ecuador,2010,Flood,2,14.0,2,100.0,6940.0,2,100.0,,0,0.0,,0,0.0
ECU,Ecuador,2010,Volcanic activity,1,,0,0.0,2500.0,1,100.0,,0,0.0,,0,0.0
ECU,Ecuador,2011,Flood,1,,0,0.0,3600.0,1,100.0,,0,0.0,,0,0.0
ECU,Ecuador,2011,Mass movement (wet),1,7.0,1,100.0,150.0,1,100.0,,0,0.0,,0,0.0
ECU,Ecuador,2012,Epidemic,1,11.0,1,100.0,6967.0,1,100.0,,0,0.0,,0,0.0
ECU,Ecuador,2012,Flood,1,29.0,1,100.0,71860.0,1,100.0,,0,0.0,,0,0.0
ECU,Ecuador,2012,Wildfire,1,5.0,1,100.0,1945.0,1,100.0,,0,0.0,,0,0.0
ECU,Ecuador,2013,Drought,1,,0,0.0,3165.0,1,100.0,,0,0.0,,0,0.0
ECU,Ecuador,2013,Flood,1,,0,0.0,25567.0,1,100.0,,0,0.0,,0,0.0
ECU,Ecuador,2013,Mass movement (wet),2,24.0,2,100.0,,0,0.0,,0,0.0,,0,0.0
ECU,Ecuador,2015,Flood,1,12.0,1,100.0,1185.0,1,100.0,,0,0.0,,0,0.0
ECU,Ecuador,2015,Volcanic activity,2,,0,0.0,930042.0,2,100.0,,0,0.0,,0,0.0
ECU,Ecuador,2016,Earthquake,2,673.0,2,100.0,389511.0,2,100.0,2000000000.0,1,50.0,2682778000.0,1,50.0
ECU,Ecuador,2016,Flood,2,9.0,1,50.0,33955.0,2,100.0,10000000.0,1,50.0,13414000.0,1,50.0
ECU,Ecuador,2019,Earthquake,2,,0,0.0,264.0,2,100.0,,0,0.0,,0,0.0
ECU,Ecuador,2019,Flood,1,14.0,1,100.0,3000.0,1,100.0,,0,0.0,,0,0.0
ECU,Ecuador,2019,Mass movement (wet),1,2.0,1,100.0,145.0,1,100.0,,0,0.0,,0,0.0
ECU,Ecuador,2020,Flood,1,,0,0.0,290.0,1,100.0,,0,0.0,,0,0.0
ECU,Ecuador,2020,Volcanic activity,1,,0,0.0,18685.0,1,100.0,,0,0.0,,0,0.0
ECU,Ecuador,2021,Earthquake,1,,0,0.0,39.0,1,100.0,,0,0.0,,0,0.0
ECU,Ecuador,2021,Flood,2,6.0,1,50.0,18464.0,2,100.0,,0,0.0,,0,0.0
ECU,Ecuador,2021,Volcanic activity,1,,0,0.0,133306.0,1,100.0,,0,0.0,,0,0.0
ECU,Ecuador,2022,Earthquake,1,1.0,1,100.0,7804.0,1,100.0,,0,0.0,,0,0.0
ECU,Ecuador,2022,Flood,5,76.0,4,80.0,35379.0,5,100.0,53000000.0,1,20.0,58304000.0,1,20.0
ECU,Ecuador,2023,Earthquake,1,14.0,1,100.0,127416.0,1,100.0,,0,0.0,,0,0.0
ECU,Ecuador,2023,Flood,2,30.0,1,50.0,80950.0,2,100.0,205000000.0,1,50.0,216600000.0,1,50.0
ECU,Ecuador,2023,Mass movement (wet),1,75.0,1,100.0,8444.0,1,100.0,,0,0.0,,0,0.0
ECU,Ecuador,2024,Flood,1,6.0,1,100.0,117498.0,1,100.0,100000000.0,1,100.0,102631000.0,1,100.0
ECU,Ecuador,2024,Mass movement (wet),1,19.0,1,100.0,3629.0,1,100.0,10000000.0,1,100.0,10263000.0,1,100.0
ECU,Ecuador,2025,Earthquake,1,,0,0.0,8512.0,1,100.0,,0,0.0,,0,0.0
ECU,Ecuador,2025,Storm,1,55.0,1,100.0,189298.0,1,100.0,,0,0.0,,0,0.0
ECU,Ecuador,2026,Flood,1,18.0,1,100.0,188.0,1,100.0,,0,0.0,,0,0.0
ECU,Ecuador,2026,Storm,1,14.0,1,100.0,68286.0,1,100.0,,0,0.0,,0,0.0
EGY,Egypt,2000,Extreme temperature,1,3.0,1,100.0,105.0,1,100.0,,0,0.0,,0,0.0
EGY,Egypt,2002,Earthquake,1,,0,0.0,250.0,1,100.0,,0,0.0,,0,0.0
EGY,Egypt,2002,Flood,2,18.0,2,100.0,870.0,2,100.0,,0,0.0,,0,0.0
EGY,Egypt,2004,Epidemic,1,,0,0.0,120.0,1,100.0,,0,0.0,,0,0.0
EGY,Egypt,2004,Storm,1,13.0,1,100.0,42.0,1,100.0,,0,0.0,,0,0.0
EGY,Egypt,2008,Mass movement (dry),1,98.0,1,100.0,697.0,1,100.0,,0,0.0,,0,0.0
EGY,Egypt,2010,Flood,2,27.0,2,100.0,3500.0,1,50.0,,0,0.0,,0,0.0
EGY,Egypt,2010,Storm,1,31.0,1,100.0,40.0,1,100.0,,0,0.0,,0,0.0
EGY,Egypt,2015,Extreme temperature,1,110.0,1,100.0,66.0,1,100.0,,0,0.0,,0,0.0
EGY,Egypt,2015,Storm,1,25.0,1,100.0,135.0,1,100.0,,0,0.0,,0,0.0
EGY,Egypt,2016,Storm,1,26.0,1,100.0,32572.0,1,100.0,25000000.0,1,100.0,33535000.0,1,100.0
EGY,Egypt,2020,Flood,1,40.0,1,100.0,20400.0,1,100.0,76000000.0,1,100.0,94539000.0,1,100.0
EGY,Egypt,2021,Flood,1,3.0,1,100.0,6235.0,1,100.0,,0,0.0,,0,0.0
EGY,Egypt,2025,Flood,1,,0,0.0,6000.0,1,100.0,,0,0.0,,0,0.0
ERI,Eritrea,2003,Flood,1,,0,0.0,,0,0.0,,0,0.0,,0,0.0
ERI,Eritrea,2004,Flood,1,,0,0.0,7013.0,1,100.0,,0,0.0,,0,0.0
ERI,Eritrea,2008,Drought,1,,0,0.0,1700000.0,1,100.0,,0,0.0,,0,0.0
ERI,Eritrea,2020,Infestation,1,,0,0.0,,0,0.0,,0,0.0,,0,0.0
ESP,Spain,2000,Flood,2,26.0,2,100.0,8500.0,2,100.0,75000000.0,1,50.0,140219000.0,1,50.0
ESP,Spain,2000,Wildfire,1,,0,0.0,,0,0.0,,0,0.0,,0,0.0
ESP,Spain,2001,Epidemic,1,2.0,1,100.0,751.0,1,100.0,,0,0.0,,0,0.0
ESP,Spain,2001,Storm,1,10.0,1,100.0,,0,0.0,72000000.0,1,100.0,130911000.0,1,100.0
ESP,Spain,2003,Extreme temperature,1,15090.0,1,100.0,,0,0.0,880000000.0,1,100.0,1540076000.0,1,100.0
ESP,Spain,2003,Wildfire,1,5.0,1,100.0,200.0,1,100.0,,0,0.0,,0,0.0
ESP,Spain,2004,Extreme temperature,1,26.0,1,100.0,,0,0.0,,0,0.0,,0,0.0
ESP,Spain,2004,Flood,1,,0,0.0,600.0,1,100.0,14285000.0,1,100.0,24348000.0,1,100.0
ESP,Spain,2004,Wildfire,1,3.0,1,100.0,1100.0,1,100.0,3000000.0,1,100.0,5113000.0,1,100.0
ESP,Spain,2005,Extreme temperature,1,9.0,1,100.0,,0,0.0,,0,0.0,,0,0.0
ESP,Spain,2005,Wildfire,1,11.0,1,100.0,1.0,1,100.0,2050000000.0,1,100.0,3379474000.0,1,100.0
ESP,Spain,2006,Extreme temperature,1,21.0,1,100.0,,0,0.0,,0,0.0,,0,0.0
ESP,Spain,2006,Flood,1,2.0,1,100.0,289.0,1,100.0,,0,0.0,,0,0.0
ESP,Spain,2006,Wildfire,1,4.0,1,100.0,,0,0.0,659000000.0,1,100.0,1052427000.0,1,100.0
ESP,Spain,2007,Flood,3,5.0,3,100.0,16600.0,3,100.0,400000000.0,1,33.33,621085000.0,1,33.33
ESP,Spain,2007,Storm,1,1.0,1,100.0,,0,0.0,,0,0.0,,0,0.0
ESP,Spain,2009,Storm,2,14.0,1,50.0,1793.0,1,50.0,1900000000.0,1,50.0,2851217000.0,1,50.0
ESP,Spain,2009,Wildfire,1,6.0,1,100.0,,0,0.0,,0,0.0,,0,0.0
ESP,Spain,2010,Flood,2,2.0,1,50.0,14000.0,2,100.0,,0,0.0,,0,0.0
ESP,Spain,2010,Storm,1,3.0,1,100.0,,0,0.0,340000000.0,1,100.0,501985000.0,1,100.0
ESP,Spain,2011,Earthquake,1,10.0,1,100.0,15300.0,1,100.0,200000000.0,1,100.0,286249000.0,1,100.0
ESP,Spain,2011,Flood,1,1.0,1,100.0,2400.0,1,100.0,,0,0.0,,0,0.0
ESP,Spain,2012,Flood,2,11.0,2,100.0,755.0,2,100.0,395000000.0,1,50.0,553880000.0,1,50.0
ESP,Spain,2012,Wildfire,1,4.0,1,100.0,6.0,1,100.0,,0,0.0,,0,0.0
ESP,Spain,2013,Flood,1,,0,0.0,600.0,1,100.0,,0,0.0,,0,0.0
ESP,Spain,2013,Storm,1,,0,0.0,,0,0.0,,0,0.0,,0,0.0
ESP,Spain,2014,Storm,1,3.0,1,100.0,,0,0.0,,0,0.0,,0,0.0
ESP,Spain,2015,Flood,2,4.0,1,50.0,1750.0,2,100.0,2000000.0,1,50.0,2717000.0,1,50.0
ESP,Spain,2016,Flood,1,5.0,1,100.0,150.0,1,100.0,50000000.0,1,100.0,67069000.0,1,100.0
ESP,Spain,2017,Wildfire,2,4.0,1,50.0,1500.0,1,50.0,,0,0.0,,0,0.0
ESP,Spain,2018,Extreme temperature,1,9.0,1,100.0,,0,0.0,,0,0.0,,0,0.0
ESP,Spain,2018,Flood,1,13.0,1,100.0,200.0,1,100.0,150000000.0,1,100.0,192314000.0,1,100.0
ESP,Spain,2018,Storm,1,2.0,1,100.0,,0,0.0,,0,0.0,,0,0.0
ESP,Spain,2018,Wildfire,1,,0,0.0,,0,0.0,,0,0.0,,0,0.0
ESP,Spain,2019,Extreme temperature,1,2.0,1,100.0,,0,0.0,,0,0.0,,0,0.0
ESP,Spain,2019,Flood,2,14.0,2,100.0,3573.0,2,100.0,2500000000.0,1,50.0,3148187000.0,1,50.0
ESP,Spain,2019,Storm,3,8.0,2,66.67,320.0,1,33.33,,0,0.0,,0,0.0
ESP,Spain,2020,Storm,1,17.0,1,100.0,2000.0,1,100.0,315000000.0,1,100.0,391838000.0,1,100.0
ESP,Spain,2021,Flood,2,3.0,2,100.0,250.0,2,100.0,141000000.0,2,100.0,167524000.0,2,100.0
ESP,Spain,2021,Storm,1,5.0,1,100.0,,0,0.0,1900000000.0,1,100.0,2257417000.0,1,100.0
ESP,Spain,2022,Extreme temperature,1,11324.0,1,100.0,,0,0.0,,0,0.0,,0,0.0
ESP,Spain,2022,Wildfire,1,,0,0.0,3500.0,1,100.0,,0,0.0,,0,0.0
ESP,Spain,2023,Drought,1,,0,0.0,26000.0,1,100.0,2400000000.0,1,100.0,2535802000.0,1,100.0
ESP,Spain,2023,Extreme temperature,1,8352.0,1,100.0,,0,0.0,,0,0.0,,0,0.0
ESP,Spain,2023,Flood,1,3.0,1,100.0,6000.0,1,100.0,370000000.0,1,100.0,390936000.0,1,100.0
ESP,Spain,2023,Storm,2,1.0,1,50.0,,0,0.0,,0,0.0,,0,0.0
ESP,Spain,2023,Wildfire,1,,0,0.0,800.0,1,100.0,,0,0.0,,0,0.0
ESP,Spain,2024,Drought,1,,0,0.0,,0,0.0,110000000.0,1,100.0,112894000.0,1,100.0
ESP,Spain,2024,Extreme temperature,1,6743.0,1,100.0,,0,0.0,,0,0.0,,0,0.0
ESP,Spain,2024,Flood,2,232.0,1,50.0,36615.0,2,100.0,11050000000.0,2,100.0,11340757000.0,2,100.0
ESP,Spain,2024,Storm,1,1.0,1,100.0,,0,0.0,,0,0.0,,0,0.0
ESP,Spain,2025,Extreme temperature,1,3893.0,1,100.0,,0,0.0,,0,0.0,,0,0.0
ESP,Spain,2025,Storm,3,1.0,1,33.33,1018.0,1,33.33,100000000.0,1,33.33,100000000.0,1,33.33
ESP,Spain,2025,Wildfire,3,7.0,3,100.0,32049.0,3,100.0,,0,0.0,,0,0.0
ESP,Spain,2026,Storm,3,5.0,3,100.0,90.0,1,33.33,,0,0.0,,0,0.0
EST,Estonia,2005,Storm,1,1.0,1,100.0,100.0,1,100.0,130000000.0,1,100.0,214308000.0,1,100.0
EST,Estonia,2006,Extreme temperature,1,3.0,1,100.0,,0,0.0,,0,0.0,,0,0.0
EST,Estonia,2011,Storm,1,,0,0.0,6500.0,1,100.0,,0,0.0,,0,0.0
EST,Estonia,2012,Extreme temperature,1,1.0,1,100.0,,0,0.0,,0,0.0,,0,0.0
EST,Estonia,2013,Storm,1,,0,0.0,,0,0.0,,0,0.0,,0,0.0
EST,Estonia,2018,Extreme temperature,1,7.0,1,100.0,,0,0.0,,0,0.0,,0,0.0
EST,Estonia,2022,Extreme temperature,1,167.0,1,100.0,,0,0.0,,0,0.0,,0,0.0
EST,Estonia,2023,Extreme temperature,1,103.0,1,100.0,,0,0.0,,0,0.0,,0,0.0
EST,Estonia,2024,Extreme temperature,1,85.0,1,100.0,,0,0.0,,0,0.0,,0,0.0
EST,Estonia,2025,Extreme temperature,1,24.0,1,100.0,,0,0.0,,0,0.0,,0,0.0
ETH,Ethiopia,2000,Epidemic,5,422.0,5,100.0,7033.0,4,80.0,,0,0.0,,0,0.0
ETH,Ethiopia,2000,Flood,2,69.0,2,100.0,30000.0,1,50.0,,0,0.0,,0,0.0
ETH,Ethiopia,2000,Mass movement (wet),1,4.0,1,100.0,165.0,1,100.0,,0,0.0,,0,0.0
ETH,Ethiopia,2000,Wildfire,1,,0,0.0,5.0,1,100.0,,0,0.0,,0,0.0
ETH,Ethiopia,2001,Epidemic,2,429.0,2,100.0,8166.0,2,100.0,,0,0.0,,0,0.0
ETH,Ethiopia,2001,Flood,3,5.0,1,33.33,39500.0,3,100.0,,0,0.0,,0,0.0
ETH,Ethiopia,2002,Epidemic,1,12.0,1,100.0,,0,0.0,,0,0.0,,0,0.0
ETH,Ethiopia,2002,Flood,1,22.0,1,100.0,4000.0,1,100.0,,0,0.0,,0,0.0
ETH,Ethiopia,2003,Drought,1,,0,0.0,12600000.0,1,100.0,,0,0.0,,0,0.0
ETH,Ethiopia,2003,Flood,1,119.0,1,100.0,110000.0,1,100.0,,0,0.0,,0,0.0
ETH,Ethiopia,2005,Drought,1,,0,0.0,2600000.0,1,100.0,,0,0.0,,0,0.0
ETH,Ethiopia,2005,Epidemic,2,74.0,2,100.0,964.0,2,100.0,,0,0.0,,0,0.0
ETH,Ethiopia,2005,Flood,4,211.0,3,75.0,242418.0,2,50.0,6200000.0,2,50.0,10221000.0,2,50.0
ETH,Ethiopia,2005,Volcanic activity,1,,0,0.0,9000.0,1,100.0,,0,0.0,,0,0.0
ETH,Ethiopia,2006,Epidemic,2,351.0,2,100.0,32848.0,2,100.0,,0,0.0,,0,0.0
ETH,Ethiopia,2006,Flood,7,951.0,6,85.71,434146.0,7,100.0,3200000.0,1,14.29,5110000.0,1,14.29
ETH,Ethiopia,2007,Flood,2,17.0,1,50.0,245386.0,2,100.0,,0,0.0,,0,0.0
ETH,Ethiopia,2007,Volcanic activity,1,5.0,1,100.0,2000.0,1,100.0,,0,0.0,,0,0.0
ETH,Ethiopia,2008,Drought,1,,0,0.0,6400000.0,1,100.0,,0,0.0,,0,0.0
ETH,Ethiopia,2008,Epidemic,1,20.0,1,100.0,3134.0,1,100.0,,0,0.0,,0,0.0
ETH,Ethiopia,2008,Flood,3,45.0,3,100.0,116440.0,3,100.0,,0,0.0,,0,0.0
ETH,Ethiopia,2009,Drought,1,,0,0.0,6200000.0,1,100.0,,0,0.0,,0,0.0
ETH,Ethiopia,2009,Epidemic,1,135.0,1,100.0,13652.0,1,100.0,,0,0.0,,0,0.0
ETH,Ethiopia,2010,Epidemic,1,16.0,1,100.0,967.0,1,100.0,,0,0.0,,0,0.0
ETH,Ethiopia,2010,Flood,2,19.0,1,50.0,80700.0,2,100.0,,0,0.0,,0,0.0
ETH,Ethiopia,2011,Drought,1,,0,0.0,4805679.0,1,100.0,,0,0.0,,0,0.0
ETH,Ethiopia,2011,Flood,1,,0,0.0,40200.0,1,100.0,,0,0.0,,0,0.0
ETH,Ethiopia,2012,Drought,1,,0,0.0,1000000.0,1,100.0,,0,0.0,,0,0.0
ETH,Ethiopia,2013,Epidemic,3,110.0,2,66.67,288.0,3,100.0,,0,0.0,,0,0.0
ETH,Ethiopia,2013,Flood,1,,0,0.0,51500.0,1,100.0,2200000.0,1,100.0,3040000.0,1,100.0
ETH,Ethiopia,2015,Drought,1,,0,0.0,10200000.0,1,100.0,1400000000.0,1,100.0,1901636000.0,1,100.0
ETH,Ethiopia,2015,Flood,1,,0,0.0,210600.0,1,100.0,,0,0.0,,0,0.0
ETH,Ethiopia,2016,Flood,2,128.0,2,100.0,493080.0,2,100.0,,0,0.0,,0,0.0
ETH,Ethiopia,2018,Epidemic,1,,0,0.0,4000.0,1,100.0,,0,0.0,,0,0.0
ETH,Ethiopia,2018,Mass movement (wet),2,44.0,2,100.0,21.0,2,100.0,36000.0,1,50.0,46000.0,1,50.0
ETH,Ethiopia,2019,Epidemic,2,70.0,2,100.0,1801.0,2,100.0,,0,0.0,,0,0.0
ETH,Ethiopia,2019,Flood,1,,0,0.0,200000.0,1,100.0,,0,0.0,,0,0.0
ETH,Ethiopia,2019,Infestation,1,,0,0.0,,0,0.0,,0,0.0,,0,0.0
ETH,Ethiopia,2019,Mass movement (wet),1,23.0,1,100.0,,0,0.0,,0,0.0,,0,0.0
ETH,Ethiopia,2020,Flood,2,12.0,1,50.0,1229854.0,2,100.0,,0,0.0,,0,0.0
ETH,Ethiopia,2020,Mass movement (wet),2,22.0,2,100.0,,0,0.0,,0,0.0,,0,0.0
ETH,Ethiopia,2021,Drought,1,,0,0.0,6800000.0,1,100.0,,0,0.0,,0,0.0
ETH,Ethiopia,2021,Flood,1,16.0,1,100.0,,0,0.0,,0,0.0,,0,0.0
ETH,Ethiopia,2022,Drought,1,,0,0.0,24100000.0,1,100.0,640000000.0,1,100.0,704050000.0,1,100.0
ETH,Ethiopia,2022,Epidemic,1,271.0,1,100.0,20000.0,1,100.0,,0,0.0,,0,0.0
ETH,Ethiopia,2022,Flood,1,,0,0.0,264831.0,1,100.0,,0,0.0,,0,0.0
ETH,Ethiopia,2023,Flood,2,151.0,2,100.0,1740000.0,2,100.0,,0,0.0,,0,0.0
ETH,Ethiopia,2024,Flood,1,5.0,1,100.0,181548.0,1,100.0,,0,0.0,,0,0.0
ETH,Ethiopia,2024,Mass movement (wet),2,270.0,2,100.0,15527.0,1,50.0,,0,0.0,,0,0.0
ETH,Ethiopia,2025,Earthquake,2,3.0,2,100.0,142961.0,2,100.0,,0,0.0,,0,0.0
ETH,Ethiopia,2025,Epidemic,1,14.0,1,100.0,,0,0.0,,0,0.0,,0,0.0
ETH,Ethiopia,2025,Storm,1,1.0,1,100.0,38624.0,1,100.0,,0,0.0,,0,0.0
ETH,Ethiopia,2026,Flood,1,131.0,1,100.0,14263.0,1,100.0,,0,0.0,,0,0.0
ETH,Ethiopia,2026,Mass movement (wet),1,14.0,1,100.0,5.0,1,100.0,,0,0.0,,0,0.0
FIN,Finland,2005,Flood,1,,0,0.0,400.0,1,100.0,,0,0.0,,0,0.0
FIN,Finland,2022,Extreme temperature,1,225.0,1,100.0,,0,0.0,,0,0.0,,0,0.0
FIN,Finland,2023,Extreme temperature,1,138.0,1,100.0,,0,0.0,,0,0.0,,0,0.0
FIN,Finland,2024,Extreme temperature,1,152.0,1,100.0,,0,0.0,,0,0.0,,0,0.0
FIN,Finland,2025,Extreme temperature,1,105.0,1,100.0,,0,0.0,,0,0.0,,0,0.0
FJI,Fiji,2003,Storm,1,17.0,1,100.0,30000.0,1,100.0,30000000.0,1,100.0,52503000.0,1,100.0
FJI,Fiji,2004,Flood,1,,0,0.0,600.0,1,100.0,,0,0.0,,0,0.0
FJI,Fiji,2004,Storm,1,16.0,1,100.0,5000.0,1,100.0,4000000.0,1,100.0,6818000.0,1,100.0
FJI,Fiji,2006,Flood,1,4.0,1,100.0,224.0,1,100.0,500000.0,1,100.0,799000.0,1,100.0
FJI,Fiji,2006,Storm,1,,0,0.0,168.0,1,100.0,,0,0.0,,0,0.0
FJI,Fiji,2007,Flood,2,6.0,2,100.0,900.0,1,50.0,37000000.0,2,100.0,57450000.0,2,100.0
FJI,Fiji,2007,Storm,2,1.0,1,50.0,69.0,1,50.0,652000.0,1,50.0,1012000.0,1,50.0
FJI,Fiji,2008,Storm,1,7.0,1,100.0,,0,0.0,30000000.0,1,100.0,44859000.0,1,100.0
FJI,Fiji,2009,Flood,1,12.0,1,100.0,10556.0,1,100.0,43247000.0,1,100.0,64898000.0,1,100.0
FJI,Fiji,2009,Storm,1,2.0,1,100.0,3845.0,1,100.0,13300000.0,1,100.0,19959000.0,1,100.0
FJI,Fiji,2010,Storm,1,2.0,1,100.0,39101.0,1,100.0,39427000.0,1,100.0,58211000.0,1,100.0
FJI,Fiji,2012,Flood,2,15.0,2,100.0,19545.0,2,100.0,89000000.0,2,100.0,124798000.0,2,100.0
FJI,Fiji,2012,Storm,1,2.0,1,100.0,8400.0,1,100.0,8400000.0,1,100.0,11779000.0,1,100.0
FJI,Fiji,2015,Drought,1,,0,0.0,67000.0,1,100.0,,0,0.0,,0,0.0
FJI,Fiji,2016,Storm,2,47.0,2,100.0,545558.0,2,100.0,600000000.0,1,50.0,804833000.0,1,50.0
FJI,Fiji,2018,Storm,2,7.0,1,50.0,179200.0,2,100.0,60000000.0,2,100.0,76926000.0,2,100.0
FJI,Fiji,2019,Epidemic,1,,0,0.0,14.0,1,100.0,,0,0.0,,0,0.0
FJI,Fiji,2019,Storm,1,1.0,1,100.0,7780.0,1,100.0,,0,0.0,,0,0.0
FJI,Fiji,2020,Storm,3,8.0,3,100.0,205115.0,3,100.0,14120000.0,2,66.67,17564000.0,2,66.67
FJI,Fiji,2021,Storm,1,6.0,1,100.0,82751.0,1,100.0,10000000.0,1,100.0,11881000.0,1,100.0
FJI,Fiji,2022,Storm,1,1.0,1,100.0,69564.0,1,100.0,25000000.0,1,100.0,27502000.0,1,100.0
FJI,Fiji,2023,Storm,1,,0,0.0,230000.0,1,100.0,,0,0.0,,0,0.0
FJI,Fiji,2026,Storm,1,1.0,1,100.0,75000.0,1,100.0,1500000.0,1,100.0,,0,0.0
FRA,France,2000,Flood,5,3.0,3,60.0,2302.0,5,100.0,,0,0.0,,0,0.0
FRA,France,2000,Storm,2,9.0,2,100.0,40207.0,2,100.0,,0,0.0,,0,0.0
FRA,France,2001,Flood,5,3.0,1,20.0,16882.0,5,100.0,132350000.0,1,20.0,240639000.0,1,20.0
FRA,France,2001,Storm,2,14.0,2,100.0,420.0,2,100.0,,0,0.0,,0,0.0
FRA,France,2002,Flood,2,25.0,1,50.0,12800.0,2,100.0,1190000000.0,1,50.0,2129880000.0,1,50.0
FRA,France,2002,Storm,2,5.0,2,100.0,253.0,2,100.0,1000000.0,1,50.0,1790000.0,1,50.0
FRA,France,2003,Extreme temperature,1,19490.0,1,100.0,,0,0.0,4400000000.0,1,100.0,7700380000.0,1,100.0
FRA,France,2003,Flood,2,10.0,2,100.0,27000.0,1,50.0,1500000000.0,1,50.0,2625130000.0,1,50.0
FRA,France,2003,Storm,2,6.0,2,100.0,70.0,1,50.0,50000.0,1,50.0,88000.0,1,50.0
FRA,France,2003,Wildfire,1,5.0,1,100.0,3004.0,1,100.0,,0,0.0,,0,0.0
FRA,France,2004,Storm,1,11.0,1,100.0,,0,0.0,,0,0.0,,0,0.0
FRA,France,2005,Extreme temperature,2,8.0,2,100.0,,0,0.0,,0,0.0,,0,0.0
FRA,France,2005,Flood,2,3.0,2,100.0,4000.0,2,100.0,,0,0.0,,0,0.0
FRA,France,2005,Wildfire,1,2.0,1,100.0,,0,0.0,10000000.0,1,100.0,16485000.0,1,100.0
FRA,France,2006,Extreme temperature,1,1388.0,1,100.0,,0,0.0,,0,0.0,,0,0.0
FRA,France,2006,Storm,2,5.0,2,100.0,602.0,1,50.0,,0,0.0,,0,0.0
FRA,France,2007,Storm,3,5.0,3,100.0,900.0,1,33.33,250000000.0,1,33.33,388178000.0,1,33.33
FRA,France,2008,Storm,2,3.0,1,50.0,2706.0,2,100.0,80000000.0,1,50.0,119624000.0,1,50.0
FRA,France,2009,Extreme temperature,3,7.0,3,100.0,200.0,1,33.33,,0,0.0,,0,0.0
FRA,France,2009,Storm,1,11.0,1,100.0,,0,0.0,3200000000.0,1,100.0,4802050000.0,1,100.0
FRA,France,2009,Wildfire,1,,0,0.0,,0,0.0,,0,0.0,,0,0.0
FRA,France,2010,Extreme temperature,1,3.0,1,100.0,,0,0.0,,0,0.0,,0,0.0
FRA,France,2010,Flood,1,26.0,1,100.0,1000.0,1,100.0,1500000000.0,1,100.0,2214640000.0,1,100.0
FRA,France,2010,Storm,2,53.0,1,50.0,500079.0,1,50.0,4230000000.0,1,50.0,6245285000.0,1,50.0
FRA,France,2011,Flood,1,6.0,1,100.0,2300.0,1,100.0,,0,0.0,,0,0.0
FRA,France,2012,Extreme temperature,1,12.0,1,100.0,,0,0.0,,0,0.0,,0,0.0
FRA,France,2013,Flood,2,3.0,2,100.0,3200.0,2,100.0,655000000.0,1,50.0,905200000.0,1,50.0
FRA,France,2013,Storm,2,2.0,2,100.0,,0,0.0,,0,0.0,,0,0.0
FRA,France,2014,Flood,3,14.0,3,100.0,4000.0,2,66.67,303000000.0,1,33.33,412057000.0,1,33.33
FRA,France,2014,Storm,4,8.0,2,50.0,,0,0.0,182000000.0,1,25.0,247506000.0,1,25.0
FRA,France,2015,Extreme temperature,1,3275.0,1,100.0,,0,0.0,,0,0.0,,0,0.0
FRA,France,2015,Flood,1,20.0,1,100.0,,0,0.0,924000000.0,1,100.0,1255080000.0,1,100.0
FRA,France,2015,Storm,1,3.0,1,100.0,750.0,1,100.0,,0,0.0,,0,0.0
FRA,France,2016,Flood,1,4.0,1,100.0,24.0,1,100.0,2400000000.0,1,100.0,3219333000.0,1,100.0
FRA,France,2017,Flood,1,1.0,1,100.0,160.0,1,100.0,,0,0.0,,0,0.0
FRA,France,2017,Storm,1,2.0,1,100.0,11.0,1,100.0,550000000.0,1,100.0,722376000.0,1,100.0
FRA,France,2017,Wildfire,1,,0,0.0,12012.0,1,100.0,,0,0.0,,0,0.0
FRA,France,2018,Extreme temperature,2,3.0,1,50.0,,0,0.0,,0,0.0,,0,0.0
FRA,France,2018,Flood,2,15.0,1,50.0,4226.0,2,100.0,712000000.0,2,100.0,912853000.0,2,100.0
FRA,France,2018,Storm,3,6.0,1,33.33,30.0,1,33.33,200000000.0,1,33.33,256419000.0,1,33.33
FRA,France,2019,Earthquake,1,,0,0.0,754.0,1,100.0,,0,0.0,,0,0.0
FRA,France,2019,Extreme temperature,2,1435.0,2,100.0,,0,0.0,,0,0.0,,0,0.0
FRA,France,2019,Flood,2,8.0,2,100.0,1102.0,2,100.0,,0,0.0,,0,0.0
FRA,France,2019,Storm,6,9.0,4,66.67,1456.0,6,100.0,415000000.0,2,33.33,522599000.0,2,33.33
FRA,France,2020,Extreme temperature,1,1924.0,1,100.0,,0,0.0,,0,0.0,,0,0.0
FRA,France,2020,Flood,3,2.0,1,33.33,906.0,3,100.0,53000000.0,1,33.33,65928000.0,1,33.33
FRA,France,2020,Storm,4,18.0,1,25.0,13011.0,2,50.0,967000000.0,1,25.0,1202880000.0,1,25.0
FRA,France,2021,Extreme temperature,1,,0,0.0,,0,0.0,5600000000.0,1,100.0,6653440000.0,1,100.0
FRA,France,2021,Flood,6,2.0,2,33.33,2147.0,6,100.0,33000000.0,2,33.33,39208000.0,2,33.33
FRA,France,2021,Storm,2,,0,0.0,255.0,1,50.0,,0,0.0,,0,0.0
FRA,France,2022,Drought,1,,0,0.0,,0,0.0,,0,0.0,,0,0.0
FRA,France,2022,Extreme temperature,1,4807.0,1,100.0,,0,0.0,,0,0.0,,0,0.0
FRA,France,2022,Storm,4,6.0,2,50.0,60378.0,4,100.0,,0,0.0,,0,0.0
FRA,France,2023,Earthquake,1,,0,0.0,752.0,1,100.0,445000000.0,1,100.0,470180000.0,1,100.0
FRA,France,2023,Extreme temperature,1,2734.0,1,100.0,,0,0.0,,0,0.0,,0,0.0
FRA,France,2023,Flood,2,1.0,1,50.0,9550.0,2,100.0,1650000000.0,1,50.0,1743364000.0,1,50.0
FRA,France,2023,Storm,3,2.0,1,33.33,517066.0,2,66.67,40000000.0,1,33.33,42263000.0,1,33.33
FRA,France,2023,Wildfire,1,,0,0.0,141.0,1,100.0,,0,0.0,,0,0.0
FRA,France,2024,Extreme temperature,1,2451.0,1,100.0,,0,0.0,,0,0.0,,0,0.0
FRA,France,2024,Flood,2,1.0,1,50.0,3235.0,2,100.0,,0,0.0,,0,0.0
FRA,France,2024,Storm,2,8.0,1,50.0,27.0,2,100.0,,0,0.0,,0,0.0
FRA,France,2025,Extreme temperature,1,2062.0,1,100.0,,0,0.0,,0,0.0,,0,0.0
FRA,France,2025,Storm,1,,0,0.0,1902.0,1,100.0,,0,0.0,,0,0.0
FRA,France,2025,Wildfire,2,1.0,1,50.0,483.0,2,100.0,10000000.0,1,50.0,10000000.0,1,50.0
FRA,France,2026,Flood,1,1.0,1,100.0,6000.0,1,100.0,,0,0.0,,0,0.0
FRA,France,2026,Storm,3,12.0,3,100.0,1369.0,3,100.0,,0,0.0,,0,0.0
FRA,France,2026,Wildfire,1,,0,0.0,2886.0,1,100.0,,0,0.0,,0,0.0
FSM,Micronesia (Federated States of),2000,Epidemic,1,19.0,1,100.0,3431.0,1,100.0,,0,0.0,,0,0.0
FSM,Micronesia (Federated States of),2002,Storm,2,47.0,1,50.0,1623.0,2,100.0,15500000.0,2,100.0,27742000.0,2,100.0
FSM,Micronesia (Federated States of),2003,Storm,1,,0,0.0,1000.0,1,100.0,1700000.0,1,100.0,2975000.0,1,100.0
FSM,Micronesia (Federated States of),2004,Storm,1,1.0,1,100.0,6008.0,1,100.0,,0,0.0,,0,0.0
FSM,Micronesia (Federated States of),2008,Flood,1,,0,0.0,,0,0.0,,0,0.0,,0,0.0
FSM,Micronesia (Federated States of),2015,Storm,1,5.0,1,100.0,35000.0,1,100.0,11000000.0,1,100.0,14941000.0,1,100.0
FSM,Micronesia (Federated States of),2016,Drought,1,,0,0.0,100000.0,1,100.0,,0,0.0,,0,0.0
FSM,Micronesia (Federated States of),2019,Storm,1,,0,0.0,10000.0,1,100.0,,0,0.0,,0,0.0
FSM,Micronesia (Federated States of),2023,Drought,1,,0,0.0,113401.0,1,100.0,,0,0.0,,0,0.0
FSM,Micronesia (Federated States of),2026,Storm,1,,0,0.0,34000.0,1,100.0,96000000.0,1,100.0,,0,0.0
GAB,Gabon,2001,Epidemic,1,50.0,1,100.0,10.0,1,100.0,,0,0.0,,0,0.0
GAB,Gabon,2004,Epidemic,1,1.0,1,100.0,100.0,1,100.0,,0,0.0,,0,0.0
GAB,Gabon,2007,Epidemic,1,,0,0.0,17900.0,1,100.0,,0,0.0,,0,0.0
GAB,Gabon,2009,Storm,1,,0,0.0,800.0,1,100.0,,0,0.0,,0,0.0
GAB,Gabon,2010,Epidemic,2,,0,0.0,551.0,2,100.0,,0,0.0,,0,0.0
GAB,Gabon,2010,Storm,2,,0,0.0,3530.0,2,100.0,,0,0.0,,0,0.0
GAB,Gabon,2012,Flood,1,1.0,1,100.0,77845.0,1,100.0,,0,0.0,,0,0.0
GAB,Gabon,2023,Storm,1,,0,0.0,3000.0,1,100.0,,0,0.0,,0,0.0
GAB,Gabon,2024,Flood,1,,0,0.0,13400.0,1,100.0,,0,0.0,,0,0.0
GAB,Gabon,2026,Storm,1,,0,0.0,6155.0,1,100.0,,0,0.0,,0,0.0
GBR,United Kingdom of Great Britain and Northern Ireland,2000,Flood,3,3.0,1,33.33,44000.0,3,100.0,5918150000.0,2,66.67,11064499000.0,2,66.67
GBR,United Kingdom of Great Britain and Northern Ireland,2000,Storm,2,16.0,2,100.0,20104.0,2,100.0,1500000000.0,1,50.0,2804381000.0,1,50.0
GBR,United Kingdom of Great Britain and Northern Ireland,2001,Epidemic,1,11.0,1,100.0,30.0,1,100.0,,0,0.0,,0,0.0
GBR,United Kingdom of Great Britain and Northern Ireland,2001,Flood,2,,0,0.0,1150.0,2,100.0,,0,0.0,,0,0.0
GBR,United Kingdom of Great Britain and Northern Ireland,2002,Flood,3,1.0,1,33.33,1070.0,3,100.0,,0,0.0,,0,0.0
GBR,United Kingdom of Great Britain and Northern Ireland,2002,Storm,2,14.0,2,100.0,,0,0.0,400050000.0,2,100.0,716015000.0,2,100.0
GBR,United Kingdom of Great Britain and Northern Ireland,2003,Extreme temperature,1,301.0,1,100.0,,0,0.0,,0,0.0,,0,0.0
GBR,United Kingdom of Great Britain and Northern Ireland,2004,Flood,1,,0,0.0,1008.0,1,100.0,96000000.0,1,100.0,163628000.0,1,100.0
GBR,United Kingdom of Great Britain and Northern Ireland,2005,Extreme temperature,2,1.0,1,50.0,,0,0.0,,0,0.0,,0,0.0
GBR,United Kingdom of Great Britain and Northern Ireland,2005,Flood,1,2.0,1,100.0,800.0,1,100.0,,0,0.0,,0,0.0
GBR,United Kingdom of Great Britain and Northern Ireland,2005,Storm,2,10.0,2,100.0,3000.0,1,50.0,700000000.0,2,100.0,1153966000.0,2,100.0
GBR,United Kingdom of Great Britain and Northern Ireland,2007,Earthquake,1,,0,0.0,4501.0,1,100.0,60000000.0,1,100.0,93163000.0,1,100.0
GBR,United Kingdom of Great Britain and Northern Ireland,2007,Flood,3,14.0,3,100.0,370200.0,3,100.0,8448000000.0,3,100.0,13117307000.0,3,100.0
GBR,United Kingdom of Great Britain and Northern Ireland,2007,Storm,1,12.0,1,100.0,,0,0.0,1200000000.0,1,100.0,1863254000.0,1,100.0
GBR,United Kingdom of Great Britain and Northern Ireland,2008,Flood,2,8.0,1,50.0,5000.0,2,100.0,50000000.0,1,50.0,74765000.0,1,50.0
GBR,United Kingdom of Great Britain and Northern Ireland,2009,Extreme temperature,1,3.0,1,100.0,47.0,1,100.0,,0,0.0,,0,0.0
GBR,United Kingdom of Great Britain and Northern Ireland,2009,Flood,1,3.0,1,100.0,3900.0,1,100.0,484000000.0,1,100.0,726310000.0,1,100.0
GBR,United Kingdom of Great Britain and Northern Ireland,2009,Storm,1,2.0,1,100.0,180.0,1,100.0,,0,0.0,,0,0.0
GBR,United Kingdom of Great Britain and Northern Ireland,2010,Extreme temperature,1,,0,0.0,,0,0.0,,0,0.0,,0,0.0
GBR,United Kingdom of Great Britain and Northern Ireland,2010,Flood,1,,0,0.0,400.0,1,100.0,,0,0.0,,0,0.0
GBR,United Kingdom of Great Britain and Northern Ireland,2010,Storm,1,1.0,1,100.0,,0,0.0,500000.0,1,100.0,738000.0,1,100.0
GBR,United Kingdom of Great Britain and Northern Ireland,2011,Storm,1,1.0,1,100.0,,0,0.0,,0,0.0,,0,0.0
GBR,United Kingdom of Great Britain and Northern Ireland,2012,Flood,4,8.0,3,75.0,3995.0,3,75.0,3311000000.0,3,75.0,4642776000.0,3,75.0
GBR,United Kingdom of Great Britain and Northern Ireland,2013,Extreme temperature,1,760.0,1,100.0,,0,0.0,,0,0.0,,0,0.0
GBR,United Kingdom of Great Britain and Northern Ireland,2013,Flood,1,2.0,1,100.0,600.0,1,100.0,1500000000.0,1,100.0,2072976000.0,1,100.0
GBR,United Kingdom of Great Britain and Northern Ireland,2013,Storm,3,11.0,3,100.0,4200.0,1,33.33,,0,0.0,,0,0.0
GBR,United Kingdom of Great Britain and Northern Ireland,2014,Flood,1,2.0,1,100.0,1000.0,1,100.0,624000000.0,1,100.0,848592000.0,1,100.0
GBR,United Kingdom of Great Britain and Northern Ireland,2014,Storm,1,5.0,1,100.0,18000.0,1,100.0,100000000.0,1,100.0,135992000.0,1,100.0
GBR,United Kingdom of Great Britain and Northern Ireland,2015,Flood,1,,0,0.0,48000.0,1,100.0,1200000000.0,1,100.0,1629974000.0,1,100.0
GBR,United Kingdom of Great Britain and Northern Ireland,2015,Storm,1,3.0,1,100.0,15600.0,1,100.0,1200000000.0,1,100.0,1629974000.0,1,100.0
GBR,United Kingdom of Great Britain and Northern Ireland,2016,Storm,1,,0,0.0,7200.0,1,100.0,160000000.0,1,100.0,214622000.0,1,100.0
GBR,United Kingdom of Great Britain and Northern Ireland,2017,Flood,2,,0,0.0,300.0,2,100.0,,0,0.0,,0,0.0
GBR,United Kingdom of Great Britain and Northern Ireland,2018,Extreme temperature,1,820.0,1,100.0,,0,0.0,,0,0.0,,0,0.0
GBR,United Kingdom of Great Britain and Northern Ireland,2018,Storm,2,2.0,1,50.0,784.0,2,100.0,10000000.0,1,50.0,12821000.0,1,50.0
GBR,United Kingdom of Great Britain and Northern Ireland,2019,Extreme temperature,2,166.0,2,100.0,,0,0.0,,0,0.0,,0,0.0
GBR,United Kingdom of Great Britain and Northern Ireland,2019,Flood,1,1.0,1,100.0,4800.0,1,100.0,,0,0.0,,0,0.0
GBR,United Kingdom of Great Britain and Northern Ireland,2020,Extreme temperature,1,2556.0,1,100.0,,0,0.0,,0,0.0,,0,0.0
GBR,United Kingdom of Great Britain and Northern Ireland,2020,Flood,1,,0,0.0,480.0,1,100.0,,0,0.0,,0,0.0
GBR,United Kingdom of Great Britain and Northern Ireland,2020,Storm,2,4.0,2,100.0,6400.0,1,50.0,,0,0.0,,0,0.0
GBR,United Kingdom of Great Britain and Northern Ireland,2021,Storm,1,1.0,1,100.0,,0,0.0,,0,0.0,,0,0.0
GBR,United Kingdom of Great Britain and Northern Ireland,2022,Drought,1,,0,0.0,,0,0.0,,0,0.0,,0,0.0
GBR,United Kingdom of Great Britain and Northern Ireland,2022,Extreme temperature,1,3469.0,1,100.0,,0,0.0,,0,0.0,,0,0.0
GBR,United Kingdom of Great Britain and Northern Ireland,2022,Storm,3,6.0,3,100.0,,0,0.0,491342000.0,1,33.33,540514000.0,1,33.33
GBR,United Kingdom of Great Britain and Northern Ireland,2023,Extreme temperature,1,1851.0,1,100.0,,0,0.0,,0,0.0,,0,0.0
GBR,United Kingdom of Great Britain and Northern Ireland,2023,Storm,1,,0,0.0,,0,0.0,,0,0.0,,0,0.0
GBR,United Kingdom of Great Britain and Northern Ireland,2024,Extreme temperature,1,573.0,1,100.0,,0,0.0,,0,0.0,,0,0.0
GBR,United Kingdom of Great Britain and Northern Ireland,2024,Storm,1,5.0,1,100.0,750.0,1,100.0,,0,0.0,,0,0.0
GBR,United Kingdom of Great Britain and Northern Ireland,2025,Extreme temperature,1,1687.0,1,100.0,,0,0.0,,0,0.0,,0,0.0
GBR,United Kingdom of Great Britain and Northern Ireland,2025,Storm,1,,0,0.0,2055.0,1,100.0,,0,0.0,,0,0.0
GBR,United Kingdom of Great Britain and Northern Ireland,2026,Storm,1,1.0,1,100.0,180.0,1,100.0,,0,0.0,,0,0.0
GEO,Georgia,2000,Drought,1,,0,0.0,696000.0,1,100.0,200000000.0,1,100.0,373917000.0,1,100.0
GEO,Georgia,2001,Storm,1,,0,0.0,900.0,1,100.0,,0,0.0,,0,0.0
GEO,Georgia,2002,Earthquake,1,6.0,1,100.0,19156.0,1,100.0,350000000.0,1,100.0,626435000.0,1,100.0
GEO,Georgia,2004,Flood,2,1.0,1,50.0,90.0,1,50.0,2156000.0,1,50.0,3675000.0,1,50.0
GEO,Georgia,2005,Flood,1,,0,0.0,2500.0,1,100.0,,0,0.0,,0,0.0
GEO,Georgia,2006,Flood,1,,0,0.0,600.0,1,100.0,,0,0.0,,0,0.0
GEO,Georgia,2009,Earthquake,1,,0,0.0,7306.0,1,100.0,,0,0.0,,0,0.0
GEO,Georgia,2011,Flood,1,7.0,1,100.0,1750.0,1,100.0,,0,0.0,,0,0.0
GEO,Georgia,2012,Flood,1,5.0,1,100.0,100018.0,1,100.0,3000000.0,1,100.0,4207000.0,1,100.0
GEO,Georgia,2012,Storm,1,,0,0.0,6018.0,1,100.0,91000000.0,1,100.0,127603000.0,1,100.0
GEO,Georgia,2013,Flood,2,,0,0.0,25000.0,2,100.0,,0,0.0,,0,0.0
GEO,Georgia,2013,Storm,1,,0,0.0,1750.0,1,100.0,,0,0.0,,0,0.0
GEO,Georgia,2014,Flood,1,,0,0.0,12000.0,1,100.0,,0,0.0,,0,0.0
GEO,Georgia,2015,Flood,1,40.0,1,100.0,10320.0,1,100.0,23000000.0,1,100.0,31241000.0,1,100.0
GEO,Georgia,2018,Flood,1,,0,0.0,1143.0,1,100.0,,0,0.0,,0,0.0
GEO,Georgia,2019,Flood,1,,0,0.0,5088.0,1,100.0,,0,0.0,,0,0.0
GEO,Georgia,2020,Flood,1,,0,0.0,5133.0,1,100.0,,0,0.0,,0,0.0
GEO,Georgia,2021,Flood,1,,0,0.0,1780.0,1,100.0,,0,0.0,,0,0.0
GEO,Georgia,2022,Flood,1,,0,0.0,5200.0,1,100.0,,0,0.0,,0,0.0
GEO,Georgia,2023,Flood,1,,0,0.0,350000.0,1,100.0,,0,0.0,,0,0.0
GEO,Georgia,2023,Mass movement (wet),1,18.0,1,100.0,,0,0.0,,0,0.0,,0,0.0
GEO,Georgia,2025,Flood,1,,0,0.0,20000.0,1,100.0,,0,0.0,,0,0.0
GEO,Georgia,2025,Storm,1,3.0,1,100.0,28870.0,1,100.0,,0,0.0,,0,0.0
GEO,Georgia,2026,Flood,1,,0,0.0,81868.0,1,100.0,,0,0.0,,0,0.0
GHA,Ghana,2001,Epidemic,2,12.0,1,50.0,1141.0,2,100.0,,0,0.0,,0,0.0
GHA,Ghana,2001,Flood,1,12.0,1,100.0,144025.0,1,100.0,,0,0.0,,0,0.0
GHA,Ghana,2002,Flood,2,4.0,1,50.0,2200.0,2,100.0,,0,0.0,,0,0.0
GHA,Ghana,2005,Epidemic,1,40.0,1,100.0,2248.0,1,100.0,,0,0.0,,0,0.0
GHA,Ghana,2007,Flood,1,56.0,1,100.0,332600.0,1,100.0,,0,0.0,,0,0.0
GHA,Ghana,2008,Flood,1,,0,0.0,58000.0,1,100.0,,0,0.0,,0,0.0
GHA,Ghana,2009,Flood,2,40.0,2,100.0,159545.0,2,100.0,,0,0.0,,0,0.0
GHA,Ghana,2010,Epidemic,1,27.0,1,100.0,100.0,1,100.0,,0,0.0,,0,0.0
GHA,Ghana,2010,Flood,2,63.0,2,100.0,17174.0,2,100.0,,0,0.0,,0,0.0
GHA,Ghana,2011,Epidemic,1,101.0,1,100.0,10002.0,1,100.0,,0,0.0,,0,0.0
GHA,Ghana,2011,Flood,2,20.0,2,100.0,94044.0,2,100.0,,0,0.0,,0,0.0
GHA,Ghana,2012,Epidemic,2,76.0,2,100.0,5441.0,2,100.0,,0,0.0,,0,0.0
GHA,Ghana,2013,Epidemic,1,18.0,1,100.0,560.0,1,100.0,,0,0.0,,0,0.0
GHA,Ghana,2013,Flood,1,5.0,1,100.0,25000.0,1,100.0,,0,0.0,,0,0.0
GHA,Ghana,2014,Epidemic,1,249.0,1,100.0,56469.0,1,100.0,,0,0.0,,0,0.0
GHA,Ghana,2015,Epidemic,1,85.0,1,100.0,465.0,1,100.0,,0,0.0,,0,0.0
GHA,Ghana,2015,Flood,1,25.0,1,100.0,5000.0,1,100.0,12000000.0,1,100.0,16300000.0,1,100.0
GHA,Ghana,2016,Epidemic,1,,0,0.0,172.0,1,100.0,,0,0.0,,0,0.0
GHA,Ghana,2016,Flood,1,10.0,1,100.0,,0,0.0,,0,0.0,,0,0.0
GHA,Ghana,2017,Flood,1,,0,0.0,1000000.0,1,100.0,,0,0.0,,0,0.0
GHA,Ghana,2017,Storm,1,20.0,1,100.0,12.0,1,100.0,,0,0.0,,0,0.0
GHA,Ghana,2018,Flood,1,34.0,1,100.0,100000.0,1,100.0,,0,0.0,,0,0.0
GHA,Ghana,2019,Flood,2,32.0,2,100.0,26102.0,1,50.0,,0,0.0,,0,0.0
GHA,Ghana,2020,Flood,2,7.0,2,100.0,200.0,1,50.0,,0,0.0,,0,0.0
GHA,Ghana,2021,Flood,2,9.0,2,100.0,326.0,2,100.0,,0,0.0,,0,0.0
GHA,Ghana,2022,Flood,1,,0,0.0,5000.0,1,100.0,,0,0.0,,0,0.0
GHA,Ghana,2023,Flood,2,8.0,1,50.0,41114.0,2,100.0,,0,0.0,,0,0.0
GIN,Guinea,2000,Epidemic,1,190.0,1,100.0,322.0,1,100.0,,0,0.0,,0,0.0
GIN,Guinea,2001,Epidemic,1,12.0,1,100.0,143.0,1,100.0,,0,0.0,,0,0.0
GIN,Guinea,2001,Flood,1,9.0,1,100.0,220000.0,1,100.0,,0,0.0,,0,0.0
GIN,Guinea,2002,Epidemic,1,23.0,1,100.0,123.0,1,100.0,,0,0.0,,0,0.0
GIN,Guinea,2003,Epidemic,1,24.0,1,100.0,43.0,1,100.0,,0,0.0,,0,0.0
GIN,Guinea,2004,Epidemic,1,100.0,1,100.0,1092.0,1,100.0,,0,0.0,,0,0.0
GIN,Guinea,2004,Wildfire,1,,0,0.0,777.0,1,100.0,,0,0.0,,0,0.0
GIN,Guinea,2005,Epidemic,1,72.0,1,100.0,1884.0,1,100.0,,0,0.0,,0,0.0
GIN,Guinea,2006,Epidemic,2,129.0,2,100.0,298.0,2,100.0,,0,0.0,,0,0.0
GIN,Guinea,2006,Flood,1,,0,0.0,1200.0,1,100.0,,0,0.0,,0,0.0
GIN,Guinea,2007,Epidemic,1,90.0,1,100.0,2410.0,1,100.0,,0,0.0,,0,0.0
GIN,Guinea,2007,Flood,1,,0,0.0,20685.0,1,100.0,,0,0.0,,0,0.0
GIN,Guinea,2008,Flood,1,,0,0.0,4200.0,1,100.0,,0,0.0,,0,0.0
GIN,Guinea,2009,Flood,1,2.0,1,100.0,40000.0,1,100.0,,0,0.0,,0,0.0
GIN,Guinea,2010,Flood,2,8.0,2,100.0,48026.0,2,100.0,,0,0.0,,0,0.0
GIN,Guinea,2011,Flood,1,,0,0.0,20143.0,1,100.0,,0,0.0,,0,0.0
GIN,Guinea,2012,Epidemic,1,105.0,1,100.0,5523.0,1,100.0,,0,0.0,,0,0.0
GIN,Guinea,2013,Epidemic,1,,0,0.0,143.0,1,100.0,,0,0.0,,0,0.0
GIN,Guinea,2013,Flood,1,,0,0.0,11106.0,1,100.0,,0,0.0,,0,0.0
GIN,Guinea,2014,Epidemic,1,2544.0,1,100.0,3814.0,1,100.0,,0,0.0,,0,0.0
GIN,Guinea,2015,Flood,1,9.0,1,100.0,29628.0,1,100.0,,0,0.0,,0,0.0
GIN,Guinea,2015,Mass movement (wet),1,7.0,1,100.0,492.0,1,100.0,,0,0.0,,0,0.0
GIN,Guinea,2017,Epidemic,1,,0,0.0,122.0,1,100.0,,0,0.0,,0,0.0
GIN,Guinea,2017,Flood,1,,0,0.0,3287.0,1,100.0,,0,0.0,,0,0.0
GIN,Guinea,2020,Flood,1,,0,0.0,49541.0,1,100.0,,0,0.0,,0,0.0
GIN,Guinea,2021,Epidemic,1,1.0,1,100.0,173.0,1,100.0,,0,0.0,,0,0.0
GIN,Guinea,2021,Flood,1,5.0,1,100.0,71664.0,1,100.0,,0,0.0,,0,0.0
GIN,Guinea,2022,Flood,1,,0,0.0,49536.0,1,100.0,,0,0.0,,0,0.0
GIN,Guinea,2023,Flood,1,8.0,1,100.0,25072.0,1,100.0,,0,0.0,,0,0.0
GIN,Guinea,2024,Flood,1,5.0,1,100.0,176000.0,1,100.0,,0,0.0,,0,0.0
GIN,Guinea,2025,Storm,1,15.0,1,100.0,10.0,1,100.0,,0,0.0,,0,0.0
GIN,Guinea,2026,Mass movement (wet),1,36.0,1,100.0,1633.0,1,100.0,,0,0.0,,0,0.0
GLP,Guadeloupe,2004,Earthquake,1,1.0,1,100.0,153.0,1,100.0,,0,0.0,,0,0.0
GLP,Guadeloupe,2007,Storm,1,,0,0.0,,0,0.0,300000000.0,1,100.0,465813000.0,1,100.0
GLP,Guadeloupe,2010,Epidemic,1,,0,0.0,33000.0,1,100.0,,0,0.0,,0,0.0
GLP,Guadeloupe,2017,Storm,1,4.0,1,100.0,80002.0,1,100.0,120000000.0,1,100.0,157609000.0,1,100.0
GLP,Guadeloupe,2022,Storm,1,1.0,1,100.0,,0,0.0,,0,0.0,,0,0.0
GMB,Gambia,2000,Epidemic,1,21.0,1,100.0,116.0,1,100.0,,0,0.0,,0,0.0
GMB,Gambia,2001,Flood,1,1.0,1,100.0,250.0,1,100.0,,0,0.0,,0,0.0
GMB,Gambia,2002,Drought,1,,0,0.0,,0,0.0,,0,0.0,,0,0.0
GMB,Gambia,2003,Storm,1,3.0,1,100.0,8019.0,1,100.0,,0,0.0,,0,0.0
GMB,Gambia,2004,Infestation,1,,0,0.0,,0,0.0,,0,0.0,,0,0.0
GMB,Gambia,2004,Storm,1,2.0,1,100.0,6137.0,1,100.0,,0,0.0,,0,0.0
GMB,Gambia,2007,Flood,1,,0,0.0,300.0,1,100.0,,0,0.0,,0,0.0
GMB,Gambia,2008,Flood,1,,0,0.0,400.0,1,100.0,,0,0.0,,0,0.0
GMB,Gambia,2008,Storm,1,,0,0.0,300.0,1,100.0,,0,0.0,,0,0.0
GMB,Gambia,2009,Flood,1,5.0,1,100.0,14258.0,1,100.0,,0,0.0,,0,0.0
GMB,Gambia,2009,Storm,1,,0,0.0,2350.0,1,100.0,,0,0.0,,0,0.0
GMB,Gambia,2010,Flood,2,9.0,2,100.0,38961.0,2,100.0,,0,0.0,,0,0.0
GMB,Gambia,2012,Drought,1,,0,0.0,428000.0,1,100.0,,0,0.0,,0,0.0
GMB,Gambia,2013,Flood,1,2.0,1,100.0,3300.0,1,100.0,,0,0.0,,0,0.0
GMB,Gambia,2014,Epidemic,1,,0,0.0,,0,0.0,,0,0.0,,0,0.0
GMB,Gambia,2015,Drought,1,,0,0.0,63100.0,1,100.0,,0,0.0,,0,0.0
GMB,Gambia,2017,Flood,1,6.0,1,100.0,20000.0,1,100.0,,0,0.0,,0,0.0
GMB,Gambia,2019,Storm,1,4.0,1,100.0,15101.0,1,100.0,,0,0.0,,0,0.0
GMB,Gambia,2021,Storm,1,10.0,1,100.0,16949.0,1,100.0,,0,0.0,,0,0.0
GMB,Gambia,2022,Flood,1,6.0,1,100.0,17201.0,1,100.0,,0,0.0,,0,0.0
GMB,Gambia,2025,Flood,2,9.0,2,100.0,21377.0,2,100.0,,0,0.0,,0,0.0
GNB,Guinea-Bissau,2002,Drought,1,,0,0.0,100000.0,1,100.0,,0,0.0,,0,0.0
GNB,Guinea-Bissau,2003,Flood,1,,0,0.0,,0,0.0,,0,0.0,,0,0.0
GNB,Guinea-Bissau,2004,Epidemic,1,3.0,1,100.0,199.0,1,100.0,,0,0.0,,0,0.0
GNB,Guinea-Bissau,2004,Flood,1,3.0,1,100.0,1000.0,1,100.0,,0,0.0,,0,0.0
GNB,Guinea-Bissau,2005,Epidemic,1,399.0,1,100.0,25111.0,1,100.0,,0,0.0,,0,0.0
GNB,Guinea-Bissau,2006,Drought,1,,0,0.0,32000.0,1,100.0,,0,0.0,,0,0.0
GNB,Guinea-Bissau,2008,Epidemic,1,221.0,1,100.0,14004.0,1,100.0,,0,0.0,,0,0.0
GNB,Guinea-Bissau,2008,Flood,1,,0,0.0,750.0,1,100.0,,0,0.0,,0,0.0
GNB,Guinea-Bissau,2010,Flood,1,2.0,1,100.0,56792.0,1,100.0,,0,0.0,,0,0.0
GNB,Guinea-Bissau,2018,Storm,1,3.0,1,100.0,11541.0,1,100.0,,0,0.0,,0,0.0
GNB,Guinea-Bissau,2025,Storm,1,,0,0.0,3032.0,1,100.0,,0,0.0,,0,0.0
GNB,Guinea-Bissau,2026,Wildfire,1,,0,0.0,2051.0,1,100.0,,0,0.0,,0,0.0
GNQ,Equatorial Guinea,2004,Epidemic,1,15.0,1,100.0,946.0,1,100.0,,0,0.0,,0,0.0
GNQ,Equatorial Guinea,2023,Epidemic,1,23.0,1,100.0,1.0,1,100.0,,0,0.0,,0,0.0
GNQ,Equatorial Guinea,2025,Flood,1,,0,0.0,23115.0,1,100.0,,0,0.0,,0,0.0
GRC,Greece,2000,Earthquake,1,,0,0.0,600.0,1,100.0,,0,0.0,,0,0.0
GRC,Greece,2000,Extreme temperature,1,27.0,1,100.0,176.0,1,100.0,3000000.0,1,100.0,5609000.0,1,100.0
GRC,Greece,2000,Flood,2,1.0,1,50.0,6600.0,2,100.0,,0,0.0,,0,0.0
GRC,Greece,2000,Wildfire,2,9.0,2,100.0,109.0,2,100.0,,0,0.0,,0,0.0
GRC,Greece,2001,Earthquake,1,,0,0.0,300.0,1,100.0,,0,0.0,,0,0.0
GRC,Greece,2001,Flood,2,11.0,1,50.0,1050.0,2,100.0,,0,0.0,,0,0.0
GRC,Greece,2002,Earthquake,1,,0,0.0,167.0,1,100.0,,0,0.0,,0,0.0
GRC,Greece,2002,Flood,3,,0,0.0,390.0,2,66.67,,0,0.0,,0,0.0
GRC,Greece,2002,Storm,1,2.0,1,100.0,12.0,1,100.0,,0,0.0,,0,0.0
GRC,Greece,2003,Flood,2,3.0,1,50.0,450.0,1,50.0,600000000.0,1,50.0,1050052000.0,1,50.0
GRC,Greece,2004,Storm,2,,0,0.0,,0,0.0,340000000.0,1,50.0,579514000.0,1,50.0
GRC,Greece,2006,Flood,2,1.0,1,50.0,3090.0,2,100.0,5659000.0,1,50.0,9037000.0,1,50.0
GRC,Greece,2006,Storm,1,3.0,1,100.0,600.0,1,100.0,,0,0.0,,0,0.0
GRC,Greece,2007,Extreme temperature,1,16.0,1,100.0,,0,0.0,,0,0.0,,0,0.0
GRC,Greece,2007,Flood,1,2.0,1,100.0,600.0,1,100.0,,0,0.0,,0,0.0
GRC,Greece,2007,Wildfire,1,65.0,1,100.0,5392.0,1,100.0,1750000000.0,1,100.0,2717245000.0,1,100.0
GRC,Greece,2008,Earthquake,1,2.0,1,100.0,3708.0,1,100.0,,0,0.0,,0,0.0
GRC,Greece,2009,Wildfire,2,,0,0.0,1040.0,1,50.0,,0,0.0,,0,0.0
GRC,Greece,2010,Flood,1,1.0,1,100.0,150.0,1,100.0,,0,0.0,,0,0.0
GRC,Greece,2012,Extreme temperature,1,5.0,1,100.0,,0,0.0,,0,0.0,,0,0.0
GRC,Greece,2012,Flood,1,2.0,1,100.0,200.0,1,100.0,,0,0.0,,0,0.0
GRC,Greece,2014,Earthquake,2,3.0,1,50.0,77025.0,2,100.0,628000000.0,2,100.0,854031000.0,2,100.0
GRC,Greece,2014,Flood,1,,0,0.0,2320.0,1,100.0,,0,0.0,,0,0.0
GRC,Greece,2015,Flood,1,3.0,1,100.0,500.0,1,100.0,,0,0.0,,0,0.0
GRC,Greece,2016,Flood,1,4.0,1,100.0,200.0,1,100.0,56000000.0,1,100.0,75118000.0,1,100.0
GRC,Greece,2017,Earthquake,2,3.0,2,100.0,851.0,2,100.0,,0,0.0,,0,0.0
GRC,Greece,2017,Extreme temperature,1,,0,0.0,,0,0.0,,0,0.0,,0,0.0
GRC,Greece,2017,Flood,1,23.0,1,100.0,6024.0,1,100.0,,0,0.0,,0,0.0
GRC,Greece,2018,Wildfire,1,100.0,1,100.0,4718.0,1,100.0,,0,0.0,,0,0.0
GRC,Greece,2019,Storm,1,7.0,1,100.0,123.0,1,100.0,,0,0.0,,0,0.0
GRC,Greece,2020,Earthquake,1,2.0,1,100.0,919.0,1,100.0,,0,0.0,,0,0.0
GRC,Greece,2020,Flood,2,8.0,1,50.0,2970.0,2,100.0,30000000.0,1,50.0,37318000.0,1,50.0
GRC,Greece,2020,Storm,1,4.0,1,100.0,480.0,1,100.0,240000000.0,1,100.0,298543000.0,1,100.0
GRC,Greece,2021,Earthquake,2,1.0,1,50.0,5047.0,2,100.0,40000000.0,2,100.0,47524000.0,2,100.0
GRC,Greece,2021,Wildfire,1,2.0,1,100.0,7500.0,1,100.0,580000000.0,1,100.0,689106000.0,1,100.0
GRC,Greece,2022,Extreme temperature,1,3092.0,1,100.0,,0,0.0,,0,0.0,,0,0.0
GRC,Greece,2022,Wildfire,1,,0,0.0,55000.0,1,100.0,,0,0.0,,0,0.0
GRC,Greece,2023,Extreme temperature,1,4339.0,1,100.0,,0,0.0,,0,0.0,,0,0.0
GRC,Greece,2023,Flood,1,17.0,1,100.0,5260.0,1,100.0,,0,0.0,,0,0.0
GRC,Greece,2023,Storm,1,,0,0.0,250.0,1,100.0,,0,0.0,,0,0.0
GRC,Greece,2023,Wildfire,2,23.0,2,100.0,19011.0,1,50.0,200000000.0,1,50.0,211317000.0,1,50.0
GRC,Greece,2024,Extreme temperature,1,5980.0,1,100.0,,0,0.0,,0,0.0,,0,0.0
GRC,Greece,2024,Flood,1,,0,0.0,,0,0.0,,0,0.0,,0,0.0
GRC,Greece,2024,Wildfire,1,1.0,1,100.0,900.0,1,100.0,60000000.0,1,100.0,61579000.0,1,100.0
GRC,Greece,2025,Extreme temperature,1,1372.0,1,100.0,,0,0.0,,0,0.0,,0,0.0
GRC,Greece,2025,Storm,1,,0,0.0,,0,0.0,,0,0.0,,0,0.0
GRC,Greece,2025,Wildfire,1,,0,0.0,60.0,1,100.0,,0,0.0,,0,0.0
GRC,Greece,2026,Earthquake,1,,0,0.0,420.0,1,100.0,,0,0.0,,0,0.0
GRC,Greece,2026,Wildfire,1,2.0,1,100.0,300.0,1,100.0,,0,0.0,,0,0.0
GRD,Grenada,2002,Storm,1,,0,0.0,75.0,1,100.0,,0,0.0,,0,0.0
GRD,Grenada,2004,Storm,1,39.0,1,100.0,113700.0,1,100.0,889000000.0,1,100.0,1515260000.0,1,100.0
GRD,Grenada,2005,Storm,1,1.0,1,100.0,,0,0.0,44900000.0,1,100.0,74019000.0,1,100.0
GRD,Grenada,2010,Drought,1,,0,0.0,,0,0.0,,0,0.0,,0,0.0
GRD,Grenada,2024,Drought,1,,0,0.0,100000.0,1,100.0,,0,0.0,,0,0.0
GRD,Grenada,2024,Storm,1,8.0,1,100.0,12027.0,1,100.0,218000000.0,1,100.0,223736000.0,1,100.0
GTM,Guatemala,2000,Flood,2,36.0,2,100.0,2986.0,2,100.0,,0,0.0,,0,0.0
GTM,Guatemala,2000,Storm,1,1.0,1,100.0,,0,0.0,,0,0.0,,0,0.0
GTM,Guatemala,2000,Volcanic activity,1,,0,0.0,800.0,1,100.0,,0,0.0,,0,0.0
GTM,Guatemala,2001,Drought,1,41.0,1,100.0,113596.0,1,100.0,14000000.0,1,100.0,25455000.0,1,100.0
GTM,Guatemala,2001,Earthquake,1,6.0,1,100.0,152.0,1,100.0,50000.0,1,100.0,91000.0,1,100.0
GTM,Guatemala,2001,Extreme temperature,1,,0,0.0,1850.0,1,100.0,,0,0.0,,0,0.0
GTM,Guatemala,2001,Storm,1,8.0,1,100.0,6446.0,1,100.0,100000.0,1,100.0,182000.0,1,100.0
GTM,Guatemala,2002,Epidemic,1,1.0,1,100.0,2042.0,1,100.0,,0,0.0,,0,0.0
GTM,Guatemala,2002,Flood,1,,0,0.0,98740.0,1,100.0,,0,0.0,,0,0.0
GTM,Guatemala,2002,Mass movement (wet),1,68.0,1,100.0,474.0,1,100.0,,0,0.0,,0,0.0
GTM,Guatemala,2002,Storm,1,2.0,1,100.0,1500.0,1,100.0,100000.0,1,100.0,179000.0,1,100.0
GTM,Guatemala,2003,Mass movement (wet),1,22.0,1,100.0,220.0,1,100.0,,0,0.0,,0,0.0
GTM,Guatemala,2003,Wildfire,1,,0,0.0,,0,0.0,,0,0.0,,0,0.0
GTM,Guatemala,2005,Flood,1,,0,0.0,,0,0.0,,0,0.0,,0,0.0
GTM,Guatemala,2005,Mass movement (wet),2,70.0,2,100.0,2535.0,2,100.0,,0,0.0,,0,0.0
GTM,Guatemala,2005,Storm,1,1513.0,1,100.0,475314.0,1,100.0,988300000.0,1,100.0,1629236000.0,1,100.0
GTM,Guatemala,2006,Extreme temperature,1,6.0,1,100.0,,0,0.0,,0,0.0,,0,0.0
GTM,Guatemala,2007,Flood,2,11.0,1,50.0,2096.0,2,100.0,,0,0.0,,0,0.0
GTM,Guatemala,2007,Storm,1,,0,0.0,3905.0,1,100.0,,0,0.0,,0,0.0
GTM,Guatemala,2008,Flood,2,30.0,2,100.0,197300.0,2,100.0,,0,0.0,,0,0.0
GTM,Guatemala,2008,Mass movement (wet),1,27.0,1,100.0,,0,0.0,,0,0.0,,0,0.0
GTM,Guatemala,2008,Storm,1,17.0,1,100.0,,0,0.0,,0,0.0,,0,0.0
GTM,Guatemala,2009,Drought,1,,0,0.0,2500000.0,1,100.0,,0,0.0,,0,0.0
GTM,Guatemala,2009,Flood,1,,0,0.0,10800.0,1,100.0,,0,0.0,,0,0.0
GTM,Guatemala,2009,Mass movement (dry),1,36.0,1,100.0,3028.0,1,100.0,,0,0.0,,0,0.0
GTM,Guatemala,2010,Flood,1,,0,0.0,3270.0,1,100.0,,0,0.0,,0,0.0
GTM,Guatemala,2010,Mass movement (wet),1,53.0,1,100.0,50696.0,1,100.0,500000000.0,1,100.0,738213000.0,1,100.0
GTM,Guatemala,2010,Storm,3,174.0,1,33.33,400142.0,2,66.67,650000000.0,1,33.33,959677000.0,1,33.33
GTM,Guatemala,2010,Volcanic activity,1,,0,0.0,1800.0,1,100.0,,0,0.0,,0,0.0
GTM,Guatemala,2011,Earthquake,1,3.0,1,100.0,400.0,1,100.0,,0,0.0,,0,0.0
GTM,Guatemala,2011,Extreme temperature,1,,0,0.0,2643.0,1,100.0,,0,0.0,,0,0.0
GTM,Guatemala,2011,Flood,3,59.0,3,100.0,534828.0,2,66.67,61913000.0,1,33.33,88613000.0,1,33.33
GTM,Guatemala,2011,Mass movement (wet),1,16.0,1,100.0,,0,0.0,,0,0.0,,0,0.0
GTM,Guatemala,2011,Storm,1,5.0,1,100.0,,0,0.0,,0,0.0,,0,0.0
GTM,Guatemala,2012,Drought,1,,0,0.0,266485.0,1,100.0,,0,0.0,,0,0.0
GTM,Guatemala,2012,Earthquake,1,44.0,1,100.0,1321742.0,1,100.0,210000000.0,1,100.0,294468000.0,1,100.0
GTM,Guatemala,2012,Volcanic activity,1,,0,0.0,10000.0,1,100.0,,0,0.0,,0,0.0
GTM,Guatemala,2013,Earthquake,1,1.0,1,100.0,572.0,1,100.0,2000000.0,1,100.0,2764000.0,1,100.0
GTM,Guatemala,2013,Epidemic,1,8.0,1,100.0,1977.0,1,100.0,,0,0.0,,0,0.0
GTM,Guatemala,2014,Drought,1,,0,0.0,1300000.0,1,100.0,58000000.0,1,100.0,78876000.0,1,100.0
GTM,Guatemala,2014,Earthquake,1,1.0,1,100.0,94783.0,1,100.0,,0,0.0,,0,0.0
GTM,Guatemala,2014,Extreme temperature,1,,0,0.0,8141.0,1,100.0,,0,0.0,,0,0.0
GTM,Guatemala,2014,Flood,1,6.0,1,100.0,87500.0,1,100.0,,0,0.0,,0,0.0
GTM,Guatemala,2014,Storm,1,5.0,1,100.0,100000.0,1,100.0,,0,0.0,,0,0.0
GTM,Guatemala,2015,Epidemic,1,,0,0.0,15211.0,1,100.0,,0,0.0,,0,0.0
GTM,Guatemala,2015,Flood,2,8.0,2,100.0,65136.0,2,100.0,,0,0.0,,0,0.0
GTM,Guatemala,2015,Mass movement (wet),1,350.0,1,100.0,1112.0,1,100.0,5000000.0,1,100.0,6792000.0,1,100.0
GTM,Guatemala,2016,Mass movement (wet),1,10.0,1,100.0,46.0,1,100.0,,0,0.0,,0,0.0
GTM,Guatemala,2016,Storm,1,,0,0.0,55.0,1,100.0,,0,0.0,,0,0.0
GTM,Guatemala,2017,Earthquake,1,,0,0.0,3601.0,1,100.0,,0,0.0,,0,0.0
GTM,Guatemala,2017,Flood,4,1.0,1,25.0,42559.0,4,100.0,,0,0.0,,0,0.0
GTM,Guatemala,2017,Mass movement (wet),1,11.0,1,100.0,,0,0.0,,0,0.0,,0,0.0
GTM,Guatemala,2017,Storm,1,8.0,1,100.0,3175.0,1,100.0,,0,0.0,,0,0.0
GTM,Guatemala,2018,Drought,1,,0,0.0,1500000.0,1,100.0,44669000.0,1,100.0,57270000.0,1,100.0
GTM,Guatemala,2018,Flood,2,2.0,1,50.0,76945.0,2,100.0,,0,0.0,,0,0.0
GTM,Guatemala,2018,Volcanic activity,1,461.0,1,100.0,1714414.0,1,100.0,,0,0.0,,0,0.0
GTM,Guatemala,2019,Epidemic,1,17.0,1,100.0,6264.0,1,100.0,,0,0.0,,0,0.0
GTM,Guatemala,2019,Storm,2,4.0,2,100.0,78453.0,2,100.0,,0,0.0,,0,0.0
GTM,Guatemala,2020,Flood,2,3.0,1,50.0,20070.0,2,100.0,,0,0.0,,0,0.0
GTM,Guatemala,2020,Storm,3,164.0,3,100.0,2854072.0,3,100.0,386000000.0,1,33.33,480157000.0,1,33.33
GTM,Guatemala,2021,Flood,3,2.0,1,33.33,24616.0,3,100.0,,0,0.0,,0,0.0
GTM,Guatemala,2022,Earthquake,1,3.0,1,100.0,31302.0,1,100.0,,0,0.0,,0,0.0
GTM,Guatemala,2022,Flood,1,48.0,1,100.0,2890023.0,1,100.0,204000000.0,1,100.0,224416000.0,1,100.0
GTM,Guatemala,2022,Storm,1,4.0,1,100.0,457311.0,1,100.0,,0,0.0,,0,0.0
GTM,Guatemala,2023,Flood,1,78.0,1,100.0,4400005.0,1,100.0,,0,0.0,,0,0.0
GTM,Guatemala,2023,Mass movement (wet),1,86.0,1,100.0,123325.0,1,100.0,,0,0.0,,0,0.0
GTM,Guatemala,2023,Volcanic activity,1,,0,0.0,1054.0,1,100.0,,0,0.0,,0,0.0
GTM,Guatemala,2024,Flood,1,18.0,1,100.0,606115.0,1,100.0,,0,0.0,,0,0.0
GTM,Guatemala,2024,Storm,2,10.0,1,50.0,64640.0,2,100.0,,0,0.0,,0,0.0
GTM,Guatemala,2024,Wildfire,2,,0,0.0,200.0,1,50.0,,0,0.0,,0,0.0
GTM,Guatemala,2025,Earthquake,2,18.0,2,100.0,29100.0,2,100.0,,0,0.0,,0,0.0
GTM,Guatemala,2025,Storm,1,16.0,1,100.0,4726.0,1,100.0,,0,0.0,,0,0.0
GUF,French Guiana,2000,Mass movement (wet),1,10.0,1,100.0,5.0,1,100.0,,0,0.0,,0,0.0
GUF,French Guiana,2020,Flood,1,,0,0.0,139.0,1,100.0,,0,0.0,,0,0.0
GUM,Guam,2002,Storm,2,1.0,1,50.0,15167.0,2,100.0,130000000.0,2,100.0,232676000.0,2,100.0
GUM,Guam,2004,Storm,2,1.0,1,50.0,300.0,1,50.0,1000000.0,1,50.0,1704000.0,1,50.0
GUM,Guam,2023,Storm,1,2.0,1,100.0,100000.0,1,100.0,4300000000.0,1,100.0,4543312000.0,1,100.0
GUM,Guam,2026,Storm,2,2.0,1,50.0,4.0,1,50.0,458000000.0,1,50.0,,0,0.0
GUY,Guyana,2005,Flood,1,34.0,1,100.0,274774.0,1,100.0,465100000.0,1,100.0,766728000.0,1,100.0
GUY,Guyana,2006,Flood,1,,0,0.0,35000.0,1,100.0,169000000.0,1,100.0,269894000.0,1,100.0
GUY,Guyana,2008,Flood,1,,0,0.0,100000.0,1,100.0,,0,0.0,,0,0.0
GUY,Guyana,2010,Drought,1,,0,0.0,,0,0.0,14700000.0,1,100.0,21703000.0,1,100.0
GUY,Guyana,2015,Flood,1,,0,0.0,199000.0,1,100.0,,0,0.0,,0,0.0
GUY,Guyana,2017,Flood,1,,0,0.0,3274.0,1,100.0,,0,0.0,,0,0.0
GUY,Guyana,2021,Flood,1,,0,0.0,34500.0,1,100.0,,0,0.0,,0,0.0
GUY,Guyana,2022,Flood,1,,0,0.0,500.0,1,100.0,,0,0.0,,0,0.0
HKG,"China, Hong Kong Special Administrative Region",2003,Storm,2,4.0,1,50.0,3533.0,2,100.0,,0,0.0,,0,0.0
HKG,"China, Hong Kong Special Administrative Region",2008,Storm,3,2.0,1,33.33,207.0,3,100.0,380000.0,1,33.33,568000.0,1,33.33
HKG,"China, Hong Kong Special Administrative Region",2009,Storm,1,,0,0.0,350.0,1,100.0,,0,0.0,,0,0.0
HKG,"China, Hong Kong Special Administrative Region",2010,Storm,1,1.0,1,100.0,15000.0,1,100.0,,0,0.0,,0,0.0
HKG,"China, Hong Kong Special Administrative Region",2017,Storm,2,1.0,1,50.0,156.0,1,50.0,755500000.0,1,50.0,992282000.0,1,50.0
HKG,"China, Hong Kong Special Administrative Region",2018,Storm,1,,0,0.0,300.0,1,100.0,,0,0.0,,0,0.0
HKG,"China, Hong Kong Special Administrative Region",2021,Storm,2,2.0,2,100.0,175.0,2,100.0,,0,0.0,,0,0.0
HKG,"China, Hong Kong Special Administrative Region",2023,Flood,1,,0,0.0,119.0,1,100.0,,0,0.0,,0,0.0
HKG,"China, Hong Kong Special Administrative Region",2023,Storm,2,,0,0.0,86.0,1,50.0,,0,0.0,,0,0.0
HKG,"China, Hong Kong Special Administrative Region",2025,Flood,1,,0,0.0,,0,0.0,,0,0.0,,0,0.0
HKG,"China, Hong Kong Special Administrative Region",2025,Storm,2,,0,0.0,1001.0,2,100.0,255000000.0,1,50.0,255000000.0,1,50.0
HND,Honduras,2000,Drought,1,,0,0.0,1125.0,1,100.0,,0,0.0,,0,0.0
HND,Honduras,2000,Storm,1,6.0,1,100.0,,0,0.0,,0,0.0,,0,0.0
HND,Honduras,2000,Wildfire,1,,0,0.0,,0,0.0,,0,0.0,,0,0.0
HND,Honduras,2001,Drought,1,,0,0.0,195000.0,1,100.0,,0,0.0,,0,0.0
HND,Honduras,2001,Storm,1,21.0,1,100.0,86321.0,1,100.0,5000000.0,1,100.0,9091000.0,1,100.0
HND,Honduras,2002,Drought,1,,0,0.0,220000.0,1,100.0,,0,0.0,,0,0.0
HND,Honduras,2002,Epidemic,1,8.0,1,100.0,4530.0,1,100.0,,0,0.0,,0,0.0
HND,Honduras,2002,Flood,2,10.0,1,50.0,2689.0,2,100.0,100000000.0,1,50.0,178982000.0,1,50.0
HND,Honduras,2003,Flood,2,10.0,2,100.0,3105.0,2,100.0,20000000.0,1,50.0,35002000.0,1,50.0
HND,Honduras,2004,Drought,1,,0,0.0,137500.0,1,100.0,,0,0.0,,0,0.0
HND,Honduras,2005,Flood,1,8.0,1,100.0,800.0,1,100.0,,0,0.0,,0,0.0
HND,Honduras,2005,Storm,4,53.0,2,50.0,103869.0,3,75.0,115500000.0,2,50.0,190404000.0,2,50.0
HND,Honduras,2006,Flood,1,4.0,1,100.0,1500.0,1,100.0,8000000.0,1,100.0,12776000.0,1,100.0
HND,Honduras,2007,Earthquake,1,,0,0.0,1883.0,1,100.0,,0,0.0,,0,0.0
HND,Honduras,2007,Flood,2,6.0,2,100.0,15500.0,2,100.0,,0,0.0,,0,0.0
HND,Honduras,2007,Storm,1,1.0,1,100.0,19500.0,1,100.0,6579000.0,1,100.0,10215000.0,1,100.0
HND,Honduras,2008,Flood,1,67.0,1,100.0,313357.0,1,100.0,,0,0.0,,0,0.0
HND,Honduras,2008,Storm,1,,0,0.0,,0,0.0,,0,0.0,,0,0.0
HND,Honduras,2009,Drought,1,,0,0.0,45000.0,1,100.0,,0,0.0,,0,0.0
HND,Honduras,2009,Earthquake,1,7.0,1,100.0,50136.0,1,100.0,100000000.0,1,100.0,150064000.0,1,100.0
HND,Honduras,2009,Epidemic,1,7.0,1,100.0,11771.0,1,100.0,,0,0.0,,0,0.0
HND,Honduras,2010,Epidemic,1,67.0,1,100.0,27000.0,1,100.0,,0,0.0,,0,0.0
HND,Honduras,2010,Flood,2,122.0,2,100.0,5010.0,2,100.0,,0,0.0,,0,0.0
HND,Honduras,2010,Storm,2,22.0,2,100.0,24675.0,1,50.0,90000000.0,1,50.0,132878000.0,1,50.0
HND,Honduras,2011,Flood,1,33.0,1,100.0,69798.0,1,100.0,,0,0.0,,0,0.0
HND,Honduras,2012,Drought,1,,0,0.0,125000.0,1,100.0,,0,0.0,,0,0.0
HND,Honduras,2013,Epidemic,1,27.0,1,100.0,34128.0,1,100.0,,0,0.0,,0,0.0
HND,Honduras,2014,Drought,1,,0,0.0,2023000.0,1,100.0,,0,0.0,,0,0.0
HND,Honduras,2014,Flood,2,4.0,1,50.0,23000.0,2,100.0,1400000.0,1,50.0,1904000.0,1,50.0
HND,Honduras,2016,Flood,1,6.0,1,100.0,450000.0,1,100.0,,0,0.0,,0,0.0
HND,Honduras,2016,Storm,1,1.0,1,100.0,151.0,1,100.0,,0,0.0,,0,0.0
HND,Honduras,2017,Flood,3,18.0,3,100.0,48020.0,3,100.0,,0,0.0,,0,0.0
HND,Honduras,2017,Storm,1,3.0,1,100.0,120.0,1,100.0,,0,0.0,,0,0.0
HND,Honduras,2018,Drought,1,,0,0.0,360000.0,1,100.0,,0,0.0,,0,0.0
HND,Honduras,2018,Flood,1,6.0,1,100.0,6948.0,1,100.0,,0,0.0,,0,0.0
HND,Honduras,2019,Epidemic,1,128.0,1,100.0,71216.0,1,100.0,,0,0.0,,0,0.0
HND,Honduras,2020,Flood,1,3.0,1,100.0,17700.0,1,100.0,,0,0.0,,0,0.0
HND,Honduras,2020,Storm,3,129.0,3,100.0,5145784.0,3,100.0,,0,0.0,,0,0.0
HND,Honduras,2021,Wildfire,1,,0,0.0,2503.0,1,100.0,,0,0.0,,0,0.0
HND,Honduras,2022,Flood,2,9.0,1,50.0,78457.0,2,100.0,,0,0.0,,0,0.0
HND,Honduras,2022,Storm,1,5.0,1,100.0,144000.0,1,100.0,,0,0.0,,0,0.0
HND,Honduras,2023,Drought,1,,0,0.0,10300.0,1,100.0,,0,0.0,,0,0.0
HND,Honduras,2023,Storm,2,5.0,2,100.0,46658.0,1,50.0,,0,0.0,,0,0.0
HND,Honduras,2024,Storm,2,3.0,2,100.0,129216.0,2,100.0,,0,0.0,,0,0.0
HND,Honduras,2025,Flood,1,16.0,1,100.0,34073.0,1,100.0,,0,0.0,,0,0.0
HND,Honduras,2025,Storm,1,1.0,1,100.0,25000.0,1,100.0,,0,0.0,,0,0.0
HND,Honduras,2026,Drought,1,,0,0.0,1000000.0,1,100.0,,0,0.0,,0,0.0
HRV,Croatia,2000,Extreme temperature,1,40.0,1,100.0,200.0,1,100.0,240000000.0,1,100.0,448701000.0,1,100.0
HRV,Croatia,2000,Flood,1,,0,0.0,600.0,1,100.0,,0,0.0,,0,0.0
HRV,Croatia,2000,Wildfire,1,1.0,1,100.0,,0,0.0,17750000.0,1,100.0,33185000.0,1,100.0
HRV,Croatia,2001,Flood,1,,0,0.0,1200.0,1,100.0,,0,0.0,,0,0.0
HRV,Croatia,2003,Drought,1,,0,0.0,,0,0.0,330000000.0,1,100.0,577529000.0,1,100.0
HRV,Croatia,2003,Extreme temperature,1,788.0,1,100.0,,0,0.0,,0,0.0,,0,0.0
HRV,Croatia,2003,Wildfire,1,,0,0.0,,0,0.0,20000000.0,1,100.0,35002000.0,1,100.0
HRV,Croatia,2005,Extreme temperature,1,5.0,1,100.0,,0,0.0,,0,0.0,,0,0.0
HRV,Croatia,2005,Flood,1,,0,0.0,250.0,1,100.0,,0,0.0,,0,0.0
HRV,Croatia,2005,Storm,1,2.0,1,100.0,,0,0.0,,0,0.0,,0,0.0
HRV,Croatia,2006,Flood,1,,0,0.0,,0,0.0,,0,0.0,,0,0.0
HRV,Croatia,2007,Wildfire,2,12.0,1,50.0,26.0,1,50.0,,0,0.0,,0,0.0
HRV,Croatia,2010,Flood,2,,0,0.0,1110.0,2,100.0,80000000.0,1,50.0,118114000.0,1,50.0
HRV,Croatia,2012,Extreme temperature,2,7.0,2,100.0,,0,0.0,,0,0.0,,0,0.0
HRV,Croatia,2012,Flood,1,,0,0.0,1500.0,1,100.0,,0,0.0,,0,0.0
HRV,Croatia,2014,Flood,2,3.0,1,50.0,9116.0,2,100.0,,0,0.0,,0,0.0
HRV,Croatia,2015,Flood,1,,0,0.0,1200.0,1,100.0,,0,0.0,,0,0.0
HRV,Croatia,2017,Storm,1,,0,0.0,8000.0,1,100.0,161000000.0,1,100.0,211459000.0,1,100.0
HRV,Croatia,2017,Wildfire,1,,0,0.0,80.0,1,100.0,,0,0.0,,0,0.0
HRV,Croatia,2018,Flood,1,,0,0.0,471.0,1,100.0,,0,0.0,,0,0.0
HRV,Croatia,2019,Flood,1,1.0,1,100.0,65.0,1,100.0,,0,0.0,,0,0.0
HRV,Croatia,2020,Earthquake,2,9.0,2,100.0,228349.0,2,100.0,13023400000.0,2,100.0,16200196000.0,2,100.0
HRV,Croatia,2022,Extreme temperature,1,731.0,1,100.0,,0,0.0,,0,0.0,,0,0.0
HRV,Croatia,2022,Flood,1,,0,0.0,,0,0.0,,0,0.0,,0,0.0
HRV,Croatia,2023,Extreme temperature,1,561.0,1,100.0,,0,0.0,,0,0.0,,0,0.0
HRV,Croatia,2023,Flood,1,,0,0.0,177.0,1,100.0,,0,0.0,,0,0.0
HRV,Croatia,2023,Storm,1,1.0,1,100.0,6100.0,1,100.0,,0,0.0,,0,0.0
HRV,Croatia,2024,Extreme temperature,1,1255.0,1,100.0,,0,0.0,,0,0.0,,0,0.0
HRV,Croatia,2025,Extreme temperature,1,394.0,1,100.0,,0,0.0,,0,0.0,,0,0.0
HRV,Croatia,2025,Flood,1,,0,0.0,,0,0.0,,0,0.0,,0,0.0
HRV,Croatia,2026,Storm,1,,0,0.0,152.0,1,100.0,,0,0.0,,0,0.0
HTI,Haiti,2000,Flood,1,12.0,1,100.0,1200.0,1,100.0,,0,0.0,,0,0.0
HTI,Haiti,2001,Flood,1,26.0,1,100.0,5081.0,1,100.0,,0,0.0,,0,0.0
HTI,Haiti,2001,Storm,1,,0,0.0,,0,0.0,20000.0,1,100.0,36000.0,1,100.0
HTI,Haiti,2002,Flood,1,31.0,1,100.0,38339.0,1,100.0,1000000.0,1,100.0,1790000.0,1,100.0
HTI,Haiti,2002,Storm,1,4.0,1,100.0,250.0,1,100.0,,0,0.0,,0,0.0
HTI,Haiti,2003,Drought,1,,0,0.0,35000.0,1,100.0,,0,0.0,,0,0.0
HTI,Haiti,2003,Epidemic,1,40.0,1,100.0,200.0,1,100.0,,0,0.0,,0,0.0
HTI,Haiti,2003,Flood,3,62.0,2,66.67,162390.0,3,100.0,,0,0.0,,0,0.0
HTI,Haiti,2003,Storm,1,26.0,1,100.0,155.0,1,100.0,,0,0.0,,0,0.0
HTI,Haiti,2004,Flood,1,2665.0,1,100.0,31283.0,1,100.0,,0,0.0,,0,0.0
HTI,Haiti,2004,Storm,2,2757.0,2,100.0,322094.0,2,100.0,51000000.0,2,100.0,86927000.0,2,100.0
HTI,Haiti,2005,Flood,3,17.0,2,66.67,14083.0,3,100.0,,0,0.0,,0,0.0
HTI,Haiti,2005,Storm,5,71.0,5,100.0,27978.0,4,80.0,50500000.0,2,40.0,83250000.0,2,40.0
HTI,Haiti,2006,Flood,2,11.0,1,50.0,24700.0,2,100.0,,0,0.0,,0,0.0
HTI,Haiti,2006,Storm,1,5.0,1,100.0,15000.0,1,100.0,,0,0.0,,0,0.0
HTI,Haiti,2007,Flood,4,61.0,4,100.0,104961.0,4,100.0,,0,0.0,,0,0.0
HTI,Haiti,2007,Storm,3,102.0,3,100.0,115081.0,3,100.0,,0,0.0,,0,0.0
HTI,Haiti,2008,Storm,4,698.0,4,100.0,246276.0,4,100.0,,0,0.0,,0,0.0
HTI,Haiti,2009,Flood,3,21.0,2,66.67,12706.0,3,100.0,,0,0.0,,0,0.0
HTI,Haiti,2010,Earthquake,1,222570.0,1,100.0,3700000.0,1,100.0,8000000000.0,1,100.0,11811414000.0,1,100.0
HTI,Haiti,2010,Epidemic,1,6908.0,1,100.0,513997.0,1,100.0,,0,0.0,,0,0.0
HTI,Haiti,2010,Flood,3,44.0,3,100.0,22087.0,2,66.67,,0,0.0,,0,0.0
HTI,Haiti,2010,Storm,2,27.0,2,100.0,78142.0,2,100.0,,0,0.0,,0,0.0
HTI,Haiti,2011,Flood,2,36.0,2,100.0,4438.0,2,100.0,,0,0.0,,0,0.0
HTI,Haiti,2011,Storm,2,3.0,2,100.0,3044.0,2,100.0,,0,0.0,,0,0.0
HTI,Haiti,2012,Epidemic,2,50.0,2,100.0,5817.0,2,100.0,,0,0.0,,0,0.0
HTI,Haiti,2012,Flood,3,42.0,3,100.0,26465.0,3,100.0,,0,0.0,,0,0.0
HTI,Haiti,2012,Storm,2,88.0,2,100.0,209857.0,2,100.0,254000000.0,1,50.0,356166000.0,1,50.0
HTI,Haiti,2013,Flood,1,6.0,1,100.0,33265.0,1,100.0,,0,0.0,,0,0.0
HTI,Haiti,2014,Drought,1,,0,0.0,1000000.0,1,100.0,2000000.0,1,100.0,2720000.0,1,100.0
HTI,Haiti,2014,Epidemic,1,,0,0.0,39343.0,1,100.0,,0,0.0,,0,0.0
HTI,Haiti,2014,Flood,1,12.0,1,100.0,30000.0,1,100.0,,0,0.0,,0,0.0
HTI,Haiti,2015,Epidemic,1,170.0,1,100.0,20000.0,1,100.0,,0,0.0,,0,0.0
HTI,Haiti,2015,Flood,1,6.0,1,100.0,45000.0,1,100.0,,0,0.0,,0,0.0
HTI,Haiti,2015,Storm,1,5.0,1,100.0,1969.0,1,100.0,,0,0.0,,0,0.0
HTI,Haiti,2016,Drought,1,,0,0.0,3600000.0,1,100.0,84000000.0,1,100.0,112677000.0,1,100.0
HTI,Haiti,2016,Epidemic,1,,0,0.0,6096.0,1,100.0,,0,0.0,,0,0.0
HTI,Haiti,2016,Flood,6,53.0,6,100.0,94505.0,5,83.33,2000000.0,1,16.67,2683000.0,1,16.67
HTI,Haiti,2016,Storm,1,546.0,1,100.0,2100439.0,1,100.0,2000000000.0,1,100.0,2682778000.0,1,100.0
HTI,Haiti,2017,Flood,2,31.0,2,100.0,50342.0,2,100.0,,0,0.0,,0,0.0
HTI,Haiti,2017,Storm,3,4.0,2,66.67,40092.0,1,33.33,,0,0.0,,0,0.0
HTI,Haiti,2018,Earthquake,1,17.0,1,100.0,39336.0,1,100.0,,0,0.0,,0,0.0
HTI,Haiti,2019,Flood,2,14.0,2,100.0,4433.0,2,100.0,,0,0.0,,0,0.0
HTI,Haiti,2020,Storm,1,39.0,1,100.0,44175.0,1,100.0,,0,0.0,,0,0.0
HTI,Haiti,2021,Earthquake,1,2575.0,1,100.0,702763.0,1,100.0,1620071000.0,1,100.0,1924830000.0,1,100.0
HTI,Haiti,2021,Flood,1,7.0,1,100.0,13380.0,1,100.0,,0,0.0,,0,0.0
HTI,Haiti,2021,Storm,2,,0,0.0,3.0,1,50.0,,0,0.0,,0,0.0
HTI,Haiti,2022,Earthquake,1,2.0,1,100.0,1017.0,1,100.0,,0,0.0,,0,0.0
HTI,Haiti,2022,Epidemic,1,511.0,1,100.0,2898.0,1,100.0,,0,0.0,,0,0.0
HTI,Haiti,2022,Flood,2,7.0,2,100.0,13000.0,2,100.0,,0,0.0,,0,0.0
HTI,Haiti,2023,Flood,2,80.0,2,100.0,225143.0,1,50.0,420000000.0,1,50.0,443765000.0,1,50.0
HTI,Haiti,2024,Flood,3,30.0,2,66.67,173830.0,3,100.0,,0,0.0,,0,0.0
HTI,Haiti,2024,Mass movement (wet),1,13.0,1,100.0,11200.0,1,100.0,,0,0.0,,0,0.0
HTI,Haiti,2024,Storm,1,1.0,1,100.0,,0,0.0,,0,0.0,,0,0.0
HTI,Haiti,2025,Flood,1,1.0,1,100.0,4116.0,1,100.0,,0,0.0,,0,0.0
HTI,Haiti,2025,Storm,1,56.0,1,100.0,2300021.0,1,100.0,,0,0.0,,0,0.0
HTI,Haiti,2026,Storm,1,12.0,1,100.0,2500.0,1,100.0,,0,0.0,,0,0.0
HUN,Hungary,2000,Flood,1,1.0,1,100.0,2000.0,1,100.0,55000000.0,1,100.0,102827000.0,1,100.0
HUN,Hungary,2001,Extreme temperature,1,81.0,1,100.0,,0,0.0,,0,0.0,,0,0.0
HUN,Hungary,2001,Flood,1,,0,0.0,10000.0,1,100.0,5000000.0,1,100.0,9091000.0,1,100.0
HUN,Hungary,2002,Flood,1,,0,0.0,1430.0,1,100.0,30000000.0,1,100.0,53694000.0,1,100.0
HUN,Hungary,2003,Drought,1,,0,0.0,,0,0.0,100000000.0,1,100.0,175009000.0,1,100.0
HUN,Hungary,2004,Flood,1,,0,0.0,393.0,1,100.0,,0,0.0,,0,0.0
HUN,Hungary,2005,Extreme temperature,1,48.0,1,100.0,,0,0.0,,0,0.0,,0,0.0
HUN,Hungary,2005,Flood,2,,0,0.0,,0,0.0,48000000.0,1,50.0,79129000.0,1,50.0
HUN,Hungary,2005,Storm,1,4.0,1,100.0,,0,0.0,,0,0.0,,0,0.0
HUN,Hungary,2006,Flood,1,,0,0.0,32000.0,1,100.0,,0,0.0,,0,0.0
HUN,Hungary,2006,Storm,1,5.0,1,100.0,300.0,1,100.0,10000000.0,1,100.0,15970000.0,1,100.0
HUN,Hungary,2007,Extreme temperature,1,500.0,1,100.0,,0,0.0,,0,0.0,,0,0.0
HUN,Hungary,2008,Extreme temperature,1,17.0,1,100.0,500.0,1,100.0,,0,0.0,,0,0.0
HUN,Hungary,2010,Flood,1,1.0,1,100.0,5000.0,1,100.0,440000000.0,1,100.0,649628000.0,1,100.0
HUN,Hungary,2012,Extreme temperature,1,16.0,1,100.0,,0,0.0,,0,0.0,,0,0.0
HUN,Hungary,2013,Earthquake,1,,0,0.0,1800.0,1,100.0,,0,0.0,,0,0.0
HUN,Hungary,2013,Flood,1,,0,0.0,48565.0,1,100.0,,0,0.0,,0,0.0
HUN,Hungary,2013,Storm,1,,0,0.0,14000.0,1,100.0,,0,0.0,,0,0.0
HUN,Hungary,2014,Flood,1,,0,0.0,6500.0,1,100.0,,0,0.0,,0,0.0
HUN,Hungary,2016,Flood,1,,0,0.0,2282.0,1,100.0,,0,0.0,,0,0.0
HUN,Hungary,2017,Storm,1,,0,0.0,1298.0,1,100.0,,0,0.0,,0,0.0
HUN,Hungary,2018,Extreme temperature,1,179.0,1,100.0,,0,0.0,,0,0.0,,0,0.0
HUN,Hungary,2019,Storm,1,,0,0.0,150000.0,1,100.0,,0,0.0,,0,0.0
HUN,Hungary,2022,Extreme temperature,1,513.0,1,100.0,,0,0.0,,0,0.0,,0,0.0
HUN,Hungary,2023,Extreme temperature,1,294.0,1,100.0,,0,0.0,,0,0.0,,0,0.0
HUN,Hungary,2024,Extreme temperature,1,1443.0,1,100.0,,0,0.0,,0,0.0,,0,0.0
HUN,Hungary,2025,Extreme temperature,1,362.0,1,100.0,,0,0.0,,0,0.0,,0,0.0
IDN,Indonesia,2000,Earthquake,5,149.0,3,60.0,270108.0,5,100.0,73000000.0,3,60.0,136480000.0,3,60.0
IDN,Indonesia,2000,Epidemic,2,25.0,2,100.0,1719.0,2,100.0,,0,0.0,,0,0.0
IDN,Indonesia,2000,Flood,3,264.0,3,100.0,475873.0,3,100.0,113000000.0,2,66.67,211263000.0,2,66.67
IDN,Indonesia,2000,Mass movement (wet),4,126.0,3,75.0,56749.0,3,75.0,54600000.0,2,50.0,102079000.0,2,50.0
IDN,Indonesia,2000,Wildfire,1,,0,0.0,,0,0.0,,0,0.0,,0,0.0
IDN,Indonesia,2001,Earthquake,2,,0,0.0,12512.0,1,50.0,,0,0.0,,0,0.0
IDN,Indonesia,2001,Flood,3,402.0,3,100.0,85694.0,3,100.0,10000000.0,1,33.33,18182000.0,1,33.33
IDN,Indonesia,2001,Mass movement (wet),4,185.0,2,50.0,23910.0,3,75.0,10000000.0,1,25.0,18182000.0,1,25.0
IDN,Indonesia,2002,Earthquake,4,11.0,2,50.0,11845.0,4,100.0,,0,0.0,,0,0.0
IDN,Indonesia,2002,Epidemic,1,17.0,1,100.0,757.0,1,100.0,,0,0.0,,0,0.0
IDN,Indonesia,2002,Flood,7,230.0,6,85.71,591570.0,6,85.71,351600000.0,2,28.57,629299000.0,2,28.57
IDN,Indonesia,2002,Mass movement (wet),1,32.0,1,100.0,5.0,1,100.0,,0,0.0,,0,0.0
IDN,Indonesia,2002,Volcanic activity,1,,0,0.0,5000.0,1,100.0,,0,0.0,,0,0.0
IDN,Indonesia,2002,Wildfire,1,,0,0.0,200.0,1,100.0,,0,0.0,,0,0.0
IDN,Indonesia,2003,Drought,1,,0,0.0,15000.0,1,100.0,1000000.0,1,100.0,1750000.0,1,100.0
IDN,Indonesia,2003,Earthquake,3,1.0,1,33.33,3249.0,3,100.0,,0,0.0,,0,0.0
IDN,Indonesia,2003,Flood,8,414.0,7,87.5,438428.0,8,100.0,,0,0.0,,0,0.0
IDN,Indonesia,2003,Mass movement (wet),3,43.0,3,100.0,1780.0,2,66.67,,0,0.0,,0,0.0
IDN,Indonesia,2003,Storm,1,76.0,1,100.0,229548.0,1,100.0,3961000.0,1,100.0,6932000.0,1,100.0
IDN,Indonesia,2004,Earthquake,6,165816.0,6,100.0,673731.0,6,100.0,4519600000.0,4,66.67,7703450000.0,4,66.67
IDN,Indonesia,2004,Epidemic,1,658.0,1,100.0,58301.0,1,100.0,,0,0.0,,0,0.0
IDN,Indonesia,2004,Flood,1,5.0,1,100.0,13000.0,1,100.0,60000000.0,1,100.0,102267000.0,1,100.0
IDN,Indonesia,2004,Mass movement (wet),4,119.0,4,100.0,5018.0,3,75.0,3500000.0,1,25.0,5966000.0,1,25.0
IDN,Indonesia,2004,Storm,2,4.0,1,50.0,3715.0,2,100.0,,0,0.0,,0,0.0
IDN,Indonesia,2004,Volcanic activity,4,2.0,1,25.0,43548.0,4,100.0,,0,0.0,,0,0.0
IDN,Indonesia,2005,Earthquake,2,916.0,2,100.0,105997.0,2,100.0,,0,0.0,,0,0.0
IDN,Indonesia,2005,Epidemic,1,,0,0.0,329.0,1,100.0,,0,0.0,,0,0.0
IDN,Indonesia,2005,Flood,3,154.0,3,100.0,20790.0,3,100.0,,0,0.0,,0,0.0
IDN,Indonesia,2005,Mass movement (wet),2,168.0,2,100.0,10.0,1,50.0,5000000.0,1,50.0,8243000.0,1,50.0
IDN,Indonesia,2005,Volcanic activity,1,,0,0.0,26000.0,1,100.0,,0,0.0,,0,0.0
IDN,Indonesia,2005,Wildfire,1,,0,0.0,,0,0.0,,0,0.0,,0,0.0
IDN,Indonesia,2006,Earthquake,5,6592.0,5,100.0,3215982.0,5,100.0,3155000000.0,2,40.0,5038552000.0,2,40.0
IDN,Indonesia,2006,Flood,8,645.0,7,87.5,698908.0,7,87.5,107300000.0,3,37.5,171359000.0,3,37.5
IDN,Indonesia,2006,Mass movement (wet),3,184.0,3,100.0,11313.0,2,66.67,37943000.0,2,66.67,60595000.0,2,66.67
IDN,Indonesia,2006,Volcanic activity,1,,0,0.0,11000.0,1,100.0,,0,0.0,,0,0.0
IDN,Indonesia,2006,Wildfire,1,,0,0.0,200.0,1,100.0,14000000.0,1,100.0,22358000.0,1,100.0
IDN,Indonesia,2007,Earthquake,4,95.0,3,75.0,619496.0,4,100.0,700000000.0,2,50.0,1086898000.0,2,50.0
IDN,Indonesia,2007,Epidemic,3,403.0,3,100.0,35211.0,3,100.0,,0,0.0,,0,0.0
IDN,Indonesia,2007,Flood,8,438.0,8,100.0,569547.0,8,100.0,971000000.0,1,12.5,1507683000.0,1,12.5
IDN,Indonesia,2007,Mass movement (wet),2,43.0,2,100.0,3990.0,1,50.0,,0,0.0,,0,0.0
IDN,Indonesia,2007,Volcanic activity,2,,0,0.0,31912.0,2,100.0,,0,0.0,,0,0.0
IDN,Indonesia,2008,Earthquake,2,8.0,2,100.0,10702.0,2,100.0,,0,0.0,,0,0.0
IDN,Indonesia,2008,Flood,12,112.0,9,75.0,476195.0,12,100.0,1733000.0,2,16.67,2591000.0,2,16.67
IDN,Indonesia,2008,Mass movement (wet),1,21.0,1,100.0,,0,0.0,,0,0.0,,0,0.0
IDN,Indonesia,2008,Volcanic activity,1,,0,0.0,600.0,1,100.0,,0,0.0,,0,0.0
IDN,Indonesia,2009,Earthquake,5,1330.0,4,80.0,2850399.0,5,100.0,2381430000.0,5,100.0,3573672000.0,5,100.0
IDN,Indonesia,2009,Flood,5,126.0,4,80.0,26804.0,5,100.0,,0,0.0,,0,0.0
IDN,Indonesia,2009,Mass movement (wet),2,29.0,2,100.0,5.0,1,50.0,,0,0.0,,0,0.0
IDN,Indonesia,2010,Earthquake,2,547.0,2,100.0,16464.0,2,100.0,,0,0.0,,0,0.0
IDN,Indonesia,2010,Flood,7,411.0,7,100.0,56590.0,6,85.71,78000000.0,1,14.29,115161000.0,1,14.29
IDN,Indonesia,2010,Mass movement (wet),1,13.0,1,100.0,18.0,1,100.0,,0,0.0,,0,0.0
IDN,Indonesia,2010,Volcanic activity,2,323.0,2,100.0,152200.0,2,100.0,,0,0.0,,0,0.0
IDN,Indonesia,2011,Earthquake,2,11.0,2,100.0,95.0,1,50.0,5850000.0,1,50.0,8373000.0,1,50.0
IDN,Indonesia,2011,Flood,6,62.0,4,66.67,19864.0,6,100.0,,0,0.0,,0,0.0
IDN,Indonesia,2011,Mass movement (wet),2,53.0,2,100.0,4.0,1,50.0,,0,0.0,,0,0.0
IDN,Indonesia,2011,Volcanic activity,2,3.0,1,50.0,8373.0,2,100.0,,0,0.0,,0,0.0
IDN,Indonesia,2012,Earthquake,2,13.0,2,100.0,7990.0,2,100.0,,0,0.0,,0,0.0
IDN,Indonesia,2012,Flood,7,41.0,6,85.71,33320.0,7,100.0,,0,0.0,,0,0.0
IDN,Indonesia,2012,Mass movement (wet),2,32.0,2,100.0,215.0,1,50.0,,0,0.0,,0,0.0
IDN,Indonesia,2012,Storm,2,21.0,2,100.0,10550.0,2,100.0,1000000.0,1,50.0,1402000.0,1,50.0
IDN,Indonesia,2013,Earthquake,3,50.0,3,100.0,59188.0,3,100.0,130000000.0,1,33.33,179658000.0,1,33.33
IDN,Indonesia,2013,Flood,10,89.0,7,70.0,591276.0,10,100.0,3006000000.0,4,40.0,4154244000.0,4,40.0
IDN,Indonesia,2013,Mass movement (wet),2,34.0,2,100.0,3.0,1,50.0,,0,0.0,,0,0.0
IDN,Indonesia,2013,Volcanic activity,1,,0,0.0,29727.0,1,100.0,,0,0.0,,0,0.0
IDN,Indonesia,2014,Flood,6,77.0,5,83.33,423227.0,6,100.0,928000000.0,4,66.67,1262009000.0,4,66.67
IDN,Indonesia,2014,Mass movement (wet),2,127.0,2,100.0,3900.0,1,50.0,,0,0.0,,0,0.0
IDN,Indonesia,2014,Volcanic activity,2,39.0,2,100.0,115160.0,2,100.0,186000000.0,2,100.0,252946000.0,2,100.0
IDN,Indonesia,2015,Drought,1,11.0,1,100.0,,0,0.0,,0,0.0,,0,0.0
IDN,Indonesia,2015,Earthquake,1,,0,0.0,12247.0,1,100.0,,0,0.0,,0,0.0
IDN,Indonesia,2015,Flood,6,9.0,3,50.0,67309.0,5,83.33,235000000.0,1,16.67,319203000.0,1,16.67
IDN,Indonesia,2015,Mass movement (wet),3,45.0,3,100.0,160.0,2,66.67,,0,0.0,,0,0.0
IDN,Indonesia,2015,Wildfire,1,19.0,1,100.0,409664.0,1,100.0,1000000000.0,1,100.0,1358312000.0,1,100.0
IDN,Indonesia,2016,Earthquake,3,105.0,2,66.67,90600.0,3,100.0,100000000.0,1,33.33,134139000.0,1,33.33
IDN,Indonesia,2016,Flood,10,89.0,7,70.0,392009.0,10,100.0,108000000.0,4,40.0,144871000.0,4,40.0
IDN,Indonesia,2016,Mass movement (wet),2,77.0,2,100.0,,0,0.0,25000000.0,1,50.0,33535000.0,1,50.0
IDN,Indonesia,2017,Earthquake,1,4.0,1,100.0,8895.0,1,100.0,,0,0.0,,0,0.0
IDN,Indonesia,2017,Flood,7,44.0,7,100.0,339880.0,7,100.0,21000000.0,2,28.57,27582000.0,2,28.57
IDN,Indonesia,2017,Mass movement (wet),2,40.0,2,100.0,50677.0,2,100.0,13000000.0,2,100.0,17075000.0,2,100.0
IDN,Indonesia,2017,Storm,1,11.0,1,100.0,2035.0,1,100.0,,0,0.0,,0,0.0
IDN,Indonesia,2017,Volcanic activity,1,,0,0.0,133349.0,1,100.0,,0,0.0,,0,0.0
IDN,Indonesia,2018,Earthquake,5,4729.0,5,100.0,2634369.0,5,100.0,2354000000.0,5,100.0,3018055000.0,5,100.0
IDN,Indonesia,2018,Flood,6,80.0,5,83.33,143464.0,6,100.0,,0,0.0,,0,0.0
IDN,Indonesia,2018,Mass movement (wet),2,48.0,2,100.0,50014.0,1,50.0,,0,0.0,,0,0.0
IDN,Indonesia,2018,Volcanic activity,2,453.0,1,50.0,97778.0,2,100.0,250000000.0,1,50.0,320524000.0,1,50.0
IDN,Indonesia,2019,Earthquake,5,51.0,4,80.0,285551.0,5,100.0,,0,0.0,,0,0.0
IDN,Indonesia,2019,Flood,11,326.0,10,90.91,928887.0,11,100.0,1318000000.0,3,27.27,1659724000.0,3,27.27
IDN,Indonesia,2019,Mass movement (wet),2,89.0,2,100.0,7503.0,2,100.0,,0,0.0,,0,0.0
IDN,Indonesia,2019,Wildfire,1,,0,0.0,,0,0.0,,0,0.0,,0,0.0
IDN,Indonesia,2020,Earthquake,1,,0,0.0,1560.0,1,100.0,,0,0.0,,0,0.0
IDN,Indonesia,2020,Flood,25,199.0,16,64.0,887964.0,24,96.0,29300000.0,4,16.0,36446000.0,4,16.0
IDN,Indonesia,2020,Mass movement (wet),1,11.0,1,100.0,170.0,1,100.0,,0,0.0,,0,0.0
IDN,Indonesia,2020,Volcanic activity,2,,0,0.0,20286.0,2,100.0,,0,0.0,,0,0.0
IDN,Indonesia,2021,Earthquake,5,122.0,3,60.0,113651.0,5,100.0,58700000.0,1,20.0,69742000.0,1,20.0
IDN,Indonesia,2021,Flood,18,60.0,9,50.0,941954.0,18,100.0,50000000.0,1,5.56,59406000.0,1,5.56
IDN,Indonesia,2021,Mass movement (wet),2,32.0,2,100.0,1661.0,2,100.0,,0,0.0,,0,0.0
IDN,Indonesia,2021,Storm,1,226.0,1,100.0,509625.0,1,100.0,800000000.0,1,100.0,950491000.0,1,100.0
IDN,Indonesia,2021,Volcanic activity,2,71.0,1,50.0,12321.0,2,100.0,20000000.0,1,50.0,23762000.0,1,50.0
IDN,Indonesia,2022,Earthquake,5,349.0,2,40.0,2251243.0,5,100.0,62000000.0,2,40.0,68205000.0,2,40.0
IDN,Indonesia,2022,Flood,13,55.0,10,76.92,353570.0,13,100.0,74000000.0,2,15.38,81406000.0,2,15.38
IDN,Indonesia,2022,Volcanic activity,2,,0,0.0,2742.0,2,100.0,,0,0.0,,0,0.0
IDN,Indonesia,2023,Drought,1,,0,0.0,18750000.0,1,100.0,,0,0.0,,0,0.0
IDN,Indonesia,2023,Earthquake,3,6.0,3,100.0,7677.0,3,100.0,,0,0.0,,0,0.0
IDN,Indonesia,2023,Flood,5,6.0,1,20.0,149467.0,5,100.0,,0,0.0,,0,0.0
IDN,Indonesia,2023,Mass movement (wet),2,60.0,2,100.0,1338.0,2,100.0,,0,0.0,,0,0.0
IDN,Indonesia,2023,Storm,2,1.0,1,50.0,990.0,2,100.0,,0,0.0,,0,0.0
IDN,Indonesia,2023,Volcanic activity,2,23.0,1,50.0,2316.0,2,100.0,,0,0.0,,0,0.0
IDN,Indonesia,2024,Earthquake,3,2.0,2,66.67,150209.0,3,100.0,70000000.0,2,66.67,71842000.0,2,66.67
IDN,Indonesia,2024,Flood,8,154.0,8,100.0,110958.0,8,100.0,,0,0.0,,0,0.0
IDN,Indonesia,2024,Mass movement (wet),6,124.0,6,100.0,519201.0,6,100.0,20000000.0,1,16.67,20526000.0,1,16.67
IDN,Indonesia,2024,Volcanic activity,3,10.0,1,33.33,22022.0,3,100.0,,0,0.0,,0,0.0
IDN,Indonesia,2025,Earthquake,3,2.0,1,33.33,908.0,3,100.0,,0,0.0,,0,0.0
IDN,Indonesia,2025,Flood,12,85.0,8,66.67,146229.0,12,100.0,,0,0.0,,0,0.0
IDN,Indonesia,2025,Mass movement (wet),2,77.0,2,100.0,591.0,2,100.0,,0,0.0,,0,0.0
IDN,Indonesia,2025,Storm,1,1345.0,1,100.0,3870000.0,1,100.0,4000000000.0,1,100.0,4000000000.0,1,100.0
IDN,Indonesia,2025,Volcanic activity,2,,0,0.0,2872.0,2,100.0,,0,0.0,,0,0.0
IDN,Indonesia,2026,Earthquake,4,109.0,3,75.0,515080.0,4,100.0,,0,0.0,,0,0.0
IDN,Indonesia,2026,Flood,2,16.0,1,50.0,21304.0,2,100.0,,0,0.0,,0,0.0
IDN,Indonesia,2026,Mass movement (wet),2,82.0,2,100.0,699.0,1,50.0,20000000.0,1,50.0,,0,0.0
IDN,Indonesia,2026,Storm,1,11.0,1,100.0,619.0,1,100.0,,0,0.0,,0,0.0
IND,India,2000,Drought,1,20.0,1,100.0,50000000.0,1,100.0,588000000.0,1,100.0,1099317000.0,1,100.0
IND,India,2000,Epidemic,8,242.0,7,87.5,1851.0,7,87.5,,0,0.0,,0,0.0
IND,India,2000,Extreme temperature,1,275.0,1,100.0,,0,0.0,,0,0.0,,0,0.0
IND,India,2000,Flood,6,2086.0,6,100.0,50386051.0,5,83.33,907500000.0,3,50.0,1696651000.0,3,50.0
IND,India,2000,Mass movement (wet),3,187.0,3,100.0,7038.0,1,33.33,,0,0.0,,0,0.0
IND,India,2000,Storm,1,,0,0.0,30000.0,1,100.0,,0,0.0,,0,0.0
IND,India,2001,Earthquake,1,20005.0,1,100.0,6321812.0,1,100.0,2623000000.0,1,100.0,4769144000.0,1,100.0
IND,India,2001,Epidemic,4,89.0,4,100.0,58889.0,4,100.0,,0,0.0,,0,0.0
IND,India,2001,Extreme temperature,2,173.0,2,100.0,,0,0.0,,0,0.0,,0,0.0
IND,India,2001,Flood,9,581.0,8,88.89,20610040.0,8,88.89,361924000.0,5,55.56,658050000.0,5,55.56
IND,India,2001,Mass movement (wet),3,98.0,3,100.0,,0,0.0,,0,0.0,,0,0.0
IND,India,2001,Storm,3,609.0,3,100.0,27000.0,1,33.33,,0,0.0,,0,0.0
IND,India,2002,Drought,1,,0,0.0,300000000.0,1,100.0,910722000.0,1,100.0,1630024000.0,1,100.0
IND,India,2002,Earthquake,1,2.0,1,100.0,200.0,1,100.0,,0,0.0,,0,0.0
IND,India,2002,Epidemic,4,180.0,3,75.0,5150.0,2,50.0,,0,0.0,,0,0.0
IND,India,2002,Extreme temperature,2,1930.0,2,100.0,,0,0.0,,0,0.0,,0,0.0
IND,India,2002,Flood,6,735.0,6,100.0,42008250.0,5,83.33,50772000.0,2,33.33,90872000.0,2,33.33
IND,India,2002,Storm,4,144.0,3,75.0,15250.0,2,50.0,416000.0,1,25.0,745000.0,1,25.0
IND,India,2003,Epidemic,1,,0,0.0,2185.0,1,100.0,,0,0.0,,0,0.0
IND,India,2003,Extreme temperature,2,1610.0,2,100.0,,0,0.0,400000000.0,1,50.0,700035000.0,1,50.0
IND,India,2003,Flood,6,452.0,6,100.0,7564545.0,5,83.33,169000000.0,1,16.67,295765000.0,1,16.67
IND,India,2003,Mass movement (wet),1,25.0,1,100.0,,0,0.0,,0,0.0,,0,0.0
IND,India,2003,Storm,7,164.0,6,85.71,531314.0,7,100.0,44000000.0,2,28.57,77003000.0,2,28.57
IND,India,2004,Earthquake,1,16389.0,1,100.0,654512.0,1,100.0,1022800000.0,1,100.0,1743316000.0,1,100.0
IND,India,2004,Flood,6,1348.0,5,83.33,33206000.0,5,83.33,2776000000.0,2,33.33,4731564000.0,2,33.33
IND,India,2005,Earthquake,1,1309.0,1,100.0,156622.0,1,100.0,1000000000.0,1,100.0,1648524000.0,1,100.0
IND,India,2005,Epidemic,5,750.0,4,80.0,157556.0,5,100.0,,0,0.0,,0,0.0
IND,India,2005,Extreme temperature,2,509.0,2,100.0,,0,0.0,,0,0.0,,0,0.0
IND,India,2005,Flood,17,2129.0,17,100.0,28281571.0,15,88.24,6190000000.0,5,29.41,10204362000.0,5,29.41
IND,India,2005,Mass movement (wet),2,262.0,2,100.0,5020.0,2,100.0,50000000.0,1,50.0,82426000.0,1,50.0
IND,India,2005,Storm,4,82.0,4,100.0,68590.0,4,100.0,,0,0.0,,0,0.0
IND,India,2006,Extreme temperature,1,47.0,1,100.0,,0,0.0,,0,0.0,,0,0.0
IND,India,2006,Flood,17,1194.0,16,94.12,7234178.0,13,76.47,3390000000.0,1,5.88,5413848000.0,1,5.88
IND,India,2006,Storm,2,190.0,2,100.0,150300.0,1,50.0,,0,0.0,,0,0.0
IND,India,2007,Extreme temperature,3,185.0,3,100.0,25.0,1,33.33,,0,0.0,,0,0.0
IND,India,2007,Flood,16,2051.0,15,93.75,38143008.0,14,87.5,376151000.0,2,12.5,584054000.0,2,12.5
IND,India,2007,Storm,1,,0,0.0,,0,0.0,,0,0.0,,0,0.0
IND,India,2008,Extreme temperature,1,70.0,1,100.0,,0,0.0,,0,0.0,,0,0.0
IND,India,2008,Flood,8,1590.0,7,87.5,13989018.0,7,87.5,145000000.0,3,37.5,216820000.0,3,37.5
IND,India,2008,Mass movement (wet),1,37.0,1,100.0,,0,0.0,,0,0.0,,0,0.0
IND,India,2008,Storm,1,111.0,1,100.0,50.0,1,100.0,25000000.0,1,100.0,37383000.0,1,100.0
IND,India,2009,Drought,1,,0,0.0,,0,0.0,,0,0.0,,0,0.0
IND,India,2009,Epidemic,1,311.0,1,100.0,1521.0,1,100.0,,0,0.0,,0,0.0
IND,India,2009,Extreme temperature,1,120.0,1,100.0,25.0,1,100.0,,0,0.0,,0,0.0
IND,India,2009,Flood,6,1500.0,6,100.0,5986008.0,3,50.0,2434000000.0,3,50.0,3652560000.0,3,50.0
IND,India,2009,Mass movement (wet),2,55.0,2,100.0,,0,0.0,,0,0.0,,0,0.0
IND,India,2009,Storm,6,218.0,6,100.0,5109085.0,4,66.67,300000000.0,1,16.67,450192000.0,1,16.67
IND,India,2010,Extreme temperature,2,350.0,2,100.0,,0,0.0,,0,0.0,,0,0.0
IND,India,2010,Flood,8,690.0,6,75.0,3772408.0,6,75.0,2149000000.0,3,37.5,3172841000.0,3,37.5
IND,India,2010,Mass movement (wet),1,17.0,1,100.0,,0,0.0,,0,0.0,,0,0.0
IND,India,2010,Storm,7,287.0,7,100.0,507080.0,4,57.14,,0,0.0,,0,0.0
IND,India,2011,Earthquake,1,112.0,1,100.0,575200.0,1,100.0,,0,0.0,,0,0.0
IND,India,2011,Extreme temperature,2,212.0,2,100.0,,0,0.0,,0,0.0,,0,0.0
IND,India,2011,Flood,7,608.0,7,100.0,12004069.0,6,85.71,1657000000.0,4,57.14,2371572000.0,4,57.14
IND,India,2011,Storm,3,106.0,3,100.0,250050.0,2,66.67,375625000.0,1,33.33,537611000.0,1,33.33
IND,India,2012,Extreme temperature,2,264.0,2,100.0,,0,0.0,,0,0.0,,0,0.0
IND,India,2012,Flood,6,279.0,6,100.0,4248360.0,6,100.0,244000000.0,4,66.67,342144000.0,4,66.67
IND,India,2012,Mass movement (dry),1,16.0,1,100.0,,0,0.0,,0,0.0,,0,0.0
IND,India,2012,Storm,1,40.0,1,100.0,70000.0,1,100.0,,0,0.0,,0,0.0
IND,India,2013,Earthquake,1,3.0,1,100.0,59350.0,1,100.0,120000000.0,1,100.0,165838000.0,1,100.0
IND,India,2013,Extreme temperature,1,557.0,1,100.0,,0,0.0,,0,0.0,,0,0.0
IND,India,2013,Flood,5,6453.0,5,100.0,3419473.0,5,100.0,1362000000.0,3,60.0,1882262000.0,3,60.0
IND,India,2013,Storm,5,106.0,5,100.0,13230004.0,2,40.0,895471000.0,2,40.0,1237527000.0,2,40.0
IND,India,2014,Extreme temperature,3,180.0,3,100.0,,0,0.0,,0,0.0,,0,0.0
IND,India,2014,Flood,7,622.0,7,100.0,5222500.0,6,85.71,16465000000.0,5,71.43,22391131000.0,5,71.43
IND,India,2014,Mass movement (wet),1,151.0,1,100.0,200.0,1,100.0,,0,0.0,,0,0.0
IND,India,2014,Storm,5,119.0,5,100.0,931564.0,4,80.0,7000000000.0,1,20.0,9519461000.0,1,20.0
IND,India,2015,Drought,1,,0,0.0,330000000.0,1,100.0,3000000000.0,1,100.0,4074935000.0,1,100.0
IND,India,2015,Earthquake,3,98.0,2,66.67,570.0,2,66.67,,0,0.0,,0,0.0
IND,India,2015,Extreme temperature,1,2248.0,1,100.0,,0,0.0,,0,0.0,,0,0.0
IND,India,2015,Flood,10,839.0,9,90.0,16413459.0,9,90.0,2880000000.0,3,30.0,3911938000.0,3,30.0
IND,India,2015,Mass movement (wet),1,3.0,1,100.0,9000.0,1,100.0,,0,0.0,,0,0.0
IND,India,2015,Storm,6,212.0,6,100.0,135100.0,2,33.33,1069000000.0,3,50.0,1452035000.0,3,50.0
IND,India,2016,Earthquake,1,8.0,1,100.0,10808.0,1,100.0,75000000.0,1,100.0,100604000.0,1,100.0
IND,India,2016,Extreme temperature,1,300.0,1,100.0,,0,0.0,,0,0.0,,0,0.0
IND,India,2016,Flood,8,666.0,8,100.0,3806000.0,6,75.0,1499000000.0,6,75.0,2010741000.0,6,75.0
IND,India,2016,Mass movement (wet),2,20.0,2,100.0,5.0,1,50.0,,0,0.0,,0,0.0
IND,India,2016,Storm,3,128.0,3,100.0,,0,0.0,1000000000.0,1,33.33,1341389000.0,1,33.33
IND,India,2016,Wildfire,1,7.0,1,100.0,,0,0.0,,0,0.0,,0,0.0
IND,India,2017,Extreme temperature,1,264.0,1,100.0,,0,0.0,,0,0.0,,0,0.0
IND,India,2017,Flood,9,1046.0,8,88.89,22271843.0,8,88.89,2117000000.0,3,33.33,2780492000.0,3,33.33
IND,India,2017,Mass movement (wet),3,96.0,3,100.0,100.0,1,33.33,,0,0.0,,0,0.0
IND,India,2017,Storm,5,940.0,4,80.0,123252.0,5,100.0,,0,0.0,,0,0.0
IND,India,2018,Drought,1,,0,0.0,8200000.0,1,100.0,1100000000.0,1,100.0,1410306000.0,1,100.0
IND,India,2018,Extreme temperature,1,44.0,1,100.0,,0,0.0,,0,0.0,,0,0.0
IND,India,2018,Flood,9,710.0,9,100.0,23307698.0,7,77.78,2864980000.0,3,33.33,3673180000.0,3,33.33
IND,India,2018,Storm,11,625.0,11,100.0,853650.0,7,63.64,2144000000.0,9,81.82,2748816000.0,9,81.82
IND,India,2018,Wildfire,1,17.0,1,100.0,,0,0.0,,0,0.0,,0,0.0
IND,India,2019,Epidemic,2,121.0,1,50.0,1318.0,2,100.0,,0,0.0,,0,0.0
IND,India,2019,Extreme temperature,2,112.0,2,100.0,450.0,1,50.0,,0,0.0,,0,0.0
IND,India,2019,Flood,5,2023.0,5,100.0,3070060.0,5,100.0,10000000000.0,1,20.0,12592748000.0,1,20.0
IND,India,2019,Storm,5,172.0,5,100.0,20130000.0,2,40.0,1810000000.0,1,20.0,2279287000.0,1,20.0
IND,India,2020,Flood,5,2104.0,4,80.0,1485002.0,4,80.0,11510000000.0,3,60.0,14317633000.0,3,60.0
IND,India,2020,Mass movement (wet),2,91.0,2,100.0,155850.0,1,50.0,,0,0.0,,0,0.0
IND,India,2020,Storm,4,121.0,4,100.0,18007500.0,2,50.0,14920000000.0,3,75.0,18559434000.0,3,75.0
IND,India,2021,Earthquake,1,2.0,1,100.0,3010.0,1,100.0,,0,0.0,,0,0.0
IND,India,2021,Flood,9,1557.0,8,88.89,1324561.0,9,100.0,3200000000.0,2,22.22,3801965000.0,2,22.22
IND,India,2021,Glacial lake outburst flood,2,250.0,2,100.0,24.0,1,50.0,210000000.0,1,50.0,249504000.0,1,50.0
IND,India,2021,Mass movement (wet),2,68.0,2,100.0,13.0,1,50.0,,0,0.0,,0,0.0
IND,India,2021,Storm,5,249.0,5,100.0,2506203.0,4,80.0,4400000000.0,2,40.0,5227703000.0,2,40.0
IND,India,2022,Extreme temperature,1,25.0,1,100.0,,0,0.0,,0,0.0,,0,0.0
IND,India,2022,Flood,3,2098.0,2,66.67,2101260.0,2,66.67,4200000000.0,1,33.33,4620325000.0,1,33.33
IND,India,2022,Mass movement (wet),1,67.0,1,100.0,,0,0.0,,0,0.0,,0,0.0
IND,India,2022,Storm,2,20.0,1,50.0,95000.0,1,50.0,,0,0.0,,0,0.0
IND,India,2023,Extreme temperature,2,190.0,2,100.0,790.0,2,100.0,,0,0.0,,0,0.0
IND,India,2023,Flood,5,1624.0,4,80.0,10750005.0,3,60.0,3000000.0,1,20.0,3170000.0,1,20.0
IND,India,2023,Glacial lake outburst flood,1,178.0,1,100.0,88400.0,1,100.0,,0,0.0,,0,0.0
IND,India,2023,Mass movement (wet),3,64.0,3,100.0,807.0,3,100.0,,0,0.0,,0,0.0
IND,India,2023,Storm,6,79.0,5,83.33,4402113.0,6,100.0,125000000.0,1,16.67,132073000.0,1,16.67
IND,India,2024,Extreme temperature,1,733.0,1,100.0,25000.0,1,100.0,,0,0.0,,0,0.0
IND,India,2024,Flood,6,285.0,6,100.0,12807193.0,4,66.67,,0,0.0,,0,0.0
IND,India,2024,Mass movement (wet),2,388.0,2,100.0,3181.0,2,100.0,140000000.0,1,50.0,143684000.0,1,50.0
IND,India,2024,Storm,6,101.0,6,100.0,6019662.0,5,83.33,73300000.0,1,16.67,75229000.0,1,16.67
IND,India,2025,Extreme temperature,1,84.0,1,100.0,,0,0.0,,0,0.0,,0,0.0
IND,India,2025,Flood,6,405.0,6,100.0,1924784.0,6,100.0,2200000.0,1,16.67,2200000.0,1,16.67
IND,India,2025,Mass movement (wet),3,154.0,3,100.0,3719.0,2,66.67,,0,0.0,,0,0.0
IND,India,2025,Storm,7,158.0,7,100.0,1839204.0,5,71.43,642900000.0,3,42.86,642900000.0,3,42.86
IND,India,2026,Flood,3,106.0,3,100.0,1144733.0,1,33.33,,0,0.0,,0,0.0
IND,India,2026,Storm,1,122.0,1,100.0,1194.0,1,100.0,10000000.0,1,100.0,,0,0.0
IRL,Ireland,2000,Epidemic,1,2.0,1,100.0,1374.0,1,100.0,,0,0.0,,0,0.0
IRL,Ireland,2000,Storm,1,1.0,1,100.0,2800.0,1,100.0,100000000.0,1,100.0,186959000.0,1,100.0
IRL,Ireland,2002,Flood,1,,0,0.0,300.0,1,100.0,,0,0.0,,0,0.0
IRL,Ireland,2004,Storm,1,,0,0.0,200.0,1,100.0,,0,0.0,,0,0.0
IRL,Ireland,2005,Storm,1,,0,0.0,,0,0.0,,0,0.0,,0,0.0
IRL,Ireland,2007,Storm,1,7.0,1,100.0,,0,0.0,,0,0.0,,0,0.0
IRL,Ireland,2009,Flood,1,,0,0.0,6800.0,1,100.0,,0,0.0,,0,0.0
IRL,Ireland,2011,Flood,1,2.0,1,100.0,600.0,1,100.0,325000000.0,1,100.0,465154000.0,1,100.0
IRL,Ireland,2014,Storm,1,1.0,1,100.0,,0,0.0,,0,0.0,,0,0.0
IRL,Ireland,2015,Storm,1,1.0,1,100.0,,0,0.0,,0,0.0,,0,0.0
IRL,Ireland,2017,Flood,2,,0,0.0,600.0,2,100.0,,0,0.0,,0,0.0
IRL,Ireland,2018,Storm,1,2.0,1,100.0,,0,0.0,,0,0.0,,0,0.0
IRL,Ireland,2020,Storm,2,,0,0.0,,0,0.0,,0,0.0,,0,0.0
IRL,Ireland,2022,Extreme temperature,1,26.0,1,100.0,,0,0.0,,0,0.0,,0,0.0
IRL,Ireland,2022,Storm,1,1.0,1,100.0,,0,0.0,,0,0.0,,0,0.0
IRL,Ireland,2023,Extreme temperature,1,60.0,1,100.0,,0,0.0,,0,0.0,,0,0.0
IRL,Ireland,2024,Extreme temperature,1,37.0,1,100.0,,0,0.0,,0,0.0,,0,0.0
IRL,Ireland,2024,Storm,1,,0,0.0,,0,0.0,,0,0.0,,0,0.0
IRL,Ireland,2025,Extreme temperature,1,13.0,1,100.0,,0,0.0,,0,0.0,,0,0.0
IRN,Iran (Islamic Republic of),2000,Earthquake,2,1.0,1,50.0,3015.0,2,100.0,,0,0.0,,0,0.0
IRN,Iran (Islamic Republic of),2000,Epidemic,1,76.0,1,100.0,,0,0.0,,0,0.0,,0,0.0
IRN,Iran (Islamic Republic of),2000,Flood,1,8.0,1,100.0,400.0,1,100.0,6000000.0,1,100.0,11218000.0,1,100.0
IRN,Iran (Islamic Republic of),2000,Storm,1,3.0,1,100.0,5500.0,1,100.0,,0,0.0,,0,0.0
IRN,Iran (Islamic Republic of),2001,Earthquake,1,,0,0.0,1000.0,1,100.0,,0,0.0,,0,0.0
IRN,Iran (Islamic Republic of),2001,Flood,4,476.0,3,75.0,1205534.0,4,100.0,103800000.0,2,50.0,188729000.0,2,50.0
IRN,Iran (Islamic Republic of),2002,Earthquake,5,230.0,3,60.0,147156.0,5,100.0,300000000.0,1,20.0,536945000.0,1,20.0
IRN,Iran (Islamic Republic of),2002,Flood,3,61.0,3,100.0,204500.0,2,66.67,63060000.0,2,66.67,112865000.0,2,66.67
IRN,Iran (Islamic Republic of),2002,Wildfire,1,,0,0.0,,0,0.0,,0,0.0,,0,0.0
IRN,Iran (Islamic Republic of),2003,Earthquake,5,26797.0,2,40.0,297049.0,5,100.0,521666000.0,2,40.0,912960000.0,2,40.0
IRN,Iran (Islamic Republic of),2003,Flood,1,,0,0.0,1370.0,1,100.0,838000.0,1,100.0,1467000.0,1,100.0
IRN,Iran (Islamic Republic of),2003,Mass movement (wet),1,20.0,1,100.0,4.0,1,100.0,,0,0.0,,0,0.0
IRN,Iran (Islamic Republic of),2004,Earthquake,1,35.0,1,100.0,498.0,1,100.0,165000000.0,1,100.0,281235000.0,1,100.0
IRN,Iran (Islamic Republic of),2004,Flood,1,34.0,1,100.0,4043.0,1,100.0,,0,0.0,,0,0.0
IRN,Iran (Islamic Republic of),2004,Storm,1,,0,0.0,2500.0,1,100.0,240000.0,1,100.0,409000.0,1,100.0
IRN,Iran (Islamic Republic of),2005,Earthquake,4,625.0,2,50.0,116888.0,4,100.0,80000000.0,1,25.0,131882000.0,1,25.0
IRN,Iran (Islamic Republic of),2005,Flood,4,109.0,4,100.0,4750.0,2,50.0,,0,0.0,,0,0.0
IRN,Iran (Islamic Republic of),2005,Storm,1,,0,0.0,8000.0,1,100.0,,0,0.0,,0,0.0
IRN,Iran (Islamic Republic of),2006,Earthquake,3,63.0,1,33.33,168494.0,3,100.0,42262000.0,1,33.33,67493000.0,1,33.33
IRN,Iran (Islamic Republic of),2006,Flood,1,14.0,1,100.0,2800.0,1,100.0,16000000.0,1,100.0,25552000.0,1,100.0
IRN,Iran (Islamic Republic of),2007,Flood,1,12.0,1,100.0,,0,0.0,22000000.0,1,100.0,34160000.0,1,100.0
IRN,Iran (Islamic Republic of),2007,Storm,1,12.0,1,100.0,185009.0,1,100.0,,0,0.0,,0,0.0
IRN,Iran (Islamic Republic of),2008,Earthquake,2,6.0,1,50.0,20715.0,2,100.0,,0,0.0,,0,0.0
IRN,Iran (Islamic Republic of),2008,Flood,2,22.0,2,100.0,1480.0,2,100.0,,0,0.0,,0,0.0
IRN,Iran (Islamic Republic of),2008,Storm,1,28.0,1,100.0,,0,0.0,,0,0.0,,0,0.0
IRN,Iran (Islamic Republic of),2009,Earthquake,1,,0,0.0,269.0,1,100.0,,0,0.0,,0,0.0
IRN,Iran (Islamic Republic of),2010,Earthquake,5,10.0,2,40.0,4753.0,5,100.0,,0,0.0,,0,0.0
IRN,Iran (Islamic Republic of),2012,Earthquake,3,312.0,2,66.67,67307.0,3,100.0,500000000.0,1,33.33,701114000.0,1,33.33
IRN,Iran (Islamic Republic of),2012,Flood,1,7.0,1,100.0,1000.0,1,100.0,,0,0.0,,0,0.0
IRN,Iran (Islamic Republic of),2013,Earthquake,3,45.0,2,66.67,5997.0,3,100.0,600000000.0,1,33.33,829190000.0,1,33.33
IRN,Iran (Islamic Republic of),2014,Earthquake,2,1.0,1,50.0,12580.0,2,100.0,45000000.0,2,100.0,61197000.0,2,100.0
IRN,Iran (Islamic Republic of),2014,Flood,1,37.0,1,100.0,440000.0,1,100.0,49000000.0,1,100.0,66636000.0,1,100.0
IRN,Iran (Islamic Republic of),2015,Flood,5,52.0,5,100.0,26430.0,4,80.0,636000000.0,3,60.0,863887000.0,3,60.0
IRN,Iran (Islamic Republic of),2016,Storm,1,4.0,1,100.0,2000.0,1,100.0,,0,0.0,,0,0.0
IRN,Iran (Islamic Republic of),2017,Earthquake,3,449.0,3,100.0,211382.0,3,100.0,742000000.0,2,66.67,974551000.0,2,66.67
IRN,Iran (Islamic Republic of),2017,Flood,2,60.0,2,100.0,2000.0,1,50.0,388000000.0,2,100.0,509603000.0,2,100.0
IRN,Iran (Islamic Republic of),2018,Earthquake,3,2.0,1,33.33,19013.0,3,100.0,20000000.0,2,66.67,25642000.0,2,66.67
IRN,Iran (Islamic Republic of),2018,Flood,1,9.0,1,100.0,7135.0,1,100.0,166000000.0,1,100.0,212828000.0,1,100.0
IRN,Iran (Islamic Republic of),2019,Earthquake,2,7.0,2,100.0,25184.0,2,100.0,90000000.0,1,50.0,113335000.0,1,50.0
IRN,Iran (Islamic Republic of),2019,Flood,3,76.0,3,100.0,10001202.0,3,100.0,2580000000.0,2,66.67,3248929000.0,2,66.67
IRN,Iran (Islamic Republic of),2020,Earthquake,1,,0,0.0,15075.0,1,100.0,,0,0.0,,0,0.0
IRN,Iran (Islamic Republic of),2020,Flood,6,40.0,4,66.67,228575.0,6,100.0,2358000000.0,3,50.0,2933186000.0,3,50.0
IRN,Iran (Islamic Republic of),2020,Infestation,1,,0,0.0,,0,0.0,,0,0.0,,0,0.0
IRN,Iran (Islamic Republic of),2020,Mass movement (wet),1,12.0,1,100.0,,0,0.0,,0,0.0,,0,0.0
IRN,Iran (Islamic Republic of),2021,Drought,1,,0,0.0,4900000.0,1,100.0,,0,0.0,,0,0.0
IRN,Iran (Islamic Republic of),2021,Earthquake,3,3.0,2,66.67,297855.0,3,100.0,175000000.0,2,66.67,207920000.0,2,66.67
IRN,Iran (Islamic Republic of),2021,Flood,1,11.0,1,100.0,1810.0,1,100.0,,0,0.0,,0,0.0
IRN,Iran (Islamic Republic of),2021,Storm,2,12.0,2,100.0,2722.0,2,100.0,,0,0.0,,0,0.0
IRN,Iran (Islamic Republic of),2022,Earthquake,2,5.0,1,50.0,34865.0,2,100.0,143000000.0,1,50.0,157311000.0,1,50.0
IRN,Iran (Islamic Republic of),2022,Flood,3,98.0,2,66.67,164790.0,3,100.0,201000000.0,1,33.33,221116000.0,1,33.33
IRN,Iran (Islamic Republic of),2023,Earthquake,3,3.0,1,33.33,304321.0,3,100.0,305000000.0,2,66.67,322258000.0,2,66.67
IRN,Iran (Islamic Republic of),2023,Storm,3,6.0,2,66.67,3467.0,3,100.0,,0,0.0,,0,0.0
IRN,Iran (Islamic Republic of),2024,Earthquake,1,4.0,1,100.0,120.0,1,100.0,,0,0.0,,0,0.0
IRN,Iran (Islamic Republic of),2024,Flood,4,44.0,3,75.0,304837.0,3,75.0,,0,0.0,,0,0.0
IRN,Iran (Islamic Republic of),2025,Flood,1,7.0,1,100.0,42131.0,1,100.0,,0,0.0,,0,0.0
IRN,Iran (Islamic Republic of),2025,Storm,3,9.0,1,33.33,1870.0,3,100.0,,0,0.0,,0,0.0
IRN,Iran (Islamic Republic of),2025,Wildfire,1,,0,0.0,50000.0,1,100.0,,0,0.0,,0,0.0
IRQ,Iraq,2003,Epidemic,1,,0,0.0,17227.0,1,100.0,,0,0.0,,0,0.0
IRQ,Iraq,2006,Flood,2,20.0,1,50.0,59910.0,2,100.0,1300000.0,1,50.0,2076000.0,1,50.0
IRQ,Iraq,2007,Epidemic,1,24.0,1,100.0,4696.0,1,100.0,,0,0.0,,0,0.0
IRQ,Iraq,2008,Epidemic,1,11.0,1,100.0,892.0,1,100.0,,0,0.0,,0,0.0
IRQ,Iraq,2008,Flood,1,4.0,1,100.0,600.0,1,100.0,,0,0.0,,0,0.0
IRQ,Iraq,2009,Flood,1,2.0,1,100.0,3000.0,1,100.0,,0,0.0,,0,0.0
IRQ,Iraq,2011,Flood,1,6.0,1,100.0,2001.0,1,100.0,,0,0.0,,0,0.0
IRQ,Iraq,2012,Flood,1,4.0,1,100.0,,0,0.0,,0,0.0,,0,0.0
IRQ,Iraq,2013,Flood,1,11.0,1,100.0,,0,0.0,,0,0.0,,0,0.0
IRQ,Iraq,2015,Epidemic,1,,0,0.0,2217.0,1,100.0,,0,0.0,,0,0.0
IRQ,Iraq,2015,Flood,1,58.0,1,100.0,65000.0,1,100.0,,0,0.0,,0,0.0
IRQ,Iraq,2017,Earthquake,1,10.0,1,100.0,5969.0,1,100.0,,0,0.0,,0,0.0
IRQ,Iraq,2018,Flood,1,21.0,1,100.0,25000.0,1,100.0,,0,0.0,,0,0.0
IRQ,Iraq,2019,Flood,1,10.0,1,100.0,5865.0,1,100.0,,0,0.0,,0,0.0
IRQ,Iraq,2020,Flood,1,8.0,1,100.0,1500.0,1,100.0,100000000.0,1,100.0,124393000.0,1,100.0
IRQ,Iraq,2021,Drought,1,,0,0.0,7000000.0,1,100.0,,0,0.0,,0,0.0
IRQ,Iraq,2021,Flood,2,16.0,2,100.0,10703.0,2,100.0,14000000.0,1,50.0,16634000.0,1,50.0
IRQ,Iraq,2022,Storm,1,1.0,1,100.0,5000.0,1,100.0,,0,0.0,,0,0.0
IRQ,Iraq,2023,Storm,1,3.0,1,100.0,,0,0.0,,0,0.0,,0,0.0
IRQ,Iraq,2024,Flood,1,3.0,1,100.0,18017.0,1,100.0,,0,0.0,,0,0.0
IRQ,Iraq,2025,Flood,2,6.0,1,50.0,46249.0,2,100.0,,0,0.0,,0,0.0
IRQ,Iraq,2025,Storm,2,,0,0.0,3301.0,2,100.0,,0,0.0,,0,0.0
IRQ,Iraq,2026,Flood,1,4.0,1,100.0,31320.0,1,100.0,,0,0.0,,0,0.0
ISL,Iceland,2000,Earthquake,2,,0,0.0,199.0,2,100.0,24000000.0,2,100.0,44870000.0,2,100.0
ISL,Iceland,2010,Volcanic activity,1,,0,0.0,,0,0.0,,0,0.0,,0,0.0
ISL,Iceland,2023,Earthquake,1,,0,0.0,3665.0,1,100.0,75000000.0,1,100.0,79244000.0,1,100.0
ISL,Iceland,2023,Extreme temperature,1,,0,0.0,,0,0.0,,0,0.0,,0,0.0
ISR,Israel,2000,Epidemic,1,12.0,1,100.0,139.0,1,100.0,,0,0.0,,0,0.0
ISR,Israel,2000,Extreme temperature,1,,0,0.0,,0,0.0,,0,0.0,,0,0.0
ISR,Israel,2000,Storm,1,3.0,1,100.0,410.0,1,100.0,2750000.0,1,100.0,5141000.0,1,100.0
ISR,Israel,2010,Flood,1,2.0,1,100.0,,0,0.0,,0,0.0,,0,0.0
ISR,Israel,2010,Wildfire,1,44.0,1,100.0,20022.0,1,100.0,270000000.0,1,100.0,398635000.0,1,100.0
ISR,Israel,2013,Storm,1,4.0,1,100.0,2003000.0,1,100.0,,0,0.0,,0,0.0
ISR,Israel,2015,Storm,1,,0,0.0,200.0,1,100.0,,0,0.0,,0,0.0
ISR,Israel,2016,Wildfire,1,,0,0.0,60137.0,1,100.0,520000000.0,1,100.0,697522000.0,1,100.0
ISR,Israel,2018,Flood,1,12.0,1,100.0,,0,0.0,,0,0.0,,0,0.0
ISR,Israel,2020,Flood,1,7.0,1,100.0,,0,0.0,580000000.0,1,100.0,721479000.0,1,100.0
ISR,Israel,2020,Wildfire,1,,0,0.0,21.0,1,100.0,,0,0.0,,0,0.0
ISR,Israel,2025,Storm,1,,0,0.0,,0,0.0,,0,0.0,,0,0.0
ISR,Israel,2025,Wildfire,1,,0,0.0,23.0,1,100.0,,0,0.0,,0,0.0
ITA,Italy,2000,Flood,4,44.0,3,75.0,50322.0,4,100.0,8050000000.0,2,50.0,15050178000.0,2,50.0
ITA,Italy,2001,Volcanic activity,1,,0,0.0,,0,0.0,3100000.0,1,100.0,5636000.0,1,100.0
ITA,Italy,2002,Drought,1,,0,0.0,,0,0.0,,0,0.0,,0,0.0
ITA,Italy,2002,Earthquake,3,32.0,2,66.67,9542.0,2,66.67,1296000000.0,2,66.67,2319601000.0,2,66.67
ITA,Italy,2002,Epidemic,1,3.0,1,100.0,9997.0,1,100.0,,0,0.0,,0,0.0
ITA,Italy,2002,Flood,3,2.0,1,33.33,10020.0,2,66.67,596000000.0,2,66.67,1066730000.0,2,66.67
ITA,Italy,2003,Earthquake,1,,0,0.0,232.0,1,100.0,561352000.0,1,100.0,982415000.0,1,100.0
ITA,Italy,2003,Extreme temperature,1,20089.0,1,100.0,,0,0.0,4400000000.0,1,100.0,7700380000.0,1,100.0
ITA,Italy,2003,Flood,2,3.0,2,100.0,1350.0,2,100.0,805000000.0,2,100.0,1408820000.0,2,100.0
ITA,Italy,2004,Storm,1,2.0,1,100.0,200.0,1,100.0,,0,0.0,,0,0.0
ITA,Italy,2005,Extreme temperature,1,9.0,1,100.0,,0,0.0,,0,0.0,,0,0.0
ITA,Italy,2006,Mass movement (wet),1,4.0,1,100.0,159.0,1,100.0,,0,0.0,,0,0.0
ITA,Italy,2006,Storm,1,1.0,1,100.0,,0,0.0,,0,0.0,,0,0.0
ITA,Italy,2007,Extreme temperature,1,6.0,1,100.0,,0,0.0,,0,0.0,,0,0.0
ITA,Italy,2007,Wildfire,1,11.0,1,100.0,,0,0.0,,0,0.0,,0,0.0
ITA,Italy,2008,Flood,3,9.0,3,100.0,300.0,1,33.33,278000000.0,1,33.33,415695000.0,1,33.33
ITA,Italy,2009,Earthquake,1,300.0,1,100.0,72000.0,1,100.0,2500000000.0,1,100.0,3751602000.0,1,100.0
ITA,Italy,2009,Extreme temperature,1,,0,0.0,,0,0.0,,0,0.0,,0,0.0
ITA,Italy,2009,Flood,1,35.0,1,100.0,5140.0,1,100.0,20000000.0,1,100.0,30013000.0,1,100.0
ITA,Italy,2009,Storm,1,3.0,1,100.0,,0,0.0,,0,0.0,,0,0.0
ITA,Italy,2009,Wildfire,1,2.0,1,100.0,,0,0.0,115000000.0,1,100.0,172574000.0,1,100.0
ITA,Italy,2010,Extreme temperature,1,,0,0.0,,0,0.0,,0,0.0,,0,0.0
ITA,Italy,2010,Flood,1,,0,0.0,300.0,1,100.0,,0,0.0,,0,0.0
ITA,Italy,2010,Storm,1,3.0,1,100.0,30805.0,1,100.0,872000000.0,1,100.0,1287444000.0,1,100.0
ITA,Italy,2011,Extreme temperature,1,10.0,1,100.0,,0,0.0,,0,0.0,,0,0.0
ITA,Italy,2011,Flood,2,16.0,2,100.0,,0,0.0,545000000.0,1,50.0,780028000.0,1,50.0
ITA,Italy,2012,Drought,1,,0,0.0,,0,0.0,1190000000.0,1,100.0,1668651000.0,1,100.0
ITA,Italy,2012,Earthquake,2,24.0,2,100.0,25400.0,2,100.0,15800000000.0,1,50.0,22155200000.0,1,50.0
ITA,Italy,2012,Extreme temperature,1,45.0,1,100.0,,0,0.0,132601000.0,1,100.0,185937000.0,1,100.0
ITA,Italy,2012,Flood,1,6.0,1,100.0,20000.0,1,100.0,15000000.0,1,100.0,21033000.0,1,100.0
ITA,Italy,2013,Flood,1,18.0,1,100.0,2700.0,1,100.0,780000000.0,1,100.0,1077948000.0,1,100.0
ITA,Italy,2014,Flood,4,10.0,4,100.0,9691.0,3,75.0,837000000.0,4,100.0,1138256000.0,4,100.0
ITA,Italy,2014,Storm,1,5.0,1,100.0,,0,0.0,250000000.0,1,100.0,339981000.0,1,100.0
ITA,Italy,2015,Flood,2,4.0,1,50.0,550.0,2,100.0,274000000.0,2,100.0,372178000.0,2,100.0
ITA,Italy,2015,Storm,1,3.0,1,100.0,,0,0.0,869000000.0,1,100.0,1180373000.0,1,100.0
ITA,Italy,2016,Earthquake,3,297.0,2,66.67,30173.0,3,100.0,5400000000.0,3,100.0,7243500000.0,3,100.0
ITA,Italy,2016,Flood,1,1.0,1,100.0,400.0,1,100.0,100000000.0,1,100.0,134139000.0,1,100.0
ITA,Italy,2017,Drought,1,,0,0.0,,0,0.0,2300000000.0,1,100.0,3020846000.0,1,100.0
ITA,Italy,2017,Earthquake,2,31.0,2,100.0,2653.0,2,100.0,18000000.0,1,50.0,23641000.0,1,50.0
ITA,Italy,2017,Flood,1,1.0,1,100.0,1000.0,1,100.0,125000000.0,1,100.0,164176000.0,1,100.0
ITA,Italy,2017,Storm,2,13.0,2,100.0,1000.0,1,50.0,219500000.0,2,100.0,288294000.0,2,100.0
ITA,Italy,2018,Extreme temperature,2,1.0,1,50.0,,0,0.0,,0,0.0,,0,0.0
ITA,Italy,2018,Flood,1,10.0,1,100.0,23.0,1,100.0,,0,0.0,,0,0.0
ITA,Italy,2018,Storm,1,12.0,1,100.0,2200.0,1,100.0,1100000000.0,1,100.0,1410306000.0,1,100.0
ITA,Italy,2018,Volcanic activity,1,,0,0.0,328.0,1,100.0,115000000.0,1,100.0,147441000.0,1,100.0
ITA,Italy,2019,Extreme temperature,1,3.0,1,100.0,,0,0.0,,0,0.0,,0,0.0
ITA,Italy,2019,Flood,1,,0,0.0,1200.0,1,100.0,,0,0.0,,0,0.0
ITA,Italy,2019,Storm,4,4.0,3,75.0,542.0,4,100.0,,0,0.0,,0,0.0
ITA,Italy,2020,Flood,3,4.0,2,66.67,960.0,3,100.0,70000000.0,2,66.67,87075000.0,2,66.67
ITA,Italy,2020,Mass movement (wet),1,3.0,1,100.0,182.0,1,100.0,,0,0.0,,0,0.0
ITA,Italy,2020,Storm,3,11.0,3,100.0,10922.0,2,66.67,60000000.0,1,33.33,74636000.0,1,33.33
ITA,Italy,2021,Flood,1,1.0,1,100.0,,0,0.0,,0,0.0,,0,0.0
ITA,Italy,2021,Wildfire,1,,0,0.0,11600.0,1,100.0,59000000.0,1,100.0,70099000.0,1,100.0
ITA,Italy,2022,Drought,1,,0,0.0,,0,0.0,,0,0.0,,0,0.0
ITA,Italy,2022,Extreme temperature,1,18010.0,1,100.0,,0,0.0,,0,0.0,,0,0.0
ITA,Italy,2022,Flood,1,12.0,1,100.0,33.0,1,100.0,,0,0.0,,0,0.0
ITA,Italy,2022,Glacial lake outburst flood,1,11.0,1,100.0,,0,0.0,,0,0.0,,0,0.0
ITA,Italy,2022,Mass movement (wet),1,12.0,1,100.0,235.0,1,100.0,,0,0.0,,0,0.0
ITA,Italy,2022,Storm,1,2.0,1,100.0,65.0,1,100.0,,0,0.0,,0,0.0
ITA,Italy,2023,Drought,1,,0,0.0,,0,0.0,,0,0.0,,0,0.0
ITA,Italy,2023,Extreme temperature,1,12743.0,1,100.0,,0,0.0,,0,0.0,,0,0.0
ITA,Italy,2023,Flood,2,17.0,2,100.0,46500.0,2,100.0,9750000000.0,1,50.0,10301695000.0,1,50.0
ITA,Italy,2023,Mass movement (wet),1,1.0,1,100.0,,0,0.0,,0,0.0,,0,0.0
ITA,Italy,2023,Storm,3,10.0,2,66.67,1310.0,2,66.67,100000000.0,1,33.33,105658000.0,1,33.33
ITA,Italy,2024,Extreme temperature,1,19038.0,1,100.0,,0,0.0,,0,0.0,,0,0.0
ITA,Italy,2024,Storm,2,4.0,2,100.0,1003.0,2,100.0,,0,0.0,,0,0.0
ITA,Italy,2025,Extreme temperature,1,6710.0,1,100.0,,0,0.0,,0,0.0,,0,0.0
ITA,Italy,2025,Flood,1,,0,0.0,250.0,1,100.0,,0,0.0,,0,0.0
ITA,Italy,2025,Storm,2,2.0,1,50.0,300.0,1,50.0,,0,0.0,,0,0.0
JAM,Jamaica,2000,Drought,1,,0,0.0,,0,0.0,6000000.0,1,100.0,11218000.0,1,100.0
JAM,Jamaica,2001,Storm,1,1.0,1,100.0,200.0,1,100.0,55487000.0,1,100.0,100887000.0,1,100.0
JAM,Jamaica,2002,Flood,1,9.0,1,100.0,25000.0,1,100.0,20000000.0,1,100.0,35796000.0,1,100.0
JAM,Jamaica,2002,Storm,2,4.0,1,50.0,1500.0,1,50.0,1030000.0,2,100.0,1844000.0,2,100.0
JAM,Jamaica,2004,Storm,2,16.0,2,100.0,350126.0,2,100.0,895000000.0,2,100.0,1525486000.0,2,100.0
JAM,Jamaica,2005,Storm,3,6.0,3,100.0,10396.0,3,100.0,34500000.0,3,100.0,56875000.0,3,100.0
JAM,Jamaica,2006,Epidemic,1,3.0,1,100.0,280.0,1,100.0,,0,0.0,,0,0.0
JAM,Jamaica,2006,Flood,1,1.0,1,100.0,5000.0,1,100.0,,0,0.0,,0,0.0
JAM,Jamaica,2007,Storm,2,5.0,2,100.0,33188.0,1,50.0,300000000.0,1,50.0,465813000.0,1,50.0
JAM,Jamaica,2008,Storm,2,13.0,2,100.0,4000.0,1,50.0,66198000.0,1,50.0,98986000.0,1,50.0
JAM,Jamaica,2010,Storm,1,15.0,1,100.0,2506.0,1,100.0,240000000.0,1,100.0,354342000.0,1,100.0
JAM,Jamaica,2012,Storm,1,2.0,1,100.0,218850.0,1,100.0,100000000.0,1,100.0,140223000.0,1,100.0
JAM,Jamaica,2014,Drought,1,,0,0.0,91545.0,1,100.0,10000000.0,1,100.0,13599000.0,1,100.0
JAM,Jamaica,2016,Storm,1,,0,0.0,125000.0,1,100.0,,0,0.0,,0,0.0
JAM,Jamaica,2017,Storm,1,,0,0.0,5000.0,1,100.0,,0,0.0,,0,0.0
JAM,Jamaica,2024,Storm,2,6.0,2,100.0,618556.0,1,50.0,362000000.0,2,100.0,371526000.0,2,100.0
JAM,Jamaica,2025,Storm,1,62.0,1,100.0,1900340.0,1,100.0,12230000000.0,1,100.0,12230000000.0,1,100.0
JOR,Jordan,2000,Drought,1,,0,0.0,150000.0,1,100.0,,0,0.0,,0,0.0
JOR,Jordan,2000,Extreme temperature,1,,0,0.0,12.0,1,100.0,,0,0.0,,0,0.0
JOR,Jordan,2000,Storm,1,9.0,1,100.0,200.0,1,100.0,,0,0.0,,0,0.0
JOR,Jordan,2018,Flood,2,34.0,2,100.0,64.0,2,100.0,,0,0.0,,0,0.0
JOR,Jordan,2023,Extreme temperature,1,,0,0.0,2000.0,1,100.0,,0,0.0,,0,0.0
JPN,Japan,2000,Earthquake,2,1.0,1,50.0,7232.0,2,100.0,500000000.0,1,50.0,934794000.0,1,50.0
JPN,Japan,2000,Flood,1,18.0,1,100.0,360110.0,1,100.0,7440000000.0,1,100.0,13909730000.0,1,100.0
JPN,Japan,2000,Storm,3,13.0,2,66.67,193041.0,3,100.0,2050000000.0,3,100.0,3832654000.0,3,100.0
JPN,Japan,2000,Volcanic activity,2,,0,0.0,16400.0,2,100.0,,0,0.0,,0,0.0
JPN,Japan,2001,Earthquake,1,2.0,1,100.0,11261.0,1,100.0,500000000.0,1,100.0,909101000.0,1,100.0
JPN,Japan,2001,Flood,1,1.0,1,100.0,138.0,1,100.0,,0,0.0,,0,0.0
JPN,Japan,2001,Storm,4,22.0,4,100.0,9888.0,4,100.0,1300000000.0,2,50.0,2363663000.0,2,50.0
JPN,Japan,2002,Storm,7,13.0,5,71.43,110299.0,5,71.43,115300000.0,4,57.14,206365000.0,4,57.14
JPN,Japan,2002,Wildfire,1,,0,0.0,222.0,1,100.0,,0,0.0,,0,0.0
JPN,Japan,2003,Earthquake,3,2.0,1,33.33,21267.0,3,100.0,1207000000.0,3,100.0,2112355000.0,3,100.0
JPN,Japan,2003,Flood,1,23.0,1,100.0,814.0,1,100.0,7000000.0,1,100.0,12251000.0,1,100.0
JPN,Japan,2003,Storm,3,21.0,2,66.67,9201.0,3,100.0,133200000.0,3,100.0,233111000.0,3,100.0
JPN,Japan,2004,Earthquake,1,40.0,1,100.0,62183.0,1,100.0,28000000000.0,1,100.0,47724716000.0,1,100.0
JPN,Japan,2004,Extreme temperature,1,10.0,1,100.0,300.0,1,100.0,,0,0.0,,0,0.0
JPN,Japan,2004,Flood,2,22.0,2,100.0,28097.0,2,100.0,1950000000.0,1,50.0,3323686000.0,1,50.0
JPN,Japan,2004,Storm,8,199.0,8,100.0,331039.0,8,100.0,15143500000.0,7,87.5,25811401000.0,7,87.5
JPN,Japan,2005,Earthquake,2,1.0,1,50.0,4430.0,2,100.0,400000000.0,1,50.0,659410000.0,1,50.0
JPN,Japan,2005,Flood,1,,0,0.0,900.0,1,100.0,,0,0.0,,0,0.0
JPN,Japan,2005,Storm,3,135.0,3,100.0,273044.0,3,100.0,1033000000.0,2,66.67,1702925000.0,2,66.67
JPN,Japan,2006,Flood,2,42.0,2,100.0,10532.0,2,100.0,,0,0.0,,0,0.0
JPN,Japan,2006,Storm,3,20.0,3,100.0,12901.0,3,100.0,2500000000.0,1,33.33,3992514000.0,1,33.33
JPN,Japan,2007,Earthquake,3,10.0,2,66.67,55228.0,3,100.0,12750000000.0,2,66.67,19797072000.0,2,66.67
JPN,Japan,2007,Extreme temperature,1,62.0,1,100.0,3000.0,1,100.0,,0,0.0,,0,0.0
JPN,Japan,2007,Flood,1,2.0,1,100.0,10000.0,1,100.0,,0,0.0,,0,0.0
JPN,Japan,2007,Storm,3,13.0,3,100.0,40994.0,2,66.67,1060000000.0,2,66.67,1645875000.0,2,66.67
JPN,Japan,2008,Earthquake,2,24.0,2,100.0,918.0,2,100.0,277000000.0,2,100.0,414200000.0,2,100.0
JPN,Japan,2008,Extreme temperature,1,47.0,1,100.0,,0,0.0,,0,0.0,,0,0.0
JPN,Japan,2008,Flood,1,5.0,1,100.0,50003.0,1,100.0,,0,0.0,,0,0.0
JPN,Japan,2009,Earthquake,1,1.0,1,100.0,25319.0,1,100.0,400000000.0,1,100.0,600256000.0,1,100.0
JPN,Japan,2009,Extreme temperature,1,16.0,1,100.0,,0,0.0,,0,0.0,,0,0.0
JPN,Japan,2009,Mass movement (wet),2,44.0,2,100.0,400.0,1,50.0,,0,0.0,,0,0.0
JPN,Japan,2009,Storm,2,16.0,2,100.0,7119.0,2,100.0,1000000000.0,1,50.0,1500641000.0,1,50.0
JPN,Japan,2010,Extreme temperature,1,170.0,1,100.0,15000.0,1,100.0,,0,0.0,,0,0.0
JPN,Japan,2010,Flood,1,10.0,1,100.0,,0,0.0,,0,0.0,,0,0.0
JPN,Japan,2011,Earthquake,2,19848.0,2,100.0,368952.0,2,100.0,210000000000.0,1,50.0,300561348000.0,1,50.0
JPN,Japan,2011,Extreme temperature,1,36.0,1,100.0,22000.0,1,100.0,,0,0.0,,0,0.0
JPN,Japan,2011,Flood,1,6.0,1,100.0,2000.0,1,100.0,,0,0.0,,0,0.0
JPN,Japan,2011,Storm,3,86.0,3,100.0,1663.0,3,100.0,2520000000.0,3,100.0,3606736000.0,3,100.0
JPN,Japan,2012,Flood,1,30.0,1,100.0,48135.0,1,100.0,1400000000.0,1,100.0,1963119000.0,1,100.0
JPN,Japan,2012,Storm,6,143.0,4,66.67,54153.0,5,83.33,302400000.0,4,66.67,424034000.0,4,66.67
JPN,Japan,2013,Earthquake,1,,0,0.0,8438.0,1,100.0,,0,0.0,,0,0.0
JPN,Japan,2013,Extreme temperature,1,338.0,1,100.0,54000.0,1,100.0,,0,0.0,,0,0.0
JPN,Japan,2013,Flood,1,5.0,1,100.0,3633.0,1,100.0,2000000.0,1,100.0,2764000.0,1,100.0
JPN,Japan,2013,Storm,7,57.0,5,71.43,64957.0,7,100.0,220200000.0,5,71.43,304313000.0,5,71.43
JPN,Japan,2014,Earthquake,1,,0,0.0,2657.0,1,100.0,2000000.0,1,100.0,2720000.0,1,100.0
JPN,Japan,2014,Extreme temperature,1,27.0,1,100.0,17000.0,1,100.0,,0,0.0,,0,0.0
JPN,Japan,2014,Mass movement (wet),1,82.0,1,100.0,67.0,1,100.0,38000000.0,1,100.0,51677000.0,1,100.0
JPN,Japan,2014,Storm,9,129.0,8,88.89,41282.0,8,88.89,6641000000.0,6,66.67,9031248000.0,6,66.67
JPN,Japan,2014,Volcanic activity,1,63.0,1,100.0,69.0,1,100.0,,0,0.0,,0,0.0
JPN,Japan,2015,Extreme temperature,3,39.0,3,100.0,14867.0,3,100.0,,0,0.0,,0,0.0
JPN,Japan,2015,Flood,1,21.0,1,100.0,45046.0,1,100.0,1400000000.0,1,100.0,1901636000.0,1,100.0
JPN,Japan,2015,Storm,6,11.0,3,50.0,61033.0,5,83.33,230200000.0,2,33.33,312684000.0,2,33.33
JPN,Japan,2016,Earthquake,3,58.0,2,66.67,419725.0,3,100.0,20100000000.0,2,66.67,26961914000.0,2,66.67
JPN,Japan,2016,Extreme temperature,2,11.0,2,100.0,1100.0,2,100.0,,0,0.0,,0,0.0
JPN,Japan,2016,Flood,1,7.0,1,100.0,6000.0,1,100.0,,0,0.0,,0,0.0
JPN,Japan,2016,Storm,4,25.0,3,75.0,9703.0,2,50.0,100000000.0,1,25.0,134139000.0,1,25.0
JPN,Japan,2017,Flood,1,37.0,1,100.0,2944.0,1,100.0,700000000.0,1,100.0,919388000.0,1,100.0
JPN,Japan,2017,Storm,3,12.0,3,100.0,41855.0,3,100.0,1502000000.0,3,100.0,1972744000.0,3,100.0
JPN,Japan,2018,Earthquake,2,46.0,2,100.0,26995.0,2,100.0,4500000000.0,2,100.0,5769433000.0,2,100.0
JPN,Japan,2018,Extreme temperature,1,119.0,1,100.0,49000.0,1,100.0,,0,0.0,,0,0.0
JPN,Japan,2018,Flood,1,246.0,1,100.0,1500102.0,1,100.0,9500000000.0,1,100.0,12179914000.0,1,100.0
JPN,Japan,2018,Storm,3,24.0,3,100.0,26300.0,3,100.0,17000000000.0,2,66.67,21795636000.0,2,66.67
JPN,Japan,2019,Earthquake,1,,0,0.0,460.0,1,100.0,,0,0.0,,0,0.0
JPN,Japan,2019,Extreme temperature,2,173.0,2,100.0,23947.0,2,100.0,,0,0.0,,0,0.0
JPN,Japan,2019,Flood,3,13.0,3,100.0,1172.0,3,100.0,100000000.0,1,33.33,125927000.0,1,33.33
JPN,Japan,2019,Storm,4,102.0,2,50.0,512641.0,3,75.0,26110000000.0,3,75.0,32879666000.0,3,75.0
JPN,Japan,2020,Flood,1,82.0,1,100.0,250114.0,1,100.0,5800000000.0,1,100.0,7214793000.0,1,100.0
JPN,Japan,2020,Storm,3,23.0,2,66.67,60.0,2,66.67,200000000.0,1,33.33,248786000.0,1,33.33
JPN,Japan,2021,Earthquake,2,1.0,1,50.0,8503.0,2,100.0,8250000000.0,2,100.0,9801943000.0,2,100.0
JPN,Japan,2021,Flood,2,12.0,1,50.0,30300.0,2,100.0,100000000.0,1,50.0,118811000.0,1,50.0
JPN,Japan,2021,Mass movement (wet),1,26.0,1,100.0,900.0,1,100.0,250000000.0,1,100.0,297029000.0,1,100.0
JPN,Japan,2021,Storm,1,23.0,1,100.0,394.0,1,100.0,2000000000.0,1,100.0,2376229000.0,1,100.0
JPN,Japan,2022,Earthquake,1,3.0,1,100.0,741.0,1,100.0,8800000000.0,1,100.0,9680681000.0,1,100.0
JPN,Japan,2022,Extreme temperature,1,80.0,1,100.0,14300.0,1,100.0,,0,0.0,,0,0.0
JPN,Japan,2022,Flood,1,2.0,1,100.0,11108.0,1,100.0,141000000.0,1,100.0,155111000.0,1,100.0
JPN,Japan,2022,Storm,4,27.0,3,75.0,15185.0,4,100.0,2752000000.0,2,50.0,3027413000.0,2,50.0
JPN,Japan,2023,Earthquake,1,1.0,1,100.0,2254.0,1,100.0,,0,0.0,,0,0.0
JPN,Japan,2023,Flood,1,6.0,1,100.0,4218.0,1,100.0,,0,0.0,,0,0.0
JPN,Japan,2023,Storm,4,8.0,3,75.0,4342.0,4,100.0,,0,0.0,,0,0.0
JPN,Japan,2024,Earthquake,1,699.0,1,100.0,169562.0,1,100.0,15000000000.0,1,100.0,15394693000.0,1,100.0
JPN,Japan,2024,Extreme temperature,1,123.0,1,100.0,37000.0,1,100.0,,0,0.0,,0,0.0
JPN,Japan,2024,Flood,1,6.0,1,100.0,13.0,1,100.0,800000000.0,1,100.0,821050000.0,1,100.0
JPN,Japan,2024,Storm,3,18.0,2,66.67,7579.0,3,100.0,500000000.0,1,33.33,513156000.0,1,33.33
JPN,Japan,2025,Earthquake,1,1.0,1,100.0,11.0,1,100.0,,0,0.0,,0,0.0
JPN,Japan,2025,Flood,1,5.0,1,100.0,2108.0,1,100.0,100000000.0,1,100.0,100000000.0,1,100.0
JPN,Japan,2025,Storm,2,2.0,2,100.0,6287.0,2,100.0,,0,0.0,,0,0.0
JPN,Japan,2025,Wildfire,2,1.0,1,50.0,3054.0,2,100.0,70000000.0,1,50.0,70000000.0,1,50.0
JPN,Japan,2026,Earthquake,1,38.0,1,100.0,63463.0,1,100.0,,0,0.0,,0,0.0
JPN,Japan,2026,Flood,1,10.0,1,100.0,205.0,1,100.0,,0,0.0,,0,0.0
JPN,Japan,2026,Storm,3,49.0,1,33.33,518.0,2,66.67,250000000.0,1,33.33,,0,0.0
KAZ,Kazakhstan,2000,Epidemic,1,,0,0.0,114.0,1,100.0,,0,0.0,,0,0.0
KAZ,Kazakhstan,2000,Flood,1,,0,0.0,2500.0,1,100.0,1500000.0,1,100.0,2804000.0,1,100.0
KAZ,Kazakhstan,2001,Extreme temperature,1,3.0,1,100.0,12.0,1,100.0,,0,0.0,,0,0.0
KAZ,Kazakhstan,2001,Flood,1,,0,0.0,3668.0,1,100.0,,0,0.0,,0,0.0
KAZ,Kazakhstan,2003,Earthquake,1,3.0,1,100.0,36626.0,1,100.0,,0,0.0,,0,0.0
KAZ,Kazakhstan,2004,Mass movement (wet),1,48.0,1,100.0,,0,0.0,,0,0.0,,0,0.0
KAZ,Kazakhstan,2005,Flood,1,,0,0.0,25000.0,1,100.0,7662000.0,1,100.0,12631000.0,1,100.0
KAZ,Kazakhstan,2008,Flood,1,1.0,1,100.0,13000.0,1,100.0,130000000.0,1,100.0,194390000.0,1,100.0
KAZ,Kazakhstan,2010,Flood,2,44.0,1,50.0,29200.0,2,100.0,34576000.0,1,50.0,51049000.0,1,50.0
KAZ,Kazakhstan,2011,Flood,1,2.0,1,100.0,16000.0,1,100.0,67000000.0,1,100.0,95893000.0,1,100.0
KAZ,Kazakhstan,2012,Extreme temperature,1,,0,0.0,5000.0,1,100.0,,0,0.0,,0,0.0
KAZ,Kazakhstan,2012,Flood,1,,0,0.0,9400.0,1,100.0,,0,0.0,,0,0.0
KAZ,Kazakhstan,2014,Flood,1,5.0,1,100.0,2709.0,1,100.0,,0,0.0,,0,0.0
KAZ,Kazakhstan,2015,Flood,1,2.0,1,100.0,12670.0,1,100.0,5300000.0,1,100.0,7199000.0,1,100.0
KAZ,Kazakhstan,2017,Flood,1,,0,0.0,7000.0,1,100.0,,0,0.0,,0,0.0
KAZ,Kazakhstan,2018,Flood,1,,0,0.0,400.0,1,100.0,,0,0.0,,0,0.0
KAZ,Kazakhstan,2020,Flood,1,,0,0.0,33000.0,1,100.0,,0,0.0,,0,0.0
KAZ,Kazakhstan,2021,Drought,1,,0,0.0,71000.0,1,100.0,,0,0.0,,0,0.0
KAZ,Kazakhstan,2023,Wildfire,1,14.0,1,100.0,300.0,1,100.0,,0,0.0,,0,0.0
KAZ,Kazakhstan,2024,Earthquake,1,,0,0.0,67.0,1,100.0,,0,0.0,,0,0.0
KAZ,Kazakhstan,2024,Flood,1,2.0,1,100.0,120000.0,1,100.0,,0,0.0,,0,0.0
KEN,Kenya,2000,Epidemic,5,50.0,5,100.0,721.0,5,100.0,,0,0.0,,0,0.0
KEN,Kenya,2001,Epidemic,4,40.0,4,100.0,743.0,4,100.0,,0,0.0,,0,0.0
KEN,Kenya,2002,Flood,4,85.0,4,100.0,175008.0,4,100.0,,0,0.0,,0,0.0
KEN,Kenya,2002,Mass movement (wet),1,16.0,1,100.0,,0,0.0,,0,0.0,,0,0.0
KEN,Kenya,2003,Flood,2,40.0,1,50.0,60300.0,2,100.0,,0,0.0,,0,0.0
KEN,Kenya,2004,Drought,1,80.0,1,100.0,2300000.0,1,100.0,,0,0.0,,0,0.0
KEN,Kenya,2004,Earthquake,1,1.0,1,100.0,,0,0.0,100000000.0,1,100.0,170445000.0,1,100.0
KEN,Kenya,2004,Epidemic,1,8.0,1,100.0,141.0,1,100.0,,0,0.0,,0,0.0
KEN,Kenya,2004,Flood,2,54.0,2,100.0,12000.0,2,100.0,,0,0.0,,0,0.0
KEN,Kenya,2005,Drought,1,27.0,1,100.0,3500000.0,1,100.0,,0,0.0,,0,0.0
KEN,Kenya,2005,Epidemic,2,53.0,2,100.0,1645.0,2,100.0,,0,0.0,,0,0.0
KEN,Kenya,2005,Flood,3,26.0,3,100.0,36200.0,3,100.0,500000.0,1,33.33,824000.0,1,33.33
KEN,Kenya,2006,Epidemic,3,183.0,3,100.0,588.0,2,66.67,,0,0.0,,0,0.0
KEN,Kenya,2006,Flood,4,212.0,4,100.0,783300.0,4,100.0,,0,0.0,,0,0.0
KEN,Kenya,2007,Flood,3,19.0,3,100.0,42651.0,3,100.0,,0,0.0,,0,0.0
KEN,Kenya,2007,Mass movement (wet),1,20.0,1,100.0,6.0,1,100.0,,0,0.0,,0,0.0
KEN,Kenya,2008,Drought,1,4.0,1,100.0,3800000.0,1,100.0,,0,0.0,,0,0.0
KEN,Kenya,2008,Epidemic,1,43.0,1,100.0,,0,0.0,,0,0.0,,0,0.0
KEN,Kenya,2008,Flood,6,55.0,5,83.33,62438.0,6,100.0,,0,0.0,,0,0.0
KEN,Kenya,2008,Mass movement (wet),1,10.0,1,100.0,20.0,1,100.0,,0,0.0,,0,0.0
KEN,Kenya,2009,Epidemic,3,251.0,3,100.0,10446.0,3,100.0,,0,0.0,,0,0.0
KEN,Kenya,2009,Flood,2,56.0,2,100.0,136200.0,2,100.0,,0,0.0,,0,0.0
KEN,Kenya,2010,Epidemic,2,57.0,2,100.0,3880.0,2,100.0,,0,0.0,,0,0.0
KEN,Kenya,2010,Flood,2,194.0,2,100.0,211164.0,2,100.0,,0,0.0,,0,0.0
KEN,Kenya,2010,Mass movement (wet),1,10.0,1,100.0,,0,0.0,,0,0.0,,0,0.0
KEN,Kenya,2011,Drought,2,,0,0.0,8050000.0,2,100.0,,0,0.0,,0,0.0
KEN,Kenya,2011,Flood,3,33.0,2,66.67,100692.0,3,100.0,,0,0.0,,0,0.0
KEN,Kenya,2012,Flood,1,73.0,1,100.0,280670.0,1,100.0,100000000.0,1,100.0,140223000.0,1,100.0
KEN,Kenya,2013,Flood,4,128.0,3,75.0,115800.0,3,75.0,36000000.0,1,25.0,49751000.0,1,25.0
KEN,Kenya,2014,Drought,1,,0,0.0,1600000.0,1,100.0,,0,0.0,,0,0.0
KEN,Kenya,2014,Epidemic,1,72.0,1,100.0,3459.0,1,100.0,,0,0.0,,0,0.0
KEN,Kenya,2015,Flood,3,138.0,3,100.0,245299.0,3,100.0,,0,0.0,,0,0.0
KEN,Kenya,2016,Drought,1,,0,0.0,3400000.0,1,100.0,,0,0.0,,0,0.0
KEN,Kenya,2016,Flood,2,42.0,2,100.0,11000.0,2,100.0,,0,0.0,,0,0.0
KEN,Kenya,2017,Epidemic,2,76.0,1,50.0,4420.0,2,100.0,,0,0.0,,0,0.0
KEN,Kenya,2017,Flood,1,26.0,1,100.0,25000.0,1,100.0,,0,0.0,,0,0.0
KEN,Kenya,2018,Flood,3,134.0,3,100.0,211188.0,1,33.33,350000000.0,1,33.33,448734000.0,1,33.33
KEN,Kenya,2019,Drought,1,,0,0.0,2600000.0,1,100.0,,0,0.0,,0,0.0
KEN,Kenya,2019,Epidemic,1,26.0,1,100.0,3847.0,1,100.0,,0,0.0,,0,0.0
KEN,Kenya,2019,Flood,1,90.0,1,100.0,233339.0,1,100.0,,0,0.0,,0,0.0
KEN,Kenya,2019,Mass movement (wet),1,97.0,1,100.0,120.0,1,100.0,,0,0.0,,0,0.0
KEN,Kenya,2020,Drought,1,,0,0.0,4500000.0,1,100.0,250000000.0,1,100.0,310982000.0,1,100.0
KEN,Kenya,2020,Flood,1,285.0,1,100.0,810655.0,1,100.0,10000000.0,1,100.0,12439000.0,1,100.0
KEN,Kenya,2020,Infestation,1,,0,0.0,,0,0.0,,0,0.0,,0,0.0
KEN,Kenya,2021,Epidemic,1,,0,0.0,1352253.0,1,100.0,,0,0.0,,0,0.0
KEN,Kenya,2021,Flood,1,9.0,1,100.0,300000.0,1,100.0,,0,0.0,,0,0.0
KEN,Kenya,2022,Epidemic,1,202.0,1,100.0,12123.0,1,100.0,,0,0.0,,0,0.0
KEN,Kenya,2023,Flood,3,214.0,2,66.67,857161.0,3,100.0,,0,0.0,,0,0.0
KEN,Kenya,2024,Flood,4,389.0,4,100.0,325680.0,3,75.0,,0,0.0,,0,0.0
KEN,Kenya,2025,Drought,1,,0,0.0,2150000.0,1,100.0,,0,0.0,,0,0.0
KEN,Kenya,2025,Mass movement (wet),1,51.0,1,100.0,6327.0,1,100.0,,0,0.0,,0,0.0
KEN,Kenya,2026,Flood,1,59.0,1,100.0,27.0,1,100.0,,0,0.0,,0,0.0
KEN,Kenya,2026,Storm,1,18.0,1,100.0,515.0,1,100.0,,0,0.0,,0,0.0
KGZ,Kyrgyzstan,2000,Extreme temperature,1,11.0,1,100.0,,0,0.0,,0,0.0,,0,0.0
KGZ,Kyrgyzstan,2002,Mass movement (wet),1,,0,0.0,1002.0,1,100.0,1500000.0,1,100.0,2685000.0,1,100.0
KGZ,Kyrgyzstan,2003,Mass movement (wet),1,38.0,1,100.0,211.0,1,100.0,,0,0.0,,0,0.0
KGZ,Kyrgyzstan,2004,Mass movement (wet),3,49.0,3,100.0,98.0,2,66.67,,0,0.0,,0,0.0
KGZ,Kyrgyzstan,2005,Flood,1,3.0,1,100.0,2050.0,1,100.0,2660000.0,1,100.0,4385000.0,1,100.0
KGZ,Kyrgyzstan,2006,Earthquake,1,,0,0.0,12050.0,1,100.0,,0,0.0,,0,0.0
KGZ,Kyrgyzstan,2006,Storm,1,4.0,1,100.0,9075.0,1,100.0,,0,0.0,,0,0.0
KGZ,Kyrgyzstan,2007,Flood,1,,0,0.0,845.0,1,100.0,200000.0,1,100.0,311000.0,1,100.0
KGZ,Kyrgyzstan,2008,Earthquake,2,74.0,1,50.0,4197.0,2,100.0,,0,0.0,,0,0.0
KGZ,Kyrgyzstan,2009,Drought,1,,0,0.0,2000000.0,1,100.0,,0,0.0,,0,0.0
KGZ,Kyrgyzstan,2010,Epidemic,1,,0,0.0,141.0,1,100.0,,0,0.0,,0,0.0
KGZ,Kyrgyzstan,2010,Mass movement (wet),1,,0,0.0,8350.0,1,100.0,,0,0.0,,0,0.0
KGZ,Kyrgyzstan,2011,Earthquake,1,,0,0.0,,0,0.0,,0,0.0,,0,0.0
KGZ,Kyrgyzstan,2012,Extreme temperature,1,16.0,1,100.0,50.0,1,100.0,,0,0.0,,0,0.0
KGZ,Kyrgyzstan,2012,Flood,1,,0,0.0,11000.0,1,100.0,,0,0.0,,0,0.0
KGZ,Kyrgyzstan,2014,Storm,1,,0,0.0,,0,0.0,,0,0.0,,0,0.0
KGZ,Kyrgyzstan,2015,Earthquake,1,,0,0.0,16780.0,1,100.0,12000000.0,1,100.0,16300000.0,1,100.0
KGZ,Kyrgyzstan,2017,Earthquake,1,,0,0.0,5000.0,1,100.0,,0,0.0,,0,0.0
KGZ,Kyrgyzstan,2017,Mass movement (wet),1,24.0,1,100.0,55.0,1,100.0,,0,0.0,,0,0.0
KGZ,Kyrgyzstan,2021,Mass movement (wet),1,15.0,1,100.0,,0,0.0,,0,0.0,,0,0.0
KGZ,Kyrgyzstan,2022,Extreme temperature,1,,0,0.0,13850.0,1,100.0,,0,0.0,,0,0.0
KGZ,Kyrgyzstan,2023,Epidemic,1,,0,0.0,3618.0,1,100.0,,0,0.0,,0,0.0
KGZ,Kyrgyzstan,2024,Flood,3,6.0,1,33.33,107401.0,3,100.0,,0,0.0,,0,0.0
KGZ,Kyrgyzstan,2025,Epidemic,1,9.0,1,100.0,9281.0,1,100.0,,0,0.0,,0,0.0
KHM,Cambodia,2000,Flood,1,347.0,1,100.0,3448053.0,1,100.0,160000000.0,1,100.0,299134000.0,1,100.0
KHM,Cambodia,2001,Drought,1,,0,0.0,300000.0,1,100.0,,0,0.0,,0,0.0
KHM,Cambodia,2001,Flood,1,56.0,1,100.0,1669182.0,1,100.0,15000000.0,1,100.0,27273000.0,1,100.0
KHM,Cambodia,2002,Drought,1,,0,0.0,650000.0,1,100.0,38000000.0,1,100.0,68013000.0,1,100.0
KHM,Cambodia,2002,Flood,1,29.0,1,100.0,1470000.0,1,100.0,100000.0,1,100.0,179000.0,1,100.0
KHM,Cambodia,2004,Flood,1,,0,0.0,,0,0.0,,0,0.0,,0,0.0
KHM,Cambodia,2005,Drought,1,,0,0.0,600000.0,1,100.0,,0,0.0,,0,0.0
KHM,Cambodia,2005,Flood,1,16.0,1,100.0,,0,0.0,,0,0.0,,0,0.0
KHM,Cambodia,2006,Epidemic,1,,0,0.0,4368.0,1,100.0,,0,0.0,,0,0.0
KHM,Cambodia,2006,Flood,2,5.0,1,50.0,38000.0,2,100.0,,0,0.0,,0,0.0
KHM,Cambodia,2007,Epidemic,1,182.0,1,100.0,17000.0,1,100.0,,0,0.0,,0,0.0
KHM,Cambodia,2007,Flood,1,2.0,1,100.0,19000.0,1,100.0,1000000.0,1,100.0,1553000.0,1,100.0
KHM,Cambodia,2009,Storm,2,19.0,2,100.0,178091.0,1,50.0,,0,0.0,,0,0.0
KHM,Cambodia,2010,Flood,1,8.0,1,100.0,,0,0.0,70000000.0,1,100.0,103350000.0,1,100.0
KHM,Cambodia,2011,Flood,1,247.0,1,100.0,1640023.0,1,100.0,521000000.0,1,100.0,745678000.0,1,100.0
KHM,Cambodia,2012,Flood,1,14.0,1,100.0,71500.0,1,100.0,,0,0.0,,0,0.0
KHM,Cambodia,2013,Flood,1,200.0,1,100.0,1500000.0,1,100.0,500000000.0,1,100.0,690992000.0,1,100.0
KHM,Cambodia,2014,Flood,1,45.0,1,100.0,530450.0,1,100.0,2000000.0,1,100.0,2720000.0,1,100.0
KHM,Cambodia,2015,Flood,1,,0,0.0,22000.0,1,100.0,,0,0.0,,0,0.0
KHM,Cambodia,2015,Storm,1,,0,0.0,6300.0,1,100.0,,0,0.0,,0,0.0
KHM,Cambodia,2016,Drought,1,,0,0.0,2500000.0,1,100.0,,0,0.0,,0,0.0
KHM,Cambodia,2018,Flood,1,,0,0.0,5817.0,1,100.0,,0,0.0,,0,0.0
KHM,Cambodia,2019,Flood,1,12.0,1,100.0,435000.0,1,100.0,,0,0.0,,0,0.0
KHM,Cambodia,2020,Storm,2,44.0,1,50.0,759360.0,1,50.0,100000000.0,1,50.0,124393000.0,1,50.0
KHM,Cambodia,2021,Flood,3,,0,0.0,13225.0,3,100.0,,0,0.0,,0,0.0
KHM,Cambodia,2021,Storm,1,1.0,1,100.0,501.0,1,100.0,,0,0.0,,0,0.0
KHM,Cambodia,2022,Flood,1,15.0,1,100.0,167770.0,1,100.0,,0,0.0,,0,0.0
KHM,Cambodia,2022,Storm,1,16.0,1,100.0,,0,0.0,,0,0.0,,0,0.0
KHM,Cambodia,2023,Storm,1,,0,0.0,14100.0,1,100.0,,0,0.0,,0,0.0
KHM,Cambodia,2024,Extreme temperature,1,,0,0.0,,0,0.0,,0,0.0,,0,0.0
KHM,Cambodia,2025,Flood,1,,0,0.0,67000.0,1,100.0,,0,0.0,,0,0.0
KIR,Kiribati,2008,Flood,1,,0,0.0,85.0,1,100.0,,0,0.0,,0,0.0
KIR,Kiribati,2014,Flood,1,,0,0.0,220.0,1,100.0,,0,0.0,,0,0.0
KIR,Kiribati,2015,Storm,1,,0,0.0,1500.0,1,100.0,,0,0.0,,0,0.0
KNA,Saint Kitts and Nevis,2008,Storm,1,,0,0.0,,0,0.0,,0,0.0,,0,0.0
KNA,Saint Kitts and Nevis,2017,Storm,1,,0,0.0,500.0,1,100.0,20000000.0,1,100.0,26268000.0,1,100.0
KOR,Republic of Korea,2000,Epidemic,1,6.0,1,100.0,39531.0,1,100.0,,0,0.0,,0,0.0
KOR,Republic of Korea,2000,Flood,2,20.0,2,100.0,3089.0,2,100.0,50000000.0,2,100.0,93480000.0,2,100.0
KOR,Republic of Korea,2000,Storm,2,33.0,2,100.0,711.0,2,100.0,82300000.0,2,100.0,153867000.0,2,100.0
KOR,Republic of Korea,2000,Wildfire,1,2.0,1,100.0,1533.0,1,100.0,,0,0.0,,0,0.0
KOR,Republic of Korea,2001,Drought,1,,0,0.0,,0,0.0,,0,0.0,,0,0.0
KOR,Republic of Korea,2001,Flood,2,70.0,2,100.0,310000.0,2,100.0,76000000.0,1,50.0,138183000.0,1,50.0
KOR,Republic of Korea,2001,Storm,1,11.0,1,100.0,300.0,1,100.0,290000000.0,1,100.0,527279000.0,1,100.0
KOR,Republic of Korea,2002,Flood,1,21.0,1,100.0,4007.0,1,100.0,345000000.0,1,100.0,617486000.0,1,100.0
KOR,Republic of Korea,2002,Storm,3,204.0,3,100.0,88625.0,1,33.33,4210000000.0,2,66.67,7535121000.0,2,66.67
KOR,Republic of Korea,2003,Storm,1,130.0,1,100.0,80000.0,1,100.0,4500000000.0,1,100.0,7875389000.0,1,100.0
KOR,Republic of Korea,2004,Flood,2,10.0,1,50.0,4691.0,2,100.0,6595000.0,2,100.0,11241000.0,2,100.0
KOR,Republic of Korea,2004,Storm,4,14.0,2,50.0,2922.0,2,50.0,821000000.0,3,75.0,1399357000.0,3,75.0
KOR,Republic of Korea,2004,Wildfire,1,,0,0.0,2155.0,1,100.0,,0,0.0,,0,0.0
KOR,Republic of Korea,2005,Flood,1,18.0,1,100.0,14510.0,1,100.0,,0,0.0,,0,0.0
KOR,Republic of Korea,2005,Storm,3,11.0,3,100.0,1100.0,1,33.33,165500000.0,3,100.0,272831000.0,3,100.0
KOR,Republic of Korea,2005,Wildfire,1,,0,0.0,2140.0,1,100.0,,0,0.0,,0,0.0
KOR,Republic of Korea,2006,Flood,1,46.0,1,100.0,4630.0,1,100.0,,0,0.0,,0,0.0
KOR,Republic of Korea,2007,Flood,1,3.0,1,100.0,1000.0,1,100.0,,0,0.0,,0,0.0
KOR,Republic of Korea,2007,Storm,1,20.0,1,100.0,602.0,1,100.0,70000000.0,1,100.0,108690000.0,1,100.0
KOR,Republic of Korea,2008,Flood,1,10.0,1,100.0,13.0,1,100.0,,0,0.0,,0,0.0
KOR,Republic of Korea,2010,Storm,1,12.0,1,100.0,41500.0,1,100.0,,0,0.0,,0,0.0
KOR,Republic of Korea,2011,Flood,2,62.0,2,100.0,29000.0,1,50.0,52000000.0,1,50.0,74425000.0,1,50.0
KOR,Republic of Korea,2011,Mass movement (wet),1,59.0,1,100.0,2026.0,1,100.0,,0,0.0,,0,0.0
KOR,Republic of Korea,2012,Storm,3,22.0,2,66.67,3120.0,1,33.33,799000000.0,2,66.67,1120381000.0,2,66.67
KOR,Republic of Korea,2014,Flood,1,17.0,1,100.0,,0,0.0,2000000.0,1,100.0,2720000.0,1,100.0
KOR,Republic of Korea,2014,Storm,2,24.0,2,100.0,101.0,1,50.0,11000000.0,1,50.0,14959000.0,1,50.0
KOR,Republic of Korea,2015,Epidemic,1,36.0,1,100.0,185.0,1,100.0,,0,0.0,,0,0.0
KOR,Republic of Korea,2016,Earthquake,1,,0,0.0,29832.0,1,100.0,21000000.0,1,100.0,28169000.0,1,100.0
KOR,Republic of Korea,2016,Extreme temperature,1,6.0,1,100.0,,0,0.0,127000000.0,1,100.0,170356000.0,1,100.0
KOR,Republic of Korea,2016,Storm,1,9.0,1,100.0,1500.0,1,100.0,126000000.0,1,100.0,169015000.0,1,100.0
KOR,Republic of Korea,2017,Earthquake,1,,0,0.0,5057.0,1,100.0,,0,0.0,,0,0.0
KOR,Republic of Korea,2018,Extreme temperature,1,,0,0.0,,0,0.0,,0,0.0,,0,0.0
KOR,Republic of Korea,2019,Storm,3,20.0,3,100.0,84852.0,3,100.0,553000000.0,1,33.33,696379000.0,1,33.33
KOR,Republic of Korea,2019,Wildfire,1,1.0,1,100.0,3035.0,1,100.0,,0,0.0,,0,0.0
KOR,Republic of Korea,2020,Flood,2,52.0,2,100.0,15000.0,2,100.0,420000000.0,1,50.0,522451000.0,1,50.0
KOR,Republic of Korea,2020,Storm,3,29.0,3,100.0,3407.0,2,66.67,1200000000.0,1,33.33,1492716000.0,1,33.33
KOR,Republic of Korea,2021,Storm,1,,0,0.0,600.0,1,100.0,13000000.0,1,100.0,15445000.0,1,100.0
KOR,Republic of Korea,2022,Extreme temperature,1,2.0,1,100.0,355.0,1,100.0,,0,0.0,,0,0.0
KOR,Republic of Korea,2022,Flood,1,14.0,1,100.0,11418.0,1,100.0,423000000.0,1,100.0,465333000.0,1,100.0
KOR,Republic of Korea,2022,Storm,1,12.0,1,100.0,36003.0,1,100.0,,0,0.0,,0,0.0
KOR,Republic of Korea,2022,Wildfire,1,,0,0.0,8080.0,1,100.0,,0,0.0,,0,0.0
KOR,Republic of Korea,2023,Flood,1,58.0,1,100.0,10534.0,1,100.0,,0,0.0,,0,0.0
KOR,Republic of Korea,2023,Storm,1,2.0,1,100.0,,0,0.0,,0,0.0,,0,0.0
KOR,Republic of Korea,2023,Wildfire,1,1.0,1,100.0,500.0,1,100.0,,0,0.0,,0,0.0
KOR,Republic of Korea,2024,Extreme temperature,1,22.0,1,100.0,2570.0,1,100.0,,0,0.0,,0,0.0
KOR,Republic of Korea,2024,Flood,1,4.0,1,100.0,3500.0,1,100.0,250000000.0,1,100.0,256578000.0,1,100.0
KOR,Republic of Korea,2024,Storm,1,1.0,1,100.0,,0,0.0,,0,0.0,,0,0.0
KOR,Republic of Korea,2025,Flood,2,31.0,2,100.0,15575.0,2,100.0,760000000.0,2,100.0,760000000.0,2,100.0
KOR,Republic of Korea,2025,Wildfire,1,31.0,1,100.0,12089.0,1,100.0,800000000.0,1,100.0,800000000.0,1,100.0
KWT,Kuwait,2018,Flood,1,1.0,1,100.0,,0,0.0,,0,0.0,,0,0.0
LAO,Lao People's Democratic Republic,2000,Epidemic,2,44.0,1,50.0,9685.0,1,50.0,,0,0.0,,0,0.0
LAO,Lao People's Democratic Republic,2000,Flood,1,15.0,1,100.0,450000.0,1,100.0,1000000.0,1,100.0,1870000.0,1,100.0
LAO,Lao People's Democratic Republic,2001,Flood,1,,0,0.0,453000.0,1,100.0,,0,0.0,,0,0.0
LAO,Lao People's Democratic Republic,2002,Flood,1,2.0,1,100.0,150000.0,1,100.0,,0,0.0,,0,0.0
LAO,Lao People's Democratic Republic,2008,Flood,1,6.0,1,100.0,204190.0,1,100.0,,0,0.0,,0,0.0
LAO,Lao People's Democratic Republic,2009,Flood,1,10.0,1,100.0,,0,0.0,,0,0.0,,0,0.0
LAO,Lao People's Democratic Republic,2009,Storm,1,16.0,1,100.0,128887.0,1,100.0,100000000.0,1,100.0,150064000.0,1,100.0
LAO,Lao People's Democratic Republic,2011,Flood,2,48.0,2,100.0,467000.0,2,100.0,,0,0.0,,0,0.0
LAO,Lao People's Democratic Republic,2013,Epidemic,1,77.0,1,100.0,36000.0,1,100.0,,0,0.0,,0,0.0
LAO,Lao People's Democratic Republic,2013,Flood,2,23.0,2,100.0,574253.0,2,100.0,121000000.0,2,100.0,167220000.0,2,100.0
LAO,Lao People's Democratic Republic,2014,Flood,1,,0,0.0,750.0,1,100.0,,0,0.0,,0,0.0
LAO,Lao People's Democratic Republic,2015,Flood,2,4.0,1,50.0,47940.0,2,100.0,10000000.0,1,50.0,13583000.0,1,50.0
LAO,Lao People's Democratic Republic,2016,Flood,1,5.0,1,100.0,26328.0,1,100.0,50000.0,1,100.0,67000.0,1,100.0
LAO,Lao People's Democratic Republic,2017,Storm,1,,0,0.0,,0,0.0,,0,0.0,,0,0.0
LAO,Lao People's Democratic Republic,2018,Flood,1,136.0,1,100.0,13100.0,1,100.0,,0,0.0,,0,0.0
LAO,Lao People's Democratic Republic,2018,Storm,2,,0,0.0,735145.0,2,100.0,225000000.0,1,50.0,288472000.0,1,50.0
LAO,Lao People's Democratic Republic,2019,Drought,1,,0,0.0,,0,0.0,,0,0.0,,0,0.0
LAO,Lao People's Democratic Republic,2019,Flood,1,19.0,1,100.0,507500.0,1,100.0,,0,0.0,,0,0.0
LAO,Lao People's Democratic Republic,2020,Storm,2,2.0,1,50.0,70764.0,2,100.0,,0,0.0,,0,0.0
LAO,Lao People's Democratic Republic,2021,Earthquake,1,,0,0.0,,0,0.0,120000.0,1,100.0,143000.0,1,100.0
LAO,Lao People's Democratic Republic,2021,Storm,1,,0,0.0,26000.0,1,100.0,,0,0.0,,0,0.0
LAO,Lao People's Democratic Republic,2022,Flood,1,1.0,1,100.0,42552.0,1,100.0,,0,0.0,,0,0.0
LAO,Lao People's Democratic Republic,2023,Flood,1,7.0,1,100.0,110129.0,1,100.0,7719000.0,1,100.0,8156000.0,1,100.0
LAO,Lao People's Democratic Republic,2024,Extreme temperature,1,,0,0.0,,0,0.0,,0,0.0,,0,0.0
LAO,Lao People's Democratic Republic,2024,Flood,1,,0,0.0,185843.0,1,100.0,2261000.0,1,100.0,2320000.0,1,100.0
LAO,Lao People's Democratic Republic,2024,Storm,2,13.0,2,100.0,126446.0,2,100.0,305000000.0,2,100.0,313026000.0,2,100.0
LAO,Lao People's Democratic Republic,2025,Flood,1,13.0,1,100.0,172010.0,1,100.0,13060000.0,1,100.0,13060000.0,1,100.0
LAO,Lao People's Democratic Republic,2025,Storm,1,2.0,1,100.0,10124.0,1,100.0,,0,0.0,,0,0.0
LBN,Lebanon,2002,Storm,1,,0,0.0,500.0,1,100.0,,0,0.0,,0,0.0
LBN,Lebanon,2003,Flood,1,,0,0.0,17000.0,1,100.0,,0,0.0,,0,0.0
LBN,Lebanon,2007,Wildfire,1,1.0,1,100.0,15.0,1,100.0,,0,0.0,,0,0.0
LBN,Lebanon,2015,Storm,3,5.0,2,66.67,1001692.0,3,100.0,,0,0.0,,0,0.0
LBN,Lebanon,2018,Storm,1,15.0,1,100.0,,0,0.0,,0,0.0,,0,0.0
LBN,Lebanon,2019,Storm,1,3.0,1,100.0,11009.0,1,100.0,,0,0.0,,0,0.0
LBN,Lebanon,2020,Wildfire,1,,0,0.0,,0,0.0,,0,0.0,,0,0.0
LBN,Lebanon,2022,Epidemic,1,11.0,1,100.0,803.0,1,100.0,,0,0.0,,0,0.0
LBN,Lebanon,2023,Extreme temperature,1,,0,0.0,1024200.0,1,100.0,,0,0.0,,0,0.0
LBN,Lebanon,2024,Extreme temperature,1,,0,0.0,2975000.0,1,100.0,,0,0.0,,0,0.0
LBN,Lebanon,2025,Storm,1,,0,0.0,,0,0.0,,0,0.0,,0,0.0
LBR,Liberia,2000,Epidemic,2,13.0,2,100.0,112.0,1,50.0,,0,0.0,,0,0.0
LBR,Liberia,2002,Epidemic,1,,0,0.0,661.0,1,100.0,,0,0.0,,0,0.0
LBR,Liberia,2003,Epidemic,2,,0,0.0,19418.0,2,100.0,,0,0.0,,0,0.0
LBR,Liberia,2005,Epidemic,1,29.0,1,100.0,674.0,1,100.0,,0,0.0,,0,0.0
LBR,Liberia,2007,Flood,1,1.0,1,100.0,17000.0,1,100.0,,0,0.0,,0,0.0
LBR,Liberia,2007,Storm,1,,0,0.0,3500.0,1,100.0,,0,0.0,,0,0.0
LBR,Liberia,2008,Flood,1,,0,0.0,340.0,1,100.0,,0,0.0,,0,0.0
LBR,Liberia,2009,Flood,1,2.0,1,100.0,584.0,1,100.0,,0,0.0,,0,0.0
LBR,Liberia,2009,Infestation,1,,0,0.0,500000.0,1,100.0,,0,0.0,,0,0.0
LBR,Liberia,2010,Flood,1,1.0,1,100.0,15486.0,1,100.0,,0,0.0,,0,0.0
LBR,Liberia,2014,Epidemic,1,4810.0,1,100.0,10682.0,1,100.0,,0,0.0,,0,0.0
LBR,Liberia,2016,Flood,1,,0,0.0,15431.0,1,100.0,,0,0.0,,0,0.0
LBR,Liberia,2022,Epidemic,1,71.0,1,100.0,5528.0,1,100.0,,0,0.0,,0,0.0
LBR,Liberia,2023,Flood,1,,0,0.0,15200.0,1,100.0,,0,0.0,,0,0.0
LBR,Liberia,2024,Flood,1,2.0,1,100.0,51000.0,1,100.0,,0,0.0,,0,0.0
LBR,Liberia,2026,Storm,1,,0,0.0,3704.0,1,100.0,,0,0.0,,0,0.0
LBY,Libya,2013,Flood,1,16.0,1,100.0,2000.0,1,100.0,,0,0.0,,0,0.0
LBY,Libya,2019,Flood,1,4.0,1,100.0,20030.0,1,100.0,7100000.0,1,100.0,8941000.0,1,100.0
LBY,Libya,2023,Storm,1,13200.0,1,100.0,1600000.0,1,100.0,6200000000.0,1,100.0,6550821000.0,1,100.0
LBY,Libya,2024,Flood,1,5.0,1,100.0,3335.0,1,100.0,,0,0.0,,0,0.0
LCA,Saint Lucia,2004,Storm,1,,0,0.0,,0,0.0,500000.0,1,100.0,852000.0,1,100.0
LCA,Saint Lucia,2007,Earthquake,1,,0,0.0,,0,0.0,,0,0.0,,0,0.0
LCA,Saint Lucia,2007,Storm,1,1.0,1,100.0,,0,0.0,40000000.0,1,100.0,62108000.0,1,100.0
LCA,Saint Lucia,2010,Drought,1,,0,0.0,,0,0.0,,0,0.0,,0,0.0
LCA,Saint Lucia,2010,Flood,1,,0,0.0,2000.0,1,100.0,,0,0.0,,0,0.0
LCA,Saint Lucia,2010,Storm,1,14.0,1,100.0,181000.0,1,100.0,500000.0,1,100.0,738000.0,1,100.0
LCA,Saint Lucia,2013,Flood,1,6.0,1,100.0,19984.0,1,100.0,,0,0.0,,0,0.0
LCA,Saint Lucia,2016,Storm,1,,0,0.0,25000.0,1,100.0,,0,0.0,,0,0.0
LCA,Saint Lucia,2020,Epidemic,1,3.0,1,100.0,1318.0,1,100.0,,0,0.0,,0,0.0
LCA,Saint Lucia,2021,Storm,1,1.0,1,100.0,,0,0.0,34000000.0,1,100.0,40396000.0,1,100.0
LCA,Saint Lucia,2022,Flood,1,,0,0.0,5500.0,1,100.0,,0,0.0,,0,0.0
LCA,Saint Lucia,2024,Storm,1,,0,0.0,,0,0.0,2000000.0,1,100.0,2053000.0,1,100.0
LIE,Liechtenstein,2022,Extreme temperature,1,,0,0.0,,0,0.0,,0,0.0,,0,0.0
LIE,Liechtenstein,2023,Extreme temperature,1,1.0,1,100.0,,0,0.0,,0,0.0,,0,0.0
LKA,Sri Lanka,2000,Epidemic,1,2.0,1,100.0,113.0,1,100.0,,0,0.0,,0,0.0
LKA,Sri Lanka,2000,Flood,2,5.0,2,100.0,400000.0,2,100.0,3000000.0,1,50.0,5609000.0,1,50.0
LKA,Sri Lanka,2000,Storm,1,5.0,1,100.0,375000.0,1,100.0,,0,0.0,,0,0.0
LKA,Sri Lanka,2001,Drought,1,,0,0.0,1000000.0,1,100.0,,0,0.0,,0,0.0
LKA,Sri Lanka,2001,Flood,1,,0,0.0,160.0,1,100.0,,0,0.0,,0,0.0
LKA,Sri Lanka,2002,Flood,1,2.0,1,100.0,500000.0,1,100.0,,0,0.0,,0,0.0
LKA,Sri Lanka,2003,Flood,1,235.0,1,100.0,695000.0,1,100.0,29000000.0,1,100.0,50753000.0,1,100.0
LKA,Sri Lanka,2004,Earthquake,1,35399.0,1,100.0,1019306.0,1,100.0,1316500000.0,1,100.0,2243914000.0,1,100.0
LKA,Sri Lanka,2004,Epidemic,1,88.0,1,100.0,15000.0,1,100.0,,0,0.0,,0,0.0
LKA,Sri Lanka,2004,Flood,1,6.0,1,100.0,200000.0,1,100.0,,0,0.0,,0,0.0
LKA,Sri Lanka,2005,Flood,1,6.0,1,100.0,145000.0,1,100.0,,0,0.0,,0,0.0
LKA,Sri Lanka,2006,Flood,1,25.0,1,100.0,333002.0,1,100.0,3000000.0,1,100.0,4791000.0,1,100.0
LKA,Sri Lanka,2007,Flood,3,33.0,2,66.67,406000.0,3,100.0,50000.0,1,33.33,78000.0,1,33.33
LKA,Sri Lanka,2008,Flood,3,48.0,3,100.0,776905.0,3,100.0,,0,0.0,,0,0.0
LKA,Sri Lanka,2008,Storm,1,9.0,1,100.0,50000.0,1,100.0,,0,0.0,,0,0.0
LKA,Sri Lanka,2009,Epidemic,1,346.0,1,100.0,35007.0,1,100.0,,0,0.0,,0,0.0
LKA,Sri Lanka,2009,Flood,3,3.0,1,33.33,380000.0,3,100.0,,0,0.0,,0,0.0
LKA,Sri Lanka,2010,Flood,2,35.0,2,100.0,770265.0,2,100.0,105000000.0,1,50.0,155025000.0,1,50.0
LKA,Sri Lanka,2011,Epidemic,1,167.0,1,100.0,26343.0,1,100.0,,0,0.0,,0,0.0
LKA,Sri Lanka,2011,Flood,3,65.0,2,66.67,1293924.0,3,100.0,500000000.0,2,66.67,715622000.0,2,66.67
LKA,Sri Lanka,2011,Storm,1,22.0,1,100.0,35041.0,1,100.0,,0,0.0,,0,0.0
LKA,Sri Lanka,2012,Drought,1,,0,0.0,1800000.0,1,100.0,,0,0.0,,0,0.0
LKA,Sri Lanka,2012,Flood,1,53.0,1,100.0,447021.0,1,100.0,1200000.0,1,100.0,1683000.0,1,100.0
LKA,Sri Lanka,2012,Storm,1,,0,0.0,69000.0,1,100.0,57000000.0,1,100.0,79927000.0,1,100.0
LKA,Sri Lanka,2013,Flood,2,110.0,2,100.0,73961.0,2,100.0,2000000.0,1,50.0,2764000.0,1,50.0
LKA,Sri Lanka,2013,Storm,1,7.0,1,100.0,7339.0,1,100.0,,0,0.0,,0,0.0
LKA,Sri Lanka,2014,Drought,1,,0,0.0,1800000.0,1,100.0,25000000.0,1,100.0,33998000.0,1,100.0
LKA,Sri Lanka,2014,Flood,3,95.0,3,100.0,1204029.0,2,66.67,2000000.0,1,33.33,2720000.0,1,33.33
LKA,Sri Lanka,2014,Mass movement (wet),3,241.0,3,100.0,1797.0,3,100.0,,0,0.0,,0,0.0
LKA,Sri Lanka,2015,Flood,2,10.0,2,100.0,27309.0,2,100.0,,0,0.0,,0,0.0
LKA,Sri Lanka,2016,Drought,1,,0,0.0,900000.0,1,100.0,20000000.0,1,100.0,26828000.0,1,100.0
LKA,Sri Lanka,2016,Flood,1,203.0,1,100.0,301602.0,1,100.0,1200000000.0,1,100.0,1609667000.0,1,100.0
LKA,Sri Lanka,2017,Epidemic,1,320.0,1,100.0,155715.0,1,100.0,,0,0.0,,0,0.0
LKA,Sri Lanka,2017,Flood,2,302.0,2,100.0,893129.0,2,100.0,389000000.0,1,50.0,510917000.0,1,50.0
LKA,Sri Lanka,2017,Storm,1,27.0,1,100.0,160077.0,1,100.0,346000000.0,1,100.0,454440000.0,1,100.0
LKA,Sri Lanka,2018,Flood,3,34.0,3,100.0,303712.0,3,100.0,,0,0.0,,0,0.0
LKA,Sri Lanka,2019,Drought,1,,0,0.0,222091.0,1,100.0,,0,0.0,,0,0.0
LKA,Sri Lanka,2019,Epidemic,1,28.0,1,100.0,18760.0,1,100.0,,0,0.0,,0,0.0
LKA,Sri Lanka,2019,Flood,5,30.0,5,100.0,532574.0,5,100.0,,0,0.0,,0,0.0
LKA,Sri Lanka,2020,Flood,2,6.0,2,100.0,151665.0,2,100.0,,0,0.0,,0,0.0
LKA,Sri Lanka,2020,Storm,1,4.0,1,100.0,1100.0,1,100.0,,0,0.0,,0,0.0
LKA,Sri Lanka,2021,Flood,4,35.0,3,75.0,329898.0,4,100.0,,0,0.0,,0,0.0
LKA,Sri Lanka,2021,Storm,1,,0,0.0,879.0,1,100.0,,0,0.0,,0,0.0
LKA,Sri Lanka,2022,Flood,3,12.0,3,100.0,149338.0,3,100.0,,0,0.0,,0,0.0
LKA,Sri Lanka,2022,Storm,2,3.0,2,100.0,28838.0,2,100.0,,0,0.0,,0,0.0
LKA,Sri Lanka,2023,Flood,1,,0,0.0,244504.0,1,100.0,,0,0.0,,0,0.0
LKA,Sri Lanka,2023,Storm,4,9.0,2,50.0,44344.0,4,100.0,,0,0.0,,0,0.0
LKA,Sri Lanka,2024,Flood,2,42.0,2,100.0,410902.0,2,100.0,,0,0.0,,0,0.0
LKA,Sri Lanka,2024,Storm,2,20.0,2,100.0,597153.0,2,100.0,,0,0.0,,0,0.0
LKA,Sri Lanka,2025,Mass movement (wet),1,31.0,1,100.0,3007.0,1,100.0,,0,0.0,,0,0.0
LKA,Sri Lanka,2025,Storm,1,823.0,1,100.0,1702737.0,1,100.0,4100000000.0,1,100.0,4100000000.0,1,100.0
LSO,Lesotho,2000,Epidemic,1,28.0,1,100.0,1834.0,1,100.0,,0,0.0,,0,0.0
LSO,Lesotho,2001,Storm,2,1.0,1,50.0,2001.0,2,100.0,,0,0.0,,0,0.0
LSO,Lesotho,2002,Drought,1,,0,0.0,500000.0,1,100.0,,0,0.0,,0,0.0
LSO,Lesotho,2007,Drought,1,,0,0.0,475000.0,1,100.0,,0,0.0,,0,0.0
LSO,Lesotho,2008,Storm,1,,0,0.0,4500.0,1,100.0,,0,0.0,,0,0.0
LSO,Lesotho,2011,Drought,1,,0,0.0,725515.0,1,100.0,,0,0.0,,0,0.0
LSO,Lesotho,2011,Flood,2,26.0,1,50.0,5000.0,1,50.0,,0,0.0,,0,0.0
LSO,Lesotho,2014,Storm,1,,0,0.0,2600.0,1,100.0,,0,0.0,,0,0.0
LSO,Lesotho,2016,Drought,1,,0,0.0,709000.0,1,100.0,,0,0.0,,0,0.0
LSO,Lesotho,2019,Drought,1,,0,0.0,433000.0,1,100.0,,0,0.0,,0,0.0
LSO,Lesotho,2020,Drought,1,,0,0.0,766000.0,1,100.0,,0,0.0,,0,0.0
LSO,Lesotho,2021,Storm,1,,0,0.0,2550.0,1,100.0,,0,0.0,,0,0.0
LSO,Lesotho,2023,Drought,1,,0,0.0,699049.0,1,100.0,,0,0.0,,0,0.0
LSO,Lesotho,2023,Storm,1,2.0,1,100.0,968.0,1,100.0,,0,0.0,,0,0.0
LTU,Lithuania,2001,Extreme temperature,1,20.0,1,100.0,,0,0.0,,0,0.0,,0,0.0
LTU,Lithuania,2005,Flood,1,,0,0.0,,0,0.0,,0,0.0,,0,0.0
LTU,Lithuania,2005,Storm,1,,0,0.0,,0,0.0,30000000.0,1,100.0,49456000.0,1,100.0
LTU,Lithuania,2006,Drought,1,,0,0.0,,0,0.0,225573000.0,1,100.0,360241000.0,1,100.0
LTU,Lithuania,2010,Extreme temperature,1,5.0,1,100.0,,0,0.0,,0,0.0,,0,0.0
LTU,Lithuania,2010,Flood,1,4.0,1,100.0,,0,0.0,,0,0.0,,0,0.0
LTU,Lithuania,2012,Extreme temperature,2,30.0,2,100.0,,0,0.0,,0,0.0,,0,0.0
LTU,Lithuania,2018,Drought,1,,0,0.0,,0,0.0,,0,0.0,,0,0.0
LTU,Lithuania,2018,Extreme temperature,1,5.0,1,100.0,,0,0.0,,0,0.0,,0,0.0
LTU,Lithuania,2022,Extreme temperature,1,381.0,1,100.0,,0,0.0,,0,0.0,,0,0.0
LTU,Lithuania,2023,Extreme temperature,1,247.0,1,100.0,,0,0.0,,0,0.0,,0,0.0
LTU,Lithuania,2024,Extreme temperature,1,329.0,1,100.0,,0,0.0,,0,0.0,,0,0.0
LTU,Lithuania,2025,Extreme temperature,1,74.0,1,100.0,,0,0.0,,0,0.0,,0,0.0
LUX,Luxembourg,2003,Extreme temperature,1,170.0,1,100.0,,0,0.0,,0,0.0,,0,0.0
LUX,Luxembourg,2010,Storm,1,,0,0.0,,0,0.0,31000000.0,1,100.0,45769000.0,1,100.0
LUX,Luxembourg,2019,Storm,1,,0,0.0,1519.0,1,100.0,,0,0.0,,0,0.0
LUX,Luxembourg,2021,Flood,1,,0,0.0,,0,0.0,,0,0.0,,0,0.0
LUX,Luxembourg,2022,Extreme temperature,1,44.0,1,100.0,,0,0.0,,0,0.0,,0,0.0
LUX,Luxembourg,2023,Extreme temperature,1,33.0,1,100.0,,0,0.0,,0,0.0,,0,0.0
LUX,Luxembourg,2024,Extreme temperature,1,15.0,1,100.0,,0,0.0,,0,0.0,,0,0.0
LUX,Luxembourg,2025,Extreme temperature,1,7.0,1,100.0,,0,0.0,,0,0.0,,0,0.0
LVA,Latvia,2000,Epidemic,1,,0,0.0,102.0,1,100.0,,0,0.0,,0,0.0
LVA,Latvia,2001,Extreme temperature,1,21.0,1,100.0,,0,0.0,,0,0.0,,0,0.0
LVA,Latvia,2003,Extreme temperature,1,15.0,1,100.0,,0,0.0,,0,0.0,,0,0.0
LVA,Latvia,2005,Storm,1,,0,0.0,,0,0.0,325000000.0,1,100.0,535770000.0,1,100.0
LVA,Latvia,2006,Extreme temperature,1,40.0,1,100.0,,0,0.0,,0,0.0,,0,0.0
LVA,Latvia,2012,Extreme temperature,1,10.0,1,100.0,,0,0.0,,0,0.0,,0,0.0
LVA,Latvia,2013,Storm,1,,0,0.0,,0,0.0,,0,0.0,,0,0.0
LVA,Latvia,2018,Wildfire,1,,0,0.0,,0,0.0,,0,0.0,,0,0.0
LVA,Latvia,2022,Extreme temperature,1,105.0,1,100.0,,0,0.0,,0,0.0,,0,0.0
LVA,Latvia,2023,Extreme temperature,1,58.0,1,100.0,,0,0.0,,0,0.0,,0,0.0
LVA,Latvia,2023,Flood,1,,0,0.0,200.0,1,100.0,,0,0.0,,0,0.0
LVA,Latvia,2024,Extreme temperature,1,71.0,1,100.0,,0,0.0,,0,0.0,,0,0.0
LVA,Latvia,2025,Extreme temperature,1,73.0,1,100.0,,0,0.0,,0,0.0,,0,0.0
MAC,"China, Macao Special Administrative Region",2017,Storm,2,10.0,1,50.0,200.0,1,50.0,1420000000.0,1,50.0,1865044000.0,1,50.0
MAC,"China, Macao Special Administrative Region",2025,Storm,1,,0,0.0,5.0,1,100.0,,0,0.0,,0,0.0
MAF,Saint Martin (French Part),2017,Storm,1,12.0,1,100.0,110.0,1,100.0,4100000000.0,1,100.0,5384987000.0,1,100.0
MAR,Morocco,2000,Extreme temperature,1,,0,0.0,,0,0.0,809000.0,1,100.0,1512000.0,1,100.0
MAR,Morocco,2000,Flood,2,6.0,1,50.0,950.0,2,100.0,,0,0.0,,0,0.0
MAR,Morocco,2001,Flood,1,15.0,1,100.0,300.0,1,100.0,2200000.0,1,100.0,4000000.0,1,100.0
MAR,Morocco,2002,Flood,1,80.0,1,100.0,15017.0,1,100.0,200000000.0,1,100.0,357963000.0,1,100.0
MAR,Morocco,2003,Flood,1,35.0,1,100.0,10000.0,1,100.0,,0,0.0,,0,0.0
MAR,Morocco,2004,Earthquake,1,628.0,1,100.0,13465.0,1,100.0,400000000.0,1,100.0,681782000.0,1,100.0
MAR,Morocco,2004,Infestation,1,,0,0.0,,0,0.0,,0,0.0,,0,0.0
MAR,Morocco,2005,Storm,1,1.0,1,100.0,,0,0.0,50000.0,1,100.0,82000.0,1,100.0
MAR,Morocco,2006,Flood,3,17.0,2,66.67,2100.0,2,66.67,,0,0.0,,0,0.0
MAR,Morocco,2008,Flood,1,30.0,1,100.0,20000.0,1,100.0,,0,0.0,,0,0.0
MAR,Morocco,2009,Flood,2,29.0,2,100.0,9520.0,2,100.0,,0,0.0,,0,0.0
MAR,Morocco,2010,Flood,2,42.0,2,100.0,77009.0,2,100.0,29000000.0,1,50.0,42816000.0,1,50.0
MAR,Morocco,2012,Extreme temperature,1,,0,0.0,7500.0,1,100.0,,0,0.0,,0,0.0
MAR,Morocco,2014,Flood,1,11.0,1,100.0,,0,0.0,,0,0.0,,0,0.0
MAR,Morocco,2014,Storm,2,49.0,1,50.0,117000.0,1,50.0,300000000.0,1,50.0,407977000.0,1,50.0
MAR,Morocco,2016,Extreme temperature,1,,0,0.0,750000.0,1,100.0,,0,0.0,,0,0.0
MAR,Morocco,2017,Extreme temperature,2,,0,0.0,1650000.0,2,100.0,,0,0.0,,0,0.0
MAR,Morocco,2018,Extreme temperature,1,,0,0.0,70000.0,1,100.0,,0,0.0,,0,0.0
MAR,Morocco,2019,Flood,2,24.0,2,100.0,229.0,2,100.0,,0,0.0,,0,0.0
MAR,Morocco,2019,Mass movement (wet),1,15.0,1,100.0,,0,0.0,,0,0.0,,0,0.0
MAR,Morocco,2021,Flood,2,24.0,1,50.0,1385.0,2,100.0,,0,0.0,,0,0.0
MAR,Morocco,2023,Earthquake,1,2946.0,1,100.0,845674.0,1,100.0,7000000000.0,1,100.0,7396088000.0,1,100.0
MAR,Morocco,2024,Extreme temperature,1,21.0,1,100.0,,0,0.0,,0,0.0,,0,0.0
MAR,Morocco,2024,Flood,1,22.0,1,100.0,168.0,1,100.0,,0,0.0,,0,0.0
MAR,Morocco,2025,Flood,1,52.0,1,100.0,2838.0,1,100.0,,0,0.0,,0,0.0
MAR,Morocco,2026,Flood,1,43.0,1,100.0,2000023.0,1,100.0,320000000.0,1,100.0,,0,0.0
MAR,Morocco,2026,Storm,2,11.0,2,100.0,6000300.0,2,100.0,,0,0.0,,0,0.0
MDA,Republic of Moldova,2000,Drought,1,2.0,1,100.0,,0,0.0,,0,0.0,,0,0.0
MDA,Republic of Moldova,2000,Storm,1,,0,0.0,2600000.0,1,100.0,31600000.0,1,100.0,59079000.0,1,100.0
MDA,Republic of Moldova,2002,Flood,1,1.0,1,100.0,500.0,1,100.0,832000.0,1,100.0,1489000.0,1,100.0
MDA,Republic of Moldova,2005,Flood,1,,0,0.0,6500.0,1,100.0,7752000.0,1,100.0,12779000.0,1,100.0
MDA,Republic of Moldova,2006,Extreme temperature,1,13.0,1,100.0,,0,0.0,,0,0.0,,0,0.0
MDA,Republic of Moldova,2007,Drought,1,,0,0.0,210394.0,1,100.0,406000000.0,1,100.0,630401000.0,1,100.0
MDA,Republic of Moldova,2008,Flood,1,3.0,1,100.0,4000.0,1,100.0,,0,0.0,,0,0.0
MDA,Republic of Moldova,2010,Flood,1,1.0,1,100.0,12000.0,1,100.0,,0,0.0,,0,0.0
MDA,Republic of Moldova,2012,Drought,1,,0,0.0,5800.0,1,100.0,,0,0.0,,0,0.0
MDA,Republic of Moldova,2012,Extreme temperature,1,10.0,1,100.0,7374.0,1,100.0,,0,0.0,,0,0.0
MDA,Republic of Moldova,2019,Extreme temperature,1,,0,0.0,5460.0,1,100.0,,0,0.0,,0,0.0
MDA,Republic of Moldova,2023,Storm,1,4.0,1,100.0,10.0,1,100.0,,0,0.0,,0,0.0
MDG,Madagascar,2000,Drought,1,,0,0.0,231290.0,1,100.0,,0,0.0,,0,0.0
MDG,Madagascar,2000,Storm,2,153.0,2,100.0,1106209.0,2,100.0,9000000.0,1,50.0,16826000.0,1,50.0
MDG,Madagascar,2002,Drought,1,,0,0.0,600000.0,1,100.0,,0,0.0,,0,0.0
MDG,Madagascar,2002,Epidemic,1,671.0,1,100.0,21975.0,1,100.0,,0,0.0,,0,0.0
MDG,Madagascar,2002,Storm,2,22.0,2,100.0,528100.0,2,100.0,181000.0,1,50.0,324000.0,1,50.0
MDG,Madagascar,2003,Flood,1,16.0,1,100.0,23370.0,1,100.0,150000000.0,1,100.0,262513000.0,1,100.0
MDG,Madagascar,2003,Storm,3,89.0,1,33.33,162750.0,3,100.0,,0,0.0,,0,0.0
MDG,Madagascar,2004,Storm,2,395.0,2,100.0,1032429.0,2,100.0,250000000.0,1,50.0,426114000.0,1,50.0
MDG,Madagascar,2005,Drought,1,,0,0.0,14000.0,1,100.0,,0,0.0,,0,0.0
MDG,Madagascar,2005,Flood,2,29.0,2,100.0,59617.0,2,100.0,,0,0.0,,0,0.0
MDG,Madagascar,2005,Storm,1,78.0,1,100.0,7985.0,1,100.0,,0,0.0,,0,0.0
MDG,Madagascar,2006,Storm,2,4.0,2,100.0,6516.0,2,100.0,,0,0.0,,0,0.0
MDG,Madagascar,2007,Flood,1,7.0,1,100.0,33000.0,1,100.0,,0,0.0,,0,0.0
MDG,Madagascar,2007,Storm,2,81.0,2,100.0,222511.0,2,100.0,240000000.0,1,50.0,372651000.0,1,50.0
MDG,Madagascar,2008,Drought,1,,0,0.0,720000.0,1,100.0,,0,0.0,,0,0.0
MDG,Madagascar,2008,Epidemic,1,20.0,1,100.0,520.0,1,100.0,,0,0.0,,0,0.0
MDG,Madagascar,2008,Storm,3,105.0,2,66.67,533166.0,3,100.0,60000000.0,1,33.33,89718000.0,1,33.33
MDG,Madagascar,2009,Epidemic,1,,0,0.0,702.0,1,100.0,,0,0.0,,0,0.0
MDG,Madagascar,2009,Storm,3,27.0,2,66.67,130799.0,3,100.0,5000000.0,1,33.33,7503000.0,1,33.33
MDG,Madagascar,2010,Infestation,1,,0,0.0,2300000.0,1,100.0,,0,0.0,,0,0.0
MDG,Madagascar,2010,Storm,1,120.0,1,100.0,192132.0,1,100.0,,0,0.0,,0,0.0
MDG,Madagascar,2011,Storm,1,35.0,1,100.0,115215.0,1,100.0,,0,0.0,,0,0.0
MDG,Madagascar,2012,Storm,3,112.0,2,66.67,335599.0,3,100.0,100000000.0,1,33.33,140223000.0,1,33.33
MDG,Madagascar,2013,Epidemic,1,113.0,1,100.0,660.0,1,100.0,,0,0.0,,0,0.0
MDG,Madagascar,2013,Storm,2,51.0,2,100.0,44879.0,2,100.0,25000000.0,1,50.0,34550000.0,1,50.0
MDG,Madagascar,2014,Drought,1,,0,0.0,20000.0,1,100.0,,0,0.0,,0,0.0
MDG,Madagascar,2014,Storm,1,17.0,1,100.0,1736.0,1,100.0,,0,0.0,,0,0.0
MDG,Madagascar,2015,Flood,1,26.0,1,100.0,24000.0,1,100.0,,0,0.0,,0,0.0
MDG,Madagascar,2015,Storm,2,95.0,2,100.0,210887.0,2,100.0,46000000.0,2,100.0,62482000.0,2,100.0
MDG,Madagascar,2016,Drought,1,,0,0.0,1140000.0,1,100.0,,0,0.0,,0,0.0
MDG,Madagascar,2017,Drought,1,,0,0.0,1260000.0,1,100.0,,0,0.0,,0,0.0
MDG,Madagascar,2017,Epidemic,1,207.0,1,100.0,2384.0,1,100.0,,0,0.0,,0,0.0
MDG,Madagascar,2017,Storm,1,81.0,1,100.0,434253.0,1,100.0,20000000.0,1,100.0,26268000.0,1,100.0
MDG,Madagascar,2018,Epidemic,1,,0,0.0,98415.0,1,100.0,,0,0.0,,0,0.0
MDG,Madagascar,2018,Storm,2,94.0,2,100.0,212190.0,2,100.0,,0,0.0,,0,0.0
MDG,Madagascar,2019,Flood,1,9.0,1,100.0,,0,0.0,,0,0.0,,0,0.0
MDG,Madagascar,2019,Storm,2,8.0,2,100.0,21393.0,2,100.0,25000000.0,1,50.0,31482000.0,1,50.0
MDG,Madagascar,2020,Drought,1,,0,0.0,1680000.0,1,100.0,,0,0.0,,0,0.0
MDG,Madagascar,2020,Flood,1,40.0,1,100.0,106846.0,1,100.0,,0,0.0,,0,0.0
MDG,Madagascar,2020,Storm,1,4.0,1,100.0,3200.0,1,100.0,,0,0.0,,0,0.0
MDG,Madagascar,2021,Flood,1,1.0,1,100.0,1400.0,1,100.0,,0,0.0,,0,0.0
MDG,Madagascar,2021,Storm,1,2.0,1,100.0,1000.0,1,100.0,,0,0.0,,0,0.0
MDG,Madagascar,2022,Flood,1,34.0,1,100.0,62114.0,1,100.0,,0,0.0,,0,0.0
MDG,Madagascar,2022,Storm,6,190.0,6,100.0,428270.0,6,100.0,16000000.0,1,16.67,17601000.0,1,16.67
MDG,Madagascar,2023,Storm,2,70.0,2,100.0,389870.0,2,100.0,20000000.0,1,50.0,21132000.0,1,50.0
MDG,Madagascar,2024,Mass movement (dry),1,16.0,1,100.0,10.0,1,100.0,,0,0.0,,0,0.0
MDG,Madagascar,2024,Storm,3,32.0,2,66.67,251144.0,3,100.0,50000000.0,1,33.33,51316000.0,1,33.33
MDG,Madagascar,2025,Drought,1,,0,0.0,1200000.0,1,100.0,,0,0.0,,0,0.0
MDG,Madagascar,2025,Epidemic,1,3.0,1,100.0,1188.0,1,100.0,,0,0.0,,0,0.0
MDG,Madagascar,2025,Flood,2,11.0,1,50.0,3688.0,1,50.0,,0,0.0,,0,0.0
MDG,Madagascar,2025,Storm,5,13.0,4,80.0,74150.0,5,100.0,10000000.0,1,20.0,10000000.0,1,20.0
MDG,Madagascar,2026,Storm,2,85.0,2,100.0,681811.0,2,100.0,632000000.0,2,100.0,,0,0.0
MDV,Maldives,2004,Earthquake,1,102.0,1,100.0,27214.0,1,100.0,470100000.0,1,100.0,801264000.0,1,100.0
MDV,Maldives,2007,Flood,1,,0,0.0,1649.0,1,100.0,,0,0.0,,0,0.0
MDV,Maldives,2011,Epidemic,1,4.0,1,100.0,1289.0,1,100.0,,0,0.0,,0,0.0
MDV,Maldives,2019,Flood,1,,0,0.0,1800.0,1,100.0,,0,0.0,,0,0.0
MDV,Maldives,2021,Storm,1,,0,0.0,1320.0,1,100.0,,0,0.0,,0,0.0
MDV,Maldives,2023,Epidemic,1,,0,0.0,455.0,1,100.0,,0,0.0,,0,0.0
MEX,Mexico,2000,Extreme temperature,1,66.0,1,100.0,,0,0.0,,0,0.0,,0,0.0
MEX,Mexico,2000,Flood,3,139.0,3,100.0,2000.0,1,33.33,,0,0.0,,0,0.0
MEX,Mexico,2000,Storm,2,31.0,2,100.0,30300.0,2,100.0,19800000.0,2,100.0,37018000.0,2,100.0
MEX,Mexico,2000,Volcanic activity,1,,0,0.0,41000.0,1,100.0,,0,0.0,,0,0.0
MEX,Mexico,2001,Flood,1,21.0,1,100.0,,0,0.0,,0,0.0,,0,0.0
MEX,Mexico,2001,Storm,4,5.0,2,50.0,6400.0,3,75.0,401000000.0,2,50.0,729099000.0,2,50.0
MEX,Mexico,2002,Drought,1,,0,0.0,,0,0.0,210000000.0,1,100.0,375861000.0,1,100.0
MEX,Mexico,2002,Extreme temperature,1,50.0,1,100.0,,0,0.0,,0,0.0,,0,0.0
MEX,Mexico,2002,Flood,2,37.0,2,100.0,7000.0,1,50.0,,0,0.0,,0,0.0
MEX,Mexico,2002,Storm,3,16.0,2,66.67,509530.0,3,100.0,840000000.0,2,66.67,1503445000.0,2,66.67
MEX,Mexico,2002,Volcanic activity,1,,0,0.0,300.0,1,100.0,,0,0.0,,0,0.0
MEX,Mexico,2003,Earthquake,1,29.0,1,100.0,178603.0,1,100.0,116300000.0,1,100.0,203535000.0,1,100.0
MEX,Mexico,2003,Extreme temperature,1,21.0,1,100.0,,0,0.0,,0,0.0,,0,0.0
MEX,Mexico,2003,Flood,3,6.0,2,66.67,53850.0,3,100.0,,0,0.0,,0,0.0
MEX,Mexico,2003,Mass movement (wet),1,10.0,1,100.0,200.0,1,100.0,,0,0.0,,0,0.0
MEX,Mexico,2003,Storm,2,4.0,2,100.0,9000.0,2,100.0,121200000.0,2,100.0,212111000.0,2,100.0
MEX,Mexico,2003,Wildfire,1,2.0,1,100.0,,0,0.0,,0,0.0,,0,0.0
MEX,Mexico,2004,Extreme temperature,1,14.0,1,100.0,,0,0.0,,0,0.0,,0,0.0
MEX,Mexico,2004,Flood,2,38.0,2,100.0,4090.0,2,100.0,3600000.0,1,50.0,6136000.0,1,50.0
MEX,Mexico,2005,Flood,3,41.0,3,100.0,14000.0,3,100.0,,0,0.0,,0,0.0
MEX,Mexico,2005,Storm,4,47.0,4,100.0,2969571.0,3,75.0,7910000000.0,4,100.0,13039823000.0,4,100.0
MEX,Mexico,2006,Extreme temperature,1,5.0,1,100.0,,0,0.0,,0,0.0,,0,0.0
MEX,Mexico,2006,Flood,1,,0,0.0,,0,0.0,,0,0.0,,0,0.0
MEX,Mexico,2006,Mass movement (wet),2,21.0,2,100.0,,0,0.0,,0,0.0,,0,0.0
MEX,Mexico,2006,Storm,3,15.0,3,100.0,270700.0,3,100.0,2700000.0,1,33.33,4312000.0,1,33.33
MEX,Mexico,2007,Flood,2,22.0,1,50.0,1655000.0,2,100.0,3000000000.0,1,50.0,4658135000.0,1,50.0
MEX,Mexico,2007,Mass movement (wet),1,16.0,1,100.0,,0,0.0,,0,0.0,,0,0.0
MEX,Mexico,2007,Storm,4,20.0,3,75.0,203000.0,3,75.0,600000000.0,1,25.0,931627000.0,1,25.0
MEX,Mexico,2008,Flood,1,12.0,1,100.0,20000.0,1,100.0,,0,0.0,,0,0.0
MEX,Mexico,2008,Mass movement (wet),1,22.0,1,100.0,,0,0.0,,0,0.0,,0,0.0
MEX,Mexico,2008,Storm,1,2.0,1,100.0,500000.0,1,100.0,75000000.0,1,100.0,112148000.0,1,100.0
MEX,Mexico,2009,Epidemic,1,,0,0.0,41687.0,1,100.0,,0,0.0,,0,0.0
MEX,Mexico,2009,Flood,5,28.0,4,80.0,140184.0,4,80.0,,0,0.0,,0,0.0
MEX,Mexico,2009,Storm,2,4.0,1,50.0,112000.0,2,100.0,40000000.0,1,50.0,60026000.0,1,50.0
MEX,Mexico,2010,Earthquake,1,2.0,1,100.0,25232.0,1,100.0,1150000000.0,1,100.0,1697891000.0,1,100.0
MEX,Mexico,2010,Flood,2,66.0,2,100.0,1020000.0,2,100.0,16000000.0,1,50.0,23623000.0,1,50.0
MEX,Mexico,2010,Mass movement (wet),2,71.0,2,100.0,,0,0.0,,0,0.0,,0,0.0
MEX,Mexico,2010,Storm,4,43.0,4,100.0,555075.0,4,100.0,5900000000.0,2,50.0,8710918000.0,2,50.0
MEX,Mexico,2011,Drought,1,,0,0.0,2500000.0,1,100.0,,0,0.0,,0,0.0
MEX,Mexico,2011,Earthquake,1,2.0,1,100.0,152.0,1,100.0,,0,0.0,,0,0.0
MEX,Mexico,2011,Extreme temperature,1,3.0,1,100.0,120000.0,1,100.0,500000000.0,1,100.0,715622000.0,1,100.0
MEX,Mexico,2011,Flood,3,77.0,2,66.67,480000.0,3,100.0,,0,0.0,,0,0.0
MEX,Mexico,2011,Storm,5,43.0,5,100.0,550450.0,4,80.0,97700000.0,2,40.0,139832000.0,2,40.0
MEX,Mexico,2011,Wildfire,1,,0,0.0,,0,0.0,,0,0.0,,0,0.0
MEX,Mexico,2012,Earthquake,1,2.0,1,100.0,49011.0,1,100.0,320000000.0,1,100.0,448713000.0,1,100.0
MEX,Mexico,2012,Storm,2,19.0,2,100.0,87000.0,1,50.0,855000000.0,2,100.0,1198904000.0,2,100.0
MEX,Mexico,2013,Flood,1,13.0,1,100.0,,0,0.0,,0,0.0,,0,0.0
MEX,Mexico,2013,Storm,4,210.0,4,100.0,172000.0,4,100.0,5702000000.0,3,75.0,7880073000.0,3,75.0
MEX,Mexico,2014,Earthquake,2,3.0,1,50.0,27381.0,2,100.0,,0,0.0,,0,0.0
MEX,Mexico,2014,Storm,6,19.0,5,83.33,144135.0,5,83.33,2541500000.0,5,83.33,3456244000.0,5,83.33
MEX,Mexico,2015,Flood,1,,0,0.0,3000.0,1,100.0,,0,0.0,,0,0.0
MEX,Mexico,2015,Storm,3,42.0,3,100.0,18791.0,3,100.0,825000000.0,2,66.67,1120608000.0,2,66.67
MEX,Mexico,2016,Flood,5,25.0,5,100.0,53000.0,5,100.0,25000000.0,1,20.0,33535000.0,1,20.0
MEX,Mexico,2016,Storm,2,65.0,2,100.0,21500.0,2,100.0,50000000.0,1,50.0,67069000.0,1,50.0
MEX,Mexico,2017,Earthquake,2,467.0,2,100.0,1456250.0,2,100.0,8300000000.0,2,100.0,10901315000.0,2,100.0
MEX,Mexico,2017,Flood,1,2.0,1,100.0,800.0,1,100.0,,0,0.0,,0,0.0
MEX,Mexico,2017,Storm,4,29.0,3,75.0,3010.0,4,100.0,2000000.0,1,25.0,2627000.0,1,25.0
MEX,Mexico,2018,Earthquake,1,,0,0.0,3004.0,1,100.0,,0,0.0,,0,0.0
MEX,Mexico,2018,Flood,1,20.0,1,100.0,120.0,1,100.0,,0,0.0,,0,0.0
MEX,Mexico,2018,Storm,2,20.0,2,100.0,10000.0,1,50.0,543805000.0,2,100.0,697210000.0,2,100.0
MEX,Mexico,2019,Flood,3,12.0,3,100.0,3642.0,3,100.0,,0,0.0,,0,0.0
MEX,Mexico,2019,Storm,3,4.0,3,100.0,1200.0,2,66.67,383000000.0,1,33.33,482302000.0,1,33.33
MEX,Mexico,2020,Earthquake,1,10.0,1,100.0,24393.0,1,100.0,75000000.0,1,100.0,93295000.0,1,100.0
MEX,Mexico,2020,Flood,2,30.0,2,100.0,95100.0,2,100.0,,0,0.0,,0,0.0
MEX,Mexico,2020,Storm,5,42.0,3,60.0,4106.0,2,40.0,335000000.0,3,60.0,416717000.0,3,60.0
MEX,Mexico,2021,Earthquake,1,3.0,1,100.0,21951.0,1,100.0,200000000.0,1,100.0,237623000.0,1,100.0
MEX,Mexico,2021,Flood,3,30.0,3,100.0,12520.0,3,100.0,60000000.0,2,66.67,71287000.0,2,66.67
MEX,Mexico,2021,Storm,6,32.0,5,83.33,2874.0,4,66.67,810000000.0,6,100.0,962372000.0,6,100.0
MEX,Mexico,2022,Earthquake,2,5.0,2,100.0,35891.0,2,100.0,25000000.0,1,50.0,27502000.0,1,50.0
MEX,Mexico,2022,Flood,2,13.0,2,100.0,3150.0,2,100.0,,0,0.0,,0,0.0
MEX,Mexico,2022,Storm,3,38.0,3,100.0,16000.0,2,66.67,51000000.0,1,33.33,56104000.0,1,33.33
MEX,Mexico,2023,Flood,1,11.0,1,100.0,,0,0.0,,0,0.0,,0,0.0
MEX,Mexico,2023,Storm,1,84.0,1,100.0,988000.0,1,100.0,12000000000.0,1,100.0,12679009000.0,1,100.0
MEX,Mexico,2024,Extreme temperature,1,155.0,1,100.0,2567.0,1,100.0,,0,0.0,,0,0.0
MEX,Mexico,2024,Mass movement (wet),1,15.0,1,100.0,132.0,1,100.0,,0,0.0,,0,0.0
MEX,Mexico,2024,Storm,7,46.0,5,71.43,27050.0,3,42.86,2680000000.0,3,42.86,2750519000.0,3,42.86
MEX,Mexico,2025,Flood,2,108.0,2,100.0,211779.0,2,100.0,,0,0.0,,0,0.0
MEX,Mexico,2025,Storm,1,1.0,1,100.0,150.0,1,100.0,213000000.0,1,100.0,213000000.0,1,100.0
MEX,Mexico,2026,Earthquake,2,1.0,1,50.0,17370.0,2,100.0,,0,0.0,,0,0.0
MEX,Mexico,2026,Storm,1,4.0,1,100.0,2400.0,1,100.0,100000000.0,1,100.0,,0,0.0
MHL,Marshall Islands,2000,Epidemic,1,6.0,1,100.0,218.0,1,100.0,,0,0.0,,0,0.0
MHL,Marshall Islands,2008,Flood,1,,0,0.0,600.0,1,100.0,,0,0.0,,0,0.0
MHL,Marshall Islands,2013,Drought,1,,0,0.0,6384.0,1,100.0,,0,0.0,,0,0.0
MHL,Marshall Islands,2014,Flood,1,,0,0.0,360.0,1,100.0,,0,0.0,,0,0.0
MHL,Marshall Islands,2015,Drought,1,,0,0.0,21000.0,1,100.0,4900000.0,1,100.0,6656000.0,1,100.0
MHL,Marshall Islands,2019,Storm,1,,0,0.0,,0,0.0,,0,0.0,,0,0.0
MHL,Marshall Islands,2022,Drought,1,,0,0.0,4480.0,1,100.0,,0,0.0,,0,0.0
MHL,Marshall Islands,2024,Drought,1,,0,0.0,13924.0,1,100.0,,0,0.0,,0,0.0
MHL,Marshall Islands,2024,Storm,1,,0,0.0,19532.0,1,100.0,,0,0.0,,0,0.0
MKD,North Macedonia,2000,Wildfire,1,,0,0.0,,0,0.0,13563000.0,1,100.0,25357000.0,1,100.0
MKD,North Macedonia,2001,Extreme temperature,1,15.0,1,100.0,,0,0.0,,0,0.0,,0,0.0
MKD,North Macedonia,2002,Epidemic,1,,0,0.0,200.0,1,100.0,,0,0.0,,0,0.0
MKD,North Macedonia,2002,Flood,1,,0,0.0,1650.0,1,100.0,,0,0.0,,0,0.0
MKD,North Macedonia,2003,Flood,2,2.0,1,50.0,4750.0,2,100.0,,0,0.0,,0,0.0
MKD,North Macedonia,2004,Extreme temperature,1,15.0,1,100.0,,0,0.0,,0,0.0,,0,0.0
MKD,North Macedonia,2004,Flood,1,,0,0.0,100000.0,1,100.0,3600000.0,1,100.0,6136000.0,1,100.0
MKD,North Macedonia,2005,Flood,1,,0,0.0,2000.0,1,100.0,,0,0.0,,0,0.0
MKD,North Macedonia,2005,Storm,1,1.0,1,100.0,3.0,1,100.0,,0,0.0,,0,0.0
MKD,North Macedonia,2006,Flood,1,,0,0.0,1500.0,1,100.0,,0,0.0,,0,0.0
MKD,North Macedonia,2007,Extreme temperature,1,,0,0.0,202.0,1,100.0,,0,0.0,,0,0.0
MKD,North Macedonia,2007,Wildfire,1,1.0,1,100.0,1000000.0,1,100.0,,0,0.0,,0,0.0
MKD,North Macedonia,2012,Extreme temperature,1,1.0,1,100.0,5100.0,1,100.0,,0,0.0,,0,0.0
MKD,North Macedonia,2013,Flood,1,1.0,1,100.0,4864.0,1,100.0,,0,0.0,,0,0.0
MKD,North Macedonia,2014,Extreme temperature,1,,0,0.0,8800.0,1,100.0,,0,0.0,,0,0.0
MKD,North Macedonia,2015,Flood,2,7.0,1,50.0,105030.0,2,100.0,87000000.0,1,50.0,118173000.0,1,50.0
MKD,North Macedonia,2016,Earthquake,1,,0,0.0,100.0,1,100.0,10000000.0,1,100.0,13414000.0,1,100.0
MKD,North Macedonia,2016,Flood,1,22.0,1,100.0,33582.0,1,100.0,50000000.0,1,100.0,67069000.0,1,100.0
MKD,North Macedonia,2017,Extreme temperature,1,3.0,1,100.0,2220.0,1,100.0,,0,0.0,,0,0.0
MKD,North Macedonia,2021,Wildfire,1,1.0,1,100.0,80000.0,1,100.0,,0,0.0,,0,0.0
MKD,North Macedonia,2025,Extreme temperature,1,,0,0.0,,0,0.0,,0,0.0,,0,0.0
MLI,Mali,2000,Flood,1,15.0,1,100.0,,0,0.0,,0,0.0,,0,0.0
MLI,Mali,2001,Drought,1,,0,0.0,,0,0.0,,0,0.0,,0,0.0
MLI,Mali,2001,Flood,1,2.0,1,100.0,3500.0,1,100.0,,0,0.0,,0,0.0
MLI,Mali,2002,Epidemic,1,33.0,1,100.0,282.0,1,100.0,,0,0.0,,0,0.0
MLI,Mali,2002,Flood,1,2.0,1,100.0,22519.0,1,100.0,,0,0.0,,0,0.0
MLI,Mali,2003,Epidemic,1,106.0,1,100.0,1216.0,1,100.0,,0,0.0,,0,0.0
MLI,Mali,2003,Flood,1,,0,0.0,10000.0,1,100.0,,0,0.0,,0,0.0
MLI,Mali,2004,Infestation,1,,0,0.0,,0,0.0,,0,0.0,,0,0.0
MLI,Mali,2005,Drought,1,,0,0.0,1000000.0,1,100.0,,0,0.0,,0,0.0
MLI,Mali,2005,Epidemic,2,43.0,2,100.0,168.0,2,100.0,,0,0.0,,0,0.0
MLI,Mali,2005,Flood,2,,0,0.0,1860.0,2,100.0,,0,0.0,,0,0.0
MLI,Mali,2006,Drought,1,,0,0.0,25000.0,1,100.0,,0,0.0,,0,0.0
MLI,Mali,2006,Epidemic,1,9.0,1,100.0,151.0,1,100.0,,0,0.0,,0,0.0
MLI,Mali,2006,Flood,1,1.0,1,100.0,1000.0,1,100.0,,0,0.0,,0,0.0
MLI,Mali,2007,Flood,2,18.0,2,100.0,88858.0,2,100.0,,0,0.0,,0,0.0
MLI,Mali,2008,Flood,1,,0,0.0,2500.0,1,100.0,,0,0.0,,0,0.0
MLI,Mali,2009,Epidemic,1,10.0,1,100.0,86.0,1,100.0,,0,0.0,,0,0.0
MLI,Mali,2009,Flood,1,25.0,1,100.0,20406.0,1,100.0,,0,0.0,,0,0.0
MLI,Mali,2010,Drought,1,,0,0.0,600000.0,1,100.0,,0,0.0,,0,0.0
MLI,Mali,2010,Flood,2,,0,0.0,32000.0,2,100.0,,0,0.0,,0,0.0
MLI,Mali,2011,Drought,1,,0,0.0,3500000.0,1,100.0,,0,0.0,,0,0.0
MLI,Mali,2011,Epidemic,1,49.0,1,100.0,1190.0,1,100.0,,0,0.0,,0,0.0
MLI,Mali,2011,Flood,1,1.0,1,100.0,15415.0,1,100.0,,0,0.0,,0,0.0
MLI,Mali,2013,Flood,2,37.0,1,50.0,46000.0,2,100.0,,0,0.0,,0,0.0
MLI,Mali,2014,Epidemic,1,6.0,1,100.0,7.0,1,100.0,,0,0.0,,0,0.0
MLI,Mali,2015,Flood,1,5.0,1,100.0,2000.0,1,100.0,,0,0.0,,0,0.0
MLI,Mali,2016,Flood,1,13.0,1,100.0,9500.0,1,100.0,,0,0.0,,0,0.0
MLI,Mali,2018,Flood,1,,0,0.0,13150.0,1,100.0,,0,0.0,,0,0.0
MLI,Mali,2019,Flood,2,15.0,1,50.0,6981.0,2,100.0,,0,0.0,,0,0.0
MLI,Mali,2020,Drought,1,,0,0.0,6800000.0,1,100.0,,0,0.0,,0,0.0
MLI,Mali,2022,Drought,1,,0,0.0,1735753.0,1,100.0,,0,0.0,,0,0.0
MLI,Mali,2022,Flood,1,10.0,1,100.0,79012.0,1,100.0,,0,0.0,,0,0.0
MLI,Mali,2023,Epidemic,1,35.0,1,100.0,1163.0,1,100.0,,0,0.0,,0,0.0
MLI,Mali,2024,Flood,1,92.0,1,100.0,380154.0,1,100.0,165000000.0,1,100.0,169342000.0,1,100.0
MLT,Malta,2022,Extreme temperature,1,76.0,1,100.0,,0,0.0,,0,0.0,,0,0.0
MLT,Malta,2023,Extreme temperature,1,70.0,1,100.0,,0,0.0,,0,0.0,,0,0.0
MLT,Malta,2025,Extreme temperature,1,36.0,1,100.0,,0,0.0,,0,0.0,,0,0.0
MMR,Myanmar,2001,Flood,1,51.0,1,100.0,3750.0,1,100.0,,0,0.0,,0,0.0
MMR,Myanmar,2002,Flood,1,21.0,1,100.0,50000.0,1,100.0,,0,0.0,,0,0.0
MMR,Myanmar,2004,Earthquake,1,71.0,1,100.0,15700.0,1,100.0,500000000.0,1,100.0,852227000.0,1,100.0
MMR,Myanmar,2004,Storm,1,236.0,1,100.0,25000.0,1,100.0,688000.0,1,100.0,1173000.0,1,100.0
MMR,Myanmar,2005,Mass movement (wet),1,17.0,1,100.0,16.0,1,100.0,,0,0.0,,0,0.0
MMR,Myanmar,2006,Flood,1,25.0,1,100.0,10000.0,1,100.0,,0,0.0,,0,0.0
MMR,Myanmar,2006,Storm,1,34.0,1,100.0,60106.0,1,100.0,,0,0.0,,0,0.0
MMR,Myanmar,2007,Epidemic,1,30.0,1,100.0,,0,0.0,,0,0.0,,0,0.0
MMR,Myanmar,2007,Flood,4,5.0,1,25.0,166664.0,3,75.0,,0,0.0,,0,0.0
MMR,Myanmar,2008,Storm,1,138366.0,1,100.0,2420000.0,1,100.0,4000000000.0,1,100.0,5981221000.0,1,100.0
MMR,Myanmar,2009,Mass movement (wet),1,24.0,1,100.0,1351.0,1,100.0,,0,0.0,,0,0.0
MMR,Myanmar,2010,Extreme temperature,1,260.0,1,100.0,1482.0,1,100.0,,0,0.0,,0,0.0
MMR,Myanmar,2010,Mass movement (wet),1,68.0,1,100.0,145000.0,1,100.0,,0,0.0,,0,0.0
MMR,Myanmar,2010,Storm,1,45.0,1,100.0,260049.0,1,100.0,57000000.0,1,100.0,84156000.0,1,100.0
MMR,Myanmar,2011,Earthquake,1,74.0,1,100.0,21277.0,1,100.0,3600000.0,1,100.0,5152000.0,1,100.0
MMR,Myanmar,2011,Flood,1,151.0,1,100.0,35734.0,1,100.0,1700000.0,1,100.0,2433000.0,1,100.0
MMR,Myanmar,2012,Earthquake,1,38.0,1,100.0,1486.0,1,100.0,1170000.0,1,100.0,1641000.0,1,100.0
MMR,Myanmar,2012,Flood,1,2.0,1,100.0,85000.0,1,100.0,,0,0.0,,0,0.0
MMR,Myanmar,2013,Flood,1,7.0,1,100.0,73300.0,1,100.0,,0,0.0,,0,0.0
MMR,Myanmar,2013,Mass movement (wet),1,16.0,1,100.0,,0,0.0,,0,0.0,,0,0.0
MMR,Myanmar,2014,Flood,2,,0,0.0,40000.0,2,100.0,,0,0.0,,0,0.0
MMR,Myanmar,2015,Flood,3,172.0,3,100.0,1635703.0,2,66.67,119000000.0,1,33.33,161639000.0,1,33.33
MMR,Myanmar,2015,Mass movement (wet),2,38.0,2,100.0,1200.0,2,100.0,,0,0.0,,0,0.0
MMR,Myanmar,2015,Storm,1,3.0,1,100.0,,0,0.0,,0,0.0,,0,0.0
MMR,Myanmar,2016,Earthquake,1,4.0,1,100.0,1152.0,1,100.0,10000000.0,1,100.0,13414000.0,1,100.0
MMR,Myanmar,2016,Epidemic,1,34.0,1,100.0,,0,0.0,,0,0.0,,0,0.0
MMR,Myanmar,2016,Flood,2,19.0,2,100.0,852227.0,2,100.0,2000000.0,1,50.0,2683000.0,1,50.0
MMR,Myanmar,2016,Mass movement (wet),1,42.0,1,100.0,15.0,1,100.0,,0,0.0,,0,0.0
MMR,Myanmar,2016,Storm,2,32.0,2,100.0,99956.0,2,100.0,4600000.0,2,100.0,6171000.0,2,100.0
MMR,Myanmar,2017,Flood,1,3.0,1,100.0,92000.0,1,100.0,,0,0.0,,0,0.0
MMR,Myanmar,2017,Storm,1,,0,0.0,107520.0,1,100.0,,0,0.0,,0,0.0
MMR,Myanmar,2018,Flood,3,35.0,3,100.0,173050.0,2,66.67,,0,0.0,,0,0.0
MMR,Myanmar,2018,Mass movement (dry),1,17.0,1,100.0,,0,0.0,,0,0.0,,0,0.0
MMR,Myanmar,2018,Mass movement (wet),1,15.0,1,100.0,45.0,1,100.0,,0,0.0,,0,0.0
MMR,Myanmar,2019,Flood,2,115.0,1,50.0,8075.0,2,100.0,,0,0.0,,0,0.0
MMR,Myanmar,2019,Mass movement (wet),1,13.0,1,100.0,,0,0.0,,0,0.0,,0,0.0
MMR,Myanmar,2020,Flood,1,,0,0.0,25000.0,1,100.0,,0,0.0,,0,0.0
MMR,Myanmar,2020,Mass movement (wet),1,174.0,1,100.0,1554.0,1,100.0,,0,0.0,,0,0.0
MMR,Myanmar,2021,Flood,1,,0,0.0,125000.0,1,100.0,,0,0.0,,0,0.0
MMR,Myanmar,2023,Flood,2,10.0,2,100.0,75335.0,2,100.0,,0,0.0,,0,0.0
MMR,Myanmar,2023,Mass movement (wet),1,39.0,1,100.0,,0,0.0,,0,0.0,,0,0.0
MMR,Myanmar,2023,Storm,2,156.0,2,100.0,1201412.0,2,100.0,2240000000.0,1,50.0,2366748000.0,1,50.0
MMR,Myanmar,2024,Extreme temperature,1,50.0,1,100.0,100.0,1,100.0,,0,0.0,,0,0.0
MMR,Myanmar,2024,Flood,1,,0,0.0,106792.0,1,100.0,,0,0.0,,0,0.0
MMR,Myanmar,2024,Storm,1,460.0,1,100.0,1000048.0,1,100.0,222000000.0,1,100.0,227841000.0,1,100.0
MMR,Myanmar,2025,Earthquake,1,3820.0,1,100.0,1355104.0,1,100.0,11000000000.0,1,100.0,11000000000.0,1,100.0
MMR,Myanmar,2025,Flood,2,6.0,1,50.0,35580.0,2,100.0,,0,0.0,,0,0.0
MMR,Myanmar,2025,Storm,2,20.0,1,50.0,131430.0,2,100.0,,0,0.0,,0,0.0
MNE,Montenegro,2007,Flood,1,,0,0.0,1086.0,1,100.0,,0,0.0,,0,0.0
MNE,Montenegro,2009,Flood,1,,0,0.0,1100.0,1,100.0,,0,0.0,,0,0.0
MNE,Montenegro,2010,Flood,2,,0,0.0,6350.0,2,100.0,,0,0.0,,0,0.0
MNE,Montenegro,2012,Extreme temperature,1,1.0,1,100.0,4500.0,1,100.0,,0,0.0,,0,0.0
MNE,Montenegro,2017,Wildfire,1,,0,0.0,200.0,1,100.0,,0,0.0,,0,0.0
MNE,Montenegro,2022,Extreme temperature,1,50.0,1,100.0,,0,0.0,,0,0.0,,0,0.0
MNE,Montenegro,2023,Extreme temperature,1,41.0,1,100.0,,0,0.0,,0,0.0,,0,0.0
MNE,Montenegro,2024,Extreme temperature,1,135.0,1,100.0,,0,0.0,,0,0.0,,0,0.0
MNG,Mongolia,2000,Drought,1,,0,0.0,450000.0,1,100.0,,0,0.0,,0,0.0
MNG,Mongolia,2000,Storm,2,23.0,2,100.0,1071000.0,2,100.0,80000000.0,1,50.0,149567000.0,1,50.0
MNG,Mongolia,2001,Storm,1,16.0,1,100.0,175000.0,1,100.0,,0,0.0,,0,0.0
MNG,Mongolia,2002,Storm,1,3.0,1,100.0,665000.0,1,100.0,,0,0.0,,0,0.0
MNG,Mongolia,2003,Flood,1,15.0,1,100.0,1650.0,1,100.0,270000.0,1,100.0,473000.0,1,100.0
MNG,Mongolia,2008,Epidemic,1,,0,0.0,3151.0,1,100.0,,0,0.0,,0,0.0
MNG,Mongolia,2008,Storm,1,52.0,1,100.0,,0,0.0,,0,0.0,,0,0.0
MNG,Mongolia,2009,Extreme temperature,1,5.0,1,100.0,769113.0,1,100.0,62000000.0,1,100.0,93040000.0,1,100.0
MNG,Mongolia,2009,Flood,1,26.0,1,100.0,15000.0,1,100.0,94000.0,1,100.0,141000.0,1,100.0
MNG,Mongolia,2015,Extreme temperature,1,,0,0.0,965000.0,1,100.0,,0,0.0,,0,0.0
MNG,Mongolia,2016,Extreme temperature,1,,0,0.0,157000.0,1,100.0,,0,0.0,,0,0.0
MNG,Mongolia,2017,Mass movement (wet),1,17.0,1,100.0,,0,0.0,,0,0.0,,0,0.0
MNG,Mongolia,2018,Extreme temperature,1,,0,0.0,264000.0,1,100.0,,0,0.0,,0,0.0
MNG,Mongolia,2018,Flood,1,,0,0.0,8301.0,1,100.0,,0,0.0,,0,0.0
MNG,Mongolia,2018,Storm,1,,0,0.0,,0,0.0,,0,0.0,,0,0.0
MNG,Mongolia,2019,Extreme temperature,1,,0,0.0,2000.0,1,100.0,,0,0.0,,0,0.0
MNG,Mongolia,2019,Flood,1,12.0,1,100.0,500.0,1,100.0,,0,0.0,,0,0.0
MNG,Mongolia,2019,Storm,1,,0,0.0,500.0,1,100.0,,0,0.0,,0,0.0
MNG,Mongolia,2020,Flood,3,10.0,2,66.67,27105.0,3,100.0,1700000.0,1,33.33,2115000.0,1,33.33
MNG,Mongolia,2020,Storm,1,,0,0.0,22000.0,1,100.0,,0,0.0,,0,0.0
MNG,Mongolia,2021,Flood,1,,0,0.0,6356.0,1,100.0,,0,0.0,,0,0.0
MNG,Mongolia,2021,Storm,1,12.0,1,100.0,8124.0,1,100.0,,0,0.0,,0,0.0
MNG,Mongolia,2022,Extreme temperature,1,,0,0.0,29662.0,1,100.0,,0,0.0,,0,0.0
MNG,Mongolia,2022,Flood,1,,0,0.0,4269.0,1,100.0,,0,0.0,,0,0.0
MNG,Mongolia,2023,Extreme temperature,1,2.0,1,100.0,5100.0,1,100.0,,0,0.0,,0,0.0
MNG,Mongolia,2023,Flood,2,4.0,1,50.0,289968.0,2,100.0,,0,0.0,,0,0.0
MNG,Mongolia,2023,Storm,1,8.0,1,100.0,669367.0,1,100.0,,0,0.0,,0,0.0
MNG,Mongolia,2026,Storm,1,5.0,1,100.0,39183.0,1,100.0,,0,0.0,,0,0.0
MNP,Northern Mariana Islands,2002,Storm,1,,0,0.0,300.0,1,100.0,,0,0.0,,0,0.0
MNP,Northern Mariana Islands,2003,Volcanic activity,1,,0,0.0,,0,0.0,,0,0.0,,0,0.0
MNP,Northern Mariana Islands,2004,Storm,1,3.0,1,100.0,200.0,1,100.0,,0,0.0,,0,0.0
MNP,Northern Mariana Islands,2015,Storm,1,,0,0.0,360.0,1,100.0,,0,0.0,,0,0.0
MNP,Northern Mariana Islands,2018,Storm,1,2.0,1,100.0,,0,0.0,,0,0.0,,0,0.0
MNP,Northern Mariana Islands,2026,Storm,2,6.0,1,50.0,,0,0.0,1000000000.0,1,50.0,,0,0.0
MOZ,Mozambique,2000,Epidemic,2,11.0,1,50.0,18583.0,2,100.0,,0,0.0,,0,0.0
MOZ,Mozambique,2000,Flood,1,800.0,1,100.0,4500000.0,1,100.0,419200000.0,1,100.0,783731000.0,1,100.0
MOZ,Mozambique,2000,Storm,4,34.0,4,100.0,1404.0,3,75.0,1000000.0,1,25.0,1870000.0,1,25.0
MOZ,Mozambique,2001,Drought,1,,0,0.0,100000.0,1,100.0,,0,0.0,,0,0.0
MOZ,Mozambique,2001,Epidemic,1,7.0,1,100.0,611.0,1,100.0,,0,0.0,,0,0.0
MOZ,Mozambique,2001,Flood,2,79.0,1,50.0,749326.0,2,100.0,36000000.0,1,50.0,65455000.0,1,50.0
MOZ,Mozambique,2002,Drought,1,9.0,1,100.0,600000.0,1,100.0,,0,0.0,,0,0.0
MOZ,Mozambique,2002,Epidemic,1,17.0,1,100.0,2028.0,1,100.0,,0,0.0,,0,0.0
MOZ,Mozambique,2002,Flood,1,,0,0.0,500.0,1,100.0,,0,0.0,,0,0.0
MOZ,Mozambique,2002,Storm,1,3.0,1,100.0,4017.0,1,100.0,,0,0.0,,0,0.0
MOZ,Mozambique,2003,Drought,1,9.0,1,100.0,119500.0,1,100.0,,0,0.0,,0,0.0
MOZ,Mozambique,2003,Epidemic,4,159.0,4,100.0,24134.0,4,100.0,,0,0.0,,0,0.0
MOZ,Mozambique,2003,Flood,3,38.0,3,100.0,515003.0,3,100.0,3500000.0,1,33.33,6125000.0,1,33.33
MOZ,Mozambique,2003,Storm,1,11.0,1,100.0,23010.0,1,100.0,,0,0.0,,0,0.0
MOZ,Mozambique,2005,Drought,1,,0,0.0,1400000.0,1,100.0,,0,0.0,,0,0.0
MOZ,Mozambique,2005,Flood,2,16.0,1,50.0,47837.0,2,100.0,,0,0.0,,0,0.0
MOZ,Mozambique,2006,Earthquake,1,4.0,1,100.0,1476.0,1,100.0,,0,0.0,,0,0.0
MOZ,Mozambique,2006,Epidemic,1,27.0,1,100.0,5692.0,1,100.0,,0,0.0,,0,0.0
MOZ,Mozambique,2007,Drought,1,,0,0.0,520000.0,1,100.0,,0,0.0,,0,0.0
MOZ,Mozambique,2007,Epidemic,1,78.0,1,100.0,7547.0,1,100.0,,0,0.0,,0,0.0
MOZ,Mozambique,2007,Flood,4,54.0,3,75.0,402035.0,3,75.0,171000000.0,2,50.0,265514000.0,2,50.0
MOZ,Mozambique,2007,Storm,1,10.0,1,100.0,162770.0,1,100.0,,0,0.0,,0,0.0
MOZ,Mozambique,2008,Drought,1,,0,0.0,500000.0,1,100.0,,0,0.0,,0,0.0
MOZ,Mozambique,2008,Epidemic,1,155.0,1,100.0,19310.0,1,100.0,,0,0.0,,0,0.0
MOZ,Mozambique,2008,Flood,1,25.0,1,100.0,3500.0,1,100.0,,0,0.0,,0,0.0
MOZ,Mozambique,2008,Storm,1,9.0,1,100.0,220013.0,1,100.0,20000000.0,1,100.0,29906000.0,1,100.0
MOZ,Mozambique,2008,Wildfire,1,49.0,1,100.0,3023.0,1,100.0,,0,0.0,,0,0.0
MOZ,Mozambique,2009,Epidemic,2,198.0,2,100.0,19776.0,2,100.0,,0,0.0,,0,0.0
MOZ,Mozambique,2009,Flood,1,,0,0.0,6925.0,1,100.0,,0,0.0,,0,0.0
MOZ,Mozambique,2009,Storm,1,,0,0.0,7103.0,1,100.0,3000000.0,1,100.0,4502000.0,1,100.0
MOZ,Mozambique,2010,Drought,1,,0,0.0,460000.0,1,100.0,,0,0.0,,0,0.0
MOZ,Mozambique,2010,Epidemic,1,44.0,1,100.0,3188.0,1,100.0,,0,0.0,,0,0.0
MOZ,Mozambique,2010,Flood,1,5.0,1,100.0,17000.0,1,100.0,,0,0.0,,0,0.0
MOZ,Mozambique,2011,Epidemic,1,13.0,1,100.0,325.0,1,100.0,,0,0.0,,0,0.0
MOZ,Mozambique,2011,Flood,2,11.0,1,50.0,63946.0,2,100.0,,0,0.0,,0,0.0
MOZ,Mozambique,2011,Storm,1,12.0,1,100.0,,0,0.0,,0,0.0,,0,0.0
MOZ,Mozambique,2012,Storm,3,33.0,3,100.0,110000.0,3,100.0,,0,0.0,,0,0.0
MOZ,Mozambique,2013,Epidemic,1,2.0,1,100.0,317.0,1,100.0,,0,0.0,,0,0.0
MOZ,Mozambique,2013,Flood,1,119.0,1,100.0,240000.0,1,100.0,30000000.0,1,100.0,41460000.0,1,100.0
MOZ,Mozambique,2014,Epidemic,1,43.0,1,100.0,5118.0,1,100.0,,0,0.0,,0,0.0
MOZ,Mozambique,2014,Flood,2,22.0,2,100.0,76286.0,2,100.0,,0,0.0,,0,0.0
MOZ,Mozambique,2015,Flood,1,160.0,1,100.0,177645.0,1,100.0,,0,0.0,,0,0.0
MOZ,Mozambique,2016,Drought,1,,0,0.0,2300000.0,1,100.0,,0,0.0,,0,0.0
MOZ,Mozambique,2016,Flood,2,63.0,2,100.0,171600.0,2,100.0,,0,0.0,,0,0.0
MOZ,Mozambique,2016,Storm,1,12.0,1,100.0,1700.0,1,100.0,1500000.0,1,100.0,2012000.0,1,100.0
MOZ,Mozambique,2017,Epidemic,1,1.0,1,100.0,1799.0,1,100.0,,0,0.0,,0,0.0
MOZ,Mozambique,2017,Storm,1,7.0,1,100.0,750102.0,1,100.0,17000000.0,1,100.0,22328000.0,1,100.0
MOZ,Mozambique,2018,Flood,1,11.0,1,100.0,77150.0,1,100.0,5100000.0,1,100.0,6539000.0,1,100.0
MOZ,Mozambique,2018,Mass movement (wet),1,17.0,1,100.0,300.0,1,100.0,,0,0.0,,0,0.0
MOZ,Mozambique,2019,Epidemic,1,,0,0.0,3577.0,1,100.0,,0,0.0,,0,0.0
MOZ,Mozambique,2019,Flood,3,56.0,3,100.0,121066.0,2,66.67,,0,0.0,,0,0.0
MOZ,Mozambique,2019,Storm,2,648.0,2,100.0,1901594.0,2,100.0,2230000000.0,2,100.0,2808183000.0,2,100.0
MOZ,Mozambique,2020,Drought,1,,0,0.0,2700000.0,1,100.0,,0,0.0,,0,0.0
MOZ,Mozambique,2020,Flood,2,24.0,2,100.0,153700.0,2,100.0,,0,0.0,,0,0.0
MOZ,Mozambique,2021,Drought,1,,0,0.0,1562771.0,1,100.0,,0,0.0,,0,0.0
MOZ,Mozambique,2021,Flood,1,,0,0.0,11410.0,1,100.0,,0,0.0,,0,0.0
MOZ,Mozambique,2021,Storm,1,11.0,1,100.0,481901.0,1,100.0,,0,0.0,,0,0.0
MOZ,Mozambique,2022,Flood,1,88.0,1,100.0,78271.0,1,100.0,,0,0.0,,0,0.0
MOZ,Mozambique,2022,Storm,3,115.0,3,100.0,945492.0,3,100.0,,0,0.0,,0,0.0
MOZ,Mozambique,2023,Drought,1,,0,0.0,3300000.0,1,100.0,,0,0.0,,0,0.0
MOZ,Mozambique,2023,Epidemic,1,141.0,1,100.0,33544.0,1,100.0,,0,0.0,,0,0.0
MOZ,Mozambique,2023,Flood,1,14.0,1,100.0,89093.0,1,100.0,,0,0.0,,0,0.0
MOZ,Mozambique,2023,Storm,1,183.0,1,100.0,1231389.0,1,100.0,,0,0.0,,0,0.0
MOZ,Mozambique,2024,Epidemic,1,42.0,1,100.0,1773.0,1,100.0,,0,0.0,,0,0.0
MOZ,Mozambique,2024,Storm,2,122.0,2,100.0,548164.0,2,100.0,,0,0.0,,0,0.0
MOZ,Mozambique,2025,Flood,1,201.0,1,100.0,724422.0,1,100.0,220000000.0,1,100.0,220000000.0,1,100.0
MOZ,Mozambique,2025,Storm,2,22.0,2,100.0,1304264.0,2,100.0,,0,0.0,,0,0.0
MOZ,Mozambique,2026,Storm,1,4.0,1,100.0,6170.0,1,100.0,,0,0.0,,0,0.0
MRT,Mauritania,2001,Drought,1,,0,0.0,1000000.0,1,100.0,,0,0.0,,0,0.0
MRT,Mauritania,2001,Flood,1,,0,0.0,3000.0,1,100.0,,0,0.0,,0,0.0
MRT,Mauritania,2002,Flood,1,25.0,1,100.0,27500.0,1,100.0,,0,0.0,,0,0.0
MRT,Mauritania,2003,Flood,1,9.0,1,100.0,21000.0,1,100.0,,0,0.0,,0,0.0
MRT,Mauritania,2004,Infestation,1,,0,0.0,400000.0,1,100.0,,0,0.0,,0,0.0
MRT,Mauritania,2005,Epidemic,1,55.0,1,100.0,2585.0,1,100.0,,0,0.0,,0,0.0
MRT,Mauritania,2005,Flood,1,,0,0.0,7500.0,1,100.0,,0,0.0,,0,0.0
MRT,Mauritania,2006,Flood,2,7.0,1,50.0,10619.0,2,100.0,,0,0.0,,0,0.0
MRT,Mauritania,2007,Flood,2,3.0,2,100.0,54120.0,2,100.0,,0,0.0,,0,0.0
MRT,Mauritania,2009,Flood,1,1.0,1,100.0,10000.0,1,100.0,,0,0.0,,0,0.0
MRT,Mauritania,2010,Drought,1,,0,0.0,838000.0,1,100.0,,0,0.0,,0,0.0
MRT,Mauritania,2010,Flood,1,,0,0.0,8750.0,1,100.0,,0,0.0,,0,0.0
MRT,Mauritania,2011,Drought,1,,0,0.0,723000.0,1,100.0,,0,0.0,,0,0.0
MRT,Mauritania,2013,Flood,1,8.0,1,100.0,6530.0,1,100.0,2000000.0,1,100.0,2764000.0,1,100.0
MRT,Mauritania,2017,Drought,1,,0,0.0,3893774.0,1,100.0,,0,0.0,,0,0.0
MRT,Mauritania,2017,Storm,1,18.0,1,100.0,2040.0,1,100.0,,0,0.0,,0,0.0
MRT,Mauritania,2018,Drought,1,,0,0.0,350600.0,1,100.0,,0,0.0,,0,0.0
MRT,Mauritania,2019,Flood,1,3.0,1,100.0,33600.0,1,100.0,,0,0.0,,0,0.0
MRT,Mauritania,2020,Drought,1,,0,0.0,1400000.0,1,100.0,,0,0.0,,0,0.0
MRT,Mauritania,2020,Flood,2,9.0,1,50.0,19982.0,2,100.0,,0,0.0,,0,0.0
MRT,Mauritania,2022,Flood,1,14.0,1,100.0,28926.0,1,100.0,,0,0.0,,0,0.0
MRT,Mauritania,2023,Flood,1,1.0,1,100.0,7200.0,1,100.0,,0,0.0,,0,0.0
MSR,Montserrat,2006,Volcanic activity,1,,0,0.0,200.0,1,100.0,,0,0.0,,0,0.0
MTQ,Martinique,2007,Earthquake,1,1.0,1,100.0,100.0,1,100.0,,0,0.0,,0,0.0
MTQ,Martinique,2007,Storm,1,1.0,1,100.0,6.0,1,100.0,300000000.0,1,100.0,465813000.0,1,100.0
MTQ,Martinique,2010,Epidemic,1,13.0,1,100.0,29200.0,1,100.0,,0,0.0,,0,0.0
MTQ,Martinique,2011,Storm,1,1.0,1,100.0,,0,0.0,,0,0.0,,0,0.0
MTQ,Martinique,2017,Storm,1,,0,0.0,2.0,1,100.0,44000000.0,1,100.0,57790000.0,1,100.0
MUS,Mauritius,2002,Storm,1,3.0,1,100.0,1050.0,1,100.0,50000000.0,1,100.0,89491000.0,1,100.0
MUS,Mauritius,2006,Epidemic,1,,0,0.0,2553.0,1,100.0,,0,0.0,,0,0.0
MUS,Mauritius,2007,Storm,1,2.0,1,100.0,,0,0.0,,0,0.0,,0,0.0
MUS,Mauritius,2013,Flood,1,11.0,1,100.0,82.0,1,100.0,2000000.0,1,100.0,2764000.0,1,100.0
MUS,Mauritius,2018,Storm,1,,0,0.0,30000.0,1,100.0,,0,0.0,,0,0.0
MUS,Mauritius,2022,Storm,1,1.0,1,100.0,139.0,1,100.0,,0,0.0,,0,0.0
MUS,Mauritius,2023,Storm,1,1.0,1,100.0,2500.0,1,100.0,,0,0.0,,0,0.0
MUS,Mauritius,2024,Storm,1,2.0,1,100.0,100000.0,1,100.0,,0,0.0,,0,0.0
MWI,Malawi,2000,Epidemic,1,83.0,1,100.0,3323.0,1,100.0,,0,0.0,,0,0.0
MWI,Malawi,2000,Flood,1,,0,0.0,20000.0,1,100.0,1000000.0,1,100.0,1870000.0,1,100.0
MWI,Malawi,2001,Epidemic,3,1131.0,3,100.0,40266.0,3,100.0,,0,0.0,,0,0.0
MWI,Malawi,2001,Flood,2,59.0,1,50.0,508750.0,2,100.0,6700000.0,1,50.0,12182000.0,1,50.0
MWI,Malawi,2002,Drought,1,500.0,1,100.0,2829435.0,1,100.0,,0,0.0,,0,0.0
MWI,Malawi,2002,Epidemic,2,216.0,2,100.0,773.0,1,50.0,,0,0.0,,0,0.0
MWI,Malawi,2002,Flood,2,9.0,2,100.0,396340.0,2,100.0,,0,0.0,,0,0.0
MWI,Malawi,2003,Flood,2,12.0,2,100.0,19500.0,2,100.0,,0,0.0,,0,0.0
MWI,Malawi,2005,Drought,1,,0,0.0,5100000.0,1,100.0,,0,0.0,,0,0.0
MWI,Malawi,2005,Flood,1,1.0,1,100.0,44500.0,1,100.0,,0,0.0,,0,0.0
MWI,Malawi,2005,Storm,1,11.0,1,100.0,8.0,1,100.0,,0,0.0,,0,0.0
MWI,Malawi,2006,Epidemic,1,20.0,1,100.0,852.0,1,100.0,,0,0.0,,0,0.0
MWI,Malawi,2006,Flood,2,8.0,2,100.0,16000.0,2,100.0,,0,0.0,,0,0.0
MWI,Malawi,2007,Drought,1,,0,0.0,520000.0,1,100.0,,0,0.0,,0,0.0
MWI,Malawi,2007,Flood,4,2.0,1,25.0,201965.0,4,100.0,,0,0.0,,0,0.0
MWI,Malawi,2008,Epidemic,1,113.0,1,100.0,5269.0,1,100.0,,0,0.0,,0,0.0
MWI,Malawi,2008,Flood,1,,0,0.0,16380.0,1,100.0,,0,0.0,,0,0.0
MWI,Malawi,2009,Earthquake,2,4.0,2,100.0,20736.0,2,100.0,,0,0.0,,0,0.0
MWI,Malawi,2009,Epidemic,1,62.0,1,100.0,11461.0,1,100.0,,0,0.0,,0,0.0
MWI,Malawi,2010,Flood,1,,0,0.0,21290.0,1,100.0,,0,0.0,,0,0.0
MWI,Malawi,2011,Flood,3,4.0,1,33.33,83587.0,3,100.0,,0,0.0,,0,0.0
MWI,Malawi,2012,Drought,1,,0,0.0,1900000.0,1,100.0,,0,0.0,,0,0.0
MWI,Malawi,2012,Flood,2,4.0,1,50.0,90735.0,2,100.0,,0,0.0,,0,0.0
MWI,Malawi,2012,Storm,1,,0,0.0,6000.0,1,100.0,,0,0.0,,0,0.0
MWI,Malawi,2013,Flood,1,3.0,1,100.0,33000.0,1,100.0,,0,0.0,,0,0.0
MWI,Malawi,2015,Drought,1,,0,0.0,6700000.0,1,100.0,,0,0.0,,0,0.0
MWI,Malawi,2015,Epidemic,1,11.0,1,100.0,693.0,1,100.0,,0,0.0,,0,0.0
MWI,Malawi,2015,Flood,1,278.0,1,100.0,638645.0,1,100.0,390000000.0,1,100.0,529742000.0,1,100.0
MWI,Malawi,2015,Storm,1,5.0,1,100.0,350.0,1,100.0,,0,0.0,,0,0.0
MWI,Malawi,2016,Flood,1,12.0,1,100.0,2800.0,1,100.0,,0,0.0,,0,0.0
MWI,Malawi,2017,Epidemic,1,6.0,1,100.0,450.0,1,100.0,,0,0.0,,0,0.0
MWI,Malawi,2017,Flood,1,,0,0.0,55921.0,1,100.0,,0,0.0,,0,0.0
MWI,Malawi,2018,Flood,3,5.0,2,66.67,9613.0,3,100.0,,0,0.0,,0,0.0
MWI,Malawi,2019,Flood,2,60.0,1,50.0,991646.0,2,100.0,,0,0.0,,0,0.0
MWI,Malawi,2019,Mass movement (wet),1,8.0,1,100.0,109.0,1,100.0,,0,0.0,,0,0.0
MWI,Malawi,2020,Flood,1,1.0,1,100.0,2250.0,1,100.0,,0,0.0,,0,0.0
MWI,Malawi,2021,Storm,1,13.0,1,100.0,55551.0,1,100.0,,0,0.0,,0,0.0
MWI,Malawi,2022,Drought,1,,0,0.0,2678193.0,1,100.0,,0,0.0,,0,0.0
MWI,Malawi,2022,Epidemic,2,1769.0,1,50.0,59088.0,1,50.0,,0,0.0,,0,0.0
MWI,Malawi,2022,Flood,1,62.0,1,100.0,94185.0,1,100.0,,0,0.0,,0,0.0
MWI,Malawi,2022,Storm,2,71.0,2,100.0,945934.0,1,50.0,,0,0.0,,0,0.0
MWI,Malawi,2023,Storm,1,1209.0,1,100.0,2269644.0,1,100.0,506710000.0,1,100.0,535382000.0,1,100.0
MWI,Malawi,2024,Drought,1,,0,0.0,6100000.0,1,100.0,400000000.0,1,100.0,410525000.0,1,100.0
MWI,Malawi,2024,Flood,2,17.0,2,100.0,62832.0,2,100.0,,0,0.0,,0,0.0
MWI,Malawi,2024,Storm,1,13.0,1,100.0,45191.0,1,100.0,,0,0.0,,0,0.0
MWI,Malawi,2025,Flood,1,39.0,1,100.0,181270.0,1,100.0,,0,0.0,,0,0.0
MWI,Malawi,2025,Storm,2,45.0,2,100.0,69328.0,2,100.0,,0,0.0,,0,0.0
MWI,Malawi,2026,Flood,1,29.0,1,100.0,140142.0,1,100.0,,0,0.0,,0,0.0
MYS,Malaysia,2000,Epidemic,2,4.0,2,100.0,988.0,2,100.0,,0,0.0,,0,0.0
MYS,Malaysia,2000,Flood,1,12.0,1,100.0,8000.0,1,100.0,1000000.0,1,100.0,1870000.0,1,100.0
MYS,Malaysia,2000,Storm,1,,0,0.0,500.0,1,100.0,,0,0.0,,0,0.0
MYS,Malaysia,2001,Flood,4,11.0,1,25.0,33200.0,4,100.0,,0,0.0,,0,0.0
MYS,Malaysia,2002,Mass movement (wet),1,10.0,1,100.0,,0,0.0,,0,0.0,,0,0.0
MYS,Malaysia,2002,Storm,1,2.0,1,100.0,155.0,1,100.0,,0,0.0,,0,0.0
MYS,Malaysia,2003,Flood,3,8.0,2,66.67,18800.0,3,100.0,,0,0.0,,0,0.0
MYS,Malaysia,2004,Earthquake,1,80.0,1,100.0,5063.0,1,100.0,500000000.0,1,100.0,852227000.0,1,100.0
MYS,Malaysia,2004,Flood,3,16.0,2,66.67,31038.0,3,100.0,10000000.0,1,33.33,17045000.0,1,33.33
MYS,Malaysia,2004,Storm,2,1.0,1,50.0,41000.0,2,100.0,,0,0.0,,0,0.0
MYS,Malaysia,2005,Flood,2,13.0,2,100.0,30600.0,2,100.0,,0,0.0,,0,0.0
MYS,Malaysia,2005,Wildfire,1,,0,0.0,,0,0.0,,0,0.0,,0,0.0
MYS,Malaysia,2006,Flood,4,6.0,1,25.0,106518.0,4,100.0,22000000.0,1,25.0,35134000.0,1,25.0
MYS,Malaysia,2007,Epidemic,1,56.0,1,100.0,,0,0.0,,0,0.0,,0,0.0
MYS,Malaysia,2007,Flood,2,46.0,2,100.0,166533.0,2,100.0,968000000.0,2,100.0,1503024000.0,2,100.0
MYS,Malaysia,2008,Flood,2,,0,0.0,8000.0,2,100.0,,0,0.0,,0,0.0
MYS,Malaysia,2009,Flood,2,,0,0.0,10875.0,2,100.0,,0,0.0,,0,0.0
MYS,Malaysia,2011,Flood,1,2.0,1,100.0,20000.0,1,100.0,,0,0.0,,0,0.0
MYS,Malaysia,2011,Mass movement (wet),1,16.0,1,100.0,6.0,1,100.0,,0,0.0,,0,0.0
MYS,Malaysia,2013,Flood,1,4.0,1,100.0,75000.0,1,100.0,2000000.0,1,100.0,2764000.0,1,100.0
MYS,Malaysia,2014,Drought,1,,0,0.0,2200000.0,1,100.0,,0,0.0,,0,0.0
MYS,Malaysia,2014,Flood,1,17.0,1,100.0,230000.0,1,100.0,284000000.0,1,100.0,386218000.0,1,100.0
MYS,Malaysia,2015,Earthquake,1,24.0,1,100.0,10.0,1,100.0,2000.0,1,100.0,3000.0,1,100.0
MYS,Malaysia,2015,Flood,1,1.0,1,100.0,3000.0,1,100.0,,0,0.0,,0,0.0
MYS,Malaysia,2016,Flood,4,,0,0.0,31841.0,4,100.0,132000000.0,1,25.0,177063000.0,1,25.0
MYS,Malaysia,2017,Flood,3,9.0,2,66.67,21981.0,3,100.0,,0,0.0,,0,0.0
MYS,Malaysia,2017,Storm,1,,0,0.0,426.0,1,100.0,,0,0.0,,0,0.0
MYS,Malaysia,2018,Flood,2,2.0,1,50.0,16900.0,2,100.0,,0,0.0,,0,0.0
MYS,Malaysia,2019,Flood,4,2.0,1,25.0,22477.0,4,100.0,,0,0.0,,0,0.0
MYS,Malaysia,2020,Flood,5,,0,0.0,21883.0,5,100.0,6800000.0,1,20.0,8459000.0,1,20.0
MYS,Malaysia,2021,Flood,8,79.0,5,62.5,164641.0,8,100.0,1460000000.0,1,12.5,1734647000.0,1,12.5
MYS,Malaysia,2022,Flood,5,17.0,3,60.0,90625.0,5,100.0,240000.0,1,20.0,264000.0,1,20.0
MYS,Malaysia,2022,Mass movement (wet),1,33.0,1,100.0,94.0,1,100.0,,0,0.0,,0,0.0
MYS,Malaysia,2023,Epidemic,1,100.0,1,100.0,123133.0,1,100.0,,0,0.0,,0,0.0
MYS,Malaysia,2023,Flood,4,6.0,2,50.0,84187.0,4,100.0,,0,0.0,,0,0.0
MYS,Malaysia,2025,Flood,7,21.0,3,42.86,52314.0,7,100.0,,0,0.0,,0,0.0
MYT,Mayotte,2024,Storm,1,35.0,1,100.0,231373.0,1,100.0,752000000.0,1,100.0,771787000.0,1,100.0
NAM,Namibia,2000,Epidemic,1,14.0,1,100.0,58.0,1,100.0,,0,0.0,,0,0.0
NAM,Namibia,2000,Flood,1,,0,0.0,5000.0,1,100.0,,0,0.0,,0,0.0
NAM,Namibia,2001,Drought,1,,0,0.0,,0,0.0,,0,0.0,,0,0.0
NAM,Namibia,2001,Epidemic,1,134.0,1,100.0,12098.0,1,100.0,,0,0.0,,0,0.0
NAM,Namibia,2002,Drought,1,,0,0.0,345000.0,1,100.0,,0,0.0,,0,0.0
NAM,Namibia,2003,Flood,1,2.0,1,100.0,12000.0,1,100.0,,0,0.0,,0,0.0
NAM,Namibia,2004,Flood,2,,0,0.0,25000.0,2,100.0,,0,0.0,,0,0.0
NAM,Namibia,2006,Epidemic,1,10.0,1,100.0,47.0,1,100.0,,0,0.0,,0,0.0
NAM,Namibia,2006,Flood,2,5.0,1,50.0,2300.0,2,100.0,8490000.0,1,50.0,13559000.0,1,50.0
NAM,Namibia,2007,Epidemic,1,7.0,1,100.0,250.0,1,100.0,,0,0.0,,0,0.0
NAM,Namibia,2007,Flood,1,7.0,1,100.0,15000.0,1,100.0,,0,0.0,,0,0.0
NAM,Namibia,2008,Epidemic,1,9.0,1,100.0,203.0,1,100.0,,0,0.0,,0,0.0
NAM,Namibia,2008,Flood,1,42.0,1,100.0,65000.0,1,100.0,,0,0.0,,0,0.0
NAM,Namibia,2009,Flood,1,92.0,1,100.0,350000.0,1,100.0,,0,0.0,,0,0.0
NAM,Namibia,2010,Flood,1,8.0,1,100.0,110000.0,1,100.0,,0,0.0,,0,0.0
NAM,Namibia,2011,Flood,1,108.0,1,100.0,500000.0,1,100.0,12000000.0,1,100.0,17175000.0,1,100.0
NAM,Namibia,2012,Flood,1,,0,0.0,650.0,1,100.0,,0,0.0,,0,0.0
NAM,Namibia,2013,Drought,1,,0,0.0,780000.0,1,100.0,64000000.0,1,100.0,88447000.0,1,100.0
NAM,Namibia,2013,Epidemic,1,17.0,1,100.0,518.0,1,100.0,,0,0.0,,0,0.0
NAM,Namibia,2013,Flood,1,,0,0.0,14500.0,1,100.0,,0,0.0,,0,0.0
NAM,Namibia,2015,Drought,1,,0,0.0,580000.0,1,100.0,60000000.0,1,100.0,81499000.0,1,100.0
NAM,Namibia,2017,Flood,1,,0,0.0,2502.0,1,100.0,,0,0.0,,0,0.0
NAM,Namibia,2018,Drought,1,,0,0.0,556000.0,1,100.0,,0,0.0,,0,0.0
NAM,Namibia,2020,Flood,1,,0,0.0,1000.0,1,100.0,,0,0.0,,0,0.0
NAM,Namibia,2021,Flood,1,,0,0.0,401.0,1,100.0,,0,0.0,,0,0.0
NAM,Namibia,2023,Flood,1,,0,0.0,2190.0,1,100.0,,0,0.0,,0,0.0
NAM,Namibia,2024,Drought,1,,0,0.0,1655000.0,1,100.0,,0,0.0,,0,0.0
NAM,Namibia,2025,Flood,1,16.0,1,100.0,,0,0.0,,0,0.0,,0,0.0
NCL,New Caledonia,2003,Epidemic,1,,0,0.0,437.0,1,100.0,,0,0.0,,0,0.0
NCL,New Caledonia,2003,Storm,1,2.0,1,100.0,1100.0,1,100.0,40000000.0,1,100.0,70003000.0,1,100.0
NCL,New Caledonia,2021,Storm,1,,0,0.0,,0,0.0,,0,0.0,,0,0.0
NER,Niger,2000,Epidemic,3,190.0,3,100.0,1151.0,3,100.0,,0,0.0,,0,0.0
NER,Niger,2000,Flood,1,2.0,1,100.0,4159.0,1,100.0,,0,0.0,,0,0.0
NER,Niger,2001,Drought,1,,0,0.0,3584558.0,1,100.0,,0,0.0,,0,0.0
NER,Niger,2001,Epidemic,3,573.0,3,100.0,48067.0,3,100.0,,0,0.0,,0,0.0
NER,Niger,2001,Flood,1,4.0,1,100.0,20000.0,1,100.0,,0,0.0,,0,0.0
NER,Niger,2002,Epidemic,2,316.0,2,100.0,3306.0,2,100.0,,0,0.0,,0,0.0
NER,Niger,2002,Storm,1,4.0,1,100.0,1253.0,1,100.0,,0,0.0,,0,0.0
NER,Niger,2003,Epidemic,1,195.0,1,100.0,1861.0,1,100.0,,0,0.0,,0,0.0
NER,Niger,2003,Flood,1,7.0,1,100.0,30000.0,1,100.0,,0,0.0,,0,0.0
NER,Niger,2004,Epidemic,2,154.0,2,100.0,20132.0,2,100.0,,0,0.0,,0,0.0
NER,Niger,2004,Infestation,1,,0,0.0,,0,0.0,,0,0.0,,0,0.0
NER,Niger,2005,Drought,1,,0,0.0,3000000.0,1,100.0,,0,0.0,,0,0.0
NER,Niger,2005,Epidemic,1,44.0,1,100.0,387.0,1,100.0,,0,0.0,,0,0.0
NER,Niger,2006,Epidemic,2,62.0,2,100.0,784.0,2,100.0,,0,0.0,,0,0.0
NER,Niger,2006,Flood,1,4.0,1,100.0,46472.0,1,100.0,,0,0.0,,0,0.0
NER,Niger,2007,Flood,1,7.0,1,100.0,57274.0,1,100.0,,0,0.0,,0,0.0
NER,Niger,2008,Epidemic,2,173.0,2,100.0,2805.0,2,100.0,,0,0.0,,0,0.0
NER,Niger,2008,Flood,1,7.0,1,100.0,32000.0,1,100.0,,0,0.0,,0,0.0
NER,Niger,2009,Drought,1,,0,0.0,7900000.0,1,100.0,,0,0.0,,0,0.0
NER,Niger,2009,Epidemic,1,169.0,1,100.0,4513.0,1,100.0,,0,0.0,,0,0.0
NER,Niger,2009,Flood,1,3.0,1,100.0,79129.0,1,100.0,,0,0.0,,0,0.0
NER,Niger,2010,Epidemic,2,103.0,2,100.0,1217.0,2,100.0,,0,0.0,,0,0.0
NER,Niger,2010,Flood,2,5.0,2,100.0,233226.0,2,100.0,,0,0.0,,0,0.0
NER,Niger,2011,Drought,1,,0,0.0,3000000.0,1,100.0,,0,0.0,,0,0.0
NER,Niger,2011,Epidemic,1,48.0,1,100.0,2130.0,1,100.0,,0,0.0,,0,0.0
NER,Niger,2011,Flood,2,16.0,2,100.0,41175.0,2,100.0,,0,0.0,,0,0.0
NER,Niger,2012,Epidemic,2,97.0,2,100.0,4874.0,2,100.0,,0,0.0,,0,0.0
NER,Niger,2012,Flood,1,91.0,1,100.0,530952.0,1,100.0,184115000.0,1,100.0,258171000.0,1,100.0
NER,Niger,2013,Flood,2,32.0,1,50.0,181029.0,2,100.0,64724000.0,1,50.0,89448000.0,1,50.0
NER,Niger,2014,Animal incident,1,12.0,1,100.0,5.0,1,100.0,,0,0.0,,0,0.0
NER,Niger,2014,Epidemic,2,153.0,2,100.0,1639.0,2,100.0,,0,0.0,,0,0.0
NER,Niger,2014,Flood,1,36.0,1,100.0,165578.0,1,100.0,2000000.0,1,100.0,2720000.0,1,100.0
NER,Niger,2015,Drought,1,,0,0.0,2588128.0,1,100.0,,0,0.0,,0,0.0
NER,Niger,2015,Epidemic,1,6.0,1,100.0,3370.0,1,100.0,,0,0.0,,0,0.0
NER,Niger,2015,Flood,1,27.0,1,100.0,87037.0,1,100.0,,0,0.0,,0,0.0
NER,Niger,2016,Epidemic,1,23.0,1,100.0,78.0,1,100.0,,0,0.0,,0,0.0
NER,Niger,2016,Flood,2,61.0,2,100.0,126266.0,2,100.0,,0,0.0,,0,0.0
NER,Niger,2017,Drought,1,,0,0.0,1131300.0,1,100.0,,0,0.0,,0,0.0
NER,Niger,2017,Epidemic,2,118.0,2,100.0,2390.0,2,100.0,,0,0.0,,0,0.0
NER,Niger,2017,Flood,2,72.0,2,100.0,209513.0,2,100.0,10000000.0,1,50.0,13134000.0,1,50.0
NER,Niger,2018,Epidemic,1,78.0,1,100.0,3824.0,1,100.0,,0,0.0,,0,0.0
NER,Niger,2018,Flood,1,36.0,1,100.0,130468.0,1,100.0,,0,0.0,,0,0.0
NER,Niger,2019,Flood,2,52.0,1,50.0,223000.0,2,100.0,,0,0.0,,0,0.0
NER,Niger,2020,Drought,1,,0,0.0,3700000.0,1,100.0,,0,0.0,,0,0.0
NER,Niger,2020,Flood,2,83.0,2,100.0,682620.0,2,100.0,10000000.0,1,50.0,12439000.0,1,50.0
NER,Niger,2021,Epidemic,1,166.0,1,100.0,5591.0,1,100.0,,0,0.0,,0,0.0
NER,Niger,2021,Flood,1,62.0,1,100.0,105750.0,1,100.0,,0,0.0,,0,0.0
NER,Niger,2022,Drought,1,,0,0.0,4400000.0,1,100.0,,0,0.0,,0,0.0
NER,Niger,2022,Flood,1,195.0,1,100.0,322185.0,1,100.0,,0,0.0,,0,0.0
NER,Niger,2023,Flood,1,41.0,1,100.0,169651.0,1,100.0,,0,0.0,,0,0.0
NER,Niger,2024,Flood,1,396.0,1,100.0,1527058.0,1,100.0,225000000.0,1,100.0,230920000.0,1,100.0
NER,Niger,2025,Flood,1,110.0,1,100.0,268215.0,1,100.0,,0,0.0,,0,0.0
NGA,Nigeria,2000,Epidemic,3,99.0,3,100.0,1255.0,2,66.67,,0,0.0,,0,0.0
NGA,Nigeria,2000,Flood,6,4.0,1,16.67,5500.0,6,100.0,6705000.0,2,33.33,12535000.0,2,33.33
NGA,Nigeria,2000,Mass movement (wet),2,32.0,2,100.0,300.0,1,50.0,,0,0.0,,0,0.0
NGA,Nigeria,2000,Storm,1,,0,0.0,1000.0,1,100.0,,0,0.0,,0,0.0
NGA,Nigeria,2001,Epidemic,5,544.0,5,100.0,2636.0,4,80.0,,0,0.0,,0,0.0
NGA,Nigeria,2001,Flood,3,200.0,1,33.33,89917.0,3,100.0,3000000.0,1,33.33,5455000.0,1,33.33
NGA,Nigeria,2002,Epidemic,7,255.0,7,100.0,3903.0,5,71.43,,0,0.0,,0,0.0
NGA,Nigeria,2002,Extreme temperature,1,60.0,1,100.0,,0,0.0,,0,0.0,,0,0.0
NGA,Nigeria,2002,Flood,1,,0,0.0,200.0,1,100.0,,0,0.0,,0,0.0
NGA,Nigeria,2003,Flood,1,16.0,1,100.0,210000.0,1,100.0,2570000.0,1,100.0,4498000.0,1,100.0
NGA,Nigeria,2004,Epidemic,3,172.0,3,100.0,1897.0,3,100.0,,0,0.0,,0,0.0
NGA,Nigeria,2004,Flood,5,94.0,3,60.0,29900.0,5,100.0,,0,0.0,,0,0.0
NGA,Nigeria,2004,Infestation,1,,0,0.0,,0,0.0,,0,0.0,,0,0.0
NGA,Nigeria,2005,Epidemic,4,719.0,4,100.0,23873.0,3,75.0,,0,0.0,,0,0.0
NGA,Nigeria,2005,Flood,2,60.0,1,50.0,4004.0,2,100.0,147000.0,1,50.0,242000.0,1,50.0
NGA,Nigeria,2006,Flood,3,40.0,1,33.33,13000.0,3,100.0,,0,0.0,,0,0.0
NGA,Nigeria,2007,Epidemic,1,200.0,1,100.0,,0,0.0,,0,0.0,,0,0.0
NGA,Nigeria,2007,Flood,3,91.0,3,100.0,55000.0,2,66.67,,0,0.0,,0,0.0
NGA,Nigeria,2008,Epidemic,3,178.0,3,100.0,66.0,1,33.33,,0,0.0,,0,0.0
NGA,Nigeria,2009,Epidemic,2,1721.0,2,100.0,35255.0,1,50.0,,0,0.0,,0,0.0
NGA,Nigeria,2009,Flood,2,31.0,1,50.0,150000.0,1,50.0,,0,0.0,,0,0.0
NGA,Nigeria,2010,Epidemic,2,1872.0,2,100.0,43287.0,2,100.0,,0,0.0,,0,0.0
NGA,Nigeria,2010,Flood,1,40.0,1,100.0,1500200.0,1,100.0,30000000.0,1,100.0,44293000.0,1,100.0
NGA,Nigeria,2011,Epidemic,1,694.0,1,100.0,21382.0,1,100.0,,0,0.0,,0,0.0
NGA,Nigeria,2011,Flood,4,174.0,4,100.0,30915.0,3,75.0,4500000.0,1,25.0,6441000.0,1,25.0
NGA,Nigeria,2011,Storm,1,11.0,1,100.0,12.0,1,100.0,,0,0.0,,0,0.0
NGA,Nigeria,2012,Epidemic,1,10.0,1,100.0,29.0,1,100.0,,0,0.0,,0,0.0
NGA,Nigeria,2012,Flood,1,363.0,1,100.0,7000867.0,1,100.0,500000000.0,1,100.0,701114000.0,1,100.0
NGA,Nigeria,2012,Storm,1,15.0,1,100.0,15000.0,1,100.0,1000000.0,1,100.0,1402000.0,1,100.0
NGA,Nigeria,2013,Flood,1,19.0,1,100.0,81506.0,1,100.0,,0,0.0,,0,0.0
NGA,Nigeria,2014,Epidemic,2,763.0,2,100.0,36017.0,2,100.0,,0,0.0,,0,0.0
NGA,Nigeria,2014,Flood,1,15.0,1,100.0,10000.0,1,100.0,,0,0.0,,0,0.0
NGA,Nigeria,2015,Epidemic,1,97.0,1,100.0,2108.0,1,100.0,,0,0.0,,0,0.0
NGA,Nigeria,2015,Flood,1,53.0,1,100.0,100420.0,1,100.0,25000000.0,1,100.0,33958000.0,1,100.0
NGA,Nigeria,2016,Epidemic,2,1287.0,2,100.0,15432.0,2,100.0,,0,0.0,,0,0.0
NGA,Nigeria,2016,Flood,1,18.0,1,100.0,12000.0,1,100.0,,0,0.0,,0,0.0
NGA,Nigeria,2016,Storm,1,28.0,1,100.0,1000.0,1,100.0,,0,0.0,,0,0.0
NGA,Nigeria,2017,Epidemic,2,11.0,1,50.0,1704.0,2,100.0,,0,0.0,,0,0.0
NGA,Nigeria,2017,Flood,2,20.0,1,50.0,10500.0,2,100.0,,0,0.0,,0,0.0
NGA,Nigeria,2018,Epidemic,1,90.0,1,100.0,1081.0,1,100.0,,0,0.0,,0,0.0
NGA,Nigeria,2018,Flood,2,300.0,2,100.0,1938204.0,2,100.0,275000000.0,1,50.0,352576000.0,1,50.0
NGA,Nigeria,2019,Epidemic,3,98.0,3,100.0,22834.0,3,100.0,,0,0.0,,0,0.0
NGA,Nigeria,2019,Flood,2,24.0,2,100.0,71140.0,2,100.0,,0,0.0,,0,0.0
NGA,Nigeria,2020,Epidemic,2,123.0,2,100.0,587.0,2,100.0,,0,0.0,,0,0.0
NGA,Nigeria,2020,Flood,3,189.0,3,100.0,193725.0,2,66.67,100000000.0,1,33.33,124393000.0,1,33.33
NGA,Nigeria,2021,Epidemic,1,3604.0,1,100.0,179089.0,1,100.0,,0,0.0,,0,0.0
NGA,Nigeria,2021,Flood,2,4.0,1,50.0,8330.0,2,100.0,,0,0.0,,0,0.0
NGA,Nigeria,2022,Drought,1,,0,0.0,19110398.0,1,100.0,,0,0.0,,0,0.0
NGA,Nigeria,2022,Epidemic,1,178.0,1,100.0,5000.0,1,100.0,,0,0.0,,0,0.0
NGA,Nigeria,2022,Flood,1,603.0,1,100.0,2802500.0,1,100.0,4200000000.0,1,100.0,4620325000.0,1,100.0
NGA,Nigeria,2022,Storm,1,7.0,1,100.0,1500.0,1,100.0,,0,0.0,,0,0.0
NGA,Nigeria,2023,Epidemic,1,1055.0,1,100.0,21511.0,1,100.0,,0,0.0,,0,0.0
NGA,Nigeria,2023,Flood,2,275.0,1,50.0,31336.0,2,100.0,,0,0.0,,0,0.0
NGA,Nigeria,2024,Flood,2,358.0,2,100.0,1791469.0,2,100.0,225000000.0,1,50.0,230920000.0,1,50.0
NGA,Nigeria,2024,Storm,1,1.0,1,100.0,507.0,1,100.0,,0,0.0,,0,0.0
NGA,Nigeria,2025,Epidemic,1,53.0,1,100.0,290.0,1,100.0,,0,0.0,,0,0.0
NGA,Nigeria,2025,Flood,4,1390.0,4,100.0,427406.0,4,100.0,30000000.0,1,25.0,30000000.0,1,25.0
NGA,Nigeria,2026,Epidemic,1,73.0,1,100.0,4920.0,1,100.0,,0,0.0,,0,0.0
NIC,Nicaragua,2000,Drought,1,,0,0.0,,0,0.0,,0,0.0,,0,0.0
NIC,Nicaragua,2000,Earthquake,1,7.0,1,100.0,7477.0,1,100.0,,0,0.0,,0,0.0
NIC,Nicaragua,2000,Flood,1,,0,0.0,5500.0,1,100.0,,0,0.0,,0,0.0
NIC,Nicaragua,2000,Storm,2,13.0,2,100.0,2510.0,2,100.0,1000000.0,1,50.0,1870000.0,1,50.0
NIC,Nicaragua,2001,Drought,1,,0,0.0,188000.0,1,100.0,,0,0.0,,0,0.0
NIC,Nicaragua,2001,Storm,1,16.0,1,100.0,24866.0,1,100.0,1000000.0,1,100.0,1818000.0,1,100.0
NIC,Nicaragua,2002,Flood,1,,0,0.0,13546.0,1,100.0,50000.0,1,100.0,89000.0,1,100.0
NIC,Nicaragua,2002,Storm,1,2.0,1,100.0,300.0,1,100.0,1000000.0,1,100.0,1790000.0,1,100.0
NIC,Nicaragua,2002,Wildfire,1,,0,0.0,16000.0,1,100.0,,0,0.0,,0,0.0
NIC,Nicaragua,2004,Mass movement (wet),1,29.0,1,100.0,5769.0,1,100.0,,0,0.0,,0,0.0
NIC,Nicaragua,2004,Storm,1,,0,0.0,200.0,1,100.0,,0,0.0,,0,0.0
NIC,Nicaragua,2005,Storm,2,7.0,2,100.0,13643.0,2,100.0,,0,0.0,,0,0.0
NIC,Nicaragua,2007,Flood,1,10.0,1,100.0,24000.0,1,100.0,,0,0.0,,0,0.0
NIC,Nicaragua,2007,Storm,1,177.0,1,100.0,188726.0,1,100.0,,0,0.0,,0,0.0
NIC,Nicaragua,2008,Flood,2,17.0,2,100.0,14188.0,2,100.0,,0,0.0,,0,0.0
NIC,Nicaragua,2008,Storm,1,13.0,1,100.0,25000.0,1,100.0,,0,0.0,,0,0.0
NIC,Nicaragua,2009,Epidemic,1,8.0,1,100.0,2050.0,1,100.0,,0,0.0,,0,0.0
NIC,Nicaragua,2009,Flood,2,,0,0.0,6885.0,2,100.0,,0,0.0,,0,0.0
NIC,Nicaragua,2009,Storm,1,,0,0.0,19897.0,1,100.0,,0,0.0,,0,0.0
NIC,Nicaragua,2010,Epidemic,1,16.0,1,100.0,395.0,1,100.0,,0,0.0,,0,0.0
NIC,Nicaragua,2010,Flood,2,66.0,1,50.0,75860.0,2,100.0,,0,0.0,,0,0.0
NIC,Nicaragua,2010,Storm,2,5.0,1,50.0,,0,0.0,,0,0.0,,0,0.0
NIC,Nicaragua,2011,Flood,1,17.0,1,100.0,143018.0,1,100.0,,0,0.0,,0,0.0
NIC,Nicaragua,2012,Flood,1,9.0,1,100.0,29500.0,1,100.0,,0,0.0,,0,0.0
NIC,Nicaragua,2013,Epidemic,1,3.0,1,100.0,1310.0,1,100.0,,0,0.0,,0,0.0
NIC,Nicaragua,2013,Flood,1,27.0,1,100.0,14149.0,1,100.0,,0,0.0,,0,0.0
NIC,Nicaragua,2014,Drought,1,,0,0.0,460000.0,1,100.0,,0,0.0,,0,0.0
NIC,Nicaragua,2014,Earthquake,1,2.0,1,100.0,12281.0,1,100.0,3000000.0,1,100.0,4080000.0,1,100.0
NIC,Nicaragua,2014,Flood,1,,0,0.0,60345.0,1,100.0,,0,0.0,,0,0.0
NIC,Nicaragua,2015,Flood,1,2.0,1,100.0,3750.0,1,100.0,,0,0.0,,0,0.0
NIC,Nicaragua,2016,Storm,1,,0,0.0,10570.0,1,100.0,,0,0.0,,0,0.0
NIC,Nicaragua,2017,Flood,1,7.0,1,100.0,13715.0,1,100.0,,0,0.0,,0,0.0
NIC,Nicaragua,2017,Storm,1,15.0,1,100.0,39200.0,1,100.0,,0,0.0,,0,0.0
NIC,Nicaragua,2018,Drought,1,,0,0.0,300000.0,1,100.0,,0,0.0,,0,0.0
NIC,Nicaragua,2018,Flood,1,4.0,1,100.0,13000.0,1,100.0,,0,0.0,,0,0.0
NIC,Nicaragua,2019,Epidemic,1,15.0,1,100.0,94513.0,1,100.0,,0,0.0,,0,0.0
NIC,Nicaragua,2020,Storm,2,20.0,2,100.0,930000.0,2,100.0,919000000.0,2,100.0,1143172000.0,2,100.0
NIC,Nicaragua,2022,Storm,2,5.0,2,100.0,50112.0,2,100.0,180000000.0,1,50.0,198014000.0,1,50.0
NIC,Nicaragua,2024,Storm,2,2.0,1,50.0,,0,0.0,,0,0.0,,0,0.0
NIU,Niue,2004,Storm,1,1.0,1,100.0,702.0,1,100.0,40000000.0,1,100.0,68178000.0,1,100.0
NLD,Netherlands (Kingdom of the),2002,Storm,1,4.0,1,100.0,,0,0.0,300000000.0,1,100.0,536945000.0,1,100.0
NLD,Netherlands (Kingdom of the),2003,Extreme temperature,1,965.0,1,100.0,,0,0.0,,0,0.0,,0,0.0
NLD,Netherlands (Kingdom of the),2005,Extreme temperature,2,,0,0.0,,0,0.0,100000000.0,1,50.0,164852000.0,1,50.0
NLD,Netherlands (Kingdom of the),2005,Storm,1,,0,0.0,1.0,1,100.0,,0,0.0,,0,0.0
NLD,Netherlands (Kingdom of the),2006,Extreme temperature,1,1000.0,1,100.0,,0,0.0,,0,0.0,,0,0.0
NLD,Netherlands (Kingdom of the),2007,Storm,1,7.0,1,100.0,,0,0.0,550000000.0,1,100.0,853991000.0,1,100.0
NLD,Netherlands (Kingdom of the),2008,Storm,1,,0,0.0,,0,0.0,,0,0.0,,0,0.0
NLD,Netherlands (Kingdom of the),2010,Storm,1,,0,0.0,,0,0.0,28000000.0,1,100.0,41340000.0,1,100.0
NLD,Netherlands (Kingdom of the),2012,Extreme temperature,1,1.0,1,100.0,,0,0.0,,0,0.0,,0,0.0
NLD,Netherlands (Kingdom of the),2013,Storm,3,2.0,1,33.33,,0,0.0,10000000.0,1,33.33,13820000.0,1,33.33
NLD,Netherlands (Kingdom of the),2016,Storm,1,,0,0.0,,0,0.0,844000000.0,1,100.0,1132132000.0,1,100.0
NLD,Netherlands (Kingdom of the),2018,Extreme temperature,1,100.0,1,100.0,,0,0.0,,0,0.0,,0,0.0
NLD,Netherlands (Kingdom of the),2018,Storm,1,3.0,1,100.0,,0,0.0,110011000.0,1,100.0,141045000.0,1,100.0
NLD,Netherlands (Kingdom of the),2019,Extreme temperature,1,400.0,1,100.0,,0,0.0,,0,0.0,,0,0.0
NLD,Netherlands (Kingdom of the),2020,Extreme temperature,1,400.0,1,100.0,,0,0.0,,0,0.0,,0,0.0
NLD,Netherlands (Kingdom of the),2021,Flood,1,,0,0.0,,0,0.0,,0,0.0,,0,0.0
NLD,Netherlands (Kingdom of the),2021,Storm,1,,0,0.0,4.0,1,100.0,,0,0.0,,0,0.0
NLD,Netherlands (Kingdom of the),2022,Extreme temperature,1,469.0,1,100.0,,0,0.0,,0,0.0,,0,0.0
NLD,Netherlands (Kingdom of the),2022,Storm,1,4.0,1,100.0,,0,0.0,568420000.0,1,100.0,625306000.0,1,100.0
NLD,Netherlands (Kingdom of the),2023,Extreme temperature,1,368.0,1,100.0,,0,0.0,,0,0.0,,0,0.0
NLD,Netherlands (Kingdom of the),2023,Storm,1,1.0,1,100.0,,0,0.0,,0,0.0,,0,0.0
NLD,Netherlands (Kingdom of the),2024,Extreme temperature,1,234.0,1,100.0,,0,0.0,,0,0.0,,0,0.0
NLD,Netherlands (Kingdom of the),2024,Storm,1,1.0,1,100.0,,0,0.0,50000000.0,1,100.0,51316000.0,1,100.0
NLD,Netherlands (Kingdom of the),2025,Extreme temperature,1,411.0,1,100.0,,0,0.0,,0,0.0,,0,0.0
NLD,Netherlands (Kingdom of the),2026,Storm,1,,0,0.0,,0,0.0,,0,0.0,,0,0.0
NOR,Norway,2000,Flood,1,,0,0.0,600.0,1,100.0,,0,0.0,,0,0.0
NOR,Norway,2001,Flood,1,,0,0.0,1500.0,1,100.0,,0,0.0,,0,0.0
NOR,Norway,2005,Storm,1,,0,0.0,,0,0.0,130000000.0,1,100.0,214308000.0,1,100.0
NOR,Norway,2006,Flood,1,1.0,1,100.0,200.0,1,100.0,,0,0.0,,0,0.0
NOR,Norway,2008,Storm,1,,0,0.0,100.0,1,100.0,,0,0.0,,0,0.0
NOR,Norway,2011,Storm,1,4.0,1,100.0,500.0,1,100.0,,0,0.0,,0,0.0
NOR,Norway,2013,Flood,1,,0,0.0,500.0,1,100.0,,0,0.0,,0,0.0
NOR,Norway,2019,Mass movement (wet),1,1.0,1,100.0,150.0,1,100.0,,0,0.0,,0,0.0
NOR,Norway,2020,Mass movement (wet),1,10.0,1,100.0,1010.0,1,100.0,130000000.0,1,100.0,161711000.0,1,100.0
NOR,Norway,2022,Extreme temperature,1,30.0,1,100.0,,0,0.0,,0,0.0,,0,0.0
NOR,Norway,2022,Storm,1,,0,0.0,,0,0.0,,0,0.0,,0,0.0
NOR,Norway,2023,Extreme temperature,1,29.0,1,100.0,,0,0.0,,0,0.0,,0,0.0
NOR,Norway,2024,Extreme temperature,1,18.0,1,100.0,,0,0.0,,0,0.0,,0,0.0
NOR,Norway,2025,Extreme temperature,1,52.0,1,100.0,,0,0.0,,0,0.0,,0,0.0
NPL,Nepal,2000,Epidemic,2,319.0,2,100.0,592.0,1,50.0,,0,0.0,,0,0.0
NPL,Nepal,2000,Flood,1,144.0,1,100.0,50070.0,1,100.0,6300000.0,1,100.0,11778000.0,1,100.0
NPL,Nepal,2001,Epidemic,2,26.0,2,100.0,242.0,1,50.0,,0,0.0,,0,0.0
NPL,Nepal,2001,Mass movement (wet),1,144.0,1,100.0,21019.0,1,100.0,,0,0.0,,0,0.0
NPL,Nepal,2002,Epidemic,1,32.0,1,100.0,,0,0.0,,0,0.0,,0,0.0
NPL,Nepal,2002,Extreme temperature,1,60.0,1,100.0,200.0,1,100.0,,0,0.0,,0,0.0
NPL,Nepal,2002,Mass movement (wet),1,472.0,1,100.0,265865.0,1,100.0,,0,0.0,,0,0.0
NPL,Nepal,2003,Extreme temperature,1,48.0,1,100.0,,0,0.0,,0,0.0,,0,0.0
NPL,Nepal,2003,Flood,1,239.0,1,100.0,59254.0,1,100.0,,0,0.0,,0,0.0
NPL,Nepal,2004,Flood,1,185.0,1,100.0,800015.0,1,100.0,,0,0.0,,0,0.0
NPL,Nepal,2005,Flood,2,51.0,1,50.0,31600.0,2,100.0,,0,0.0,,0,0.0
NPL,Nepal,2005,Mass movement (wet),1,18.0,1,100.0,,0,0.0,,0,0.0,,0,0.0
NPL,Nepal,2006,Drought,1,,0,0.0,200000.0,1,100.0,,0,0.0,,0,0.0
NPL,Nepal,2006,Flood,1,,0,0.0,,0,0.0,,0,0.0,,0,0.0
NPL,Nepal,2006,Mass movement (wet),2,157.0,2,100.0,80000.0,1,50.0,,0,0.0,,0,0.0
NPL,Nepal,2007,Flood,1,214.0,1,100.0,640706.0,1,100.0,2400000.0,1,100.0,3727000.0,1,100.0
NPL,Nepal,2008,Flood,2,115.0,2,100.0,250003.0,2,100.0,29000.0,1,50.0,43000.0,1,50.0
NPL,Nepal,2009,Drought,1,,0,0.0,303000.0,1,100.0,,0,0.0,,0,0.0
NPL,Nepal,2009,Epidemic,1,314.0,1,100.0,58874.0,1,100.0,,0,0.0,,0,0.0
NPL,Nepal,2009,Extreme temperature,1,18.0,1,100.0,,0,0.0,,0,0.0,,0,0.0
NPL,Nepal,2009,Flood,2,117.0,2,100.0,257786.0,1,50.0,60000000.0,1,50.0,90038000.0,1,50.0
NPL,Nepal,2009,Mass movement (wet),1,10.0,1,100.0,,0,0.0,,0,0.0,,0,0.0
NPL,Nepal,2010,Epidemic,2,73.0,2,100.0,5372.0,2,100.0,,0,0.0,,0,0.0
NPL,Nepal,2010,Flood,2,150.0,2,100.0,8000.0,1,50.0,,0,0.0,,0,0.0
NPL,Nepal,2011,Earthquake,1,7.0,1,100.0,167949.0,1,100.0,,0,0.0,,0,0.0
NPL,Nepal,2011,Extreme temperature,2,42.0,1,50.0,25000.0,1,50.0,123000.0,1,50.0,176000.0,1,50.0
NPL,Nepal,2011,Flood,2,104.0,2,100.0,1858.0,1,50.0,,0,0.0,,0,0.0
NPL,Nepal,2011,Mass movement (wet),2,29.0,2,100.0,,0,0.0,,0,0.0,,0,0.0
NPL,Nepal,2012,Flood,1,72.0,1,100.0,5.0,1,100.0,1000000.0,1,100.0,1402000.0,1,100.0
NPL,Nepal,2012,Mass movement (wet),1,11.0,1,100.0,,0,0.0,,0,0.0,,0,0.0
NPL,Nepal,2013,Extreme temperature,1,49.0,1,100.0,,0,0.0,,0,0.0,,0,0.0
NPL,Nepal,2013,Flood,2,195.0,2,100.0,16823.0,2,100.0,,0,0.0,,0,0.0
NPL,Nepal,2014,Flood,3,318.0,3,100.0,187294.0,2,66.67,,0,0.0,,0,0.0
NPL,Nepal,2014,Mass movement (wet),2,172.0,2,100.0,476.0,1,50.0,15000000.0,1,50.0,20399000.0,1,50.0
NPL,Nepal,2014,Storm,1,83.0,1,100.0,175.0,1,100.0,,0,0.0,,0,0.0
NPL,Nepal,2015,Earthquake,2,8969.0,2,100.0,5642150.0,2,100.0,5174000000.0,1,50.0,7027905000.0,1,50.0
NPL,Nepal,2015,Mass movement (wet),2,65.0,2,100.0,36.0,2,100.0,,0,0.0,,0,0.0
NPL,Nepal,2016,Flood,2,163.0,2,100.0,20574.0,2,100.0,15000000.0,1,50.0,20121000.0,1,50.0
NPL,Nepal,2016,Wildfire,1,11.0,1,100.0,,0,0.0,,0,0.0,,0,0.0
NPL,Nepal,2017,Flood,2,187.0,2,100.0,1706134.0,2,100.0,595000000.0,1,50.0,781480000.0,1,50.0
NPL,Nepal,2017,Mass movement (wet),1,11.0,1,100.0,7500.0,1,100.0,,0,0.0,,0,0.0
NPL,Nepal,2018,Extreme temperature,1,50.0,1,100.0,,0,0.0,,0,0.0,,0,0.0
NPL,Nepal,2018,Flood,1,15.0,1,100.0,1406.0,1,100.0,,0,0.0,,0,0.0
NPL,Nepal,2019,Flood,1,119.0,1,100.0,82541.0,1,100.0,204000000.0,1,100.0,256892000.0,1,100.0
NPL,Nepal,2019,Storm,1,28.0,1,100.0,14854.0,1,100.0,,0,0.0,,0,0.0
NPL,Nepal,2020,Flood,1,448.0,1,100.0,117677.0,1,100.0,100000000.0,1,100.0,124393000.0,1,100.0
NPL,Nepal,2021,Flood,4,251.0,4,100.0,3941.0,4,100.0,,0,0.0,,0,0.0
NPL,Nepal,2022,Earthquake,1,6.0,1,100.0,30008.0,1,100.0,,0,0.0,,0,0.0
NPL,Nepal,2022,Epidemic,1,,0,0.0,30000.0,1,100.0,,0,0.0,,0,0.0
NPL,Nepal,2022,Flood,2,147.0,2,100.0,6011.0,2,100.0,,0,0.0,,0,0.0
NPL,Nepal,2022,Mass movement (wet),1,22.0,1,100.0,550.0,1,100.0,,0,0.0,,0,0.0
NPL,Nepal,2022,Storm,1,21.0,1,100.0,544.0,1,100.0,,0,0.0,,0,0.0
NPL,Nepal,2023,Earthquake,2,155.0,2,100.0,336639.0,2,100.0,100000000.0,1,50.0,105658000.0,1,50.0
NPL,Nepal,2023,Epidemic,1,,0,0.0,600.0,1,100.0,,0,0.0,,0,0.0
NPL,Nepal,2023,Flood,1,36.0,1,100.0,1506.0,1,100.0,,0,0.0,,0,0.0
NPL,Nepal,2024,Flood,2,292.0,2,100.0,2592912.0,2,100.0,338043000.0,1,50.0,346938000.0,1,50.0
NPL,Nepal,2024,Glacial lake outburst flood,1,,0,0.0,135.0,1,100.0,,0,0.0,,0,0.0
NPL,Nepal,2024,Mass movement (wet),2,87.0,2,100.0,13.0,1,50.0,,0,0.0,,0,0.0
NPL,Nepal,2025,Drought,1,,0,0.0,1200000.0,1,100.0,,0,0.0,,0,0.0
NPL,Nepal,2025,Earthquake,1,,0,0.0,83.0,1,100.0,,0,0.0,,0,0.0
NPL,Nepal,2025,Flood,1,57.0,1,100.0,20342.0,1,100.0,,0,0.0,,0,0.0
NPL,Nepal,2025,Glacial lake outburst flood,1,18.0,1,100.0,5585.0,1,100.0,,0,0.0,,0,0.0
NPL,Nepal,2025,Storm,2,14.0,2,100.0,687.0,2,100.0,,0,0.0,,0,0.0
NPL,Nepal,2026,Flood,1,6342.0,1,100.0,84267.0,1,100.0,1300000000.0,1,100.0,,0,0.0
NPL,Nepal,2026,Storm,1,63.0,1,100.0,,0,0.0,,0,0.0,,0,0.0
NZL,New Zealand,2000,Flood,1,,0,0.0,,0,0.0,1000000.0,1,100.0,1870000.0,1,100.0
NZL,New Zealand,2000,Storm,1,,0,0.0,,0,0.0,,0,0.0,,0,0.0
NZL,New Zealand,2001,Extreme temperature,1,,0,0.0,,0,0.0,200000000.0,1,100.0,363640000.0,1,100.0
NZL,New Zealand,2002,Flood,1,,0,0.0,300.0,1,100.0,500000.0,1,100.0,895000.0,1,100.0
NZL,New Zealand,2003,Storm,1,2.0,1,100.0,,0,0.0,3000000.0,1,100.0,5250000.0,1,100.0
NZL,New Zealand,2004,Flood,2,4.0,2,100.0,5350.0,2,100.0,245000000.0,2,100.0,417591000.0,2,100.0
NZL,New Zealand,2005,Flood,1,,0,0.0,400.0,1,100.0,72000000.0,1,100.0,118694000.0,1,100.0
NZL,New Zealand,2005,Storm,1,,0,0.0,100.0,1,100.0,10000000.0,1,100.0,16485000.0,1,100.0
NZL,New Zealand,2006,Flood,1,,0,0.0,1200.0,1,100.0,3000000.0,1,100.0,4791000.0,1,100.0
NZL,New Zealand,2007,Storm,1,,0,0.0,300.0,1,100.0,,0,0.0,,0,0.0
NZL,New Zealand,2010,Earthquake,1,,0,0.0,300002.0,1,100.0,6500000000.0,1,100.0,9596774000.0,1,100.0
NZL,New Zealand,2011,Earthquake,2,182.0,2,100.0,301845.0,2,100.0,18000000000.0,2,100.0,25762402000.0,2,100.0
NZL,New Zealand,2012,Storm,1,3.0,1,100.0,457.0,1,100.0,9100000.0,1,100.0,12760000.0,1,100.0
NZL,New Zealand,2013,Drought,1,,0,0.0,,0,0.0,823000000.0,1,100.0,1137373000.0,1,100.0
NZL,New Zealand,2013,Earthquake,1,,0,0.0,13840.0,1,100.0,50000000.0,1,100.0,69099000.0,1,100.0
NZL,New Zealand,2013,Storm,1,,0,0.0,,0,0.0,20000000.0,1,100.0,27640000.0,1,100.0
NZL,New Zealand,2015,Flood,2,1.0,1,50.0,500.0,2,100.0,271000000.0,2,100.0,368102000.0,2,100.0
NZL,New Zealand,2016,Earthquake,1,2.0,1,100.0,50.0,1,100.0,3900000000.0,1,100.0,5231416000.0,1,100.0
NZL,New Zealand,2016,Flood,1,,0,0.0,300.0,1,100.0,25000000.0,1,100.0,33535000.0,1,100.0
NZL,New Zealand,2017,Flood,1,,0,0.0,2200.0,1,100.0,71000000.0,1,100.0,93252000.0,1,100.0
NZL,New Zealand,2017,Storm,1,,0,0.0,183.0,1,100.0,20000000.0,1,100.0,26268000.0,1,100.0
NZL,New Zealand,2018,Flood,1,,0,0.0,100.0,1,100.0,25000000.0,1,100.0,32052000.0,1,100.0
NZL,New Zealand,2019,Volcanic activity,1,21.0,1,100.0,23.0,1,100.0,,0,0.0,,0,0.0
NZL,New Zealand,2020,Flood,2,,0,0.0,2700.0,2,100.0,100000000.0,2,100.0,124393000.0,2,100.0
NZL,New Zealand,2020,Wildfire,1,,0,0.0,195.0,1,100.0,10000000.0,1,100.0,12439000.0,1,100.0
NZL,New Zealand,2021,Flood,3,,0,0.0,1130.0,3,100.0,247000000.0,3,100.0,293465000.0,3,100.0
NZL,New Zealand,2021,Storm,1,1.0,1,100.0,750.0,1,100.0,30000000.0,1,100.0,35643000.0,1,100.0
NZL,New Zealand,2022,Storm,1,,0,0.0,690.0,1,100.0,,0,0.0,,0,0.0
NZL,New Zealand,2023,Flood,1,4.0,1,100.0,5400.0,1,100.0,1900000000.0,1,100.0,2007510000.0,1,100.0
NZL,New Zealand,2023,Storm,2,11.0,1,50.0,10803.0,2,100.0,2800000000.0,1,50.0,2958435000.0,1,50.0
NZL,New Zealand,2024,Storm,1,,0,0.0,1200.0,1,100.0,,0,0.0,,0,0.0
NZL,New Zealand,2026,Storm,2,1.0,1,50.0,,0,0.0,,0,0.0,,0,0.0
OMN,Oman,2002,Storm,1,7.0,1,100.0,4033.0,1,100.0,50000000.0,1,100.0,89491000.0,1,100.0
OMN,Oman,2003,Storm,1,30.0,1,100.0,,0,0.0,1000000.0,1,100.0,1750000.0,1,100.0
OMN,Oman,2007,Storm,1,76.0,1,100.0,20000.0,1,100.0,3900000000.0,1,100.0,6055575000.0,1,100.0
OMN,Oman,2010,Storm,1,16.0,1,100.0,,0,0.0,1000000000.0,1,100.0,1476427000.0,1,100.0
OMN,Oman,2011,Storm,1,14.0,1,100.0,200.0,1,100.0,,0,0.0,,0,0.0
OMN,Oman,2015,Storm,1,,0,0.0,6000.0,1,100.0,221000000.0,1,100.0,300187000.0,1,100.0
OMN,Oman,2016,Flood,1,2.0,1,100.0,,0,0.0,,0,0.0,,0,0.0
OMN,Oman,2017,Flood,1,3.0,1,100.0,200.0,1,100.0,,0,0.0,,0,0.0
OMN,Oman,2018,Storm,2,6.0,1,50.0,,0,0.0,,0,0.0,,0,0.0
OMN,Oman,2019,Flood,1,6.0,1,100.0,,0,0.0,,0,0.0,,0,0.0
OMN,Oman,2020,Flood,1,3.0,1,100.0,100.0,1,100.0,,0,0.0,,0,0.0
OMN,Oman,2021,Storm,2,20.0,2,100.0,90.0,1,50.0,80000000.0,1,50.0,95049000.0,1,50.0
OMN,Oman,2024,Flood,2,27.0,2,100.0,1391.0,2,100.0,,0,0.0,,0,0.0
PAK,Pakistan,2000,Epidemic,3,109.0,3,100.0,258.0,2,66.67,,0,0.0,,0,0.0
PAK,Pakistan,2000,Extreme temperature,1,24.0,1,100.0,,0,0.0,,0,0.0,,0,0.0
PAK,Pakistan,2001,Earthquake,1,12.0,1,100.0,914292.0,1,100.0,500000.0,1,100.0,909000.0,1,100.0
PAK,Pakistan,2001,Epidemic,1,,0,0.0,5000.0,1,100.0,,0,0.0,,0,0.0
PAK,Pakistan,2001,Flood,1,210.0,1,100.0,400179.0,1,100.0,246000000.0,1,100.0,447278000.0,1,100.0
PAK,Pakistan,2001,Mass movement (wet),2,31.0,2,100.0,12.0,1,50.0,,0,0.0,,0,0.0
PAK,Pakistan,2001,Storm,1,4.0,1,100.0,500.0,1,100.0,,0,0.0,,0,0.0
PAK,Pakistan,2002,Earthquake,3,39.0,3,100.0,155847.0,2,66.67,,0,0.0,,0,0.0
PAK,Pakistan,2002,Epidemic,1,10.0,1,100.0,25.0,1,100.0,,0,0.0,,0,0.0
PAK,Pakistan,2002,Extreme temperature,2,113.0,1,50.0,24.0,1,50.0,,0,0.0,,0,0.0
PAK,Pakistan,2002,Flood,3,37.0,3,100.0,4010.0,2,66.67,30000.0,1,33.33,54000.0,1,33.33
PAK,Pakistan,2002,Storm,1,14.0,1,100.0,12.0,1,100.0,,0,0.0,,0,0.0
PAK,Pakistan,2003,Extreme temperature,1,200.0,1,100.0,,0,0.0,,0,0.0,,0,0.0
PAK,Pakistan,2003,Flood,3,266.0,2,66.67,1266243.0,2,66.67,,0,0.0,,0,0.0
PAK,Pakistan,2003,Mass movement (wet),1,12.0,1,100.0,,0,0.0,,0,0.0,,0,0.0
PAK,Pakistan,2003,Storm,1,51.0,1,100.0,2557.0,1,100.0,,0,0.0,,0,0.0
PAK,Pakistan,2004,Earthquake,1,24.0,1,100.0,13148.0,1,100.0,,0,0.0,,0,0.0
PAK,Pakistan,2004,Epidemic,1,2.0,1,100.0,100.0,1,100.0,,0,0.0,,0,0.0
PAK,Pakistan,2004,Flood,2,5.0,1,50.0,,0,0.0,,0,0.0,,0,0.0
PAK,Pakistan,2005,Earthquake,1,73338.0,1,100.0,5128309.0,1,100.0,5200000000.0,1,100.0,8572324000.0,1,100.0
PAK,Pakistan,2005,Epidemic,2,42.0,2,100.0,111.0,1,50.0,,0,0.0,,0,0.0
PAK,Pakistan,2005,Extreme temperature,1,106.0,1,100.0,200.0,1,100.0,,0,0.0,,0,0.0
PAK,Pakistan,2005,Flood,5,636.0,5,100.0,7527043.0,5,100.0,30000000.0,1,20.0,49456000.0,1,20.0
PAK,Pakistan,2005,Mass movement (wet),1,24.0,1,100.0,,0,0.0,,0,0.0,,0,0.0
PAK,Pakistan,2005,Storm,1,58.0,1,100.0,,0,0.0,,0,0.0,,0,0.0
PAK,Pakistan,2006,Extreme temperature,1,84.0,1,100.0,100.0,1,100.0,,0,0.0,,0,0.0
PAK,Pakistan,2006,Flood,7,400.0,6,85.71,8125.0,4,57.14,,0,0.0,,0,0.0
PAK,Pakistan,2006,Mass movement (wet),1,29.0,1,100.0,5.0,1,100.0,,0,0.0,,0,0.0
PAK,Pakistan,2007,Flood,6,526.0,6,100.0,2706.0,4,66.67,327118000.0,1,16.67,507920000.0,1,16.67
PAK,Pakistan,2007,Mass movement (wet),3,143.0,3,100.0,5.0,2,66.67,,0,0.0,,0,0.0
PAK,Pakistan,2007,Storm,1,242.0,1,100.0,1650000.0,1,100.0,1620000000.0,1,100.0,2515393000.0,1,100.0
PAK,Pakistan,2008,Earthquake,1,166.0,1,100.0,75320.0,1,100.0,10000000.0,1,100.0,14953000.0,1,100.0
PAK,Pakistan,2008,Flood,3,83.0,3,100.0,290764.0,2,66.67,103000000.0,1,33.33,154016000.0,1,33.33
PAK,Pakistan,2009,Flood,3,102.0,3,100.0,75080.0,3,100.0,,0,0.0,,0,0.0
PAK,Pakistan,2010,Flood,4,2113.0,4,100.0,20363496.0,2,50.0,9500000000.0,1,25.0,14026054000.0,1,25.0
PAK,Pakistan,2010,Mass movement (wet),2,50.0,2,100.0,30405.0,2,100.0,18000000.0,1,50.0,26576000.0,1,50.0
PAK,Pakistan,2010,Storm,1,23.0,1,100.0,4000.0,1,100.0,80000000.0,1,100.0,118114000.0,1,100.0
PAK,Pakistan,2011,Earthquake,1,2.0,1,100.0,1000.0,1,100.0,,0,0.0,,0,0.0
PAK,Pakistan,2011,Flood,1,509.0,1,100.0,5400755.0,1,100.0,2500000000.0,1,100.0,3578111000.0,1,100.0
PAK,Pakistan,2012,Flood,3,518.0,3,100.0,5050564.0,2,66.67,2500000000.0,1,33.33,3505570000.0,1,33.33
PAK,Pakistan,2012,Mass movement (wet),2,153.0,2,100.0,,0,0.0,,0,0.0,,0,0.0
PAK,Pakistan,2013,Earthquake,3,462.0,3,100.0,200974.0,3,100.0,100000000.0,1,33.33,138198000.0,1,33.33
PAK,Pakistan,2013,Flood,2,268.0,2,100.0,1497782.0,2,100.0,1500000000.0,1,50.0,2072976000.0,1,50.0
PAK,Pakistan,2014,Extreme temperature,1,139.0,1,100.0,,0,0.0,18000000.0,1,100.0,24479000.0,1,100.0
PAK,Pakistan,2014,Flood,1,255.0,1,100.0,2530673.0,1,100.0,2000000000.0,1,100.0,2719846000.0,1,100.0
PAK,Pakistan,2014,Storm,1,16.0,1,100.0,82.0,1,100.0,,0,0.0,,0,0.0
PAK,Pakistan,2015,Earthquake,2,283.0,2,100.0,502675.0,2,100.0,,0,0.0,,0,0.0
PAK,Pakistan,2015,Extreme temperature,1,1229.0,1,100.0,80000.0,1,100.0,,0,0.0,,0,0.0
PAK,Pakistan,2015,Flood,6,367.0,6,100.0,1577490.0,2,33.33,1000000.0,1,16.67,1358000.0,1,16.67
PAK,Pakistan,2015,Mass movement (dry),1,13.0,1,100.0,,0,0.0,,0,0.0,,0,0.0
PAK,Pakistan,2016,Earthquake,1,6.0,1,100.0,142.0,1,100.0,,0,0.0,,0,0.0
PAK,Pakistan,2016,Flood,7,369.0,7,100.0,10762.0,6,85.71,2000000.0,1,14.29,2683000.0,1,14.29
PAK,Pakistan,2016,Storm,1,34.0,1,100.0,191.0,1,100.0,,0,0.0,,0,0.0
PAK,Pakistan,2017,Epidemic,1,25.0,1,100.0,2492.0,1,100.0,,0,0.0,,0,0.0
PAK,Pakistan,2017,Flood,2,180.0,2,100.0,63017.0,2,100.0,110000000.0,1,50.0,144475000.0,1,50.0
PAK,Pakistan,2017,Mass movement (wet),1,9.0,1,100.0,113.0,1,100.0,,0,0.0,,0,0.0
PAK,Pakistan,2017,Storm,2,26.0,2,100.0,113.0,1,50.0,,0,0.0,,0,0.0
PAK,Pakistan,2018,Extreme temperature,1,180.0,1,100.0,,0,0.0,,0,0.0,,0,0.0
PAK,Pakistan,2018,Flood,1,60.0,1,100.0,5000.0,1,100.0,,0,0.0,,0,0.0
PAK,Pakistan,2019,Drought,1,77.0,1,100.0,4680912.0,1,100.0,,0,0.0,,0,0.0
PAK,Pakistan,2019,Earthquake,1,39.0,1,100.0,130398.0,1,100.0,17000000.0,1,100.0,21408000.0,1,100.0
PAK,Pakistan,2019,Epidemic,1,95.0,1,100.0,53834.0,1,100.0,,0,0.0,,0,0.0
PAK,Pakistan,2019,Flood,8,206.0,8,100.0,897.0,3,37.5,,0,0.0,,0,0.0
PAK,Pakistan,2019,Storm,1,39.0,1,100.0,135.0,1,100.0,,0,0.0,,0,0.0
PAK,Pakistan,2020,Flood,4,507.0,4,100.0,1560185.0,4,100.0,1500000000.0,1,25.0,1865895000.0,1,25.0
PAK,Pakistan,2020,Infestation,1,,0,0.0,,0,0.0,,0,0.0,,0,0.0
PAK,Pakistan,2020,Mass movement (wet),1,16.0,1,100.0,,0,0.0,,0,0.0,,0,0.0
PAK,Pakistan,2020,Storm,1,107.0,1,100.0,1000104.0,1,100.0,,0,0.0,,0,0.0
PAK,Pakistan,2021,Earthquake,1,21.0,1,100.0,64100.0,1,100.0,,0,0.0,,0,0.0
PAK,Pakistan,2021,Epidemic,1,,0,0.0,2728.0,1,100.0,,0,0.0,,0,0.0
PAK,Pakistan,2021,Flood,4,220.0,4,100.0,357.0,3,75.0,10000000.0,1,25.0,11881000.0,1,25.0
PAK,Pakistan,2021,Storm,2,23.0,2,100.0,28.0,2,100.0,,0,0.0,,0,0.0
PAK,Pakistan,2022,Earthquake,1,43.0,1,100.0,,0,0.0,,0,0.0,,0,0.0
PAK,Pakistan,2022,Extreme temperature,1,,0,0.0,,0,0.0,,0,0.0,,0,0.0
PAK,Pakistan,2022,Flood,1,1739.0,1,100.0,33012865.0,1,100.0,15000000000.0,1,100.0,16501160000.0,1,100.0
PAK,Pakistan,2022,Storm,1,22.0,1,100.0,,0,0.0,,0,0.0,,0,0.0
PAK,Pakistan,2022,Wildfire,1,4.0,1,100.0,4004.0,1,100.0,,0,0.0,,0,0.0
PAK,Pakistan,2023,Earthquake,1,11.0,1,100.0,939.0,1,100.0,,0,0.0,,0,0.0
PAK,Pakistan,2023,Extreme temperature,1,22.0,1,100.0,,0,0.0,,0,0.0,,0,0.0
PAK,Pakistan,2023,Flood,9,335.0,9,100.0,119804.0,6,66.67,,0,0.0,,0,0.0
PAK,Pakistan,2023,Mass movement (wet),1,11.0,1,100.0,25.0,1,100.0,,0,0.0,,0,0.0
PAK,Pakistan,2023,Storm,1,1.0,1,100.0,,0,0.0,,0,0.0,,0,0.0
PAK,Pakistan,2024,Extreme temperature,2,568.0,1,50.0,7905.0,1,50.0,,0,0.0,,0,0.0
PAK,Pakistan,2024,Flood,2,408.0,2,100.0,555000.0,2,100.0,,0,0.0,,0,0.0
PAK,Pakistan,2024,Storm,2,106.0,2,100.0,17903.0,2,100.0,,0,0.0,,0,0.0
PAK,Pakistan,2025,Extreme temperature,1,,0,0.0,1105.0,1,100.0,,0,0.0,,0,0.0
PAK,Pakistan,2025,Flood,1,1037.0,1,100.0,6901067.0,1,100.0,3000000000.0,1,100.0,3000000000.0,1,100.0
PAK,Pakistan,2025,Storm,2,30.0,2,100.0,171.0,2,100.0,,0,0.0,,0,0.0
PAK,Pakistan,2026,Earthquake,1,1.0,1,100.0,152.0,1,100.0,,0,0.0,,0,0.0
PAK,Pakistan,2026,Storm,2,102.0,2,100.0,2365.0,2,100.0,5000000.0,1,50.0,,0,0.0
PAN,Panama,2000,Flood,1,1.0,1,100.0,1000.0,1,100.0,1300000.0,1,100.0,2430000.0,1,100.0
PAN,Panama,2001,Flood,1,,0,0.0,775.0,1,100.0,,0,0.0,,0,0.0
PAN,Panama,2002,Epidemic,1,,0,0.0,173.0,1,100.0,,0,0.0,,0,0.0
PAN,Panama,2002,Flood,2,5.0,2,100.0,26500.0,2,100.0,500000.0,1,50.0,895000.0,1,50.0
PAN,Panama,2003,Earthquake,2,2.0,1,50.0,1415.0,2,100.0,,0,0.0,,0,0.0
PAN,Panama,2003,Flood,1,,0,0.0,1000.0,1,100.0,,0,0.0,,0,0.0
PAN,Panama,2004,Flood,3,16.0,1,33.33,22748.0,3,100.0,,0,0.0,,0,0.0
PAN,Panama,2005,Flood,1,3.0,1,100.0,7000.0,1,100.0,7000000.0,1,100.0,11540000.0,1,100.0
PAN,Panama,2006,Flood,2,11.0,1,50.0,6430.0,2,100.0,,0,0.0,,0,0.0
PAN,Panama,2006,Wildfire,1,,0,0.0,1436.0,1,100.0,,0,0.0,,0,0.0
PAN,Panama,2007,Flood,1,2.0,1,100.0,129.0,1,100.0,,0,0.0,,0,0.0
PAN,Panama,2008,Flood,2,28.0,2,100.0,23837.0,2,100.0,10000000.0,1,50.0,14953000.0,1,50.0
PAN,Panama,2009,Flood,1,,0,0.0,4248.0,1,100.0,,0,0.0,,0,0.0
PAN,Panama,2010,Flood,4,15.0,2,50.0,32941.0,4,100.0,,0,0.0,,0,0.0
PAN,Panama,2011,Flood,2,,0,0.0,4000.0,2,100.0,,0,0.0,,0,0.0
PAN,Panama,2012,Flood,2,6.0,2,100.0,9448.0,2,100.0,2000000.0,1,50.0,2804000.0,1,50.0
PAN,Panama,2013,Drought,1,,0,0.0,,0,0.0,200000000.0,1,100.0,276397000.0,1,100.0
PAN,Panama,2014,Flood,1,9.0,1,100.0,116.0,1,100.0,,0,0.0,,0,0.0
PAN,Panama,2015,Drought,1,,0,0.0,,0,0.0,,0,0.0,,0,0.0
PAN,Panama,2015,Flood,1,,0,0.0,3500.0,1,100.0,,0,0.0,,0,0.0
PAN,Panama,2016,Storm,1,7.0,1,100.0,12000.0,1,100.0,,0,0.0,,0,0.0
PAN,Panama,2017,Storm,1,7.0,1,100.0,12000.0,1,100.0,,0,0.0,,0,0.0
PAN,Panama,2018,Drought,1,,0,0.0,,0,0.0,72000000.0,1,100.0,92311000.0,1,100.0
PAN,Panama,2020,Flood,1,11.0,1,100.0,150.0,1,100.0,,0,0.0,,0,0.0
PAN,Panama,2020,Storm,2,83.0,2,100.0,5000.0,1,50.0,11000000.0,1,50.0,13683000.0,1,50.0
PAN,Panama,2021,Flood,2,1.0,1,50.0,30190.0,2,100.0,,0,0.0,,0,0.0
PAN,Panama,2022,Flood,1,,0,0.0,150.0,1,100.0,,0,0.0,,0,0.0
PAN,Panama,2024,Epidemic,1,22.0,1,100.0,29229.0,1,100.0,,0,0.0,,0,0.0
PAN,Panama,2024,Storm,1,7.0,1,100.0,3895.0,1,100.0,110000000.0,1,100.0,112894000.0,1,100.0
PAN,Panama,2025,Storm,1,3.0,1,100.0,800.0,1,100.0,,0,0.0,,0,0.0
PER,Peru,2000,Flood,1,22.0,1,100.0,50.0,1,100.0,,0,0.0,,0,0.0
PER,Peru,2000,Infestation,1,,0,0.0,,0,0.0,,0,0.0,,0,0.0
PER,Peru,2000,Mass movement (wet),1,11.0,1,100.0,,0,0.0,,0,0.0,,0,0.0
PER,Peru,2001,Earthquake,3,151.0,3,100.0,354098.0,3,100.0,300000000.0,1,33.33,545461000.0,1,33.33
PER,Peru,2001,Flood,3,15.0,2,66.67,66310.0,3,100.0,,0,0.0,,0,0.0
PER,Peru,2001,Mass movement (wet),1,20.0,1,100.0,150.0,1,100.0,,0,0.0,,0,0.0
PER,Peru,2002,Drought,1,,0,0.0,21500.0,1,100.0,,0,0.0,,0,0.0
PER,Peru,2002,Flood,3,23.0,3,100.0,10868.0,3,100.0,,0,0.0,,0,0.0
PER,Peru,2002,Storm,1,59.0,1,100.0,86682.0,1,100.0,,0,0.0,,0,0.0
PER,Peru,2003,Extreme temperature,1,339.0,1,100.0,1839888.0,1,100.0,,0,0.0,,0,0.0
PER,Peru,2003,Flood,2,22.0,2,100.0,65462.0,2,100.0,,0,0.0,,0,0.0
PER,Peru,2004,Drought,1,,0,0.0,,0,0.0,,0,0.0,,0,0.0
PER,Peru,2004,Extreme temperature,1,90.0,1,100.0,2137467.0,1,100.0,,0,0.0,,0,0.0
PER,Peru,2004,Flood,1,,0,0.0,7500.0,1,100.0,,0,0.0,,0,0.0
PER,Peru,2004,Mass movement (wet),1,11.0,1,100.0,76.0,1,100.0,,0,0.0,,0,0.0
PER,Peru,2005,Earthquake,2,5.0,1,50.0,2505.0,1,50.0,50000.0,1,50.0,82000.0,1,50.0
PER,Peru,2006,Drought,1,,0,0.0,,0,0.0,,0,0.0,,0,0.0
PER,Peru,2006,Flood,1,,0,0.0,15325.0,1,100.0,,0,0.0,,0,0.0
PER,Peru,2006,Volcanic activity,1,,0,0.0,3000.0,1,100.0,,0,0.0,,0,0.0
PER,Peru,2007,Earthquake,1,593.0,1,100.0,658331.0,1,100.0,600000000.0,1,100.0,931627000.0,1,100.0
PER,Peru,2007,Extreme temperature,1,67.0,1,100.0,884572.0,1,100.0,,0,0.0,,0,0.0
PER,Peru,2007,Flood,1,17.0,1,100.0,47714.0,1,100.0,,0,0.0,,0,0.0
PER,Peru,2008,Flood,1,40.0,1,100.0,450012.0,1,100.0,,0,0.0,,0,0.0
PER,Peru,2009,Epidemic,1,,0,0.0,14151.0,1,100.0,,0,0.0,,0,0.0
PER,Peru,2009,Extreme temperature,1,274.0,1,100.0,24262.0,1,100.0,,0,0.0,,0,0.0
PER,Peru,2009,Flood,1,158.0,1,100.0,236308.0,1,100.0,,0,0.0,,0,0.0
PER,Peru,2009,Mass movement (wet),4,145.0,4,100.0,2615.0,3,75.0,,0,0.0,,0,0.0
PER,Peru,2010,Epidemic,1,13.0,1,100.0,31703.0,1,100.0,,0,0.0,,0,0.0
PER,Peru,2010,Extreme temperature,1,409.0,1,100.0,57600.0,1,100.0,,0,0.0,,0,0.0
PER,Peru,2010,Flood,1,20.0,1,100.0,80000.0,1,100.0,,0,0.0,,0,0.0
PER,Peru,2010,Mass movement (wet),1,68.0,1,100.0,1054.0,1,100.0,,0,0.0,,0,0.0
PER,Peru,2011,Earthquake,1,1.0,1,100.0,2681.0,1,100.0,,0,0.0,,0,0.0
PER,Peru,2011,Extreme temperature,1,20.0,1,100.0,13440.0,1,100.0,,0,0.0,,0,0.0
PER,Peru,2011,Flood,3,72.0,3,100.0,822945.0,3,100.0,,0,0.0,,0,0.0
PER,Peru,2011,Storm,1,16.0,1,100.0,,0,0.0,,0,0.0,,0,0.0
PER,Peru,2012,Earthquake,1,,0,0.0,4435.0,1,100.0,,0,0.0,,0,0.0
PER,Peru,2012,Epidemic,1,11.0,1,100.0,20106.0,1,100.0,,0,0.0,,0,0.0
PER,Peru,2012,Extreme temperature,1,252.0,1,100.0,30113.0,1,100.0,,0,0.0,,0,0.0
PER,Peru,2012,Flood,1,14.0,1,100.0,50029.0,1,100.0,,0,0.0,,0,0.0
PER,Peru,2012,Mass movement (wet),1,22.0,1,100.0,,0,0.0,,0,0.0,,0,0.0
PER,Peru,2013,Earthquake,1,,0,0.0,7084.0,1,100.0,,0,0.0,,0,0.0
PER,Peru,2013,Extreme temperature,1,1.0,1,100.0,92701.0,1,100.0,,0,0.0,,0,0.0
PER,Peru,2013,Flood,2,68.0,2,100.0,181121.0,2,100.0,,0,0.0,,0,0.0
PER,Peru,2013,Volcanic activity,1,,0,0.0,1040.0,1,100.0,,0,0.0,,0,0.0
PER,Peru,2014,Earthquake,1,8.0,1,100.0,604.0,1,100.0,,0,0.0,,0,0.0
PER,Peru,2014,Extreme temperature,1,505.0,1,100.0,109257.0,1,100.0,,0,0.0,,0,0.0
PER,Peru,2014,Flood,3,41.0,2,66.67,92878.0,2,66.67,,0,0.0,,0,0.0
PER,Peru,2015,Extreme temperature,1,21.0,1,100.0,200620.0,1,100.0,94000000.0,1,100.0,127681000.0,1,100.0
PER,Peru,2015,Flood,2,9.0,1,50.0,150640.0,2,100.0,,0,0.0,,0,0.0
PER,Peru,2016,Earthquake,2,5.0,2,100.0,11439.0,2,100.0,,0,0.0,,0,0.0
PER,Peru,2016,Epidemic,1,26.0,1,100.0,54.0,1,100.0,,0,0.0,,0,0.0
PER,Peru,2016,Flood,1,2.0,1,100.0,10000.0,1,100.0,2000000.0,1,100.0,2683000.0,1,100.0
PER,Peru,2017,Flood,3,200.0,3,100.0,2188505.0,3,100.0,3200000000.0,2,66.67,4202916000.0,2,66.67
PER,Peru,2018,Earthquake,1,2.0,1,100.0,9319.0,1,100.0,,0,0.0,,0,0.0
PER,Peru,2019,Earthquake,1,2.0,1,100.0,4272.0,1,100.0,,0,0.0,,0,0.0
PER,Peru,2019,Flood,3,61.0,2,66.67,9279.0,2,66.67,,0,0.0,,0,0.0
PER,Peru,2019,Mass movement (wet),1,15.0,1,100.0,28.0,1,100.0,,0,0.0,,0,0.0
PER,Peru,2019,Volcanic activity,1,,0,0.0,30000.0,1,100.0,,0,0.0,,0,0.0
PER,Peru,2019,Wildfire,1,,0,0.0,,0,0.0,,0,0.0,,0,0.0
PER,Peru,2020,Flood,3,15.0,1,33.33,7251.0,3,100.0,10000000.0,1,33.33,12439000.0,1,33.33
PER,Peru,2020,Mass movement (wet),1,15.0,1,100.0,13.0,1,100.0,,0,0.0,,0,0.0
PER,Peru,2021,Earthquake,2,,0,0.0,19333.0,2,100.0,,0,0.0,,0,0.0
PER,Peru,2021,Flood,8,23.0,5,62.5,29204.0,8,100.0,25000000.0,1,12.5,29703000.0,1,12.5
PER,Peru,2022,Earthquake,2,,0,0.0,602.0,2,100.0,,0,0.0,,0,0.0
PER,Peru,2022,Flood,1,1.0,1,100.0,500.0,1,100.0,,0,0.0,,0,0.0
PER,Peru,2022,Mass movement (wet),1,10.0,1,100.0,3113.0,1,100.0,,0,0.0,,0,0.0
PER,Peru,2022,Volcanic activity,1,2.0,1,100.0,,0,0.0,,0,0.0,,0,0.0
PER,Peru,2023,Earthquake,1,1.0,1,100.0,141.0,1,100.0,,0,0.0,,0,0.0
PER,Peru,2023,Epidemic,1,176.0,1,100.0,110000.0,1,100.0,,0,0.0,,0,0.0
PER,Peru,2023,Flood,3,96.0,2,66.67,534494.0,3,100.0,305000000.0,1,33.33,322258000.0,1,33.33
PER,Peru,2023,Mass movement (wet),1,38.0,1,100.0,6327.0,1,100.0,,0,0.0,,0,0.0
PER,Peru,2023,Storm,1,8.0,1,100.0,45000.0,1,100.0,705000000.0,1,100.0,744892000.0,1,100.0
PER,Peru,2024,Earthquake,1,,0,0.0,9063.0,1,100.0,,0,0.0,,0,0.0
PER,Peru,2024,Flood,2,,0,0.0,549.0,2,100.0,,0,0.0,,0,0.0
PER,Peru,2024,Storm,1,,0,0.0,149.0,1,100.0,,0,0.0,,0,0.0
PER,Peru,2024,Wildfire,1,14.0,1,100.0,1885.0,1,100.0,190000000.0,1,100.0,194999000.0,1,100.0
PER,Peru,2025,Earthquake,1,2.0,1,100.0,639.0,1,100.0,,0,0.0,,0,0.0
PER,Peru,2025,Flood,3,7.0,1,33.33,65116.0,3,100.0,,0,0.0,,0,0.0
PER,Peru,2025,Mass movement (wet),1,41.0,1,100.0,25.0,1,100.0,,0,0.0,,0,0.0
PER,Peru,2026,Earthquake,1,6.0,1,100.0,23721.0,1,100.0,,0,0.0,,0,0.0
PHL,Philippines,2000,Epidemic,1,1.0,1,100.0,664.0,1,100.0,,0,0.0,,0,0.0
PHL,Philippines,2000,Flood,3,55.0,2,66.67,165643.0,3,100.0,4080000.0,1,33.33,7628000.0,1,33.33
PHL,Philippines,2000,Mass movement (dry),1,11.0,1,100.0,,0,0.0,,0,0.0,,0,0.0
PHL,Philippines,2000,Mass movement (wet),1,287.0,1,100.0,2838.0,1,100.0,,0,0.0,,0,0.0
PHL,Philippines,2000,Storm,6,394.0,6,100.0,6187431.0,6,100.0,83464000.0,6,100.0,156043000.0,6,100.0
PHL,Philippines,2000,Volcanic activity,1,,0,0.0,68426.0,1,100.0,2214000.0,1,100.0,4139000.0,1,100.0
PHL,Philippines,2001,Flood,3,43.0,3,100.0,91300.0,3,100.0,8000000.0,1,33.33,14546000.0,1,33.33
PHL,Philippines,2001,Storm,7,620.0,6,85.71,3450437.0,6,85.71,113061000.0,7,100.0,205568000.0,7,100.0
PHL,Philippines,2001,Volcanic activity,2,,0,0.0,83221.0,2,100.0,2580000.0,2,100.0,4691000.0,2,100.0
PHL,Philippines,2002,Drought,1,,0,0.0,,0,0.0,453000.0,1,100.0,811000.0,1,100.0
PHL,Philippines,2002,Earthquake,1,15.0,1,100.0,73451.0,1,100.0,1714000.0,1,100.0,3068000.0,1,100.0
PHL,Philippines,2002,Flood,4,90.0,4,100.0,155567.0,4,100.0,1842000.0,2,50.0,3297000.0,2,50.0
PHL,Philippines,2002,Storm,6,215.0,6,100.0,982194.0,6,100.0,13534000.0,5,83.33,24224000.0,5,83.33
PHL,Philippines,2003,Flood,1,,0,0.0,3500.0,1,100.0,,0,0.0,,0,0.0
PHL,Philippines,2003,Mass movement (wet),1,255.0,1,100.0,217988.0,1,100.0,7000000.0,1,100.0,12251000.0,1,100.0
PHL,Philippines,2003,Storm,9,108.0,7,77.78,466261.0,8,88.89,35302000.0,7,77.78,61781000.0,7,77.78
PHL,Philippines,2004,Epidemic,1,32.0,1,100.0,98.0,1,100.0,,0,0.0,,0,0.0
PHL,Philippines,2004,Flood,3,49.0,3,100.0,21694.0,3,100.0,,0,0.0,,0,0.0
PHL,Philippines,2004,Mass movement (wet),1,8.0,1,100.0,6.0,1,100.0,,0,0.0,,0,0.0
PHL,Philippines,2004,Storm,8,1861.0,8,100.0,3241278.0,8,100.0,138867000.0,5,62.5,236691000.0,5,62.5
PHL,Philippines,2005,Flood,2,5.0,2,100.0,193046.0,2,100.0,515000.0,1,50.0,849000.0,1,50.0
PHL,Philippines,2005,Storm,2,34.0,2,100.0,20011.0,2,100.0,2000000.0,1,50.0,3297000.0,1,50.0
PHL,Philippines,2006,Flood,6,36.0,5,83.33,732509.0,6,100.0,14157000.0,4,66.67,22609000.0,4,66.67
PHL,Philippines,2006,Mass movement (wet),3,1143.0,3,100.0,14651.0,3,100.0,2203000.0,1,33.33,3518000.0,1,33.33
PHL,Philippines,2006,Storm,10,1805.0,10,100.0,7821808.0,10,100.0,330921000.0,8,80.0,528483000.0,8,80.0
PHL,Philippines,2006,Volcanic activity,1,,0,0.0,43849.0,1,100.0,,0,0.0,,0,0.0
PHL,Philippines,2007,Drought,1,,0,0.0,,0,0.0,,0,0.0,,0,0.0
PHL,Philippines,2007,Flood,5,40.0,3,60.0,86747.0,4,80.0,6600000.0,2,40.0,10248000.0,2,40.0
PHL,Philippines,2007,Storm,8,78.0,8,100.0,1909794.0,8,100.0,9955000.0,5,62.5,15458000.0,5,62.5
PHL,Philippines,2007,Volcanic activity,1,,0,0.0,14036.0,1,100.0,,0,0.0,,0,0.0
PHL,Philippines,2008,Flood,8,116.0,6,75.0,1602889.0,8,100.0,39577000.0,5,62.5,59180000.0,5,62.5
PHL,Philippines,2008,Mass movement (wet),1,24.0,1,100.0,5028.0,1,100.0,,0,0.0,,0,0.0
PHL,Philippines,2008,Storm,11,819.0,11,100.0,6851979.0,10,90.91,441625000.0,8,72.73,660364000.0,8,72.73
PHL,Philippines,2009,Earthquake,1,,0,0.0,392.0,1,100.0,90000.0,1,100.0,135000.0,1,100.0
PHL,Philippines,2009,Flood,8,55.0,2,25.0,1083276.0,8,100.0,29314000.0,2,25.0,43990000.0,2,25.0
PHL,Philippines,2009,Mass movement (wet),1,10.0,1,100.0,16.0,1,100.0,,0,0.0,,0,0.0
PHL,Philippines,2009,Storm,14,1242.0,13,92.86,12221663.0,14,100.0,932703000.0,11,78.57,1399654000.0,11,78.57
PHL,Philippines,2009,Volcanic activity,1,,0,0.0,47137.0,1,100.0,,0,0.0,,0,0.0
PHL,Philippines,2010,Epidemic,1,737.0,1,100.0,123939.0,1,100.0,,0,0.0,,0,0.0
PHL,Philippines,2010,Flood,9,162.0,6,66.67,2846935.0,9,100.0,50589000.0,3,33.33,74691000.0,3,33.33
PHL,Philippines,2010,Mass movement (wet),1,2.0,1,100.0,927.0,1,100.0,78000.0,1,100.0,115000.0,1,100.0
PHL,Philippines,2010,Storm,3,212.0,3,100.0,2595545.0,3,100.0,284420000.0,2,66.67,419925000.0,2,66.67
PHL,Philippines,2010,Volcanic activity,1,,0,0.0,14161.0,1,100.0,,0,0.0,,0,0.0
PHL,Philippines,2011,Earthquake,1,,0,0.0,28.0,1,100.0,,0,0.0,,0,0.0
PHL,Philippines,2011,Epidemic,3,56.0,3,100.0,7595.0,3,100.0,,0,0.0,,0,0.0
PHL,Philippines,2011,Flood,15,122.0,9,60.0,2218828.0,15,100.0,202787000.0,7,46.67,290238000.0,7,46.67
PHL,Philippines,2011,Mass movement (wet),3,29.0,2,66.67,889.0,3,100.0,,0,0.0,,0,0.0
PHL,Philippines,2011,Storm,12,1782.0,10,83.33,9468676.0,11,91.67,527238000.0,9,75.0,754607000.0,9,75.0
PHL,Philippines,2011,Volcanic activity,2,,0,0.0,33931.0,2,100.0,,0,0.0,,0,0.0
PHL,Philippines,2012,Earthquake,3,114.0,2,66.67,353157.0,3,100.0,12144000.0,2,66.67,17029000.0,2,66.67
PHL,Philippines,2012,Epidemic,1,30.0,1,100.0,3158.0,1,100.0,,0,0.0,,0,0.0
PHL,Philippines,2012,Flood,8,157.0,5,62.5,4614628.0,8,100.0,75330000.0,3,37.5,105629000.0,3,37.5
PHL,Philippines,2012,Mass movement (wet),1,75.0,1,100.0,23.0,1,100.0,,0,0.0,,0,0.0
PHL,Philippines,2012,Storm,9,2039.0,8,88.89,7560480.0,8,88.89,918137000.0,6,66.67,1287438000.0,6,66.67
PHL,Philippines,2013,Earthquake,1,230.0,1,100.0,3222224.0,1,100.0,51459000.0,1,100.0,71116000.0,1,100.0
PHL,Philippines,2013,Flood,5,105.0,5,100.0,4500338.0,5,100.0,2234788000.0,5,100.0,3088441000.0,5,100.0
PHL,Philippines,2013,Storm,8,7415.0,8,100.0,17944571.0,8,100.0,10136563000.0,6,75.0,14008568000.0,6,75.0
PHL,Philippines,2014,Flood,3,5.0,2,66.67,145130.0,3,100.0,791000.0,1,33.33,1076000.0,1,33.33
PHL,Philippines,2014,Storm,9,326.0,9,100.0,13068983.0,9,100.0,1062899000.0,7,77.78,1445460000.0,7,77.78
PHL,Philippines,2014,Volcanic activity,1,,0,0.0,60545.0,1,100.0,,0,0.0,,0,0.0
PHL,Philippines,2015,Drought,1,,0,0.0,181687.0,1,100.0,84399000.0,1,100.0,114640000.0,1,100.0
PHL,Philippines,2015,Flood,5,53.0,5,100.0,231309.0,5,100.0,200000.0,2,40.0,272000.0,2,40.0
PHL,Philippines,2015,Storm,10,148.0,7,70.0,3606205.0,10,100.0,1881367000.0,8,80.0,2555483000.0,8,80.0
PHL,Philippines,2016,Earthquake,1,8.0,1,100.0,202.0,1,100.0,,0,0.0,,0,0.0
PHL,Philippines,2016,Flood,2,45.0,2,100.0,2563098.0,2,100.0,9320000.0,1,50.0,12502000.0,1,50.0
PHL,Philippines,2016,Storm,8,34.0,3,37.5,2971512.0,8,100.0,170754000.0,4,50.0,229048000.0,4,50.0
PHL,Philippines,2017,Earthquake,3,11.0,2,66.67,58357.0,3,100.0,20338000.0,3,100.0,26713000.0,3,100.0
PHL,Philippines,2017,Flood,3,22.0,2,66.67,1842000.0,3,100.0,8100000.0,1,33.33,10639000.0,1,33.33
PHL,Philippines,2017,Storm,8,200.0,6,75.0,2969448.0,8,100.0,132775920.0,6,75.0,174391000.0,6,75.0
PHL,Philippines,2018,Epidemic,2,519.0,2,100.0,79376.0,2,100.0,,0,0.0,,0,0.0
PHL,Philippines,2018,Flood,1,11.0,1,100.0,180000.0,1,100.0,,0,0.0,,0,0.0
PHL,Philippines,2018,Storm,7,302.0,6,85.71,9348889.0,7,100.0,566148000.0,7,100.0,725856000.0,7,100.0
PHL,Philippines,2018,Volcanic activity,1,,0,0.0,86056.0,1,100.0,3564000.0,1,100.0,4569000.0,1,100.0
PHL,Philippines,2019,Drought,1,,0,0.0,16000.0,1,100.0,25600000.0,1,100.0,32237000.0,1,100.0
PHL,Philippines,2019,Earthquake,7,88.0,6,85.71,712735.0,7,100.0,55258000.0,2,28.57,69585000.0,2,28.57
PHL,Philippines,2019,Epidemic,2,825.0,2,100.0,129597.0,2,100.0,,0,0.0,,0,0.0
PHL,Philippines,2019,Flood,1,,0,0.0,45000.0,1,100.0,,0,0.0,,0,0.0
PHL,Philippines,2019,Storm,7,92.0,5,71.43,6025139.0,7,100.0,538313000.0,4,57.14,677884000.0,4,57.14
PHL,Philippines,2020,Earthquake,1,1.0,1,100.0,4980.0,1,100.0,2500000.0,1,100.0,3110000.0,1,100.0
PHL,Philippines,2020,Mass movement (wet),1,10.0,1,100.0,11.0,1,100.0,,0,0.0,,0,0.0
PHL,Philippines,2020,Storm,6,190.0,6,100.0,5374740.0,6,100.0,1044974000.0,6,100.0,1299873000.0,6,100.0
PHL,Philippines,2020,Volcanic activity,1,1.0,1,100.0,736802.0,1,100.0,66000000.0,1,100.0,82099000.0,1,100.0
PHL,Philippines,2021,Flood,5,5.0,3,60.0,345356.0,5,100.0,25000000.0,1,20.0,29703000.0,1,20.0
PHL,Philippines,2021,Storm,8,567.0,8,100.0,12417263.0,8,100.0,1025235000.0,6,75.0,1218096000.0,6,75.0
PHL,Philippines,2021,Volcanic activity,1,,0,0.0,22433.0,1,100.0,,0,0.0,,0,0.0
PHL,Philippines,2022,Earthquake,2,10.0,1,50.0,650278.0,2,100.0,152400000.0,2,100.0,167652000.0,2,100.0
PHL,Philippines,2022,Flood,2,73.0,2,100.0,601971.0,2,100.0,11000000.0,1,50.0,12101000.0,1,50.0
PHL,Philippines,2022,Mass movement (wet),1,5.0,1,100.0,11712.0,1,100.0,,0,0.0,,0,0.0
PHL,Philippines,2022,Storm,6,521.0,3,50.0,6654242.0,6,100.0,162071000.0,4,66.67,178290000.0,4,66.67
PHL,Philippines,2022,Volcanic activity,1,,0,0.0,10415.0,1,100.0,,0,0.0,,0,0.0
PHL,Philippines,2023,Earthquake,3,14.0,2,66.67,820834.0,3,100.0,48105000.0,2,66.67,50827000.0,2,66.67
PHL,Philippines,2023,Flood,4,71.0,4,100.0,3548610.0,4,100.0,42531000.0,4,100.0,44938000.0,4,100.0
PHL,Philippines,2023,Storm,7,47.0,5,71.43,6878482.0,7,100.0,317520000.0,4,57.14,335486000.0,4,57.14
PHL,Philippines,2023,Volcanic activity,1,,0,0.0,39024.0,1,100.0,,0,0.0,,0,0.0
PHL,Philippines,2024,Earthquake,1,,0,0.0,24000.0,1,100.0,,0,0.0,,0,0.0
PHL,Philippines,2024,Extreme temperature,1,,0,0.0,34.0,1,100.0,,0,0.0,,0,0.0
PHL,Philippines,2024,Flood,1,21.0,1,100.0,1228014.0,1,100.0,30000000.0,1,100.0,30789000.0,1,100.0
PHL,Philippines,2024,Mass movement (wet),2,150.0,2,100.0,2967382.0,2,100.0,115110000.0,2,100.0,118139000.0,2,100.0
PHL,Philippines,2024,Storm,11,343.0,9,81.82,24372752.0,10,90.91,768000000.0,8,72.73,788207000.0,8,72.73
PHL,Philippines,2024,Volcanic activity,2,,0,0.0,73190.0,2,100.0,,0,0.0,,0,0.0
PHL,Philippines,2025,Earthquake,2,89.0,2,100.0,1880073.0,2,100.0,100000000.0,1,50.0,100000000.0,1,50.0
PHL,Philippines,2025,Flood,2,7.0,1,50.0,123192.0,2,100.0,,0,0.0,,0,0.0
PHL,Philippines,2025,Storm,11,525.0,9,81.82,31411350.0,11,100.0,552000000.0,3,27.27,552000000.0,3,27.27
PHL,Philippines,2025,Volcanic activity,1,,0,0.0,110000.0,1,100.0,,0,0.0,,0,0.0
PHL,Philippines,2026,Earthquake,1,108.0,1,100.0,1601339.0,1,100.0,1400000000.0,1,100.0,,0,0.0
PHL,Philippines,2026,Flood,1,32.0,1,100.0,7467255.0,1,100.0,,0,0.0,,0,0.0
PHL,Philippines,2026,Mass movement (wet),1,7.0,1,100.0,1139.0,1,100.0,,0,0.0,,0,0.0
PHL,Philippines,2026,Storm,3,43.0,2,66.67,1299612.0,2,66.67,33400000.0,2,66.67,,0,0.0
PHL,Philippines,2026,Volcanic activity,1,,0,0.0,4000.0,1,100.0,,0,0.0,,0,0.0
PLW,Palau,2012,Storm,1,,0,0.0,1250.0,1,100.0,,0,0.0,,0,0.0
PLW,Palau,2013,Storm,1,,0,0.0,,0,0.0,,0,0.0,,0,0.0
PLW,Palau,2015,Drought,1,,0,0.0,14200.0,1,100.0,,0,0.0,,0,0.0
PLW,Palau,2018,Epidemic,1,,0,0.0,124.0,1,100.0,,0,0.0,,0,0.0
PLW,Palau,2021,Storm,1,,0,0.0,7288.0,1,100.0,,0,0.0,,0,0.0
PNG,Papua New Guinea,2000,Earthquake,1,2.0,1,100.0,5000.0,1,100.0,,0,0.0,,0,0.0
PNG,Papua New Guinea,2001,Earthquake,1,,0,0.0,201.0,1,100.0,,0,0.0,,0,0.0
PNG,Papua New Guinea,2001,Epidemic,1,,0,0.0,1395.0,1,100.0,,0,0.0,,0,0.0
PNG,Papua New Guinea,2002,Earthquake,2,5.0,2,100.0,5470.0,2,100.0,,0,0.0,,0,0.0
PNG,Papua New Guinea,2002,Epidemic,2,142.0,2,100.0,2215.0,1,50.0,,0,0.0,,0,0.0
PNG,Papua New Guinea,2002,Mass movement (wet),1,36.0,1,100.0,174.0,1,100.0,,0,0.0,,0,0.0
PNG,Papua New Guinea,2002,Volcanic activity,1,,0,0.0,13000.0,1,100.0,,0,0.0,,0,0.0
PNG,Papua New Guinea,2003,Mass movement (wet),2,13.0,1,50.0,621.0,2,100.0,,0,0.0,,0,0.0
PNG,Papua New Guinea,2004,Flood,1,,0,0.0,10000.0,1,100.0,,0,0.0,,0,0.0
PNG,Papua New Guinea,2004,Volcanic activity,1,,0,0.0,9600.0,1,100.0,,0,0.0,,0,0.0
PNG,Papua New Guinea,2005,Earthquake,1,1.0,1,100.0,200.0,1,100.0,,0,0.0,,0,0.0
PNG,Papua New Guinea,2005,Flood,1,1.0,1,100.0,2493.0,1,100.0,,0,0.0,,0,0.0
PNG,Papua New Guinea,2005,Volcanic activity,1,,0,0.0,15000.0,1,100.0,,0,0.0,,0,0.0
PNG,Papua New Guinea,2006,Flood,2,1.0,1,50.0,12400.0,2,100.0,,0,0.0,,0,0.0
PNG,Papua New Guinea,2006,Mass movement (wet),2,15.0,2,100.0,10300.0,2,100.0,,0,0.0,,0,0.0
PNG,Papua New Guinea,2006,Volcanic activity,2,,0,0.0,3299.0,2,100.0,,0,0.0,,0,0.0
PNG,Papua New Guinea,2007,Storm,1,172.0,1,100.0,162140.0,1,100.0,,0,0.0,,0,0.0
PNG,Papua New Guinea,2008,Flood,2,,0,0.0,75300.0,1,50.0,,0,0.0,,0,0.0
PNG,Papua New Guinea,2008,Mass movement (dry),1,10.0,1,100.0,,0,0.0,,0,0.0,,0,0.0
PNG,Papua New Guinea,2009,Epidemic,3,192.0,3,100.0,7391.0,3,100.0,,0,0.0,,0,0.0
PNG,Papua New Guinea,2009,Mass movement (wet),1,19.0,1,100.0,,0,0.0,,0,0.0,,0,0.0
PNG,Papua New Guinea,2011,Storm,1,,0,0.0,,0,0.0,,0,0.0,,0,0.0
PNG,Papua New Guinea,2012,Flood,1,5.0,1,100.0,200000.0,1,100.0,27000000.0,1,100.0,37860000.0,1,100.0
PNG,Papua New Guinea,2012,Mass movement (wet),1,60.0,1,100.0,,0,0.0,,0,0.0,,0,0.0
PNG,Papua New Guinea,2013,Flood,1,,0,0.0,35000.0,1,100.0,,0,0.0,,0,0.0
PNG,Papua New Guinea,2014,Flood,1,,0,0.0,27000.0,1,100.0,,0,0.0,,0,0.0
PNG,Papua New Guinea,2014,Storm,1,,0,0.0,12346.0,1,100.0,,0,0.0,,0,0.0
PNG,Papua New Guinea,2014,Volcanic activity,1,,0,0.0,1380.0,1,100.0,,0,0.0,,0,0.0
PNG,Papua New Guinea,2015,Drought,1,24.0,1,100.0,2520000.0,1,100.0,60000000.0,1,100.0,81499000.0,1,100.0
PNG,Papua New Guinea,2015,Flood,1,,0,0.0,20000.0,1,100.0,,0,0.0,,0,0.0
PNG,Papua New Guinea,2015,Storm,1,,0,0.0,9199.0,1,100.0,,0,0.0,,0,0.0
PNG,Papua New Guinea,2016,Flood,1,,0,0.0,6600.0,1,100.0,,0,0.0,,0,0.0
PNG,Papua New Guinea,2018,Earthquake,3,181.0,3,100.0,544300.0,1,33.33,61000000.0,1,33.33,78208000.0,1,33.33
PNG,Papua New Guinea,2018,Volcanic activity,1,,0,0.0,736.0,1,100.0,,0,0.0,,0,0.0
PNG,Papua New Guinea,2019,Earthquake,1,,0,0.0,651.0,1,100.0,,0,0.0,,0,0.0
PNG,Papua New Guinea,2019,Flood,1,2.0,1,100.0,350.0,1,100.0,,0,0.0,,0,0.0
PNG,Papua New Guinea,2019,Mass movement (wet),1,10.0,1,100.0,,0,0.0,,0,0.0,,0,0.0
PNG,Papua New Guinea,2019,Volcanic activity,1,,0,0.0,15800.0,1,100.0,,0,0.0,,0,0.0
PNG,Papua New Guinea,2020,Flood,3,19.0,2,66.67,60900.0,3,100.0,,0,0.0,,0,0.0
PNG,Papua New Guinea,2020,Mass movement (wet),2,23.0,2,100.0,100.0,1,50.0,,0,0.0,,0,0.0
PNG,Papua New Guinea,2022,Earthquake,1,7.0,1,100.0,1969.0,1,100.0,,0,0.0,,0,0.0
PNG,Papua New Guinea,2023,Earthquake,1,8.0,1,100.0,16274.0,1,100.0,,0,0.0,,0,0.0
PNG,Papua New Guinea,2024,Earthquake,1,5.0,1,100.0,5002.0,1,100.0,,0,0.0,,0,0.0
PNG,Papua New Guinea,2024,Mass movement (wet),2,693.0,2,100.0,7849.0,1,50.0,60000000.0,1,50.0,61579000.0,1,50.0
PNG,Papua New Guinea,2025,Mass movement (wet),1,21.0,1,100.0,,0,0.0,,0,0.0,,0,0.0
PNG,Papua New Guinea,2026,Storm,1,23.0,1,100.0,200007.0,1,100.0,,0,0.0,,0,0.0
POL,Poland,2000,Extreme temperature,1,84.0,1,100.0,,0,0.0,,0,0.0,,0,0.0
POL,Poland,2001,Extreme temperature,1,270.0,1,100.0,,0,0.0,,0,0.0,,0,0.0
POL,Poland,2001,Flood,1,27.0,1,100.0,15000.0,1,100.0,700000000.0,1,100.0,1272741000.0,1,100.0
POL,Poland,2002,Extreme temperature,1,183.0,1,100.0,,0,0.0,,0,0.0,,0,0.0
POL,Poland,2002,Storm,2,9.0,2,100.0,,0,0.0,150000.0,2,100.0,268000.0,2,100.0
POL,Poland,2004,Flood,1,1.0,1,100.0,600.0,1,100.0,,0,0.0,,0,0.0
POL,Poland,2005,Extreme temperature,1,191.0,1,100.0,,0,0.0,,0,0.0,,0,0.0
POL,Poland,2005,Flood,1,2.0,1,100.0,3600.0,1,100.0,,0,0.0,,0,0.0
POL,Poland,2005,Storm,2,1.0,1,50.0,,0,0.0,,0,0.0,,0,0.0
POL,Poland,2006,Flood,1,,0,0.0,500.0,1,100.0,,0,0.0,,0,0.0
POL,Poland,2007,Storm,2,19.0,2,100.0,,0,0.0,100000000.0,1,50.0,155271000.0,1,50.0
POL,Poland,2008,Extreme temperature,1,82.0,1,100.0,,0,0.0,,0,0.0,,0,0.0
POL,Poland,2008,Storm,1,2.0,1,100.0,1060.0,1,100.0,50000000.0,1,100.0,74765000.0,1,100.0
POL,Poland,2009,Extreme temperature,1,298.0,1,100.0,,0,0.0,,0,0.0,,0,0.0
POL,Poland,2009,Flood,1,1.0,1,100.0,150.0,1,100.0,100000000.0,1,100.0,150064000.0,1,100.0
POL,Poland,2009,Storm,1,8.0,1,100.0,82.0,1,100.0,,0,0.0,,0,0.0
POL,Poland,2010,Extreme temperature,1,200.0,1,100.0,,0,0.0,,0,0.0,,0,0.0
POL,Poland,2010,Flood,2,19.0,2,100.0,100700.0,2,100.0,3080000000.0,1,50.0,4547394000.0,1,50.0
POL,Poland,2010,Storm,1,,0,0.0,1000.0,1,100.0,,0,0.0,,0,0.0
POL,Poland,2011,Extreme temperature,1,26.0,1,100.0,,0,0.0,,0,0.0,,0,0.0
POL,Poland,2012,Extreme temperature,3,273.0,3,100.0,,0,0.0,,0,0.0,,0,0.0
POL,Poland,2012,Storm,1,1.0,1,100.0,310.0,1,100.0,5900000.0,1,100.0,8273000.0,1,100.0
POL,Poland,2013,Extreme temperature,1,25.0,1,100.0,,0,0.0,,0,0.0,,0,0.0
POL,Poland,2013,Storm,1,4.0,1,100.0,53.0,1,100.0,,0,0.0,,0,0.0
POL,Poland,2014,Extreme temperature,1,78.0,1,100.0,,0,0.0,,0,0.0,,0,0.0
POL,Poland,2015,Extreme temperature,1,77.0,1,100.0,,0,0.0,,0,0.0,,0,0.0
POL,Poland,2015,Storm,1,1.0,1,100.0,1217.0,1,100.0,,0,0.0,,0,0.0
POL,Poland,2016,Extreme temperature,1,21.0,1,100.0,,0,0.0,,0,0.0,,0,0.0
POL,Poland,2016,Flood,1,2.0,1,100.0,3.0,1,100.0,,0,0.0,,0,0.0
POL,Poland,2017,Storm,1,6.0,1,100.0,5844.0,1,100.0,275000000.0,1,100.0,361188000.0,1,100.0
POL,Poland,2018,Drought,1,,0,0.0,,0,0.0,,0,0.0,,0,0.0
POL,Poland,2018,Extreme temperature,1,9.0,1,100.0,,0,0.0,,0,0.0,,0,0.0
POL,Poland,2018,Storm,1,,0,0.0,,0,0.0,,0,0.0,,0,0.0
POL,Poland,2019,Storm,1,4.0,1,100.0,157.0,1,100.0,,0,0.0,,0,0.0
POL,Poland,2020,Flood,1,,0,0.0,5200.0,1,100.0,,0,0.0,,0,0.0
POL,Poland,2020,Storm,1,3.0,1,100.0,6.0,1,100.0,,0,0.0,,0,0.0
POL,Poland,2021,Flood,1,,0,0.0,,0,0.0,,0,0.0,,0,0.0
POL,Poland,2021,Storm,2,4.0,1,50.0,2015.0,2,100.0,,0,0.0,,0,0.0
POL,Poland,2022,Extreme temperature,1,763.0,1,100.0,,0,0.0,,0,0.0,,0,0.0
POL,Poland,2022,Storm,3,7.0,3,100.0,1512.0,2,66.67,,0,0.0,,0,0.0
POL,Poland,2023,Extreme temperature,1,616.0,1,100.0,,0,0.0,,0,0.0,,0,0.0
POL,Poland,2024,Extreme temperature,1,1780.0,1,100.0,,0,0.0,,0,0.0,,0,0.0
POL,Poland,2024,Storm,1,9.0,1,100.0,57000.0,1,100.0,156762000.0,1,100.0,160887000.0,1,100.0
POL,Poland,2025,Extreme temperature,1,694.0,1,100.0,,0,0.0,,0,0.0,,0,0.0
PRI,Puerto Rico,2001,Flood,1,2.0,1,100.0,9480.0,1,100.0,146000000.0,1,100.0,265458000.0,1,100.0
PRI,Puerto Rico,2003,Flood,1,2.0,1,100.0,2405.0,1,100.0,,0,0.0,,0,0.0
PRI,Puerto Rico,2003,Storm,1,,0,0.0,100.0,1,100.0,20000.0,1,100.0,35000.0,1,100.0
PRI,Puerto Rico,2004,Flood,1,,0,0.0,,0,0.0,,0,0.0,,0,0.0
PRI,Puerto Rico,2004,Storm,2,2.0,1,50.0,3500.0,1,50.0,100000000.0,1,50.0,170445000.0,1,50.0
PRI,Puerto Rico,2007,Storm,1,1.0,1,100.0,,0,0.0,,0,0.0,,0,0.0
PRI,Puerto Rico,2011,Storm,2,1.0,1,50.0,2271.0,1,50.0,500000000.0,1,50.0,715622000.0,1,50.0
PRI,Puerto Rico,2012,Storm,1,,0,0.0,,0,0.0,,0,0.0,,0,0.0
PRI,Puerto Rico,2014,Flood,1,1.0,1,100.0,,0,0.0,,0,0.0,,0,0.0
PRI,Puerto Rico,2017,Storm,2,66.0,2,100.0,750000.0,1,50.0,68000000000.0,1,50.0,89311978000.0,1,50.0
PRI,Puerto Rico,2018,Flood,1,,0,0.0,400.0,1,100.0,,0,0.0,,0,0.0
PRI,Puerto Rico,2018,Storm,1,,0,0.0,,0,0.0,,0,0.0,,0,0.0
PRI,Puerto Rico,2020,Earthquake,2,4.0,1,50.0,5228.0,2,100.0,950000000.0,2,100.0,1181733000.0,2,100.0
PRI,Puerto Rico,2020,Storm,1,1.0,1,100.0,,0,0.0,59800000.0,1,100.0,74387000.0,1,100.0
PRI,Puerto Rico,2022,Flood,1,,0,0.0,,0,0.0,17000000.0,1,100.0,18701000.0,1,100.0
PRI,Puerto Rico,2022,Storm,1,25.0,1,100.0,,0,0.0,2500000000.0,1,100.0,2750193000.0,1,100.0
PRI,Puerto Rico,2025,Storm,2,1.0,1,50.0,,0,0.0,,0,0.0,,0,0.0
PRK,Democratic People's Republic of Korea,2000,Storm,1,46.0,1,100.0,627180.0,1,100.0,6000000000.0,1,100.0,11217525000.0,1,100.0
PRK,Democratic People's Republic of Korea,2001,Flood,2,124.0,2,100.0,187584.0,2,100.0,9400000.0,1,50.0,17091000.0,1,50.0
PRK,Democratic People's Republic of Korea,2002,Flood,1,,0,0.0,58443.0,1,100.0,,0,0.0,,0,0.0
PRK,Democratic People's Republic of Korea,2002,Storm,1,3.0,1,100.0,7401.0,1,100.0,500000.0,1,100.0,895000.0,1,100.0
PRK,Democratic People's Republic of Korea,2004,Flood,2,24.0,1,50.0,199705.0,2,100.0,20000000.0,1,50.0,34089000.0,1,50.0
PRK,Democratic People's Republic of Korea,2005,Flood,1,193.0,1,100.0,16298.0,1,100.0,,0,0.0,,0,0.0
PRK,Democratic People's Republic of Korea,2006,Epidemic,1,4.0,1,100.0,3000.0,1,100.0,,0,0.0,,0,0.0
PRK,Democratic People's Republic of Korea,2006,Flood,2,278.0,1,50.0,91824.0,2,100.0,,0,0.0,,0,0.0
PRK,Democratic People's Republic of Korea,2007,Flood,1,610.0,1,100.0,1170518.0,1,100.0,300000000.0,1,100.0,465813000.0,1,100.0
PRK,Democratic People's Republic of Korea,2007,Storm,1,,0,0.0,1649.0,1,100.0,,0,0.0,,0,0.0
PRK,Democratic People's Republic of Korea,2010,Flood,2,,0,0.0,55785.0,2,100.0,,0,0.0,,0,0.0
PRK,Democratic People's Republic of Korea,2010,Storm,1,20.0,1,100.0,40000.0,1,100.0,,0,0.0,,0,0.0
PRK,Democratic People's Republic of Korea,2011,Flood,2,64.0,2,100.0,51093.0,2,100.0,,0,0.0,,0,0.0
PRK,Democratic People's Republic of Korea,2011,Storm,1,10.0,1,100.0,6499.0,1,100.0,,0,0.0,,0,0.0
PRK,Democratic People's Republic of Korea,2012,Drought,1,,0,0.0,3000000.0,1,100.0,,0,0.0,,0,0.0
PRK,Democratic People's Republic of Korea,2012,Flood,1,88.0,1,100.0,93089.0,1,100.0,11400000.0,1,100.0,15985000.0,1,100.0
PRK,Democratic People's Republic of Korea,2012,Storm,1,59.0,1,100.0,44461.0,1,100.0,,0,0.0,,0,0.0
PRK,Democratic People's Republic of Korea,2013,Flood,1,51.0,1,100.0,848690.0,1,100.0,,0,0.0,,0,0.0
PRK,Democratic People's Republic of Korea,2015,Drought,1,,0,0.0,18000000.0,1,100.0,,0,0.0,,0,0.0
PRK,Democratic People's Republic of Korea,2015,Flood,1,33.0,1,100.0,3541.0,1,100.0,,0,0.0,,0,0.0
PRK,Democratic People's Republic of Korea,2016,Flood,2,552.0,2,100.0,667715.0,1,50.0,61000000.0,1,50.0,81825000.0,1,50.0
PRK,Democratic People's Republic of Korea,2017,Epidemic,1,,0,0.0,126574.0,1,100.0,,0,0.0,,0,0.0
PRK,Democratic People's Republic of Korea,2018,Extreme temperature,1,,0,0.0,13768.0,1,100.0,,0,0.0,,0,0.0
PRK,Democratic People's Republic of Korea,2018,Flood,1,148.0,1,100.0,581268.0,1,100.0,25000000.0,1,100.0,32052000.0,1,100.0
PRK,Democratic People's Republic of Korea,2018,Storm,1,86.0,1,100.0,58143.0,1,100.0,4640000.0,1,100.0,5949000.0,1,100.0
PRK,Democratic People's Republic of Korea,2019,Drought,1,,0,0.0,10100000.0,1,100.0,,0,0.0,,0,0.0
PRK,Democratic People's Republic of Korea,2019,Storm,1,5.0,1,100.0,5300000.0,1,100.0,24000000.0,1,100.0,30223000.0,1,100.0
PRK,Democratic People's Republic of Korea,2020,Flood,1,22.0,1,100.0,85000.0,1,100.0,,0,0.0,,0,0.0
PRK,Democratic People's Republic of Korea,2021,Flood,1,,0,0.0,5000.0,1,100.0,,0,0.0,,0,0.0
PRK,Democratic People's Republic of Korea,2024,Flood,1,,0,0.0,4200.0,1,100.0,,0,0.0,,0,0.0
PRT,Portugal,2000,Storm,1,5.0,1,100.0,183.0,1,100.0,,0,0.0,,0,0.0
PRT,Portugal,2001,Flood,1,6.0,1,100.0,983.0,1,100.0,,0,0.0,,0,0.0
PRT,Portugal,2001,Wildfire,1,,0,0.0,,0,0.0,,0,0.0,,0,0.0
PRT,Portugal,2002,Flood,1,1.0,1,100.0,252.0,1,100.0,,0,0.0,,0,0.0
PRT,Portugal,2003,Extreme temperature,1,2696.0,1,100.0,,0,0.0,,0,0.0,,0,0.0
PRT,Portugal,2003,Flood,1,,0,0.0,36.0,1,100.0,,0,0.0,,0,0.0
PRT,Portugal,2003,Wildfire,1,14.0,1,100.0,150000.0,1,100.0,1730000000.0,1,100.0,3027650000.0,1,100.0
PRT,Portugal,2004,Drought,1,,0,0.0,,0,0.0,1338136000.0,1,100.0,2280791000.0,1,100.0
PRT,Portugal,2004,Wildfire,1,2.0,1,100.0,,0,0.0,,0,0.0,,0,0.0
PRT,Portugal,2005,Extreme temperature,1,462.0,1,100.0,,0,0.0,,0,0.0,,0,0.0
PRT,Portugal,2005,Wildfire,1,15.0,1,100.0,136.0,1,100.0,1650000000.0,1,100.0,2720064000.0,1,100.0
PRT,Portugal,2006,Extreme temperature,1,41.0,1,100.0,,0,0.0,,0,0.0,,0,0.0
PRT,Portugal,2006,Flood,1,3.0,1,100.0,367.0,1,100.0,,0,0.0,,0,0.0
PRT,Portugal,2008,Flood,1,2.0,1,100.0,110.0,1,100.0,,0,0.0,,0,0.0
PRT,Portugal,2009,Extreme temperature,1,,0,0.0,,0,0.0,,0,0.0,,0,0.0
PRT,Portugal,2010,Extreme temperature,1,,0,0.0,,0,0.0,,0,0.0,,0,0.0
PRT,Portugal,2010,Flood,1,43.0,1,100.0,618.0,1,100.0,1350000000.0,1,100.0,1993176000.0,1,100.0
PRT,Portugal,2010,Storm,1,3.0,1,100.0,,0,0.0,270000000.0,1,100.0,398635000.0,1,100.0
PRT,Portugal,2013,Storm,2,1.0,1,50.0,3967.0,1,50.0,,0,0.0,,0,0.0
PRT,Portugal,2013,Wildfire,1,9.0,1,100.0,,0,0.0,,0,0.0,,0,0.0
PRT,Portugal,2014,Storm,2,1.0,1,50.0,54.0,1,50.0,,0,0.0,,0,0.0
PRT,Portugal,2016,Wildfire,1,4.0,1,100.0,1361.0,1,100.0,157000000.0,1,100.0,210598000.0,1,100.0
PRT,Portugal,2017,Wildfire,2,109.0,2,100.0,3475.0,2,100.0,732000000.0,2,100.0,961417000.0,2,100.0
PRT,Portugal,2018,Extreme temperature,1,,0,0.0,,0,0.0,,0,0.0,,0,0.0
PRT,Portugal,2018,Storm,1,2.0,1,100.0,88.0,1,100.0,115500000.0,1,100.0,148082000.0,1,100.0
PRT,Portugal,2018,Wildfire,1,,0,0.0,329.0,1,100.0,,0,0.0,,0,0.0
PRT,Portugal,2019,Storm,1,3.0,1,100.0,51.0,1,100.0,,0,0.0,,0,0.0
PRT,Portugal,2022,Drought,1,,0,0.0,,0,0.0,,0,0.0,,0,0.0
PRT,Portugal,2022,Extreme temperature,1,2212.0,1,100.0,,0,0.0,,0,0.0,,0,0.0
PRT,Portugal,2022,Wildfire,1,3.0,1,100.0,187.0,1,100.0,,0,0.0,,0,0.0
PRT,Portugal,2023,Extreme temperature,1,1432.0,1,100.0,,0,0.0,,0,0.0,,0,0.0
PRT,Portugal,2023,Wildfire,1,,0,0.0,1435.0,1,100.0,,0,0.0,,0,0.0
PRT,Portugal,2024,Extreme temperature,1,938.0,1,100.0,,0,0.0,,0,0.0,,0,0.0
PRT,Portugal,2024,Wildfire,1,9.0,1,100.0,41499.0,1,100.0,520000000.0,1,100.0,533683000.0,1,100.0
PRT,Portugal,2025,Extreme temperature,1,386.0,1,100.0,,0,0.0,,0,0.0,,0,0.0
PRT,Portugal,2025,Wildfire,1,3.0,1,100.0,246.0,1,100.0,,0,0.0,,0,0.0
PRT,Portugal,2026,Storm,3,4.0,3,100.0,,0,0.0,,0,0.0,,0,0.0
PRY,Paraguay,2000,Extreme temperature,1,8.0,1,100.0,,0,0.0,,0,0.0,,0,0.0
PRY,Paraguay,2002,Flood,1,,0,0.0,2765.0,1,100.0,,0,0.0,,0,0.0
PRY,Paraguay,2002,Storm,1,,0,0.0,12500.0,1,100.0,,0,0.0,,0,0.0
PRY,Paraguay,2004,Extreme temperature,1,,0,0.0,,0,0.0,,0,0.0,,0,0.0
PRY,Paraguay,2005,Drought,1,,0,0.0,52990.0,1,100.0,,0,0.0,,0,0.0
PRY,Paraguay,2006,Epidemic,1,17.0,1,100.0,100000.0,1,100.0,,0,0.0,,0,0.0
PRY,Paraguay,2007,Wildfire,1,8.0,1,100.0,125000.0,1,100.0,30000000.0,1,100.0,46581000.0,1,100.0
PRY,Paraguay,2008,Drought,1,4.0,1,100.0,18000.0,1,100.0,,0,0.0,,0,0.0
PRY,Paraguay,2008,Epidemic,3,8.0,1,33.33,5957.0,3,100.0,,0,0.0,,0,0.0
PRY,Paraguay,2008,Storm,1,,0,0.0,47655.0,1,100.0,,0,0.0,,0,0.0
PRY,Paraguay,2009,Drought,1,,0,0.0,200000.0,1,100.0,,0,0.0,,0,0.0
PRY,Paraguay,2009,Epidemic,1,8.0,1,100.0,24.0,1,100.0,,0,0.0,,0,0.0
PRY,Paraguay,2009,Flood,1,,0,0.0,12035.0,1,100.0,820000.0,1,100.0,1231000.0,1,100.0
PRY,Paraguay,2009,Storm,1,,0,0.0,700.0,1,100.0,,0,0.0,,0,0.0
PRY,Paraguay,2010,Extreme temperature,1,12.0,1,100.0,,0,0.0,,0,0.0,,0,0.0
PRY,Paraguay,2011,Epidemic,2,44.0,1,50.0,29945.0,2,100.0,,0,0.0,,0,0.0
PRY,Paraguay,2011,Storm,1,,0,0.0,2000.0,1,100.0,,0,0.0,,0,0.0
PRY,Paraguay,2012,Drought,1,,0,0.0,1391900.0,1,100.0,,0,0.0,,0,0.0
PRY,Paraguay,2012,Flood,1,,0,0.0,78945.0,1,100.0,4000000.0,1,100.0,5609000.0,1,100.0
PRY,Paraguay,2012,Storm,1,5.0,1,100.0,25100.0,1,100.0,2000000.0,1,100.0,2804000.0,1,100.0
PRY,Paraguay,2013,Drought,1,,0,0.0,75000.0,1,100.0,,0,0.0,,0,0.0
PRY,Paraguay,2013,Flood,1,,0,0.0,61400.0,1,100.0,,0,0.0,,0,0.0
PRY,Paraguay,2013,Storm,1,,0,0.0,50000.0,1,100.0,25000000.0,1,100.0,34550000.0,1,100.0
PRY,Paraguay,2014,Flood,2,,0,0.0,233360.0,2,100.0,,0,0.0,,0,0.0
PRY,Paraguay,2015,Flood,2,12.0,1,50.0,140150.0,2,100.0,,0,0.0,,0,0.0
PRY,Paraguay,2015,Storm,1,2.0,1,100.0,10025.0,1,100.0,,0,0.0,,0,0.0
PRY,Paraguay,2016,Drought,1,,0,0.0,,0,0.0,,0,0.0,,0,0.0
PRY,Paraguay,2018,Flood,2,,0,0.0,46300.0,2,100.0,,0,0.0,,0,0.0
PRY,Paraguay,2019,Flood,3,40.0,3,100.0,521197.0,3,100.0,,0,0.0,,0,0.0
PRY,Paraguay,2019,Wildfire,1,,0,0.0,4000.0,1,100.0,,0,0.0,,0,0.0
PRY,Paraguay,2020,Epidemic,1,20.0,1,100.0,106127.0,1,100.0,,0,0.0,,0,0.0
PRY,Paraguay,2021,Flood,2,10.0,1,50.0,6000.0,2,100.0,,0,0.0,,0,0.0
PRY,Paraguay,2023,Flood,2,6.0,1,50.0,46675.0,2,100.0,,0,0.0,,0,0.0
PRY,Paraguay,2025,Storm,1,,0,0.0,,0,0.0,,0,0.0,,0,0.0
PSE,State of Palestine,2010,Flood,1,,0,0.0,500.0,1,100.0,,0,0.0,,0,0.0
PSE,State of Palestine,2012,Flood,1,,0,0.0,1500.0,1,100.0,,0,0.0,,0,0.0
PSE,State of Palestine,2013,Flood,1,5.0,1,100.0,12500.0,1,100.0,,0,0.0,,0,0.0
PSE,State of Palestine,2013,Storm,1,1.0,1,100.0,50071.0,1,100.0,,0,0.0,,0,0.0
PSE,State of Palestine,2015,Storm,2,4.0,1,50.0,31050.0,2,100.0,,0,0.0,,0,0.0
PSE,State of Palestine,2020,Extreme temperature,1,3.0,1,100.0,30000.0,1,100.0,,0,0.0,,0,0.0
PSE,State of Palestine,2022,Extreme temperature,1,4.0,1,100.0,3500.0,1,100.0,,0,0.0,,0,0.0
PSE,State of Palestine,2025,Storm,1,18.0,1,100.0,235020.0,1,100.0,,0,0.0,,0,0.0
PYF,French Polynesia,2010,Storm,1,1.0,1,100.0,3411.0,1,100.0,11000000.0,1,100.0,16241000.0,1,100.0
PYF,French Polynesia,2017,Flood,1,,0,0.0,5004.0,1,100.0,2000000.0,1,100.0,2627000.0,1,100.0
QAT,Qatar,2018,Flood,1,,0,0.0,1500.0,1,100.0,10000000.0,1,100.0,12821000.0,1,100.0
REU,Réunion,2000,Storm,1,2.0,1,100.0,600.0,1,100.0,,0,0.0,,0,0.0
REU,Réunion,2002,Storm,1,,0,0.0,3100.0,1,100.0,50000000.0,1,100.0,89491000.0,1,100.0
REU,Réunion,2005,Epidemic,1,,0,0.0,157000.0,1,100.0,,0,0.0,,0,0.0
REU,Réunion,2007,Storm,1,2.0,1,100.0,90.0,1,100.0,,0,0.0,,0,0.0
REU,Réunion,2014,Storm,1,1.0,1,100.0,265.0,1,100.0,85000000.0,1,100.0,115593000.0,1,100.0
REU,Réunion,2018,Storm,1,,0,0.0,200.0,1,100.0,,0,0.0,,0,0.0
REU,Réunion,2022,Storm,1,,0,0.0,13.0,1,100.0,,0,0.0,,0,0.0
REU,Réunion,2023,Storm,1,,0,0.0,25000.0,1,100.0,,0,0.0,,0,0.0
REU,Réunion,2024,Storm,1,4.0,1,100.0,700.0,1,100.0,,0,0.0,,0,0.0
REU,Réunion,2025,Storm,1,5.0,1,100.0,606.0,1,100.0,900000000.0,1,100.0,900000000.0,1,100.0
ROU,Romania,2000,Drought,1,,0,0.0,,0,0.0,500000000.0,1,100.0,934794000.0,1,100.0
ROU,Romania,2000,Extreme temperature,1,6.0,1,100.0,100.0,1,100.0,,0,0.0,,0,0.0
ROU,Romania,2000,Flood,2,9.0,1,50.0,63431.0,2,100.0,100500000.0,2,100.0,187894000.0,2,100.0
ROU,Romania,2000,Storm,1,14.0,1,100.0,300.0,1,100.0,,0,0.0,,0,0.0
ROU,Romania,2001,Extreme temperature,1,10.0,1,100.0,,0,0.0,,0,0.0,,0,0.0
ROU,Romania,2001,Flood,2,7.0,1,50.0,14803.0,2,100.0,135000000.0,2,100.0,245457000.0,2,100.0
ROU,Romania,2002,Extreme temperature,1,10.0,1,100.0,,0,0.0,,0,0.0,,0,0.0
ROU,Romania,2002,Flood,3,13.0,3,100.0,19201.0,3,100.0,290000.0,1,33.33,519000.0,1,33.33
ROU,Romania,2003,Flood,3,5.0,2,66.67,850.0,2,66.67,,0,0.0,,0,0.0
ROU,Romania,2004,Extreme temperature,1,27.0,1,100.0,,0,0.0,,0,0.0,,0,0.0
ROU,Romania,2004,Flood,2,10.0,2,100.0,28128.0,2,100.0,,0,0.0,,0,0.0
ROU,Romania,2004,Storm,3,12.0,3,100.0,2400.0,3,100.0,,0,0.0,,0,0.0
ROU,Romania,2005,Extreme temperature,1,13.0,1,100.0,500.0,1,100.0,,0,0.0,,0,0.0
ROU,Romania,2005,Flood,6,77.0,6,100.0,91171.0,6,100.0,1313000000.0,3,50.0,2164512000.0,3,50.0
ROU,Romania,2005,Storm,1,3.0,1,100.0,,0,0.0,,0,0.0,,0,0.0
ROU,Romania,2006,Extreme temperature,2,94.0,2,100.0,200.0,1,50.0,,0,0.0,,0,0.0
ROU,Romania,2006,Flood,6,34.0,4,66.67,35331.0,5,83.33,,0,0.0,,0,0.0
ROU,Romania,2007,Extreme temperature,2,68.0,2,100.0,,0,0.0,,0,0.0,,0,0.0
ROU,Romania,2007,Flood,4,14.0,3,75.0,6976.0,4,100.0,,0,0.0,,0,0.0
ROU,Romania,2008,Flood,1,5.0,1,100.0,11000.0,1,100.0,,0,0.0,,0,0.0
ROU,Romania,2008,Storm,1,,0,0.0,90.0,1,100.0,,0,0.0,,0,0.0
ROU,Romania,2009,Extreme temperature,2,54.0,2,100.0,20.0,1,50.0,,0,0.0,,0,0.0
ROU,Romania,2009,Flood,2,11.0,1,50.0,4.0,1,50.0,,0,0.0,,0,0.0
ROU,Romania,2010,Extreme temperature,1,52.0,1,100.0,,0,0.0,,0,0.0,,0,0.0
ROU,Romania,2010,Flood,1,26.0,1,100.0,12237.0,1,100.0,1111428000.0,1,100.0,1640942000.0,1,100.0
ROU,Romania,2012,Extreme temperature,1,86.0,1,100.0,7539.0,1,100.0,,0,0.0,,0,0.0
ROU,Romania,2013,Flood,1,9.0,1,100.0,6901.0,1,100.0,11000000.0,1,100.0,15202000.0,1,100.0
ROU,Romania,2014,Extreme temperature,1,13.0,1,100.0,,0,0.0,,0,0.0,,0,0.0
ROU,Romania,2014,Flood,2,2.0,1,50.0,2525.0,2,100.0,,0,0.0,,0,0.0
ROU,Romania,2015,Flood,1,1.0,1,100.0,2000.0,1,100.0,,0,0.0,,0,0.0
ROU,Romania,2016,Flood,2,3.0,2,100.0,300.0,1,50.0,,0,0.0,,0,0.0
ROU,Romania,2017,Storm,1,9.0,1,100.0,137.0,1,100.0,7300000.0,1,100.0,9588000.0,1,100.0
ROU,Romania,2018,Extreme temperature,1,2.0,1,100.0,,0,0.0,,0,0.0,,0,0.0
ROU,Romania,2018,Flood,2,,0,0.0,3900.0,2,100.0,,0,0.0,,0,0.0
ROU,Romania,2019,Flood,1,4.0,1,100.0,362.0,1,100.0,,0,0.0,,0,0.0
ROU,Romania,2020,Flood,1,3.0,1,100.0,1550.0,1,100.0,85000000.0,1,100.0,105734000.0,1,100.0
ROU,Romania,2021,Flood,1,1.0,1,100.0,100.0,1,100.0,,0,0.0,,0,0.0
ROU,Romania,2022,Extreme temperature,1,2455.0,1,100.0,,0,0.0,,0,0.0,,0,0.0
ROU,Romania,2023,Extreme temperature,1,2585.0,1,100.0,,0,0.0,,0,0.0,,0,0.0
ROU,Romania,2023,Storm,2,2.0,1,50.0,,0,0.0,,0,0.0,,0,0.0
ROU,Romania,2024,Extreme temperature,1,4943.0,1,100.0,,0,0.0,,0,0.0,,0,0.0
ROU,Romania,2024,Storm,1,7.0,1,100.0,15000.0,1,100.0,,0,0.0,,0,0.0
ROU,Romania,2025,Extreme temperature,1,1487.0,1,100.0,,0,0.0,,0,0.0,,0,0.0
ROU,Romania,2025,Flood,1,3.0,1,100.0,2500.0,1,100.0,,0,0.0,,0,0.0
RUS,Russian Federation,2000,Earthquake,1,,0,0.0,19108.0,1,100.0,920000.0,1,100.0,1720000.0,1,100.0
RUS,Russian Federation,2000,Epidemic,5,,0,0.0,2942.0,5,100.0,,0,0.0,,0,0.0
RUS,Russian Federation,2000,Extreme temperature,2,245.0,2,100.0,346.0,2,100.0,,0,0.0,,0,0.0
RUS,Russian Federation,2000,Flood,8,3.0,2,25.0,76501.0,7,87.5,43895000.0,4,50.0,82065000.0,4,50.0
RUS,Russian Federation,2000,Mass movement (wet),2,27.0,2,100.0,508.0,1,50.0,,0,0.0,,0,0.0
RUS,Russian Federation,2000,Storm,1,9.0,1,100.0,,0,0.0,50000.0,1,100.0,93000.0,1,100.0
RUS,Russian Federation,2000,Wildfire,4,,0,0.0,,0,0.0,,0,0.0,,0,0.0
RUS,Russian Federation,2001,Extreme temperature,3,753.0,3,100.0,6294.0,2,66.67,100000.0,1,33.33,182000.0,1,33.33
RUS,Russian Federation,2001,Flood,3,37.0,3,100.0,375305.0,3,100.0,291000000.0,3,100.0,529097000.0,3,100.0
RUS,Russian Federation,2001,Infestation,1,,0,0.0,,0,0.0,,0,0.0,,0,0.0
RUS,Russian Federation,2001,Storm,2,8.0,1,50.0,12428.0,1,50.0,17200000.0,1,50.0,31273000.0,1,50.0
RUS,Russian Federation,2001,Wildfire,2,,0,0.0,,0,0.0,,0,0.0,,0,0.0
RUS,Russian Federation,2002,Extreme temperature,1,242.0,1,100.0,25062.0,1,100.0,,0,0.0,,0,0.0
RUS,Russian Federation,2002,Flood,4,200.0,3,75.0,384613.0,4,100.0,546970000.0,3,75.0,978975000.0,3,75.0
RUS,Russian Federation,2002,Mass movement (wet),1,122.0,1,100.0,,0,0.0,,0,0.0,,0,0.0
RUS,Russian Federation,2002,Storm,3,8.0,2,66.67,1050.0,1,33.33,3000000.0,1,33.33,5369000.0,1,33.33
RUS,Russian Federation,2002,Wildfire,3,,0,0.0,120.0,1,33.33,,0,0.0,,0,0.0
RUS,Russian Federation,2003,Drought,1,,0,0.0,1000000.0,1,100.0,,0,0.0,,0,0.0
RUS,Russian Federation,2003,Earthquake,1,3.0,1,100.0,1805.0,1,100.0,10600000.0,1,100.0,18551000.0,1,100.0
RUS,Russian Federation,2003,Flood,1,,0,0.0,600.0,1,100.0,,0,0.0,,0,0.0
RUS,Russian Federation,2003,Storm,1,,0,0.0,,0,0.0,,0,0.0,,0,0.0
RUS,Russian Federation,2003,Wildfire,1,,0,0.0,,0,0.0,,0,0.0,,0,0.0
RUS,Russian Federation,2004,Earthquake,1,,0,0.0,138.0,1,100.0,,0,0.0,,0,0.0
RUS,Russian Federation,2004,Flood,3,18.0,1,33.33,6520.0,3,100.0,56759000.0,3,100.0,96744000.0,3,100.0
RUS,Russian Federation,2004,Storm,3,9.0,2,66.67,6062.0,2,66.67,6000000.0,1,33.33,10227000.0,1,33.33
RUS,Russian Federation,2004,Wildfire,1,9.0,1,100.0,1000.0,1,100.0,,0,0.0,,0,0.0
RUS,Russian Federation,2005,Flood,5,22.0,2,40.0,9045.0,4,80.0,23668000.0,2,40.0,39017000.0,2,40.0
RUS,Russian Federation,2005,Mass movement (wet),1,9.0,1,100.0,,0,0.0,,0,0.0,,0,0.0
RUS,Russian Federation,2005,Storm,2,,0,0.0,2.0,1,50.0,,0,0.0,,0,0.0
RUS,Russian Federation,2006,Earthquake,1,,0,0.0,12040.0,1,100.0,55000000.0,1,100.0,87835000.0,1,100.0
RUS,Russian Federation,2006,Extreme temperature,1,116.0,1,100.0,14.0,1,100.0,1000000000.0,1,100.0,1597005000.0,1,100.0
RUS,Russian Federation,2006,Flood,3,,0,0.0,7720.0,3,100.0,132411000.0,2,66.67,211461000.0,2,66.67
RUS,Russian Federation,2007,Earthquake,1,2.0,1,100.0,25012.0,1,100.0,420000000.0,1,100.0,652139000.0,1,100.0
RUS,Russian Federation,2007,Flood,1,,0,0.0,14000.0,1,100.0,25752000.0,1,100.0,39985000.0,1,100.0
RUS,Russian Federation,2007,Storm,1,,0,0.0,,0,0.0,,0,0.0,,0,0.0
RUS,Russian Federation,2008,Earthquake,1,13.0,1,100.0,5235.0,1,100.0,,0,0.0,,0,0.0
RUS,Russian Federation,2010,Drought,1,,0,0.0,,0,0.0,1400000000.0,1,100.0,2066997000.0,1,100.0
RUS,Russian Federation,2010,Extreme temperature,3,55760.0,3,100.0,11.0,1,33.33,400000000.0,1,33.33,590571000.0,1,33.33
RUS,Russian Federation,2010,Flood,2,23.0,1,50.0,48464.0,2,100.0,66000000.0,1,50.0,97444000.0,1,50.0
RUS,Russian Federation,2010,Wildfire,2,61.0,2,100.0,7196.0,2,100.0,1800000000.0,1,50.0,2657568000.0,1,50.0
RUS,Russian Federation,2011,Flood,2,,0,0.0,14169.0,2,100.0,21015000.0,1,50.0,30078000.0,1,50.0
RUS,Russian Federation,2011,Storm,1,1.0,1,100.0,14.0,1,100.0,3000000.0,1,100.0,4294000.0,1,100.0
RUS,Russian Federation,2012,Drought,1,,0,0.0,,0,0.0,1140000000.0,1,100.0,1598540000.0,1,100.0
RUS,Russian Federation,2012,Extreme temperature,2,234.0,2,100.0,1594.0,1,50.0,,0,0.0,,0,0.0
RUS,Russian Federation,2012,Flood,4,179.0,2,50.0,46807.0,4,100.0,617000000.0,2,50.0,865175000.0,2,50.0
RUS,Russian Federation,2012,Wildfire,1,2.0,1,100.0,598.0,1,100.0,,0,0.0,,0,0.0
RUS,Russian Federation,2013,Flood,2,4.0,1,50.0,35635.0,2,100.0,1000000000.0,1,50.0,1381984000.0,1,50.0
RUS,Russian Federation,2013,Impact,1,,0,0.0,301491.0,1,100.0,33000000.0,1,100.0,45605000.0,1,100.0
RUS,Russian Federation,2014,Flood,1,6.0,1,100.0,24545.0,1,100.0,8000000.0,1,100.0,10879000.0,1,100.0
RUS,Russian Federation,2015,Flood,1,1.0,1,100.0,1500.0,1,100.0,,0,0.0,,0,0.0
RUS,Russian Federation,2015,Wildfire,1,30.0,1,100.0,5977.0,1,100.0,136820000.0,1,100.0,185844000.0,1,100.0
RUS,Russian Federation,2016,Flood,3,,0,0.0,11696.0,3,100.0,12000000.0,2,66.67,16097000.0,2,66.67
RUS,Russian Federation,2017,Flood,1,,0,0.0,15721.0,1,100.0,,0,0.0,,0,0.0
RUS,Russian Federation,2017,Storm,1,16.0,1,100.0,201.0,1,100.0,2000000.0,1,100.0,2627000.0,1,100.0
RUS,Russian Federation,2018,Flood,2,10.0,2,100.0,14975.0,2,100.0,10000000.0,1,50.0,12821000.0,1,50.0
RUS,Russian Federation,2019,Flood,4,59.0,2,50.0,50204.0,4,100.0,486000000.0,3,75.0,612007000.0,3,75.0
RUS,Russian Federation,2019,Wildfire,1,,0,0.0,,0,0.0,106000000.0,1,100.0,133483000.0,1,100.0
RUS,Russian Federation,2021,Flood,3,8.0,1,33.33,28638.0,3,100.0,200000000.0,1,33.33,237623000.0,1,33.33
RUS,Russian Federation,2021,Mass movement (wet),1,6.0,1,100.0,3003.0,1,100.0,,0,0.0,,0,0.0
RUS,Russian Federation,2021,Wildfire,1,,0,0.0,120.0,1,100.0,,0,0.0,,0,0.0
RUS,Russian Federation,2022,Flood,1,1.0,1,100.0,750.0,1,100.0,,0,0.0,,0,0.0
RUS,Russian Federation,2022,Storm,1,6.0,1,100.0,300.0,1,100.0,,0,0.0,,0,0.0
RUS,Russian Federation,2022,Wildfire,1,16.0,1,100.0,2202.0,1,100.0,,0,0.0,,0,0.0
RUS,Russian Federation,2023,Storm,3,15.0,3,100.0,13276.0,2,66.67,,0,0.0,,0,0.0
RUS,Russian Federation,2023,Wildfire,1,21.0,1,100.0,15000.0,1,100.0,50000000.0,1,100.0,52829000.0,1,100.0
RUS,Russian Federation,2024,Flood,1,3.0,1,100.0,38400.0,1,100.0,227000000.0,1,100.0,232973000.0,1,100.0
RUS,Russian Federation,2025,Earthquake,1,,0,0.0,169.0,1,100.0,,0,0.0,,0,0.0
RUS,Russian Federation,2026,Flood,1,6.0,1,100.0,1500000.0,1,100.0,30000000.0,1,100.0,,0,0.0
RWA,Rwanda,2000,Epidemic,1,10.0,1,100.0,164.0,1,100.0,,0,0.0,,0,0.0
RWA,Rwanda,2001,Flood,2,12.0,2,100.0,3000.0,1,50.0,,0,0.0,,0,0.0
RWA,Rwanda,2002,Earthquake,1,45.0,1,100.0,1643.0,1,100.0,,0,0.0,,0,0.0
RWA,Rwanda,2002,Epidemic,1,83.0,1,100.0,636.0,1,100.0,,0,0.0,,0,0.0
RWA,Rwanda,2002,Flood,1,69.0,1,100.0,20000.0,1,100.0,,0,0.0,,0,0.0
RWA,Rwanda,2003,Drought,1,,0,0.0,1000000.0,1,100.0,,0,0.0,,0,0.0
RWA,Rwanda,2003,Flood,1,,0,0.0,7016.0,1,100.0,,0,0.0,,0,0.0
RWA,Rwanda,2004,Epidemic,1,4.0,1,100.0,540.0,1,100.0,,0,0.0,,0,0.0
RWA,Rwanda,2006,Epidemic,1,35.0,1,100.0,300.0,1,100.0,,0,0.0,,0,0.0
RWA,Rwanda,2006,Mass movement (wet),1,24.0,1,100.0,2000.0,1,100.0,,0,0.0,,0,0.0
RWA,Rwanda,2007,Flood,2,30.0,2,100.0,4500.0,2,100.0,9000.0,1,50.0,14000.0,1,50.0
RWA,Rwanda,2008,Earthquake,1,36.0,1,100.0,643.0,1,100.0,,0,0.0,,0,0.0
RWA,Rwanda,2008,Flood,1,,0,0.0,11346.0,1,100.0,,0,0.0,,0,0.0
RWA,Rwanda,2010,Mass movement (wet),2,21.0,2,100.0,5937.0,1,50.0,,0,0.0,,0,0.0
RWA,Rwanda,2011,Flood,1,14.0,1,100.0,3608.0,1,100.0,,0,0.0,,0,0.0
RWA,Rwanda,2012,Flood,1,5.0,1,100.0,11160.0,1,100.0,,0,0.0,,0,0.0
RWA,Rwanda,2015,Flood,1,2.0,1,100.0,3431.0,1,100.0,,0,0.0,,0,0.0
RWA,Rwanda,2016,Flood,1,67.0,1,100.0,,0,0.0,,0,0.0,,0,0.0
RWA,Rwanda,2016,Mass movement (wet),1,50.0,1,100.0,30030.0,1,100.0,,0,0.0,,0,0.0
RWA,Rwanda,2017,Storm,2,3.0,1,50.0,6553.0,2,100.0,,0,0.0,,0,0.0
RWA,Rwanda,2018,Flood,3,58.0,3,100.0,26411.0,2,66.67,44000000.0,3,100.0,56412000.0,3,100.0
RWA,Rwanda,2018,Mass movement (wet),1,18.0,1,100.0,12.0,1,100.0,28000000.0,1,100.0,35899000.0,1,100.0
RWA,Rwanda,2019,Flood,2,28.0,2,100.0,5958.0,2,100.0,,0,0.0,,0,0.0
RWA,Rwanda,2020,Flood,5,111.0,5,100.0,22455.0,4,80.0,,0,0.0,,0,0.0
RWA,Rwanda,2021,Flood,1,,0,0.0,6500.0,1,100.0,,0,0.0,,0,0.0
RWA,Rwanda,2021,Volcanic activity,1,,0,0.0,13365.0,1,100.0,,0,0.0,,0,0.0
RWA,Rwanda,2022,Flood,3,29.0,3,100.0,1300.0,2,66.67,,0,0.0,,0,0.0
RWA,Rwanda,2023,Flood,1,131.0,1,100.0,51982.0,1,100.0,,0,0.0,,0,0.0
RWA,Rwanda,2024,Epidemic,1,13.0,1,100.0,45.0,1,100.0,,0,0.0,,0,0.0
RWA,Rwanda,2024,Flood,1,14.0,1,100.0,27.0,1,100.0,,0,0.0,,0,0.0
SAU,Saudi Arabia,2000,Epidemic,2,133.0,2,100.0,497.0,2,100.0,,0,0.0,,0,0.0
SAU,Saudi Arabia,2001,Epidemic,1,35.0,1,100.0,74.0,1,100.0,,0,0.0,,0,0.0
SAU,Saudi Arabia,2002,Flood,1,19.0,1,100.0,,0,0.0,,0,0.0,,0,0.0
SAU,Saudi Arabia,2003,Flood,2,12.0,1,50.0,13050.0,2,100.0,,0,0.0,,0,0.0
SAU,Saudi Arabia,2004,Flood,1,5.0,1,100.0,430.0,1,100.0,,0,0.0,,0,0.0
SAU,Saudi Arabia,2005,Flood,2,63.0,2,100.0,67.0,1,50.0,,0,0.0,,0,0.0
SAU,Saudi Arabia,2009,Flood,1,161.0,1,100.0,10000.0,1,100.0,900000000.0,1,100.0,1350577000.0,1,100.0
SAU,Saudi Arabia,2010,Flood,2,24.0,2,100.0,85.0,1,50.0,,0,0.0,,0,0.0
SAU,Saudi Arabia,2011,Flood,1,11.0,1,100.0,,0,0.0,300000000.0,1,100.0,429373000.0,1,100.0
SAU,Saudi Arabia,2012,Flood,1,19.0,1,100.0,,0,0.0,,0,0.0,,0,0.0
SAU,Saudi Arabia,2013,Flood,2,39.0,2,100.0,1021.0,2,100.0,,0,0.0,,0,0.0
SAU,Saudi Arabia,2015,Flood,2,23.0,2,100.0,,0,0.0,2000000.0,1,50.0,2717000.0,1,50.0
SAU,Saudi Arabia,2016,Flood,2,21.0,2,100.0,915.0,1,50.0,,0,0.0,,0,0.0
SAU,Saudi Arabia,2016,Storm,1,3.0,1,100.0,122.0,1,100.0,50000000.0,1,100.0,67069000.0,1,100.0
SAU,Saudi Arabia,2017,Flood,1,4.0,1,100.0,481.0,1,100.0,,0,0.0,,0,0.0
SAU,Saudi Arabia,2019,Flood,3,20.0,3,100.0,1418.0,3,100.0,,0,0.0,,0,0.0
SAU,Saudi Arabia,2020,Flood,1,3.0,1,100.0,600.0,1,100.0,,0,0.0,,0,0.0
SAU,Saudi Arabia,2024,Extreme temperature,1,1301.0,1,100.0,2764.0,1,100.0,,0,0.0,,0,0.0
SCG,Serbia Montenegro,2000,Extreme temperature,1,3.0,1,100.0,70.0,1,100.0,,0,0.0,,0,0.0
SCG,Serbia Montenegro,2000,Flood,2,,0,0.0,6000.0,2,100.0,,0,0.0,,0,0.0
SCG,Serbia Montenegro,2001,Epidemic,1,,0,0.0,170.0,1,100.0,,0,0.0,,0,0.0
SCG,Serbia Montenegro,2001,Flood,1,,0,0.0,6150.0,1,100.0,,0,0.0,,0,0.0
SCG,Serbia Montenegro,2002,Earthquake,1,1.0,1,100.0,100.0,1,100.0,,0,0.0,,0,0.0
SCG,Serbia Montenegro,2002,Flood,1,2.0,1,100.0,3900.0,1,100.0,,0,0.0,,0,0.0
SCG,Serbia Montenegro,2005,Flood,1,2.0,1,100.0,3790.0,1,100.0,,0,0.0,,0,0.0
SCG,Serbia Montenegro,2005,Storm,1,,0,0.0,8750.0,1,100.0,,0,0.0,,0,0.0
SCG,Serbia Montenegro,2006,Extreme temperature,1,3.0,1,100.0,,0,0.0,,0,0.0,,0,0.0
SCG,Serbia Montenegro,2006,Flood,2,,0,0.0,36200.0,2,100.0,,0,0.0,,0,0.0
SDN,Sudan,2000,Drought,1,,0,0.0,2000000.0,1,100.0,,0,0.0,,0,0.0
SDN,Sudan,2000,Epidemic,1,186.0,1,100.0,2363.0,1,100.0,,0,0.0,,0,0.0
SDN,Sudan,2001,Flood,1,3.0,1,100.0,97000.0,1,100.0,2000000.0,1,100.0,3636000.0,1,100.0
SDN,Sudan,2002,Epidemic,2,49.0,1,50.0,1281.0,2,100.0,,0,0.0,,0,0.0
SDN,Sudan,2002,Flood,1,,0,0.0,100000.0,1,100.0,,0,0.0,,0,0.0
SDN,Sudan,2002,Storm,1,33.0,1,100.0,,0,0.0,,0,0.0,,0,0.0
SDN,Sudan,2003,Epidemic,1,27.0,1,100.0,178.0,1,100.0,,0,0.0,,0,0.0
SDN,Sudan,2003,Flood,1,20.0,1,100.0,325056.0,1,100.0,184000000.0,1,100.0,322016000.0,1,100.0
SDN,Sudan,2004,Epidemic,2,98.0,2,100.0,8114.0,2,100.0,,0,0.0,,0,0.0
SDN,Sudan,2004,Infestation,1,,0,0.0,,0,0.0,,0,0.0,,0,0.0
SDN,Sudan,2005,Epidemic,3,650.0,3,100.0,7454.0,3,100.0,,0,0.0,,0,0.0
SDN,Sudan,2005,Flood,2,5.0,1,50.0,160780.0,2,100.0,,0,0.0,,0,0.0
SDN,Sudan,2006,Epidemic,5,1142.0,5,100.0,28769.0,5,100.0,,0,0.0,,0,0.0
SDN,Sudan,2006,Flood,3,27.0,1,33.33,167000.0,3,100.0,,0,0.0,,0,0.0
SDN,Sudan,2007,Epidemic,3,584.0,3,100.0,7639.0,3,100.0,,0,0.0,,0,0.0
SDN,Sudan,2007,Flood,1,150.0,1,100.0,565335.0,1,100.0,300000000.0,1,100.0,465813000.0,1,100.0
SDN,Sudan,2008,Epidemic,2,15.0,2,100.0,212.0,2,100.0,,0,0.0,,0,0.0
SDN,Sudan,2009,Flood,1,20.0,1,100.0,111455.0,1,100.0,,0,0.0,,0,0.0
SDN,Sudan,2010,Flood,2,36.0,2,100.0,26362.0,2,100.0,,0,0.0,,0,0.0
SDN,Sudan,2011,Storm,1,20.0,1,100.0,30.0,1,100.0,,0,0.0,,0,0.0
SDN,Sudan,2012,Drought,1,,0,0.0,3200000.0,1,100.0,,0,0.0,,0,0.0
SDN,Sudan,2012,Epidemic,1,171.0,1,100.0,678.0,1,100.0,,0,0.0,,0,0.0
SDN,Sudan,2012,Flood,1,35.0,1,100.0,135135.0,1,100.0,,0,0.0,,0,0.0
SDN,Sudan,2013,Flood,1,76.0,1,100.0,500133.0,1,100.0,7000000.0,1,100.0,9674000.0,1,100.0
SDN,Sudan,2014,Flood,1,39.0,1,100.0,266204.0,1,100.0,,0,0.0,,0,0.0
SDN,Sudan,2015,Drought,1,,0,0.0,800000.0,1,100.0,,0,0.0,,0,0.0
SDN,Sudan,2015,Extreme temperature,1,16.0,1,100.0,,0,0.0,,0,0.0,,0,0.0
SDN,Sudan,2015,Flood,1,20.0,1,100.0,,0,0.0,,0,0.0,,0,0.0
SDN,Sudan,2016,Epidemic,1,19.0,1,100.0,632.0,1,100.0,,0,0.0,,0,0.0
SDN,Sudan,2016,Flood,1,171.0,1,100.0,200004.0,1,100.0,,0,0.0,,0,0.0
SDN,Sudan,2017,Epidemic,1,657.0,1,100.0,30762.0,1,100.0,,0,0.0,,0,0.0
SDN,Sudan,2017,Flood,1,25.0,1,100.0,55647.0,1,100.0,,0,0.0,,0,0.0
SDN,Sudan,2018,Flood,3,46.0,2,66.67,127476.0,3,100.0,,0,0.0,,0,0.0
SDN,Sudan,2019,Epidemic,2,53.0,2,100.0,2608.0,2,100.0,,0,0.0,,0,0.0
SDN,Sudan,2019,Flood,2,78.0,1,50.0,352498.0,2,100.0,,0,0.0,,0,0.0
SDN,Sudan,2020,Epidemic,1,38.0,1,100.0,2137.0,1,100.0,,0,0.0,,0,0.0
SDN,Sudan,2020,Flood,1,155.0,1,100.0,875013.0,1,100.0,250000000.0,1,100.0,310982000.0,1,100.0
SDN,Sudan,2020,Infestation,1,,0,0.0,,0,0.0,,0,0.0,,0,0.0
SDN,Sudan,2021,Epidemic,1,69.0,1,100.0,2973.0,1,100.0,,0,0.0,,0,0.0
SDN,Sudan,2021,Flood,1,52.0,1,100.0,303045.0,1,100.0,,0,0.0,,0,0.0
SDN,Sudan,2021,Storm,1,,0,0.0,16000.0,1,100.0,,0,0.0,,0,0.0
SDN,Sudan,2022,Drought,1,,0,0.0,11839300.0,1,100.0,,0,0.0,,0,0.0
SDN,Sudan,2022,Flood,1,146.0,1,100.0,349122.0,1,100.0,10000000.0,1,100.0,11001000.0,1,100.0
SDN,Sudan,2024,Epidemic,1,1508.0,1,100.0,57447.0,1,100.0,,0,0.0,,0,0.0
SDN,Sudan,2024,Flood,1,132.0,1,100.0,317107.0,1,100.0,,0,0.0,,0,0.0
SDN,Sudan,2025,Flood,1,32.0,1,100.0,10000.0,1,100.0,,0,0.0,,0,0.0
SDN,Sudan,2025,Mass movement (wet),1,400.0,1,100.0,,0,0.0,,0,0.0,,0,0.0
SEN,Senegal,2002,Drought,1,,0,0.0,284000.0,1,100.0,,0,0.0,,0,0.0
SEN,Senegal,2002,Epidemic,2,18.0,2,100.0,181.0,2,100.0,,0,0.0,,0,0.0
SEN,Senegal,2002,Flood,1,28.0,1,100.0,179000.0,1,100.0,40979000.0,1,100.0,73345000.0,1,100.0
SEN,Senegal,2003,Flood,1,8.0,1,100.0,7769.0,1,100.0,,0,0.0,,0,0.0
SEN,Senegal,2004,Epidemic,1,6.0,1,100.0,861.0,1,100.0,,0,0.0,,0,0.0
SEN,Senegal,2004,Infestation,1,,0,0.0,,0,0.0,,0,0.0,,0,0.0
SEN,Senegal,2004,Storm,1,2.0,1,100.0,1000.0,1,100.0,,0,0.0,,0,0.0
SEN,Senegal,2005,Epidemic,1,303.0,1,100.0,23022.0,1,100.0,,0,0.0,,0,0.0
SEN,Senegal,2005,Flood,1,,0,0.0,50000.0,1,100.0,,0,0.0,,0,0.0
SEN,Senegal,2007,Epidemic,1,16.0,1,100.0,2825.0,1,100.0,,0,0.0,,0,0.0
SEN,Senegal,2007,Flood,1,8.0,1,100.0,5300.0,1,100.0,,0,0.0,,0,0.0
SEN,Senegal,2008,Flood,1,1.0,1,100.0,23600.0,1,100.0,,0,0.0,,0,0.0
SEN,Senegal,2009,Flood,1,6.0,1,100.0,264000.0,1,100.0,,0,0.0,,0,0.0
SEN,Senegal,2010,Flood,2,2.0,1,50.0,102516.0,2,100.0,,0,0.0,,0,0.0
SEN,Senegal,2011,Drought,1,,0,0.0,850000.0,1,100.0,,0,0.0,,0,0.0
SEN,Senegal,2011,Flood,1,,0,0.0,5220.0,1,100.0,,0,0.0,,0,0.0
SEN,Senegal,2012,Flood,1,19.0,1,100.0,57000.0,1,100.0,10000000.0,1,100.0,14022000.0,1,100.0
SEN,Senegal,2013,Flood,1,8.0,1,100.0,163306.0,1,100.0,,0,0.0,,0,0.0
SEN,Senegal,2014,Drought,1,,0,0.0,639702.0,1,100.0,,0,0.0,,0,0.0
SEN,Senegal,2014,Epidemic,1,,0,0.0,1.0,1,100.0,,0,0.0,,0,0.0
SEN,Senegal,2016,Flood,1,5.0,1,100.0,10646.0,1,100.0,,0,0.0,,0,0.0
SEN,Senegal,2018,Drought,1,,0,0.0,320000.0,1,100.0,,0,0.0,,0,0.0
SEN,Senegal,2019,Flood,1,6.0,1,100.0,8968.0,1,100.0,,0,0.0,,0,0.0
SEN,Senegal,2020,Flood,1,11.0,1,100.0,17000.0,1,100.0,18000000.0,1,100.0,22391000.0,1,100.0
SEN,Senegal,2022,Flood,1,,0,0.0,20010.0,1,100.0,,0,0.0,,0,0.0
SEN,Senegal,2024,Flood,1,,0,0.0,55600.0,1,100.0,,0,0.0,,0,0.0
SGP,Singapore,2000,Epidemic,1,2.0,1,100.0,2022.0,1,100.0,,0,0.0,,0,0.0
SGP,Singapore,2016,Epidemic,1,,0,0.0,13051.0,1,100.0,,0,0.0,,0,0.0
SHN,Saint Helena,2001,Storm,1,,0,0.0,300.0,1,100.0,,0,0.0,,0,0.0
SLB,Solomon Islands,2002,Storm,1,,0,0.0,1110.0,1,100.0,,0,0.0,,0,0.0
SLB,Solomon Islands,2003,Storm,2,,0,0.0,425.0,2,100.0,,0,0.0,,0,0.0
SLB,Solomon Islands,2007,Earthquake,1,52.0,1,100.0,2384.0,1,100.0,,0,0.0,,0,0.0
SLB,Solomon Islands,2009,Flood,1,21.0,1,100.0,7000.0,1,100.0,,0,0.0,,0,0.0
SLB,Solomon Islands,2010,Earthquake,1,,0,0.0,1126.0,1,100.0,,0,0.0,,0,0.0
SLB,Solomon Islands,2010,Flood,1,2.0,1,100.0,16017.0,1,100.0,,0,0.0,,0,0.0
SLB,Solomon Islands,2010,Storm,1,,0,0.0,795.0,1,100.0,,0,0.0,,0,0.0
SLB,Solomon Islands,2011,Storm,1,,0,0.0,,0,0.0,,0,0.0,,0,0.0
SLB,Solomon Islands,2012,Flood,1,,0,0.0,4836.0,1,100.0,,0,0.0,,0,0.0
SLB,Solomon Islands,2013,Earthquake,1,10.0,1,100.0,3329.0,1,100.0,2000000.0,1,100.0,2764000.0,1,100.0
SLB,Solomon Islands,2013,Epidemic,1,8.0,1,100.0,6700.0,1,100.0,,0,0.0,,0,0.0
SLB,Solomon Islands,2013,Flood,1,,0,0.0,10227.0,1,100.0,2000000.0,1,100.0,2764000.0,1,100.0
SLB,Solomon Islands,2014,Flood,1,47.0,1,100.0,52000.0,1,100.0,24000000.0,1,100.0,32638000.0,1,100.0
SLB,Solomon Islands,2015,Drought,1,,0,0.0,,0,0.0,,0,0.0,,0,0.0
SLB,Solomon Islands,2015,Storm,2,9.0,1,50.0,44496.0,2,100.0,2000000.0,1,50.0,2717000.0,1,50.0
SLB,Solomon Islands,2016,Earthquake,1,,0,0.0,9770.0,1,100.0,,0,0.0,,0,0.0
SLB,Solomon Islands,2016,Epidemic,1,15.0,1,100.0,13242.0,1,100.0,,0,0.0,,0,0.0
SLB,Solomon Islands,2018,Storm,1,,0,0.0,1000.0,1,100.0,,0,0.0,,0,0.0
SLB,Solomon Islands,2020,Storm,1,48.0,1,100.0,150000.0,1,100.0,,0,0.0,,0,0.0
SLB,Solomon Islands,2023,Storm,1,,0,0.0,22319.0,1,100.0,,0,0.0,,0,0.0
SLB,Solomon Islands,2026,Storm,1,8.0,1,100.0,340641.0,1,100.0,,0,0.0,,0,0.0
SLE,Sierra Leone,2000,Epidemic,1,38.0,1,100.0,,0,0.0,,0,0.0,,0,0.0
SLE,Sierra Leone,2001,Epidemic,1,12.0,1,100.0,3.0,1,100.0,,0,0.0,,0,0.0
SLE,Sierra Leone,2003,Epidemic,1,10.0,1,100.0,90.0,1,100.0,,0,0.0,,0,0.0
SLE,Sierra Leone,2004,Epidemic,1,56.0,1,100.0,633.0,1,100.0,,0,0.0,,0,0.0
SLE,Sierra Leone,2004,Flood,1,10.0,1,100.0,,0,0.0,,0,0.0,,0,0.0
SLE,Sierra Leone,2005,Flood,1,20.0,1,100.0,15000.0,1,100.0,,0,0.0,,0,0.0
SLE,Sierra Leone,2007,Flood,1,,0,0.0,4500.0,1,100.0,,0,0.0,,0,0.0
SLE,Sierra Leone,2008,Epidemic,1,170.0,1,100.0,1746.0,1,100.0,,0,0.0,,0,0.0
SLE,Sierra Leone,2009,Flood,1,103.0,1,100.0,1470.0,1,100.0,,0,0.0,,0,0.0
SLE,Sierra Leone,2010,Flood,1,,0,0.0,234.0,1,100.0,,0,0.0,,0,0.0
SLE,Sierra Leone,2010,Mass movement (wet),1,16.0,1,100.0,5.0,1,100.0,,0,0.0,,0,0.0
SLE,Sierra Leone,2011,Flood,1,21.0,1,100.0,,0,0.0,,0,0.0,,0,0.0
SLE,Sierra Leone,2012,Epidemic,1,300.0,1,100.0,23009.0,1,100.0,,0,0.0,,0,0.0
SLE,Sierra Leone,2013,Wildfire,1,,0,0.0,2257.0,1,100.0,,0,0.0,,0,0.0
SLE,Sierra Leone,2014,Epidemic,1,3956.0,1,100.0,14124.0,1,100.0,,0,0.0,,0,0.0
SLE,Sierra Leone,2015,Flood,1,10.0,1,100.0,24303.0,1,100.0,,0,0.0,,0,0.0
SLE,Sierra Leone,2017,Mass movement (wet),1,1102.0,1,100.0,11916.0,1,100.0,30000000.0,1,100.0,39402000.0,1,100.0
SLE,Sierra Leone,2019,Flood,2,7.0,1,50.0,10381.0,2,100.0,,0,0.0,,0,0.0
SLE,Sierra Leone,2022,Flood,1,12.0,1,100.0,12982.0,1,100.0,,0,0.0,,0,0.0
SLE,Sierra Leone,2023,Storm,1,15.0,1,100.0,17.0,1,100.0,,0,0.0,,0,0.0
SLE,Sierra Leone,2024,Flood,1,,0,0.0,23596.0,1,100.0,,0,0.0,,0,0.0
SLE,Sierra Leone,2025,Flood,1,,0,0.0,11080.0,1,100.0,,0,0.0,,0,0.0
SLE,Sierra Leone,2025,Wildfire,1,,0,0.0,4180.0,1,100.0,,0,0.0,,0,0.0
SLV,El Salvador,2000,Epidemic,1,24.0,1,100.0,211.0,1,100.0,,0,0.0,,0,0.0
SLV,El Salvador,2000,Flood,1,2.0,1,100.0,400.0,1,100.0,,0,0.0,,0,0.0
SLV,El Salvador,2000,Storm,1,1.0,1,100.0,100.0,1,100.0,,0,0.0,,0,0.0
SLV,El Salvador,2001,Drought,1,,0,0.0,400000.0,1,100.0,22400000.0,1,100.0,40728000.0,1,100.0
SLV,El Salvador,2001,Earthquake,2,1159.0,2,100.0,1590550.0,2,100.0,1848500000.0,2,100.0,3360946000.0,2,100.0
SLV,El Salvador,2001,Flood,1,,0,0.0,1000.0,1,100.0,,0,0.0,,0,0.0
SLV,El Salvador,2002,Epidemic,1,6.0,1,100.0,2399.0,1,100.0,,0,0.0,,0,0.0
SLV,El Salvador,2002,Flood,1,1.0,1,100.0,100.0,1,100.0,,0,0.0,,0,0.0
SLV,El Salvador,2002,Storm,1,,0,0.0,500.0,1,100.0,,0,0.0,,0,0.0
SLV,El Salvador,2003,Epidemic,1,304.0,1,100.0,50000.0,1,100.0,,0,0.0,,0,0.0
SLV,El Salvador,2005,Earthquake,1,1.0,1,100.0,751.0,1,100.0,,0,0.0,,0,0.0
SLV,El Salvador,2005,Flood,2,48.0,2,100.0,2332.0,1,50.0,,0,0.0,,0,0.0
SLV,El Salvador,2005,Storm,2,69.0,1,50.0,72141.0,1,50.0,355700000.0,1,50.0,586380000.0,1,50.0
SLV,El Salvador,2005,Volcanic activity,1,2.0,1,100.0,2000.0,1,100.0,,0,0.0,,0,0.0
SLV,El Salvador,2006,Earthquake,1,,0,0.0,16470.0,1,100.0,,0,0.0,,0,0.0
SLV,El Salvador,2006,Extreme temperature,1,1.0,1,100.0,,0,0.0,,0,0.0,,0,0.0
SLV,El Salvador,2007,Flood,1,2.0,1,100.0,500.0,1,100.0,,0,0.0,,0,0.0
SLV,El Salvador,2007,Storm,1,,0,0.0,2800.0,1,100.0,,0,0.0,,0,0.0
SLV,El Salvador,2008,Flood,2,30.0,1,50.0,3000.0,1,50.0,,0,0.0,,0,0.0
SLV,El Salvador,2009,Drought,1,,0,0.0,,0,0.0,27000000.0,1,100.0,40517000.0,1,100.0
SLV,El Salvador,2009,Epidemic,1,7.0,1,100.0,4598.0,1,100.0,,0,0.0,,0,0.0
SLV,El Salvador,2009,Storm,1,275.0,1,100.0,90000.0,1,100.0,939000000.0,1,100.0,1409102000.0,1,100.0
SLV,El Salvador,2010,Storm,3,18.0,3,100.0,11753.0,2,66.67,20000000.0,1,33.33,29529000.0,1,33.33
SLV,El Salvador,2011,Flood,1,35.0,1,100.0,300000.0,1,100.0,1000000000.0,1,100.0,1431245000.0,1,100.0
SLV,El Salvador,2013,Volcanic activity,1,,0,0.0,63079.0,1,100.0,,0,0.0,,0,0.0
SLV,El Salvador,2014,Epidemic,1,4.0,1,100.0,12783.0,1,100.0,,0,0.0,,0,0.0
SLV,El Salvador,2015,Drought,1,,0,0.0,700000.0,1,100.0,100000000.0,1,100.0,135831000.0,1,100.0
SLV,El Salvador,2015,Flood,1,1.0,1,100.0,,0,0.0,,0,0.0,,0,0.0
SLV,El Salvador,2015,Storm,1,12.0,1,100.0,20000.0,1,100.0,,0,0.0,,0,0.0
SLV,El Salvador,2017,Storm,1,10.0,1,100.0,584.0,1,100.0,,0,0.0,,0,0.0
SLV,El Salvador,2018,Drought,1,,0,0.0,386610.0,1,100.0,37000000.0,1,100.0,47438000.0,1,100.0
SLV,El Salvador,2018,Earthquake,1,,0,0.0,2500.0,1,100.0,,0,0.0,,0,0.0
SLV,El Salvador,2018,Flood,1,4.0,1,100.0,7099.0,1,100.0,,0,0.0,,0,0.0
SLV,El Salvador,2019,Earthquake,1,1.0,1,100.0,160.0,1,100.0,,0,0.0,,0,0.0
SLV,El Salvador,2019,Epidemic,1,5.0,1,100.0,16573.0,1,100.0,,0,0.0,,0,0.0
SLV,El Salvador,2020,Mass movement (wet),1,42.0,1,100.0,525.0,1,100.0,,0,0.0,,0,0.0
SLV,El Salvador,2020,Storm,3,33.0,2,66.67,149840.0,1,33.33,220000000.0,1,33.33,273665000.0,1,33.33
SLV,El Salvador,2021,Flood,1,5.0,1,100.0,300.0,1,100.0,,0,0.0,,0,0.0
SLV,El Salvador,2022,Storm,2,11.0,2,100.0,9373.0,2,100.0,17000000.0,1,50.0,18701000.0,1,50.0
SLV,El Salvador,2023,Storm,1,3.0,1,100.0,500.0,1,100.0,,0,0.0,,0,0.0
SLV,El Salvador,2024,Storm,2,19.0,1,50.0,9050.0,2,100.0,,0,0.0,,0,0.0
SOM,Somalia,2000,Drought,1,21.0,1,100.0,1200000.0,1,100.0,,0,0.0,,0,0.0
SOM,Somalia,2000,Epidemic,4,688.0,4,100.0,2490.0,2,50.0,,0,0.0,,0,0.0
SOM,Somalia,2000,Flood,3,,0,0.0,373500.0,3,100.0,,0,0.0,,0,0.0
SOM,Somalia,2001,Epidemic,1,33.0,1,100.0,111.0,1,100.0,,0,0.0,,0,0.0
SOM,Somalia,2001,Flood,1,,0,0.0,6500.0,1,100.0,,0,0.0,,0,0.0
SOM,Somalia,2002,Epidemic,2,93.0,2,100.0,1191.0,1,50.0,,0,0.0,,0,0.0
SOM,Somalia,2003,Flood,2,1.0,1,50.0,300.0,1,50.0,,0,0.0,,0,0.0
SOM,Somalia,2004,Drought,1,,0,0.0,200000.0,1,100.0,,0,0.0,,0,0.0
SOM,Somalia,2004,Earthquake,1,298.0,1,100.0,105083.0,1,100.0,100000000.0,1,100.0,170445000.0,1,100.0
SOM,Somalia,2004,Flood,1,,0,0.0,1500.0,1,100.0,,0,0.0,,0,0.0
SOM,Somalia,2005,Drought,1,2.0,1,100.0,,0,0.0,,0,0.0,,0,0.0
SOM,Somalia,2005,Epidemic,2,13.0,1,50.0,199.0,1,50.0,,0,0.0,,0,0.0
SOM,Somalia,2005,Flood,2,12.0,2,100.0,7520.0,2,100.0,20000.0,1,50.0,33000.0,1,50.0
SOM,Somalia,2006,Epidemic,5,144.0,5,100.0,5876.0,3,60.0,,0,0.0,,0,0.0
SOM,Somalia,2006,Flood,4,97.0,4,100.0,486500.0,4,100.0,,0,0.0,,0,0.0
SOM,Somalia,2007,Epidemic,1,1133.0,1,100.0,35687.0,1,100.0,,0,0.0,,0,0.0
SOM,Somalia,2007,Flood,2,25.0,2,100.0,10012.0,2,100.0,,0,0.0,,0,0.0
SOM,Somalia,2008,Drought,1,,0,0.0,3300000.0,1,100.0,,0,0.0,,0,0.0
SOM,Somalia,2008,Epidemic,1,13.0,1,100.0,663.0,1,100.0,,0,0.0,,0,0.0
SOM,Somalia,2008,Flood,1,,0,0.0,52000.0,1,100.0,,0,0.0,,0,0.0
SOM,Somalia,2009,Flood,1,,0,0.0,1750.0,1,100.0,,0,0.0,,0,0.0
SOM,Somalia,2010,Drought,1,20000.0,1,100.0,4000000.0,1,100.0,,0,0.0,,0,0.0
SOM,Somalia,2010,Flood,2,11.0,1,50.0,16200.0,2,100.0,,0,0.0,,0,0.0
SOM,Somalia,2011,Flood,1,,0,0.0,2800.0,1,100.0,,0,0.0,,0,0.0
SOM,Somalia,2012,Drought,1,,0,0.0,3000000.0,1,100.0,,0,0.0,,0,0.0
SOM,Somalia,2012,Flood,2,31.0,2,100.0,32200.0,2,100.0,,0,0.0,,0,0.0
SOM,Somalia,2013,Flood,2,7.0,1,50.0,105000.0,2,100.0,,0,0.0,,0,0.0
SOM,Somalia,2013,Storm,1,162.0,1,100.0,142380.0,1,100.0,2000000.0,1,100.0,2764000.0,1,100.0
SOM,Somalia,2014,Drought,1,,0,0.0,535624.0,1,100.0,,0,0.0,,0,0.0
SOM,Somalia,2014,Flood,1,,0,0.0,90000.0,1,100.0,,0,0.0,,0,0.0
SOM,Somalia,2015,Drought,1,,0,0.0,6700000.0,1,100.0,,0,0.0,,0,0.0
SOM,Somalia,2015,Flood,2,,0,0.0,916296.0,2,100.0,,0,0.0,,0,0.0
SOM,Somalia,2015,Storm,2,,0,0.0,4000.0,1,50.0,,0,0.0,,0,0.0
SOM,Somalia,2016,Epidemic,1,497.0,1,100.0,14165.0,1,100.0,,0,0.0,,0,0.0
SOM,Somalia,2016,Flood,1,9.0,1,100.0,,0,0.0,,0,0.0,,0,0.0
SOM,Somalia,2017,Epidemic,1,302.0,1,100.0,13126.0,1,100.0,,0,0.0,,0,0.0
SOM,Somalia,2018,Flood,1,5.0,1,100.0,700000.0,1,100.0,80000000.0,1,100.0,102568000.0,1,100.0
SOM,Somalia,2018,Storm,1,53.0,1,100.0,228000.0,1,100.0,,0,0.0,,0,0.0
SOM,Somalia,2019,Drought,1,,0,0.0,1500000.0,1,100.0,,0,0.0,,0,0.0
SOM,Somalia,2019,Flood,1,17.0,1,100.0,500000.0,1,100.0,,0,0.0,,0,0.0
SOM,Somalia,2019,Infestation,1,,0,0.0,,0,0.0,,0,0.0,,0,0.0
SOM,Somalia,2019,Storm,1,6.0,1,100.0,30000.0,1,100.0,,0,0.0,,0,0.0
SOM,Somalia,2020,Flood,2,32.0,2,100.0,1191020.0,2,100.0,,0,0.0,,0,0.0
SOM,Somalia,2020,Storm,1,9.0,1,100.0,120000.0,1,100.0,,0,0.0,,0,0.0
SOM,Somalia,2021,Drought,1,,0,0.0,7100000.0,1,100.0,993000000.0,1,100.0,1179798000.0,1,100.0
SOM,Somalia,2021,Flood,1,25.0,1,100.0,400000.0,1,100.0,,0,0.0,,0,0.0
SOM,Somalia,2022,Flood,1,,0,0.0,4416.0,1,100.0,,0,0.0,,0,0.0
SOM,Somalia,2023,Epidemic,2,74.0,2,100.0,8384.0,2,100.0,,0,0.0,,0,0.0
SOM,Somalia,2023,Flood,4,165.0,4,100.0,3326003.0,4,100.0,,0,0.0,,0,0.0
SOM,Somalia,2024,Flood,1,9.0,1,100.0,226000.0,1,100.0,,0,0.0,,0,0.0
SOM,Somalia,2025,Drought,1,,0,0.0,6500000.0,1,100.0,,0,0.0,,0,0.0
SOM,Somalia,2025,Epidemic,2,101.0,2,100.0,1850.0,2,100.0,,0,0.0,,0,0.0
SOM,Somalia,2025,Flood,2,18.0,2,100.0,129010.0,2,100.0,,0,0.0,,0,0.0
SPI,Canary Islands,2001,Flood,1,7.0,1,100.0,300.0,1,100.0,,0,0.0,,0,0.0
SPI,Canary Islands,2002,Flood,1,16.0,1,100.0,430.0,1,100.0,79923000.0,1,100.0,143047000.0,1,100.0
SPI,Canary Islands,2004,Extreme temperature,1,13.0,1,100.0,113.0,1,100.0,,0,0.0,,0,0.0
SPI,Canary Islands,2005,Storm,1,19.0,1,100.0,,0,0.0,375000000.0,1,100.0,618196000.0,1,100.0
SPI,Canary Islands,2007,Wildfire,1,,0,0.0,405.0,1,100.0,,0,0.0,,0,0.0
SPI,Canary Islands,2021,Volcanic activity,1,1.0,1,100.0,6888.0,1,100.0,1000000000.0,1,100.0,1188114000.0,1,100.0
SPI,Canary Islands,2024,Storm,1,2.0,1,100.0,,0,0.0,,0,0.0,,0,0.0
SPI,Canary Islands,2025,Storm,1,,0,0.0,,0,0.0,,0,0.0,,0,0.0
SRB,Serbia,2007,Extreme temperature,1,,0,0.0,,0,0.0,,0,0.0,,0,0.0
SRB,Serbia,2007,Flood,1,,0,0.0,12370.0,1,100.0,,0,0.0,,0,0.0
SRB,Serbia,2009,Extreme temperature,1,,0,0.0,500.0,1,100.0,,0,0.0,,0,0.0
SRB,Serbia,2009,Flood,1,,0,0.0,3210.0,1,100.0,,0,0.0,,0,0.0
SRB,Serbia,2010,Earthquake,1,2.0,1,100.0,27030.0,1,100.0,132260000.0,1,100.0,195272000.0,1,100.0
SRB,Serbia,2010,Extreme temperature,1,3.0,1,100.0,,0,0.0,,0,0.0,,0,0.0
SRB,Serbia,2010,Flood,3,2.0,1,33.33,5300.0,3,100.0,,0,0.0,,0,0.0
SRB,Serbia,2011,Flood,1,,0,0.0,5000.0,1,100.0,,0,0.0,,0,0.0
SRB,Serbia,2012,Extreme temperature,3,25.0,3,100.0,88234.0,2,66.67,,0,0.0,,0,0.0
SRB,Serbia,2013,Flood,2,,0,0.0,3000.0,2,100.0,,0,0.0,,0,0.0
SRB,Serbia,2014,Extreme temperature,1,,0,0.0,3000.0,1,100.0,,0,0.0,,0,0.0
SRB,Serbia,2014,Flood,4,56.0,3,75.0,59600.0,3,75.0,2048262000.0,1,25.0,2785479000.0,1,25.0
SRB,Serbia,2016,Flood,2,1.0,1,50.0,8655.0,2,100.0,100000000.0,1,50.0,134139000.0,1,50.0
SRB,Serbia,2017,Extreme temperature,1,6.0,1,100.0,,0,0.0,,0,0.0,,0,0.0
SRB,Serbia,2018,Flood,1,,0,0.0,231.0,1,100.0,,0,0.0,,0,0.0
SRB,Serbia,2019,Flood,1,,0,0.0,11650.0,1,100.0,,0,0.0,,0,0.0
SRB,Serbia,2020,Flood,1,,0,0.0,3600.0,1,100.0,28000000.0,1,100.0,34830000.0,1,100.0
SRB,Serbia,2021,Flood,1,,0,0.0,22.0,1,100.0,,0,0.0,,0,0.0
SRB,Serbia,2022,Extreme temperature,1,574.0,1,100.0,,0,0.0,,0,0.0,,0,0.0
SRB,Serbia,2023,Extreme temperature,1,464.0,1,100.0,,0,0.0,,0,0.0,,0,0.0
SRB,Serbia,2023,Flood,2,2.0,1,50.0,15642.0,2,100.0,,0,0.0,,0,0.0
SRB,Serbia,2023,Storm,2,1.0,1,50.0,20.0,1,50.0,,0,0.0,,0,0.0
SRB,Serbia,2024,Extreme temperature,1,2515.0,1,100.0,,0,0.0,,0,0.0,,0,0.0
SRB,Serbia,2025,Extreme temperature,1,,0,0.0,,0,0.0,,0,0.0,,0,0.0
SSD,South Sudan,2008,Flood,3,17.0,1,33.33,92791.0,3,100.0,,0,0.0,,0,0.0
SSD,South Sudan,2009,Drought,1,,0,0.0,4300000.0,1,100.0,,0,0.0,,0,0.0
SSD,South Sudan,2010,Flood,2,,0,0.0,290000.0,1,50.0,,0,0.0,,0,0.0
SSD,South Sudan,2012,Flood,2,47.0,2,100.0,157000.0,2,100.0,,0,0.0,,0,0.0
SSD,South Sudan,2013,Epidemic,1,,0,0.0,3.0,1,100.0,,0,0.0,,0,0.0
SSD,South Sudan,2013,Flood,2,99.0,2,100.0,581000.0,2,100.0,,0,0.0,,0,0.0
SSD,South Sudan,2014,Epidemic,2,149.0,2,100.0,6486.0,2,100.0,,0,0.0,,0,0.0
SSD,South Sudan,2015,Epidemic,1,47.0,1,100.0,1818.0,1,100.0,,0,0.0,,0,0.0
SSD,South Sudan,2016,Drought,1,,0,0.0,3600000.0,1,100.0,,0,0.0,,0,0.0
SSD,South Sudan,2016,Epidemic,2,83.0,2,100.0,3826.0,1,50.0,,0,0.0,,0,0.0
SSD,South Sudan,2016,Flood,1,,0,0.0,22000.0,1,100.0,,0,0.0,,0,0.0
SSD,South Sudan,2019,Epidemic,1,7.0,1,100.0,937.0,1,100.0,,0,0.0,,0,0.0
SSD,South Sudan,2019,Flood,2,3.0,1,50.0,934800.0,2,100.0,,0,0.0,,0,0.0
SSD,South Sudan,2019,Wildfire,1,50.0,1,100.0,12.0,1,100.0,,0,0.0,,0,0.0
SSD,South Sudan,2020,Flood,1,,0,0.0,1042000.0,1,100.0,,0,0.0,,0,0.0
SSD,South Sudan,2021,Drought,1,,0,0.0,7723670.0,1,100.0,,0,0.0,,0,0.0
SSD,South Sudan,2021,Flood,1,7.0,1,100.0,835000.0,1,100.0,,0,0.0,,0,0.0
SSD,South Sudan,2022,Flood,1,,0,0.0,1000000.0,1,100.0,,0,0.0,,0,0.0
SSD,South Sudan,2023,Epidemic,1,1.0,1,100.0,178.0,1,100.0,,0,0.0,,0,0.0
SSD,South Sudan,2024,Epidemic,1,1567.0,1,100.0,94549.0,1,100.0,,0,0.0,,0,0.0
SSD,South Sudan,2024,Flood,1,,0,0.0,1400000.0,1,100.0,,0,0.0,,0,0.0
SSD,South Sudan,2025,Flood,1,20.0,1,100.0,960000.0,1,100.0,,0,0.0,,0,0.0
STP,Sao Tome and Principe,2005,Epidemic,1,25.0,1,100.0,1349.0,1,100.0,,0,0.0,,0,0.0
STP,Sao Tome and Principe,2021,Flood,1,8.0,1,100.0,219668.0,1,100.0,,0,0.0,,0,0.0
STP,Sao Tome and Principe,2022,Epidemic,1,,0,0.0,1187.0,1,100.0,,0,0.0,,0,0.0
SUR,Suriname,2006,Flood,1,3.0,1,100.0,25000.0,1,100.0,,0,0.0,,0,0.0
SUR,Suriname,2008,Flood,1,2.0,1,100.0,6548.0,1,100.0,,0,0.0,,0,0.0
SUR,Suriname,2021,Flood,1,,0,0.0,10100.0,1,100.0,,0,0.0,,0,0.0
SUR,Suriname,2022,Flood,1,,0,0.0,9000.0,1,100.0,21000000.0,1,100.0,23102000.0,1,100.0
SVK,Slovakia,2000,Wildfire,1,6.0,1,100.0,,0,0.0,,0,0.0,,0,0.0
SVK,Slovakia,2001,Flood,1,1.0,1,100.0,,0,0.0,6000000.0,1,100.0,10909000.0,1,100.0
SVK,Slovakia,2002,Flood,1,,0,0.0,,0,0.0,3000000.0,1,100.0,5369000.0,1,100.0
SVK,Slovakia,2003,Extreme temperature,1,,0,0.0,,0,0.0,150000000.0,1,100.0,262513000.0,1,100.0
SVK,Slovakia,2004,Flood,1,1.0,1,100.0,230.0,1,100.0,,0,0.0,,0,0.0
SVK,Slovakia,2004,Storm,1,2.0,1,100.0,10324.0,1,100.0,383300000.0,1,100.0,653317000.0,1,100.0
SVK,Slovakia,2005,Extreme temperature,1,,0,0.0,,0,0.0,,0,0.0,,0,0.0
SVK,Slovakia,2005,Flood,1,1.0,1,100.0,,0,0.0,,0,0.0,,0,0.0
SVK,Slovakia,2006,Flood,2,1.0,1,50.0,100.0,1,50.0,,0,0.0,,0,0.0
SVK,Slovakia,2007,Extreme temperature,1,1.0,1,100.0,89.0,1,100.0,,0,0.0,,0,0.0
SVK,Slovakia,2010,Extreme temperature,1,122.0,1,100.0,,0,0.0,,0,0.0,,0,0.0
SVK,Slovakia,2010,Flood,2,4.0,2,100.0,850.0,2,100.0,25000000.0,1,50.0,36911000.0,1,50.0
SVK,Slovakia,2012,Extreme temperature,1,5.0,1,100.0,,0,0.0,,0,0.0,,0,0.0
SVK,Slovakia,2013,Flood,1,1.0,1,100.0,,0,0.0,,0,0.0,,0,0.0
SVK,Slovakia,2017,Storm,1,,0,0.0,,0,0.0,,0,0.0,,0,0.0
SVK,Slovakia,2019,Storm,1,1.0,1,100.0,,0,0.0,,0,0.0,,0,0.0
SVK,Slovakia,2020,Flood,1,1.0,1,100.0,250.0,1,100.0,,0,0.0,,0,0.0
SVK,Slovakia,2021,Flood,1,1.0,1,100.0,,0,0.0,,0,0.0,,0,0.0
SVK,Slovakia,2022,Extreme temperature,1,365.0,1,100.0,,0,0.0,,0,0.0,,0,0.0
SVK,Slovakia,2023,Extreme temperature,1,247.0,1,100.0,,0,0.0,,0,0.0,,0,0.0
SVK,Slovakia,2023,Storm,1,,0,0.0,,0,0.0,,0,0.0,,0,0.0
SVK,Slovakia,2024,Extreme temperature,1,522.0,1,100.0,,0,0.0,,0,0.0,,0,0.0
SVK,Slovakia,2024,Storm,1,1.0,1,100.0,,0,0.0,16700000.0,1,100.0,17139000.0,1,100.0
SVK,Slovakia,2025,Extreme temperature,1,62.0,1,100.0,,0,0.0,,0,0.0,,0,0.0
SVN,Slovenia,2003,Extreme temperature,1,289.0,1,100.0,,0,0.0,80000000.0,1,100.0,140007000.0,1,100.0
SVN,Slovenia,2004,Earthquake,1,1.0,1,100.0,605.0,1,100.0,10000000.0,1,100.0,17045000.0,1,100.0
SVN,Slovenia,2005,Flood,1,,0,0.0,,0,0.0,5000000.0,1,100.0,8243000.0,1,100.0
SVN,Slovenia,2007,Storm,2,6.0,1,50.0,1050.0,1,50.0,392000000.0,2,100.0,608663000.0,2,100.0
SVN,Slovenia,2010,Flood,1,3.0,1,100.0,2000.0,1,100.0,19989000.0,1,100.0,29512000.0,1,100.0
SVN,Slovenia,2012,Flood,1,,0,0.0,12000.0,1,100.0,265000000.0,1,100.0,371590000.0,1,100.0
SVN,Slovenia,2014,Extreme temperature,1,1.0,1,100.0,50000.0,1,100.0,,0,0.0,,0,0.0
SVN,Slovenia,2014,Flood,1,2.0,1,100.0,4400.0,1,100.0,,0,0.0,,0,0.0
SVN,Slovenia,2020,Storm,1,1.0,1,100.0,,0,0.0,,0,0.0,,0,0.0
SVN,Slovenia,2021,Flood,1,,0,0.0,1500.0,1,100.0,,0,0.0,,0,0.0
SVN,Slovenia,2022,Extreme temperature,1,154.0,1,100.0,,0,0.0,,0,0.0,,0,0.0
SVN,Slovenia,2023,Extreme temperature,1,95.0,1,100.0,,0,0.0,,0,0.0,,0,0.0
SVN,Slovenia,2023,Flood,1,6.0,1,100.0,1500120.0,1,100.0,3257083000.0,1,100.0,3441382000.0,1,100.0
SVN,Slovenia,2023,Storm,1,1.0,1,100.0,3003.0,1,100.0,,0,0.0,,0,0.0
SVN,Slovenia,2024,Extreme temperature,1,280.0,1,100.0,,0,0.0,,0,0.0,,0,0.0
SVN,Slovenia,2025,Extreme temperature,1,65.0,1,100.0,,0,0.0,,0,0.0,,0,0.0
SVN,Slovenia,2025,Storm,1,,0,0.0,,0,0.0,,0,0.0,,0,0.0
SWE,Sweden,2002,Epidemic,1,,0,0.0,350.0,1,100.0,,0,0.0,,0,0.0
SWE,Sweden,2002,Storm,1,1.0,1,100.0,,0,0.0,,0,0.0,,0,0.0
SWE,Sweden,2005,Extreme temperature,1,,0,0.0,,0,0.0,,0,0.0,,0,0.0
SWE,Sweden,2005,Storm,1,9.0,1,100.0,,0,0.0,2800000000.0,1,100.0,4615867000.0,1,100.0
SWE,Sweden,2013,Storm,2,7.0,1,50.0,,0,0.0,,0,0.0,,0,0.0
SWE,Sweden,2018,Wildfire,1,,0,0.0,,0,0.0,102000000.0,1,100.0,130774000.0,1,100.0
SWE,Sweden,2020,Storm,1,1.0,1,100.0,,0,0.0,,0,0.0,,0,0.0
SWE,Sweden,2021,Flood,1,,0,0.0,13500.0,1,100.0,70000000.0,1,100.0,83168000.0,1,100.0
SWE,Sweden,2022,Extreme temperature,1,40.0,1,100.0,,0,0.0,,0,0.0,,0,0.0
SWE,Sweden,2023,Extreme temperature,1,13.0,1,100.0,,0,0.0,,0,0.0,,0,0.0
SWE,Sweden,2024,Extreme temperature,1,30.0,1,100.0,,0,0.0,,0,0.0,,0,0.0
SWE,Sweden,2025,Extreme temperature,1,82.0,1,100.0,,0,0.0,,0,0.0,,0,0.0
SWZ,Eswatini,2000,Epidemic,1,32.0,1,100.0,1449.0,1,100.0,,0,0.0,,0,0.0
SWZ,Eswatini,2000,Flood,1,,0,0.0,272000.0,1,100.0,50000.0,1,100.0,93000.0,1,100.0
SWZ,Eswatini,2001,Drought,1,,0,0.0,970000.0,1,100.0,,0,0.0,,0,0.0
SWZ,Eswatini,2005,Storm,1,,0,0.0,1150.0,1,100.0,,0,0.0,,0,0.0
SWZ,Eswatini,2006,Storm,1,1.0,1,100.0,6535.0,1,100.0,,0,0.0,,0,0.0
SWZ,Eswatini,2007,Drought,1,,0,0.0,410000.0,1,100.0,,0,0.0,,0,0.0
SWZ,Eswatini,2007,Wildfire,1,2.0,1,100.0,1500.0,1,100.0,,0,0.0,,0,0.0
SWZ,Eswatini,2008,Flood,1,,0,0.0,2500.0,1,100.0,,0,0.0,,0,0.0
SWZ,Eswatini,2014,Flood,1,11.0,1,100.0,400.0,1,100.0,,0,0.0,,0,0.0
SWZ,Eswatini,2016,Drought,1,,0,0.0,492000.0,1,100.0,,0,0.0,,0,0.0
SWZ,Eswatini,2019,Drought,1,,0,0.0,232000.0,1,100.0,,0,0.0,,0,0.0
SWZ,Eswatini,2021,Storm,1,,0,0.0,,0,0.0,,0,0.0,,0,0.0
SWZ,Eswatini,2022,Storm,1,,0,0.0,1058.0,1,100.0,,0,0.0,,0,0.0
SWZ,Eswatini,2023,Drought,1,,0,0.0,270000.0,1,100.0,,0,0.0,,0,0.0
SXM,Sint Maarten (Dutch part),2017,Storm,1,4.0,1,100.0,5040.0,1,100.0,2500000000.0,1,100.0,3283529000.0,1,100.0
SYC,Seychelles,2002,Storm,1,,0,0.0,6800.0,1,100.0,,0,0.0,,0,0.0
SYC,Seychelles,2004,Earthquake,1,3.0,1,100.0,4830.0,1,100.0,30000000.0,1,100.0,51134000.0,1,100.0
SYC,Seychelles,2006,Epidemic,1,,0,0.0,5461.0,1,100.0,,0,0.0,,0,0.0
SYC,Seychelles,2013,Storm,1,,0,0.0,3000.0,1,100.0,9300000.0,1,100.0,12852000.0,1,100.0
SYC,Seychelles,2014,Flood,1,,0,0.0,4435.0,1,100.0,,0,0.0,,0,0.0
SYC,Seychelles,2016,Epidemic,1,,0,0.0,253.0,1,100.0,,0,0.0,,0,0.0
SYR,Syrian Arab Republic,2001,Storm,1,27.0,1,100.0,172.0,1,100.0,,0,0.0,,0,0.0
SYR,Syrian Arab Republic,2002,Mass movement (wet),1,80.0,1,100.0,23.0,1,100.0,,0,0.0,,0,0.0
SYR,Syrian Arab Republic,2004,Storm,1,5.0,1,100.0,180.0,1,100.0,,0,0.0,,0,0.0
SYR,Syrian Arab Republic,2006,Flood,1,6.0,1,100.0,,0,0.0,,0,0.0,,0,0.0
SYR,Syrian Arab Republic,2008,Drought,1,,0,0.0,1300000.0,1,100.0,,0,0.0,,0,0.0
SYR,Syrian Arab Republic,2015,Storm,2,13.0,2,100.0,3500.0,1,50.0,,0,0.0,,0,0.0
SYR,Syrian Arab Republic,2019,Flood,1,2.0,1,100.0,235000.0,1,100.0,,0,0.0,,0,0.0
SYR,Syrian Arab Republic,2020,Wildfire,1,3.0,1,100.0,140079.0,1,100.0,,0,0.0,,0,0.0
SYR,Syrian Arab Republic,2021,Drought,1,,0,0.0,5500000.0,1,100.0,,0,0.0,,0,0.0
SYR,Syrian Arab Republic,2021,Flood,1,1.0,1,100.0,142003.0,1,100.0,,0,0.0,,0,0.0
SYR,Syrian Arab Republic,2022,Epidemic,1,87.0,1,100.0,2954.0,1,100.0,,0,0.0,,0,0.0
SYR,Syrian Arab Republic,2022,Storm,1,2.0,1,100.0,362700.0,1,100.0,,0,0.0,,0,0.0
SYR,Syrian Arab Republic,2023,Drought,1,,0,0.0,650000.0,1,100.0,,0,0.0,,0,0.0
SYR,Syrian Arab Republic,2023,Earthquake,3,5670.0,1,33.33,8012394.0,3,100.0,8900000000.0,1,33.33,9403598000.0,1,33.33
SYR,Syrian Arab Republic,2023,Flood,1,,0,0.0,2851.0,1,100.0,,0,0.0,,0,0.0
SYR,Syrian Arab Republic,2023,Wildfire,1,,0,0.0,50005.0,1,100.0,,0,0.0,,0,0.0
SYR,Syrian Arab Republic,2024,Flood,1,,0,0.0,9700.0,1,100.0,,0,0.0,,0,0.0
SYR,Syrian Arab Republic,2024,Wildfire,1,,0,0.0,15000.0,1,100.0,,0,0.0,,0,0.0
SYR,Syrian Arab Republic,2025,Drought,1,,0,0.0,16200000.0,1,100.0,50000000.0,1,100.0,50000000.0,1,100.0
SYR,Syrian Arab Republic,2025,Storm,1,2.0,1,100.0,158000.0,1,100.0,,0,0.0,,0,0.0
SYR,Syrian Arab Republic,2025,Wildfire,1,,0,0.0,55000.0,1,100.0,,0,0.0,,0,0.0
SYR,Syrian Arab Republic,2026,Flood,1,3.0,1,100.0,5305.0,1,100.0,,0,0.0,,0,0.0
SYR,Syrian Arab Republic,2026,Storm,1,7.0,1,100.0,50000.0,1,100.0,,0,0.0,,0,0.0
TCA,Turks and Caicos Islands,2004,Storm,1,,0,0.0,200.0,1,100.0,,0,0.0,,0,0.0
TCA,Turks and Caicos Islands,2008,Storm,3,4.0,1,33.33,1500.0,2,66.67,500000000.0,1,33.33,747653000.0,1,33.33
TCA,Turks and Caicos Islands,2017,Storm,1,,0,0.0,,0,0.0,500000000.0,1,100.0,656706000.0,1,100.0
TCD,Chad,2000,Epidemic,2,1209.0,2,100.0,9673.0,2,100.0,,0,0.0,,0,0.0
TCD,Chad,2001,Drought,1,,0,0.0,800000.0,1,100.0,,0,0.0,,0,0.0
TCD,Chad,2001,Epidemic,1,113.0,1,100.0,3444.0,1,100.0,,0,0.0,,0,0.0
TCD,Chad,2001,Flood,1,100.0,1,100.0,175763.0,1,100.0,1000000.0,1,100.0,1818000.0,1,100.0
TCD,Chad,2003,Epidemic,1,11.0,1,100.0,131.0,1,100.0,,0,0.0,,0,0.0
TCD,Chad,2004,Epidemic,2,144.0,2,100.0,3567.0,2,100.0,,0,0.0,,0,0.0
TCD,Chad,2004,Infestation,1,,0,0.0,,0,0.0,,0,0.0,,0,0.0
TCD,Chad,2005,Epidemic,1,115.0,1,100.0,6000.0,1,100.0,,0,0.0,,0,0.0
TCD,Chad,2006,Epidemic,1,20.0,1,100.0,216.0,1,100.0,,0,0.0,,0,0.0
TCD,Chad,2006,Flood,1,52.0,1,100.0,,0,0.0,,0,0.0,,0,0.0
TCD,Chad,2007,Flood,2,15.0,2,100.0,173000.0,2,100.0,,0,0.0,,0,0.0
TCD,Chad,2007,Storm,1,14.0,1,100.0,145.0,1,100.0,,0,0.0,,0,0.0
TCD,Chad,2008,Epidemic,1,22.0,1,100.0,1755.0,1,100.0,,0,0.0,,0,0.0
TCD,Chad,2008,Flood,2,,0,0.0,14450.0,2,100.0,,0,0.0,,0,0.0
TCD,Chad,2009,Drought,1,,0,0.0,2400000.0,1,100.0,,0,0.0,,0,0.0
TCD,Chad,2009,Epidemic,1,102.0,1,100.0,871.0,1,100.0,,0,0.0,,0,0.0
TCD,Chad,2009,Flood,2,6.0,2,100.0,12915.0,2,100.0,,0,0.0,,0,0.0
TCD,Chad,2010,Epidemic,3,239.0,3,100.0,5319.0,3,100.0,,0,0.0,,0,0.0
TCD,Chad,2010,Flood,1,24.0,1,100.0,144579.0,1,100.0,,0,0.0,,0,0.0
TCD,Chad,2011,Epidemic,2,557.0,2,100.0,18123.0,2,100.0,,0,0.0,,0,0.0
TCD,Chad,2012,Drought,1,,0,0.0,1600000.0,1,100.0,,0,0.0,,0,0.0
TCD,Chad,2012,Epidemic,1,88.0,1,100.0,1708.0,1,100.0,,0,0.0,,0,0.0
TCD,Chad,2012,Flood,2,20.0,1,50.0,613631.0,2,100.0,10000000.0,1,50.0,14022000.0,1,50.0
TCD,Chad,2017,Drought,1,,0,0.0,1886800.0,1,100.0,,0,0.0,,0,0.0
TCD,Chad,2017,Epidemic,1,58.0,1,100.0,652.0,1,100.0,,0,0.0,,0,0.0
TCD,Chad,2018,Epidemic,1,90.0,1,100.0,4227.0,1,100.0,,0,0.0,,0,0.0
TCD,Chad,2019,Flood,1,,0,0.0,423.0,1,100.0,,0,0.0,,0,0.0
TCD,Chad,2019,Mass movement (wet),1,52.0,1,100.0,37.0,1,100.0,,0,0.0,,0,0.0
TCD,Chad,2020,Flood,2,3.0,1,50.0,36934.0,2,100.0,,0,0.0,,0,0.0
TCD,Chad,2021,Flood,1,32.0,1,100.0,269180.0,1,100.0,,0,0.0,,0,0.0
TCD,Chad,2022,Drought,1,,0,0.0,2135362.0,1,100.0,,0,0.0,,0,0.0
TCD,Chad,2022,Flood,1,22.0,1,100.0,1100229.0,1,100.0,,0,0.0,,0,0.0
TCD,Chad,2024,Flood,2,577.0,2,100.0,1945674.0,2,100.0,380000000.0,1,50.0,389999000.0,1,50.0
TCD,Chad,2025,Flood,1,22.0,1,100.0,123019.0,1,100.0,,0,0.0,,0,0.0
TGO,Togo,2001,Epidemic,2,235.0,2,100.0,1567.0,2,100.0,,0,0.0,,0,0.0
TGO,Togo,2002,Epidemic,1,95.0,1,100.0,494.0,1,100.0,,0,0.0,,0,0.0
TGO,Togo,2003,Epidemic,1,40.0,1,100.0,790.0,1,100.0,,0,0.0,,0,0.0
TGO,Togo,2006,Flood,1,,0,0.0,2000.0,1,100.0,,0,0.0,,0,0.0
TGO,Togo,2007,Flood,1,41.0,1,100.0,141331.0,1,100.0,,0,0.0,,0,0.0
TGO,Togo,2008,Epidemic,1,6.0,1,100.0,686.0,1,100.0,,0,0.0,,0,0.0
TGO,Togo,2008,Flood,1,6.0,1,100.0,44814.0,1,100.0,,0,0.0,,0,0.0
TGO,Togo,2009,Flood,1,,0,0.0,,0,0.0,,0,0.0,,0,0.0
TGO,Togo,2010,Epidemic,1,60.0,1,100.0,236.0,1,100.0,,0,0.0,,0,0.0
TGO,Togo,2010,Flood,2,22.0,2,100.0,111550.0,2,100.0,,0,0.0,,0,0.0
TGO,Togo,2013,Epidemic,1,7.0,1,100.0,168.0,1,100.0,,0,0.0,,0,0.0
TGO,Togo,2015,Epidemic,1,24.0,1,100.0,324.0,1,100.0,,0,0.0,,0,0.0
TGO,Togo,2017,Flood,1,,0,0.0,16060.0,1,100.0,,0,0.0,,0,0.0
TGO,Togo,2020,Flood,1,11.0,1,100.0,57000.0,1,100.0,,0,0.0,,0,0.0
TGO,Togo,2022,Flood,1,,0,0.0,18596.0,1,100.0,,0,0.0,,0,0.0
TGO,Togo,2024,Flood,1,,0,0.0,12700.0,1,100.0,,0,0.0,,0,0.0
THA,Thailand,2000,Epidemic,1,89.0,1,100.0,1946.0,1,100.0,,0,0.0,,0,0.0
THA,Thailand,2000,Flood,4,107.0,3,75.0,3323801.0,4,100.0,109056000.0,3,75.0,203889000.0,3,75.0
THA,Thailand,2000,Storm,1,2.0,1,100.0,41219.0,1,100.0,,0,0.0,,0,0.0
THA,Thailand,2001,Flood,5,189.0,3,60.0,465239.0,5,100.0,28500000.0,2,40.0,51819000.0,2,40.0
THA,Thailand,2001,Storm,1,,0,0.0,150.0,1,100.0,,0,0.0,,0,0.0
THA,Thailand,2002,Drought,1,,0,0.0,5000000.0,1,100.0,2300000.0,1,100.0,4117000.0,1,100.0
THA,Thailand,2002,Flood,2,154.0,1,50.0,3290920.0,2,100.0,35827000.0,1,50.0,64124000.0,1,50.0
THA,Thailand,2002,Mass movement (wet),1,35.0,1,100.0,33000.0,1,100.0,,0,0.0,,0,0.0
THA,Thailand,2002,Storm,2,1.0,1,50.0,30204.0,2,100.0,2000000.0,1,50.0,3580000.0,1,50.0
THA,Thailand,2003,Epidemic,1,7.0,1,100.0,4.0,1,100.0,,0,0.0,,0,0.0
THA,Thailand,2003,Flood,3,9.0,2,66.67,107700.0,2,66.67,26400000.0,2,66.67,46202000.0,2,66.67
THA,Thailand,2003,Storm,1,,0,0.0,5000.0,1,100.0,,0,0.0,,0,0.0
THA,Thailand,2004,Earthquake,1,8345.0,1,100.0,67007.0,1,100.0,1000000000.0,1,100.0,1704454000.0,1,100.0
THA,Thailand,2004,Flood,3,13.0,3,100.0,507000.0,3,100.0,175000000.0,1,33.33,298279000.0,1,33.33
THA,Thailand,2004,Mass movement (wet),1,3.0,1,100.0,110.0,1,100.0,,0,0.0,,0,0.0
THA,Thailand,2004,Storm,2,14.0,2,100.0,9050.0,2,100.0,,0,0.0,,0,0.0
THA,Thailand,2005,Drought,1,,0,0.0,,0,0.0,420000000.0,1,100.0,692380000.0,1,100.0
THA,Thailand,2005,Flood,2,76.0,2,100.0,819310.0,2,100.0,218000000.0,2,100.0,359378000.0,2,100.0
THA,Thailand,2005,Storm,2,10.0,1,50.0,3500.0,2,100.0,20246000.0,2,100.0,33376000.0,2,100.0
THA,Thailand,2005,Wildfire,1,,0,0.0,,0,0.0,,0,0.0,,0,0.0
THA,Thailand,2006,Flood,3,280.0,2,66.67,2557308.0,3,100.0,34940000.0,2,66.67,55799000.0,2,66.67
THA,Thailand,2007,Flood,5,53.0,4,80.0,183000.0,4,80.0,1500000.0,1,20.0,2329000.0,1,20.0
THA,Thailand,2008,Drought,1,,0,0.0,10000000.0,1,100.0,,0,0.0,,0,0.0
THA,Thailand,2008,Flood,3,39.0,2,66.67,1572157.0,3,100.0,27844000.0,3,100.0,41635000.0,3,100.0
THA,Thailand,2008,Storm,2,,0,0.0,1000.0,1,50.0,,0,0.0,,0,0.0
THA,Thailand,2009,Flood,1,15.0,1,100.0,200000.0,1,100.0,,0,0.0,,0,0.0
THA,Thailand,2010,Drought,1,,0,0.0,6482602.0,1,100.0,,0,0.0,,0,0.0
THA,Thailand,2010,Epidemic,1,2.0,1,100.0,880.0,1,100.0,,0,0.0,,0,0.0
THA,Thailand,2010,Flood,1,258.0,1,100.0,8970653.0,1,100.0,332000000.0,1,100.0,490174000.0,1,100.0
THA,Thailand,2011,Earthquake,1,1.0,1,100.0,16.0,1,100.0,,0,0.0,,0,0.0
THA,Thailand,2011,Epidemic,1,27.0,1,100.0,37728.0,1,100.0,,0,0.0,,0,0.0
THA,Thailand,2011,Flood,2,877.0,2,100.0,10216110.0,2,100.0,40317000000.0,2,100.0,57703486000.0,2,100.0
THA,Thailand,2011,Storm,1,18.0,1,100.0,1000000.0,1,100.0,,0,0.0,,0,0.0
THA,Thailand,2012,Drought,1,,0,0.0,12000000.0,1,100.0,1200000.0,1,100.0,1683000.0,1,100.0
THA,Thailand,2012,Flood,1,,0,0.0,235545.0,1,100.0,,0,0.0,,0,0.0
THA,Thailand,2013,Flood,3,84.0,2,66.67,3515254.0,2,66.67,579000000.0,2,66.67,800168000.0,2,66.67
THA,Thailand,2014,Drought,1,,0,0.0,,0,0.0,,0,0.0,,0,0.0
THA,Thailand,2014,Earthquake,1,1.0,1,100.0,17523.0,1,100.0,62000000.0,1,100.0,84315000.0,1,100.0
THA,Thailand,2014,Extreme temperature,1,63.0,1,100.0,1000000.0,1,100.0,,0,0.0,,0,0.0
THA,Thailand,2014,Flood,4,29.0,3,75.0,131288.0,4,100.0,10000000.0,1,25.0,13599000.0,1,25.0
THA,Thailand,2014,Storm,1,,0,0.0,2000.0,1,100.0,,0,0.0,,0,0.0
THA,Thailand,2015,Drought,1,,0,0.0,,0,0.0,3300000000.0,1,100.0,4482429000.0,1,100.0
THA,Thailand,2015,Storm,1,3.0,1,100.0,1440.0,1,100.0,561000.0,1,100.0,762000.0,1,100.0
THA,Thailand,2016,Extreme temperature,1,14.0,1,100.0,,0,0.0,,0,0.0,,0,0.0
THA,Thailand,2016,Flood,3,21.0,3,100.0,808843.0,3,100.0,145000000.0,2,66.67,194502000.0,2,66.67
THA,Thailand,2017,Flood,4,150.0,4,100.0,3790498.0,4,100.0,1308400000.0,3,75.0,1718467000.0,3,75.0
THA,Thailand,2017,Storm,2,,0,0.0,28560.0,2,100.0,,0,0.0,,0,0.0
THA,Thailand,2019,Drought,1,,0,0.0,,0,0.0,,0,0.0,,0,0.0
THA,Thailand,2019,Flood,1,19.0,1,100.0,158000.0,1,100.0,,0,0.0,,0,0.0
THA,Thailand,2019,Storm,1,7.0,1,100.0,720885.0,1,100.0,,0,0.0,,0,0.0
THA,Thailand,2020,Flood,3,31.0,3,100.0,870659.0,3,100.0,50000000.0,1,33.33,62196000.0,1,33.33
THA,Thailand,2020,Storm,4,13.0,4,100.0,325425.0,2,50.0,10000000.0,1,25.0,12439000.0,1,25.0
THA,Thailand,2021,Flood,5,14.0,2,40.0,957694.0,5,100.0,591000000.0,1,20.0,702176000.0,1,20.0
THA,Thailand,2021,Storm,1,2.0,1,100.0,900.0,1,100.0,,0,0.0,,0,0.0
THA,Thailand,2022,Flood,9,19.0,4,44.44,1380693.0,9,100.0,13000000.0,1,11.11,14301000.0,1,11.11
THA,Thailand,2022,Storm,2,2.0,2,100.0,1052.0,2,100.0,,0,0.0,,0,0.0
THA,Thailand,2023,Flood,2,6.0,1,50.0,249123.0,2,100.0,,0,0.0,,0,0.0
THA,Thailand,2023,Storm,1,,0,0.0,22200.0,1,100.0,,0,0.0,,0,0.0
THA,Thailand,2024,Extreme temperature,1,61.0,1,100.0,,0,0.0,,0,0.0,,0,0.0
THA,Thailand,2024,Flood,2,57.0,2,100.0,775350.0,2,100.0,210000000.0,1,50.0,215526000.0,1,50.0
THA,Thailand,2024,Storm,4,47.0,2,50.0,6218.0,4,100.0,904000000.0,1,25.0,927787000.0,1,25.0
THA,Thailand,2025,Earthquake,1,54.0,1,100.0,2351.0,1,100.0,,0,0.0,,0,0.0
THA,Thailand,2025,Flood,5,303.0,4,80.0,4621573.0,5,100.0,15600000000.0,1,20.0,15600000000.0,1,20.0
THA,Thailand,2025,Storm,8,44.0,6,75.0,1184559.0,8,100.0,,0,0.0,,0,0.0
THA,Thailand,2026,Storm,1,,0,0.0,2600.0,1,100.0,,0,0.0,,0,0.0
TJK,Tajikistan,2000,Drought,1,,0,0.0,3000000.0,1,100.0,57000000.0,1,100.0,106566000.0,1,100.0
TJK,Tajikistan,2000,Earthquake,1,,0,0.0,6000.0,1,100.0,,0,0.0,,0,0.0
TJK,Tajikistan,2001,Flood,1,,0,0.0,2190.0,1,100.0,,0,0.0,,0,0.0
TJK,Tajikistan,2001,Mass movement (wet),1,1.0,1,100.0,165.0,1,100.0,600000.0,1,100.0,1091000.0,1,100.0
TJK,Tajikistan,2001,Storm,1,,0,0.0,830.0,1,100.0,234000.0,1,100.0,425000.0,1,100.0
TJK,Tajikistan,2002,Earthquake,2,3.0,1,50.0,1550.0,2,100.0,,0,0.0,,0,0.0
TJK,Tajikistan,2002,Flood,4,32.0,2,50.0,4251.0,4,100.0,2836000.0,1,25.0,5076000.0,1,25.0
TJK,Tajikistan,2003,Epidemic,1,,0,0.0,256.0,1,100.0,,0,0.0,,0,0.0
TJK,Tajikistan,2003,Flood,1,6.0,1,100.0,1755.0,1,100.0,20000000.0,1,100.0,35002000.0,1,100.0
TJK,Tajikistan,2003,Mass movement (wet),2,1.0,1,50.0,6181.0,2,100.0,41000000.0,1,50.0,71754000.0,1,50.0
TJK,Tajikistan,2004,Earthquake,1,,0,0.0,180.0,1,100.0,,0,0.0,,0,0.0
TJK,Tajikistan,2004,Flood,1,,0,0.0,400000.0,1,100.0,12000000.0,1,100.0,20453000.0,1,100.0
TJK,Tajikistan,2005,Flood,2,8.0,1,50.0,5112.0,2,100.0,50000000.0,1,50.0,82426000.0,1,50.0
TJK,Tajikistan,2005,Mass movement (wet),1,16.0,1,100.0,1953.0,1,100.0,,0,0.0,,0,0.0
TJK,Tajikistan,2006,Earthquake,1,3.0,1,100.0,15427.0,1,100.0,22000000.0,1,100.0,35134000.0,1,100.0
TJK,Tajikistan,2006,Mass movement (wet),2,22.0,2,100.0,13728.0,2,100.0,,0,0.0,,0,0.0
TJK,Tajikistan,2007,Earthquake,1,11.0,1,100.0,7003.0,1,100.0,,0,0.0,,0,0.0
TJK,Tajikistan,2007,Flood,2,22.0,2,100.0,17309.0,2,100.0,,0,0.0,,0,0.0
TJK,Tajikistan,2007,Mass movement (wet),1,16.0,1,100.0,,0,0.0,,0,0.0,,0,0.0
TJK,Tajikistan,2008,Drought,1,,0,0.0,800000.0,1,100.0,,0,0.0,,0,0.0
TJK,Tajikistan,2008,Extreme temperature,1,,0,0.0,2000000.0,1,100.0,840000000.0,1,100.0,1256056000.0,1,100.0
TJK,Tajikistan,2009,Flood,1,21.0,1,100.0,15000.0,1,100.0,1000000.0,1,100.0,1501000.0,1,100.0
TJK,Tajikistan,2010,Earthquake,1,,0,0.0,7840.0,1,100.0,1500000.0,1,100.0,2215000.0,1,100.0
TJK,Tajikistan,2010,Epidemic,1,21.0,1,100.0,456.0,1,100.0,,0,0.0,,0,0.0
TJK,Tajikistan,2010,Flood,2,75.0,2,100.0,8622.0,2,100.0,204000000.0,1,50.0,301191000.0,1,50.0
TJK,Tajikistan,2011,Earthquake,1,,0,0.0,,0,0.0,,0,0.0,,0,0.0
TJK,Tajikistan,2011,Flood,1,,0,0.0,2130.0,1,100.0,,0,0.0,,0,0.0
TJK,Tajikistan,2012,Earthquake,1,2.0,1,100.0,2531.0,1,100.0,,0,0.0,,0,0.0
TJK,Tajikistan,2012,Extreme temperature,1,1.0,1,100.0,,0,0.0,,0,0.0,,0,0.0
TJK,Tajikistan,2012,Flood,1,,0,0.0,5556.0,1,100.0,760000.0,1,100.0,1066000.0,1,100.0
TJK,Tajikistan,2013,Extreme temperature,1,,0,0.0,2500.0,1,100.0,,0,0.0,,0,0.0
TJK,Tajikistan,2014,Flood,2,20.0,1,50.0,13223.0,2,100.0,2000000.0,1,50.0,2720000.0,1,50.0
TJK,Tajikistan,2015,Earthquake,1,2.0,1,100.0,7976.0,1,100.0,5000000.0,1,100.0,6792000.0,1,100.0
TJK,Tajikistan,2015,Flood,2,,0,0.0,10802.0,2,100.0,,0,0.0,,0,0.0
TJK,Tajikistan,2015,Mass movement (wet),1,10.0,1,100.0,,0,0.0,,0,0.0,,0,0.0
TJK,Tajikistan,2016,Earthquake,1,,0,0.0,155.0,1,100.0,,0,0.0,,0,0.0
TJK,Tajikistan,2016,Flood,1,4.0,1,100.0,12750.0,1,100.0,,0,0.0,,0,0.0
TJK,Tajikistan,2017,Epidemic,1,,0,0.0,345.0,1,100.0,,0,0.0,,0,0.0
TJK,Tajikistan,2017,Flood,1,,0,0.0,700.0,1,100.0,,0,0.0,,0,0.0
TJK,Tajikistan,2017,Mass movement (wet),1,13.0,1,100.0,,0,0.0,,0,0.0,,0,0.0
TJK,Tajikistan,2018,Flood,1,6.0,1,100.0,5725.0,1,100.0,,0,0.0,,0,0.0
TJK,Tajikistan,2019,Flood,1,4.0,1,100.0,6750.0,1,100.0,,0,0.0,,0,0.0
TJK,Tajikistan,2020,Flood,1,2.0,1,100.0,2690.0,1,100.0,,0,0.0,,0,0.0
TJK,Tajikistan,2021,Earthquake,1,5.0,1,100.0,100.0,1,100.0,,0,0.0,,0,0.0
TJK,Tajikistan,2021,Flood,1,7.0,1,100.0,25010.0,1,100.0,9000000.0,1,100.0,10693000.0,1,100.0
TJK,Tajikistan,2021,Mass movement (wet),1,12.0,1,100.0,,0,0.0,,0,0.0,,0,0.0
TJK,Tajikistan,2023,Earthquake,1,,0,0.0,2205.0,1,100.0,,0,0.0,,0,0.0
TJK,Tajikistan,2023,Flood,1,21.0,1,100.0,,0,0.0,,0,0.0,,0,0.0
TJK,Tajikistan,2024,Flood,1,3.0,1,100.0,40.0,1,100.0,,0,0.0,,0,0.0
TJK,Tajikistan,2025,Earthquake,1,1.0,1,100.0,4020.0,1,100.0,,0,0.0,,0,0.0
TKL,Tokelau,2005,Storm,1,,0,0.0,26.0,1,100.0,,0,0.0,,0,0.0
TKM,Turkmenistan,2000,Earthquake,1,11.0,1,100.0,,0,0.0,,0,0.0,,0,0.0
TLS,Timor-Leste,2001,Flood,1,1.0,1,100.0,2508.0,1,100.0,,0,0.0,,0,0.0
TLS,Timor-Leste,2003,Flood,2,3.0,1,50.0,1050.0,2,100.0,,0,0.0,,0,0.0
TLS,Timor-Leste,2005,Epidemic,1,22.0,1,100.0,336.0,1,100.0,,0,0.0,,0,0.0
TLS,Timor-Leste,2006,Storm,1,,0,0.0,8730.0,1,100.0,,0,0.0,,0,0.0
TLS,Timor-Leste,2007,Drought,1,,0,0.0,,0,0.0,,0,0.0,,0,0.0
TLS,Timor-Leste,2007,Flood,1,1.0,1,100.0,947.0,1,100.0,,0,0.0,,0,0.0
TLS,Timor-Leste,2014,Epidemic,1,2.0,1,100.0,197.0,1,100.0,,0,0.0,,0,0.0
TLS,Timor-Leste,2015,Earthquake,1,,0,0.0,2003.0,1,100.0,4000000.0,1,100.0,5433000.0,1,100.0
TLS,Timor-Leste,2016,Drought,1,,0,0.0,120000.0,1,100.0,,0,0.0,,0,0.0
TLS,Timor-Leste,2020,Flood,1,3.0,1,100.0,9131.0,1,100.0,20000000.0,1,100.0,24879000.0,1,100.0
TLS,Timor-Leste,2021,Storm,1,41.0,1,100.0,143670.0,1,100.0,,0,0.0,,0,0.0
TLS,Timor-Leste,2022,Epidemic,1,20.0,1,100.0,1353.0,1,100.0,,0,0.0,,0,0.0
TON,Tonga,2001,Storm,1,,0,0.0,16500.0,1,100.0,51300000.0,1,100.0,93274000.0,1,100.0
TON,Tonga,2004,Storm,1,,0,0.0,,0,0.0,,0,0.0,,0,0.0
TON,Tonga,2009,Earthquake,1,9.0,1,100.0,507.0,1,100.0,9500000.0,1,100.0,14256000.0,1,100.0
TON,Tonga,2011,Storm,1,3.0,1,100.0,7600.0,1,100.0,3000000.0,1,100.0,4294000.0,1,100.0
TON,Tonga,2014,Storm,1,1.0,1,100.0,4014.0,1,100.0,31000000.0,1,100.0,42158000.0,1,100.0
TON,Tonga,2015,Drought,1,,0,0.0,,0,0.0,,0,0.0,,0,0.0
TON,Tonga,2016,Storm,3,,0,0.0,392.0,1,33.33,,0,0.0,,0,0.0
TON,Tonga,2018,Storm,1,,0,0.0,87000.0,1,100.0,,0,0.0,,0,0.0
TON,Tonga,2019,Epidemic,2,,0,0.0,501.0,2,100.0,,0,0.0,,0,0.0
TON,Tonga,2020,Storm,1,,0,0.0,25000.0,1,100.0,111000000.0,1,100.0,138076000.0,1,100.0
TON,Tonga,2022,Volcanic activity,1,4.0,1,100.0,84176.0,1,100.0,118000000.0,1,100.0,129809000.0,1,100.0
TTO,Trinidad and Tobago,2001,Storm,1,2.0,1,100.0,,0,0.0,,0,0.0,,0,0.0
TTO,Trinidad and Tobago,2004,Mass movement (wet),1,2.0,1,100.0,1200.0,1,100.0,,0,0.0,,0,0.0
TTO,Trinidad and Tobago,2004,Storm,1,1.0,1,100.0,560.0,1,100.0,1000000.0,1,100.0,1704000.0,1,100.0
TTO,Trinidad and Tobago,2005,Storm,1,,0,0.0,,0,0.0,,0,0.0,,0,0.0
TTO,Trinidad and Tobago,2010,Drought,1,,0,0.0,,0,0.0,,0,0.0,,0,0.0
TTO,Trinidad and Tobago,2018,Flood,1,,0,0.0,150000.0,1,100.0,3700000.0,1,100.0,4744000.0,1,100.0
TTO,Trinidad and Tobago,2022,Flood,1,,0,0.0,100000.0,1,100.0,,0,0.0,,0,0.0
TUN,Tunisia,2003,Flood,1,8.0,1,100.0,27000.0,1,100.0,,0,0.0,,0,0.0
TUN,Tunisia,2007,Flood,2,16.0,1,50.0,6500.0,2,100.0,,0,0.0,,0,0.0
TUN,Tunisia,2009,Flood,1,17.0,1,100.0,5008.0,1,100.0,,0,0.0,,0,0.0
TUN,Tunisia,2017,Wildfire,1,,0,0.0,2000.0,1,100.0,,0,0.0,,0,0.0
TUN,Tunisia,2018,Flood,1,6.0,1,100.0,30000.0,1,100.0,36000000.0,1,100.0,46155000.0,1,100.0
TUN,Tunisia,2020,Flood,1,6.0,1,100.0,40000.0,1,100.0,,0,0.0,,0,0.0
TUN,Tunisia,2021,Flood,1,3.0,1,100.0,,0,0.0,,0,0.0,,0,0.0
TUN,Tunisia,2021,Wildfire,1,,0,0.0,1000.0,1,100.0,,0,0.0,,0,0.0
TUN,Tunisia,2022,Flood,1,1.0,1,100.0,4000.0,1,100.0,,0,0.0,,0,0.0
TUN,Tunisia,2026,Flood,1,5.0,1,100.0,25000.0,1,100.0,,0,0.0,,0,0.0
TUR,Türkiye,2000,Earthquake,2,3.0,2,100.0,24080.0,2,100.0,,0,0.0,,0,0.0
TUR,Türkiye,2000,Extreme temperature,1,11.0,1,100.0,300.0,1,100.0,1000000.0,1,100.0,1870000.0,1,100.0
TUR,Türkiye,2000,Flood,1,2.0,1,100.0,1000.0,1,100.0,40000000.0,1,100.0,74783000.0,1,100.0
TUR,Türkiye,2000,Wildfire,1,,0,0.0,350.0,1,100.0,,0,0.0,,0,0.0
TUR,Türkiye,2001,Earthquake,2,,0,0.0,611.0,2,100.0,,0,0.0,,0,0.0
TUR,Türkiye,2001,Extreme temperature,1,29.0,1,100.0,,0,0.0,,0,0.0,,0,0.0
TUR,Türkiye,2001,Flood,3,12.0,3,100.0,2520.0,3,100.0,25000000.0,1,33.33,45455000.0,1,33.33
TUR,Türkiye,2001,Mass movement (wet),1,9.0,1,100.0,600.0,1,100.0,,0,0.0,,0,0.0
TUR,Türkiye,2002,Earthquake,1,42.0,1,100.0,252327.0,1,100.0,95000000.0,1,100.0,170032000.0,1,100.0
TUR,Türkiye,2002,Flood,1,34.0,1,100.0,3000.0,1,100.0,,0,0.0,,0,0.0
TUR,Türkiye,2002,Storm,1,10.0,1,100.0,,0,0.0,,0,0.0,,0,0.0
TUR,Türkiye,2003,Earthquake,3,177.0,1,33.33,290930.0,3,100.0,135000000.0,1,33.33,236262000.0,1,33.33
TUR,Türkiye,2004,Earthquake,3,27.0,2,66.67,36916.0,3,100.0,,0,0.0,,0,0.0
TUR,Türkiye,2004,Extreme temperature,1,10.0,1,100.0,,0,0.0,,0,0.0,,0,0.0
TUR,Türkiye,2004,Flood,2,17.0,2,100.0,50100.0,2,100.0,,0,0.0,,0,0.0
TUR,Türkiye,2004,Storm,3,25.0,3,100.0,1636.0,2,66.67,,0,0.0,,0,0.0
TUR,Türkiye,2005,Earthquake,3,2.0,1,33.33,3044.0,3,100.0,,0,0.0,,0,0.0
TUR,Türkiye,2005,Extreme temperature,1,17.0,1,100.0,150.0,1,100.0,,0,0.0,,0,0.0
TUR,Türkiye,2005,Flood,2,7.0,1,50.0,3000.0,1,50.0,,0,0.0,,0,0.0
TUR,Türkiye,2005,Mass movement (wet),1,15.0,1,100.0,9.0,1,100.0,,0,0.0,,0,0.0
TUR,Türkiye,2005,Storm,1,2.0,1,100.0,,0,0.0,,0,0.0,,0,0.0
TUR,Türkiye,2006,Epidemic,1,20.0,1,100.0,222.0,1,100.0,,0,0.0,,0,0.0
TUR,Türkiye,2006,Flood,2,59.0,2,100.0,63015.0,1,50.0,317000000.0,1,50.0,506251000.0,1,50.0
TUR,Türkiye,2007,Extreme temperature,1,3.0,1,100.0,,0,0.0,,0,0.0,,0,0.0
TUR,Türkiye,2007,Flood,3,16.0,3,100.0,3186.0,3,100.0,,0,0.0,,0,0.0
TUR,Türkiye,2008,Wildfire,1,2.0,1,100.0,300.0,1,100.0,,0,0.0,,0,0.0
TUR,Türkiye,2009,Flood,2,47.0,2,100.0,35131.0,2,100.0,550000000.0,1,50.0,825352000.0,1,50.0
TUR,Türkiye,2009,Mass movement (wet),1,11.0,1,100.0,6.0,1,100.0,,0,0.0,,0,0.0
TUR,Türkiye,2010,Earthquake,1,51.0,1,100.0,3600.0,1,100.0,,0,0.0,,0,0.0
TUR,Türkiye,2010,Mass movement (wet),1,13.0,1,100.0,206.0,1,100.0,,0,0.0,,0,0.0
TUR,Türkiye,2011,Earthquake,3,647.0,3,100.0,43164.0,3,100.0,1744000000.0,2,66.67,2496091000.0,2,66.67
TUR,Türkiye,2012,Flood,1,13.0,1,100.0,,0,0.0,,0,0.0,,0,0.0
TUR,Türkiye,2014,Earthquake,1,,0,0.0,324.0,1,100.0,,0,0.0,,0,0.0
TUR,Türkiye,2015,Flood,1,8.0,1,100.0,6500.0,1,100.0,,0,0.0,,0,0.0
TUR,Türkiye,2017,Earthquake,1,,0,0.0,360.0,1,100.0,,0,0.0,,0,0.0
TUR,Türkiye,2017,Storm,1,,0,0.0,270.0,1,100.0,600000000.0,1,100.0,788047000.0,1,100.0
TUR,Türkiye,2018,Mass movement (wet),1,24.0,1,100.0,100.0,1,100.0,,0,0.0,,0,0.0
TUR,Türkiye,2019,Earthquake,1,1.0,1,100.0,1453.0,1,100.0,,0,0.0,,0,0.0
TUR,Türkiye,2019,Flood,3,18.0,3,100.0,15290.0,3,100.0,,0,0.0,,0,0.0
TUR,Türkiye,2020,Earthquake,5,166.0,4,80.0,86604.0,5,100.0,790000000.0,2,40.0,982704000.0,2,40.0
TUR,Türkiye,2020,Flood,3,24.0,3,100.0,822.0,2,66.67,285000000.0,2,66.67,354520000.0,2,66.67
TUR,Türkiye,2020,Mass movement (wet),1,41.0,1,100.0,84.0,1,100.0,,0,0.0,,0,0.0
TUR,Türkiye,2020,Storm,1,2.0,1,100.0,300.0,1,100.0,,0,0.0,,0,0.0
TUR,Türkiye,2021,Flood,2,73.0,2,100.0,7160.0,2,100.0,313000000.0,2,100.0,371880000.0,2,100.0
TUR,Türkiye,2021,Wildfire,1,9.0,1,100.0,561088.0,1,100.0,232000000.0,1,100.0,275643000.0,1,100.0
TUR,Türkiye,2022,Earthquake,1,2.0,1,100.0,306.0,1,100.0,50000000.0,1,100.0,55004000.0,1,100.0
TUR,Türkiye,2022,Flood,2,3.0,1,50.0,3115.0,2,100.0,,0,0.0,,0,0.0
TUR,Türkiye,2023,Earthquake,3,53007.0,3,100.0,16107494.0,3,100.0,34000000000.0,1,33.33,35923858000.0,1,33.33
TUR,Türkiye,2023,Flood,2,27.0,2,100.0,31.0,1,50.0,25000000.0,1,50.0,26415000.0,1,50.0
TUR,Türkiye,2023,Storm,3,23.0,3,100.0,554.0,1,33.33,,0,0.0,,0,0.0
TUR,Türkiye,2024,Earthquake,1,,0,0.0,1717.0,1,100.0,,0,0.0,,0,0.0
TUR,Türkiye,2024,Flood,1,10.0,1,100.0,900.0,1,100.0,,0,0.0,,0,0.0
TUR,Türkiye,2024,Wildfire,1,,0,0.0,,0,0.0,,0,0.0,,0,0.0
TUR,Türkiye,2025,Earthquake,2,1.0,1,50.0,1749.0,2,100.0,110000000.0,2,100.0,110000000.0,2,100.0
TUR,Türkiye,2025,Extreme temperature,2,17.0,1,50.0,,0,0.0,2000000000.0,1,50.0,2000000000.0,1,50.0
TUR,Türkiye,2025,Wildfire,2,12.0,2,100.0,1208.0,2,100.0,,0,0.0,,0,0.0
TUV,Tuvalu,2011,Drought,1,,0,0.0,,0,0.0,,0,0.0,,0,0.0
TUV,Tuvalu,2015,Storm,1,,0,0.0,4613.0,1,100.0,,0,0.0,,0,0.0
TUV,Tuvalu,2020,Storm,1,,0,0.0,5500.0,1,100.0,,0,0.0,,0,0.0
TUV,Tuvalu,2021,Drought,1,,0,0.0,10204.0,1,100.0,,0,0.0,,0,0.0
TWN,Taiwan (Province of China),2000,Storm,2,103.0,2,100.0,2102.0,2,100.0,285000000.0,2,100.0,532832000.0,2,100.0
TWN,Taiwan (Province of China),2001,Storm,4,194.0,4,100.0,652333.0,3,75.0,1045000000.0,3,75.0,1900022000.0,3,75.0
TWN,Taiwan (Province of China),2002,Earthquake,1,4.0,1,100.0,500.0,1,100.0,25000000.0,1,100.0,44745000.0,1,100.0
TWN,Taiwan (Province of China),2002,Storm,1,1.0,1,100.0,,0,0.0,50000.0,1,100.0,89000.0,1,100.0
TWN,Taiwan (Province of China),2003,Storm,1,3.0,1,100.0,,0,0.0,115000000.0,1,100.0,201260000.0,1,100.0
TWN,Taiwan (Province of China),2004,Storm,5,79.0,5,100.0,8873.0,4,80.0,407710000.0,3,60.0,694923000.0,3,60.0
TWN,Taiwan (Province of China),2005,Flood,1,16.0,1,100.0,2700.0,1,100.0,62000000.0,1,100.0,102208000.0,1,100.0
TWN,Taiwan (Province of China),2005,Storm,4,17.0,3,75.0,1639.0,3,75.0,239000000.0,4,100.0,393997000.0,4,100.0
TWN,Taiwan (Province of China),2006,Earthquake,1,2.0,1,100.0,42.0,1,100.0,,0,0.0,,0,0.0
TWN,Taiwan (Province of China),2006,Flood,1,3.0,1,100.0,300.0,1,100.0,116130000.0,1,100.0,185460000.0,1,100.0
TWN,Taiwan (Province of China),2006,Storm,2,3.0,1,50.0,800.0,1,50.0,,0,0.0,,0,0.0
TWN,Taiwan (Province of China),2007,Storm,2,18.0,1,50.0,2879.0,2,100.0,60000000.0,2,100.0,93163000.0,2,100.0
TWN,Taiwan (Province of China),2008,Storm,5,54.0,5,100.0,88.0,3,60.0,142400000.0,4,80.0,212931000.0,4,80.0
TWN,Taiwan (Province of China),2009,Storm,1,630.0,1,100.0,2307523.0,1,100.0,250000000.0,1,100.0,375160000.0,1,100.0
TWN,Taiwan (Province of China),2010,Earthquake,1,,0,0.0,96.0,1,100.0,1000000000.0,1,100.0,1476427000.0,1,100.0
TWN,Taiwan (Province of China),2010,Storm,2,34.0,2,100.0,100.0,1,50.0,73100000.0,2,100.0,107927000.0,2,100.0
TWN,Taiwan (Province of China),2012,Flood,1,6.0,1,100.0,35000.0,1,100.0,16900000.0,1,100.0,23698000.0,1,100.0
TWN,Taiwan (Province of China),2012,Storm,2,14.0,2,100.0,,0,0.0,35300000.0,2,100.0,49498000.0,2,100.0
TWN,Taiwan (Province of China),2013,Earthquake,2,5.0,2,100.0,1616.0,2,100.0,2100000.0,2,100.0,2902000.0,2,100.0
TWN,Taiwan (Province of China),2013,Storm,3,5.0,2,66.67,54.0,1,33.33,61600000.0,3,100.0,85130000.0,3,100.0
TWN,Taiwan (Province of China),2014,Storm,2,,0,0.0,,0,0.0,420000000.0,2,100.0,571167000.0,2,100.0
TWN,Taiwan (Province of China),2015,Storm,3,9.0,2,66.67,762.0,3,100.0,26000000.0,1,33.33,35316000.0,1,33.33
TWN,Taiwan (Province of China),2016,Earthquake,1,117.0,1,100.0,525.0,1,100.0,700000000.0,1,100.0,938972000.0,1,100.0
TWN,Taiwan (Province of China),2016,Extreme temperature,1,85.0,1,100.0,,0,0.0,52000000.0,1,100.0,69752000.0,1,100.0
TWN,Taiwan (Province of China),2016,Storm,3,10.0,2,66.67,460.0,2,66.67,180000000.0,2,66.67,241450000.0,2,66.67
TWN,Taiwan (Province of China),2017,Flood,1,5.0,1,100.0,4074.0,1,100.0,28100000.0,1,100.0,36907000.0,1,100.0
TWN,Taiwan (Province of China),2017,Storm,1,1.0,1,100.0,131.0,1,100.0,17200000.0,1,100.0,22591000.0,1,100.0
TWN,Taiwan (Province of China),2018,Earthquake,1,84.0,1,100.0,285.0,1,100.0,100000000.0,1,100.0,128210000.0,1,100.0
TWN,Taiwan (Province of China),2018,Storm,1,7.0,1,100.0,6140.0,1,100.0,34000000.0,1,100.0,43591000.0,1,100.0
TWN,Taiwan (Province of China),2019,Storm,1,2.0,1,100.0,,0,0.0,,0,0.0,,0,0.0
TWN,Taiwan (Province of China),2020,Storm,1,1.0,1,100.0,1.0,1,100.0,,0,0.0,,0,0.0
TWN,Taiwan (Province of China),2021,Storm,2,18.0,1,50.0,,0,0.0,,0,0.0,,0,0.0
TWN,Taiwan (Province of China),2022,Earthquake,1,1.0,1,100.0,140.0,1,100.0,50000000.0,1,100.0,55004000.0,1,100.0
TWN,Taiwan (Province of China),2022,Storm,1,,0,0.0,100.0,1,100.0,400000.0,1,100.0,440000.0,1,100.0
TWN,Taiwan (Province of China),2023,Storm,3,3.0,3,100.0,258.0,2,66.67,10000000.0,1,33.33,10566000.0,1,33.33
TWN,Taiwan (Province of China),2024,Earthquake,1,20.0,1,100.0,2369.0,1,100.0,2530000000.0,1,100.0,2596572000.0,1,100.0
TWN,Taiwan (Province of China),2024,Storm,3,18.0,3,100.0,2092.0,3,100.0,286000000.0,2,66.67,293526000.0,2,66.67
TWN,Taiwan (Province of China),2025,Earthquake,1,,0,0.0,27.0,1,100.0,1300000000.0,1,100.0,1300000000.0,1,100.0
TWN,Taiwan (Province of China),2025,Flood,1,7.0,1,100.0,5977.0,1,100.0,,0,0.0,,0,0.0
TWN,Taiwan (Province of China),2025,Storm,3,39.0,3,100.0,484.0,3,100.0,82000000.0,1,33.33,82000000.0,1,33.33
TWN,Taiwan (Province of China),2026,Storm,1,,0,0.0,134.0,1,100.0,,0,0.0,,0,0.0
TZA,United Republic of Tanzania,2000,Earthquake,1,1.0,1,100.0,791.0,1,100.0,,0,0.0,,0,0.0
TZA,United Republic of Tanzania,2000,Epidemic,4,37.0,4,100.0,898.0,4,100.0,,0,0.0,,0,0.0
TZA,United Republic of Tanzania,2000,Flood,1,36.0,1,100.0,1817.0,1,100.0,,0,0.0,,0,0.0
TZA,United Republic of Tanzania,2001,Earthquake,1,,0,0.0,700.0,1,100.0,,0,0.0,,0,0.0
TZA,United Republic of Tanzania,2001,Epidemic,2,25.0,2,100.0,515.0,2,100.0,,0,0.0,,0,0.0
TZA,United Republic of Tanzania,2001,Flood,1,5.0,1,100.0,200.0,1,100.0,,0,0.0,,0,0.0
TZA,United Republic of Tanzania,2001,Mass movement (wet),1,13.0,1,100.0,150.0,1,100.0,,0,0.0,,0,0.0
TZA,United Republic of Tanzania,2002,Earthquake,1,2.0,1,100.0,2000.0,1,100.0,,0,0.0,,0,0.0
TZA,United Republic of Tanzania,2002,Epidemic,1,9.0,1,100.0,149.0,1,100.0,,0,0.0,,0,0.0
TZA,United Republic of Tanzania,2002,Flood,1,9.0,1,100.0,1200.0,1,100.0,,0,0.0,,0,0.0
TZA,United Republic of Tanzania,2003,Drought,1,,0,0.0,1900000.0,1,100.0,,0,0.0,,0,0.0
TZA,United Republic of Tanzania,2003,Flood,1,,0,0.0,2000.0,1,100.0,,0,0.0,,0,0.0
TZA,United Republic of Tanzania,2004,Drought,1,,0,0.0,254000.0,1,100.0,,0,0.0,,0,0.0
TZA,United Republic of Tanzania,2004,Earthquake,1,10.0,1,100.0,,0,0.0,,0,0.0,,0,0.0
TZA,United Republic of Tanzania,2005,Earthquake,1,2.0,1,100.0,5000.0,1,100.0,,0,0.0,,0,0.0
TZA,United Republic of Tanzania,2005,Epidemic,1,6.0,1,100.0,576.0,1,100.0,,0,0.0,,0,0.0
TZA,United Republic of Tanzania,2005,Flood,1,1.0,1,100.0,10548.0,1,100.0,,0,0.0,,0,0.0
TZA,United Republic of Tanzania,2006,Drought,1,,0,0.0,3700000.0,1,100.0,,0,0.0,,0,0.0
TZA,United Republic of Tanzania,2006,Epidemic,4,70.0,3,75.0,1410.0,4,100.0,,0,0.0,,0,0.0
TZA,United Republic of Tanzania,2006,Flood,2,,0,0.0,21528.0,2,100.0,,0,0.0,,0,0.0
TZA,United Republic of Tanzania,2006,Infestation,1,,0,0.0,,0,0.0,,0,0.0,,0,0.0
TZA,United Republic of Tanzania,2007,Epidemic,2,119.0,2,100.0,284.0,2,100.0,,0,0.0,,0,0.0
TZA,United Republic of Tanzania,2008,Flood,2,73.0,2,100.0,9457.0,2,100.0,,0,0.0,,0,0.0
TZA,United Republic of Tanzania,2008,Storm,2,,0,0.0,677.0,2,100.0,,0,0.0,,0,0.0
TZA,United Republic of Tanzania,2009,Epidemic,1,12.0,1,100.0,600.0,1,100.0,,0,0.0,,0,0.0
TZA,United Republic of Tanzania,2009,Flood,2,38.0,2,100.0,50000.0,1,50.0,,0,0.0,,0,0.0
TZA,United Republic of Tanzania,2009,Storm,1,,0,0.0,605.0,1,100.0,,0,0.0,,0,0.0
TZA,United Republic of Tanzania,2011,Drought,1,,0,0.0,1000000.0,1,100.0,,0,0.0,,0,0.0
TZA,United Republic of Tanzania,2011,Flood,3,37.0,3,100.0,65976.0,3,100.0,,0,0.0,,0,0.0
TZA,United Republic of Tanzania,2012,Flood,1,10.0,1,100.0,,0,0.0,,0,0.0,,0,0.0
TZA,United Republic of Tanzania,2014,Flood,2,31.0,2,100.0,40000.0,2,100.0,2000000.0,1,50.0,2720000.0,1,50.0
TZA,United Republic of Tanzania,2015,Epidemic,2,582.0,2,100.0,37712.0,2,100.0,,0,0.0,,0,0.0
TZA,United Republic of Tanzania,2015,Flood,1,12.0,1,100.0,5000.0,1,100.0,,0,0.0,,0,0.0
TZA,United Republic of Tanzania,2015,Storm,1,47.0,1,100.0,5112.0,1,100.0,,0,0.0,,0,0.0
TZA,United Republic of Tanzania,2016,Earthquake,1,17.0,1,100.0,139601.0,1,100.0,458000000.0,1,100.0,614356000.0,1,100.0
TZA,United Republic of Tanzania,2016,Flood,3,16.0,2,66.67,140275.0,3,100.0,,0,0.0,,0,0.0
TZA,United Republic of Tanzania,2017,Flood,1,7.0,1,100.0,,0,0.0,,0,0.0,,0,0.0
TZA,United Republic of Tanzania,2018,Flood,1,15.0,1,100.0,15873.0,1,100.0,,0,0.0,,0,0.0
TZA,United Republic of Tanzania,2019,Epidemic,1,3.0,1,100.0,216.0,1,100.0,,0,0.0,,0,0.0
TZA,United Republic of Tanzania,2019,Flood,4,47.0,4,100.0,5000.0,1,25.0,,0,0.0,,0,0.0
TZA,United Republic of Tanzania,2019,Storm,1,,0,0.0,2000000.0,1,100.0,,0,0.0,,0,0.0
TZA,United Republic of Tanzania,2020,Flood,4,43.0,3,75.0,65081.0,3,75.0,,0,0.0,,0,0.0
TZA,United Republic of Tanzania,2020,Infestation,1,,0,0.0,,0,0.0,,0,0.0,,0,0.0
TZA,United Republic of Tanzania,2021,Drought,1,,0,0.0,2100000.0,1,100.0,,0,0.0,,0,0.0
TZA,United Republic of Tanzania,2021,Flood,1,1.0,1,100.0,2000.0,1,100.0,,0,0.0,,0,0.0
TZA,United Republic of Tanzania,2021,Storm,1,,0,0.0,30001.0,1,100.0,,0,0.0,,0,0.0
TZA,United Republic of Tanzania,2022,Epidemic,1,4.0,1,100.0,57083.0,1,100.0,,0,0.0,,0,0.0
TZA,United Republic of Tanzania,2022,Flood,1,10.0,1,100.0,3500.0,1,100.0,,0,0.0,,0,0.0
TZA,United Republic of Tanzania,2023,Flood,3,51.0,2,66.67,2898500.0,3,100.0,,0,0.0,,0,0.0
TZA,United Republic of Tanzania,2023,Mass movement (wet),1,89.0,1,100.0,6341.0,1,100.0,,0,0.0,,0,0.0
TZA,United Republic of Tanzania,2024,Flood,2,164.0,2,100.0,200376.0,2,100.0,,0,0.0,,0,0.0
TZA,United Republic of Tanzania,2024,Mass movement (wet),1,22.0,1,100.0,,0,0.0,,0,0.0,,0,0.0
TZA,United Republic of Tanzania,2024,Storm,1,5.0,1,100.0,7775.0,1,100.0,185000000.0,1,100.0,189868000.0,1,100.0
TZA,United Republic of Tanzania,2025,Epidemic,1,10.0,1,100.0,2.0,1,100.0,,0,0.0,,0,0.0
TZA,United Republic of Tanzania,2025,Flood,1,26.0,1,100.0,3150.0,1,100.0,,0,0.0,,0,0.0
TZA,United Republic of Tanzania,2025,Storm,1,,0,0.0,7851.0,1,100.0,,0,0.0,,0,0.0
TZA,United Republic of Tanzania,2026,Mass movement (wet),1,20.0,1,100.0,605.0,1,100.0,,0,0.0,,0,0.0
UGA,Uganda,2000,Epidemic,3,259.0,3,100.0,723.0,3,100.0,,0,0.0,,0,0.0
UGA,Uganda,2000,Storm,1,,0,0.0,10000.0,1,100.0,,0,0.0,,0,0.0
UGA,Uganda,2001,Epidemic,1,14.0,1,100.0,9.0,1,100.0,,0,0.0,,0,0.0
UGA,Uganda,2001,Flood,2,1.0,1,50.0,800.0,2,100.0,,0,0.0,,0,0.0
UGA,Uganda,2001,Mass movement (wet),1,11.0,1,100.0,3366.0,1,100.0,,0,0.0,,0,0.0
UGA,Uganda,2002,Drought,1,79.0,1,100.0,655000.0,1,100.0,,0,0.0,,0,0.0
UGA,Uganda,2002,Flood,2,17.0,1,50.0,860.0,2,100.0,,0,0.0,,0,0.0
UGA,Uganda,2002,Storm,1,,0,0.0,100.0,1,100.0,,0,0.0,,0,0.0
UGA,Uganda,2003,Epidemic,1,35.0,1,100.0,242.0,1,100.0,,0,0.0,,0,0.0
UGA,Uganda,2003,Flood,2,25.0,2,100.0,2200.0,2,100.0,,0,0.0,,0,0.0
UGA,Uganda,2004,Epidemic,1,3.0,1,100.0,53.0,1,100.0,,0,0.0,,0,0.0
UGA,Uganda,2004,Flood,2,,0,0.0,30000.0,2,100.0,,0,0.0,,0,0.0
UGA,Uganda,2005,Drought,1,,0,0.0,600000.0,1,100.0,,0,0.0,,0,0.0
UGA,Uganda,2005,Epidemic,2,21.0,2,100.0,726.0,2,100.0,,0,0.0,,0,0.0
UGA,Uganda,2006,Epidemic,4,203.0,4,100.0,5702.0,4,100.0,,0,0.0,,0,0.0
UGA,Uganda,2006,Flood,2,3.0,1,50.0,5680.0,2,100.0,,0,0.0,,0,0.0
UGA,Uganda,2007,Epidemic,2,132.0,2,100.0,5937.0,2,100.0,,0,0.0,,0,0.0
UGA,Uganda,2007,Flood,2,33.0,2,100.0,721045.0,2,100.0,71000.0,1,50.0,110000.0,1,50.0
UGA,Uganda,2008,Drought,1,,0,0.0,1100000.0,1,100.0,,0,0.0,,0,0.0
UGA,Uganda,2008,Epidemic,1,28.0,1,100.0,388.0,1,100.0,,0,0.0,,0,0.0
UGA,Uganda,2008,Flood,1,49.0,1,100.0,30040.0,1,100.0,,0,0.0,,0,0.0
UGA,Uganda,2009,Epidemic,2,17.0,2,100.0,544.0,2,100.0,,0,0.0,,0,0.0
UGA,Uganda,2010,Epidemic,1,48.0,1,100.0,190.0,1,100.0,,0,0.0,,0,0.0
UGA,Uganda,2010,Mass movement (wet),1,388.0,1,100.0,12795.0,1,100.0,,0,0.0,,0,0.0
UGA,Uganda,2011,Drought,1,,0,0.0,669000.0,1,100.0,,0,0.0,,0,0.0
UGA,Uganda,2011,Flood,1,27.0,1,100.0,63075.0,1,100.0,,0,0.0,,0,0.0
UGA,Uganda,2011,Storm,1,23.0,1,100.0,47.0,1,100.0,,0,0.0,,0,0.0
UGA,Uganda,2012,Epidemic,3,156.0,3,100.0,5980.0,3,100.0,,0,0.0,,0,0.0
UGA,Uganda,2012,Flood,1,,0,0.0,15000.0,1,100.0,,0,0.0,,0,0.0
UGA,Uganda,2012,Mass movement (wet),1,18.0,1,100.0,3432.0,1,100.0,,0,0.0,,0,0.0
UGA,Uganda,2013,Epidemic,3,28.0,3,100.0,218497.0,3,100.0,,0,0.0,,0,0.0
UGA,Uganda,2013,Flood,1,13.0,1,100.0,25445.0,1,100.0,3100000.0,1,100.0,4284000.0,1,100.0
UGA,Uganda,2016,Earthquake,1,4.0,1,100.0,590.0,1,100.0,,0,0.0,,0,0.0
UGA,Uganda,2016,Flood,1,,0,0.0,10000.0,1,100.0,2700000.0,1,100.0,3622000.0,1,100.0
UGA,Uganda,2016,Mass movement (wet),1,15.0,1,100.0,1000.0,1,100.0,,0,0.0,,0,0.0
UGA,Uganda,2017,Flood,1,17.0,1,100.0,14.0,1,100.0,,0,0.0,,0,0.0
UGA,Uganda,2018,Epidemic,1,31.0,1,100.0,1000.0,1,100.0,,0,0.0,,0,0.0
UGA,Uganda,2018,Mass movement (wet),1,51.0,1,100.0,,0,0.0,,0,0.0,,0,0.0
UGA,Uganda,2019,Flood,5,127.0,5,100.0,78600.0,5,100.0,,0,0.0,,0,0.0
UGA,Uganda,2019,Mass movement (wet),3,88.0,3,100.0,130953.0,2,66.67,,0,0.0,,0,0.0
UGA,Uganda,2020,Flood,5,27.0,5,100.0,131500.0,5,100.0,,0,0.0,,0,0.0
UGA,Uganda,2020,Infestation,1,,0,0.0,,0,0.0,,0,0.0,,0,0.0
UGA,Uganda,2020,Storm,1,8.0,1,100.0,8700.0,1,100.0,,0,0.0,,0,0.0
UGA,Uganda,2021,Flood,3,5.0,3,100.0,117464.0,3,100.0,,0,0.0,,0,0.0
UGA,Uganda,2022,Drought,1,2465.0,1,100.0,518000.0,1,100.0,,0,0.0,,0,0.0
UGA,Uganda,2022,Epidemic,1,55.0,1,100.0,142.0,1,100.0,,0,0.0,,0,0.0
UGA,Uganda,2022,Flood,3,57.0,3,100.0,79968.0,3,100.0,,0,0.0,,0,0.0
UGA,Uganda,2022,Mass movement (wet),1,19.0,1,100.0,1196.0,1,100.0,,0,0.0,,0,0.0
UGA,Uganda,2023,Flood,1,23.0,1,100.0,1016.0,1,100.0,,0,0.0,,0,0.0
UGA,Uganda,2024,Epidemic,1,,0,0.0,3391.0,1,100.0,,0,0.0,,0,0.0
UGA,Uganda,2024,Flood,1,77.0,1,100.0,57804.0,1,100.0,,0,0.0,,0,0.0
UGA,Uganda,2024,Mass movement (wet),2,175.0,2,100.0,31036.0,2,100.0,,0,0.0,,0,0.0
UGA,Uganda,2024,Storm,1,14.0,1,100.0,34.0,1,100.0,,0,0.0,,0,0.0
UGA,Uganda,2025,Flood,1,5.0,1,100.0,15050.0,1,100.0,,0,0.0,,0,0.0
UGA,Uganda,2025,Mass movement (wet),1,40.0,1,100.0,235.0,1,100.0,,0,0.0,,0,0.0
UKR,Ukraine,2000,Extreme temperature,1,,0,0.0,,0,0.0,85000000.0,1,100.0,158915000.0,1,100.0
UKR,Ukraine,2000,Storm,3,10.0,3,100.0,48110.0,3,100.0,120000000.0,1,33.33,224350000.0,1,33.33
UKR,Ukraine,2001,Flood,1,9.0,1,100.0,300000.0,1,100.0,15000000.0,1,100.0,27273000.0,1,100.0
UKR,Ukraine,2003,Flood,1,,0,0.0,600.0,1,100.0,,0,0.0,,0,0.0
UKR,Ukraine,2005,Flood,1,,0,0.0,8340.0,1,100.0,,0,0.0,,0,0.0
UKR,Ukraine,2006,Extreme temperature,1,801.0,1,100.0,59600.0,1,100.0,,0,0.0,,0,0.0
UKR,Ukraine,2006,Flood,2,2.0,1,50.0,5000.0,1,50.0,23855000.0,1,50.0,38097000.0,1,50.0
UKR,Ukraine,2007,Storm,2,,0,0.0,7552.0,1,50.0,100000000.0,1,50.0,155271000.0,1,50.0
UKR,Ukraine,2008,Flood,1,38.0,1,100.0,224725.0,1,100.0,1000000000.0,1,100.0,1495305000.0,1,100.0
UKR,Ukraine,2009,Extreme temperature,2,32.0,2,100.0,,0,0.0,,0,0.0,,0,0.0
UKR,Ukraine,2010,Flood,1,6.0,1,100.0,40059.0,1,100.0,1900000.0,1,100.0,2805000.0,1,100.0
UKR,Ukraine,2012,Drought,1,,0,0.0,,0,0.0,1690000000.0,1,100.0,2369765000.0,1,100.0
UKR,Ukraine,2012,Extreme temperature,2,195.0,2,100.0,88026.0,2,100.0,,0,0.0,,0,0.0
UKR,Ukraine,2013,Flood,1,2.0,1,100.0,2260.0,1,100.0,21000000.0,1,100.0,29022000.0,1,100.0
UKR,Ukraine,2016,Extreme temperature,1,37.0,1,100.0,,0,0.0,,0,0.0,,0,0.0
UKR,Ukraine,2016,Flood,1,3.0,1,100.0,200.0,1,100.0,,0,0.0,,0,0.0
UKR,Ukraine,2017,Extreme temperature,1,37.0,1,100.0,,0,0.0,,0,0.0,,0,0.0
UKR,Ukraine,2018,Storm,1,,0,0.0,600.0,1,100.0,,0,0.0,,0,0.0
UKR,Ukraine,2020,Flood,1,3.0,1,100.0,55000.0,1,100.0,153861000.0,1,100.0,191392000.0,1,100.0
UKR,Ukraine,2020,Wildfire,2,16.0,2,100.0,1968.0,2,100.0,162000000.0,1,50.0,201517000.0,1,50.0
UKR,Ukraine,2021,Storm,1,1.0,1,100.0,1700.0,1,100.0,170000000.0,1,100.0,201979000.0,1,100.0
UKR,Ukraine,2023,Flood,1,,0,0.0,2850.0,1,100.0,,0,0.0,,0,0.0
UKR,Ukraine,2023,Storm,1,12.0,1,100.0,23.0,1,100.0,,0,0.0,,0,0.0
UKR,Ukraine,2025,Flood,1,9.0,1,100.0,2010.0,1,100.0,,0,0.0,,0,0.0
URY,Uruguay,2000,Extreme temperature,1,7.0,1,100.0,400.0,1,100.0,,0,0.0,,0,0.0
URY,Uruguay,2000,Flood,1,,0,0.0,5000.0,1,100.0,,0,0.0,,0,0.0
URY,Uruguay,2000,Storm,1,,0,0.0,100.0,1,100.0,,0,0.0,,0,0.0
URY,Uruguay,2001,Flood,1,,0,0.0,5000.0,1,100.0,,0,0.0,,0,0.0
URY,Uruguay,2002,Flood,1,,0,0.0,2500.0,1,100.0,,0,0.0,,0,0.0
URY,Uruguay,2002,Storm,1,2.0,1,100.0,1500.0,1,100.0,25000000.0,1,100.0,44745000.0,1,100.0
URY,Uruguay,2003,Flood,1,,0,0.0,200.0,1,100.0,,0,0.0,,0,0.0
URY,Uruguay,2004,Extreme temperature,1,,0,0.0,2000.0,1,100.0,,0,0.0,,0,0.0
URY,Uruguay,2005,Storm,1,7.0,1,100.0,12.0,1,100.0,,0,0.0,,0,0.0
URY,Uruguay,2007,Extreme temperature,1,,0,0.0,,0,0.0,,0,0.0,,0,0.0
URY,Uruguay,2007,Flood,2,2.0,1,50.0,120000.0,2,100.0,45000000.0,1,50.0,69872000.0,1,50.0
URY,Uruguay,2009,Flood,1,1.0,1,100.0,4000.0,1,100.0,,0,0.0,,0,0.0
URY,Uruguay,2010,Extreme temperature,1,4.0,1,100.0,,0,0.0,,0,0.0,,0,0.0
URY,Uruguay,2015,Flood,3,2.0,1,33.33,35326.0,3,100.0,,0,0.0,,0,0.0
URY,Uruguay,2016,Flood,1,8.0,1,100.0,10605.0,1,100.0,3000000.0,1,100.0,4024000.0,1,100.0
URY,Uruguay,2017,Flood,1,,0,0.0,6639.0,1,100.0,,0,0.0,,0,0.0
URY,Uruguay,2018,Drought,1,,0,0.0,75000.0,1,100.0,500000000.0,1,100.0,641048000.0,1,100.0
URY,Uruguay,2019,Flood,3,,0,0.0,13103.0,3,100.0,,0,0.0,,0,0.0
URY,Uruguay,2020,Flood,1,,0,0.0,360.0,1,100.0,,0,0.0,,0,0.0
URY,Uruguay,2020,Storm,1,,0,0.0,360.0,1,100.0,,0,0.0,,0,0.0
URY,Uruguay,2022,Flood,1,,0,0.0,160.0,1,100.0,,0,0.0,,0,0.0
URY,Uruguay,2023,Drought,1,,0,0.0,409115.0,1,100.0,,0,0.0,,0,0.0
URY,Uruguay,2023,Flood,1,,0,0.0,3472.0,1,100.0,,0,0.0,,0,0.0
URY,Uruguay,2023,Storm,1,2.0,1,100.0,,0,0.0,,0,0.0,,0,0.0
URY,Uruguay,2024,Flood,2,,0,0.0,103588.0,2,100.0,,0,0.0,,0,0.0
URY,Uruguay,2025,Storm,1,7.0,1,100.0,3000.0,1,100.0,,0,0.0,,0,0.0
URY,Uruguay,2026,Drought,1,,0,0.0,15000.0,1,100.0,,0,0.0,,0,0.0
USA,United States of America,2000,Drought,2,,0,0.0,,0,0.0,1100000000.0,1,50.0,2056546000.0,1,50.0
USA,United States of America,2000,Earthquake,1,,0,0.0,25174.0,1,100.0,50000000.0,1,100.0,93479000.0,1,100.0
USA,United States of America,2000,Extreme temperature,1,35.0,1,100.0,,0,0.0,,0,0.0,,0,0.0
USA,United States of America,2000,Flood,8,8.0,4,50.0,3646.0,8,100.0,286000000.0,3,37.5,534703000.0,3,37.5
USA,United States of America,2000,Storm,12,105.0,9,75.0,23154.0,8,66.67,1855600000.0,8,66.67,3469207000.0,8,66.67
USA,United States of America,2000,Wildfire,7,14.0,1,14.29,36087.0,5,71.43,2500000000.0,2,28.57,4673968000.0,2,28.57
USA,United States of America,2001,Earthquake,1,1.0,1,100.0,400.0,1,100.0,2000000000.0,1,100.0,3636404000.0,1,100.0
USA,United States of America,2001,Extreme temperature,1,56.0,1,100.0,,0,0.0,,0,0.0,,0,0.0
USA,United States of America,2001,Flood,5,12.0,3,60.0,23800.0,5,100.0,33000000.0,2,40.0,60001000.0,2,40.0
USA,United States of America,2001,Storm,18,82.0,9,50.0,181053.0,17,94.44,6328866000.0,10,55.56,11507159000.0,10,55.56
USA,United States of America,2001,Wildfire,3,2.0,2,66.67,139.0,1,33.33,,0,0.0,,0,0.0
USA,United States of America,2002,Drought,1,,0,0.0,,0,0.0,3300000000.0,1,100.0,5906390000.0,1,100.0
USA,United States of America,2002,Epidemic,2,214.0,1,50.0,3624.0,2,100.0,,0,0.0,,0,0.0
USA,United States of America,2002,Extreme temperature,1,14.0,1,100.0,,0,0.0,,0,0.0,,0,0.0
USA,United States of America,2002,Flood,4,26.0,3,75.0,147750.0,4,100.0,1089000000.0,3,75.0,1949109000.0,3,75.0
USA,United States of America,2002,Storm,15,190.0,13,86.67,21113.0,8,53.33,6275000000.0,9,60.0,11231090000.0,9,60.0
USA,United States of America,2002,Wildfire,8,6.0,1,12.5,6488.0,5,62.5,232100000.0,4,50.0,415416000.0,4,50.0
USA,United States of America,2003,Earthquake,1,2.0,1,100.0,160.0,1,100.0,200000000.0,1,100.0,350017000.0,1,100.0
USA,United States of America,2003,Flood,4,24.0,3,75.0,3200.0,2,50.0,123000000.0,2,50.0,215260000.0,2,50.0
USA,United States of America,2003,Mass movement (wet),1,15.0,1,100.0,15.0,1,100.0,,0,0.0,,0,0.0
USA,United States of America,2003,Storm,14,172.0,12,85.71,243647.0,10,71.43,15145000000.0,8,57.14,26505058000.0,8,57.14
USA,United States of America,2003,Wildfire,3,19.0,2,66.67,7599.0,3,100.0,4831000000.0,2,66.67,8454667000.0,2,66.67
USA,United States of America,2004,Extreme temperature,1,3.0,1,100.0,,0,0.0,,0,0.0,,0,0.0
USA,United States of America,2004,Flood,4,1.0,1,25.0,5340.0,3,75.0,505500000.0,3,75.0,861601000.0,3,75.0
USA,United States of America,2004,Storm,12,215.0,11,91.67,5079710.0,9,75.0,55224770000.0,11,91.67,94128088000.0,11,91.67
USA,United States of America,2004,Wildfire,3,,0,0.0,15487.0,3,100.0,,0,0.0,,0,0.0
USA,United States of America,2005,Extreme temperature,1,33.0,1,100.0,31.0,1,100.0,,0,0.0,,0,0.0
USA,United States of America,2005,Flood,6,53.0,5,83.33,18258.0,5,83.33,730330000.0,5,83.33,1203967000.0,5,83.33
USA,United States of America,2005,Storm,8,1882.0,6,75.0,830305.0,5,62.5,158230000000.0,6,75.0,260845919000.0,6,75.0
USA,United States of America,2005,Wildfire,1,5.0,1,100.0,1410.0,1,100.0,100000000.0,1,100.0,164852000.0,1,100.0
USA,United States of America,2006,Earthquake,1,,0,0.0,3529.0,1,100.0,150000000.0,1,100.0,239551000.0,1,100.0
USA,United States of America,2006,Extreme temperature,2,188.0,2,100.0,,0,0.0,,0,0.0,,0,0.0
USA,United States of America,2006,Flood,11,40.0,8,72.73,74060.0,9,81.82,1478500000.0,7,63.64,2361172000.0,7,63.64
USA,United States of America,2006,Storm,12,93.0,9,75.0,5663.0,7,58.33,4727860000.0,9,75.0,7550419000.0,9,75.0
USA,United States of America,2006,Wildfire,4,17.0,3,75.0,585.0,4,100.0,216000000.0,4,100.0,344953000.0,4,100.0
USA,United States of America,2007,Drought,1,,0,0.0,,0,0.0,300000000.0,1,100.0,465813000.0,1,100.0
USA,United States of America,2007,Flood,6,80.0,6,100.0,8810.0,5,83.33,728000000.0,2,33.33,1130374000.0,2,33.33
USA,United States of America,2007,Storm,13,264.0,13,100.0,8317.0,8,61.54,6068000000.0,11,84.62,9421853000.0,11,84.62
USA,United States of America,2007,Wildfire,3,8.0,1,33.33,650991.0,3,100.0,2815000000.0,2,66.67,4370883000.0,2,66.67
USA,United States of America,2008,Earthquake,1,,0,0.0,2103.0,1,100.0,,0,0.0,,0,0.0
USA,United States of America,2008,Extreme temperature,1,,0,0.0,,0,0.0,,0,0.0,,0,0.0
USA,United States of America,2008,Flood,4,44.0,3,75.0,11032648.0,4,100.0,10002000000.0,2,50.0,14956044000.0,2,50.0
USA,United States of America,2008,Storm,14,258.0,12,85.71,2301147.0,8,57.14,45760000000.0,14,100.0,68425172000.0,14,100.0
USA,United States of America,2008,Wildfire,2,1.0,1,50.0,55320.0,2,100.0,2102000000.0,2,100.0,3143132000.0,2,100.0
USA,United States of America,2009,Extreme temperature,1,58.0,1,100.0,,0,0.0,1100000000.0,1,100.0,1650705000.0,1,100.0
USA,United States of America,2009,Flood,4,11.0,2,50.0,9960.0,4,100.0,666000000.0,2,50.0,999426000.0,2,50.0
USA,United States of America,2009,Storm,10,74.0,10,100.0,908.0,5,50.0,10390000000.0,8,80.0,15591657000.0,8,80.0
USA,United States of America,2009,Wildfire,2,2.0,1,50.0,455.0,2,100.0,100000000.0,1,50.0,150064000.0,1,50.0
USA,United States of America,2010,Earthquake,1,,0,0.0,630.0,1,100.0,12500000.0,1,100.0,18455000.0,1,100.0
USA,United States of America,2010,Flood,3,20.0,1,33.33,1000.0,1,33.33,,0,0.0,,0,0.0
USA,United States of America,2010,Storm,11,118.0,11,100.0,10941.0,5,45.45,9390000000.0,7,63.64,13863647000.0,7,63.64
USA,United States of America,2011,Drought,1,,0,0.0,,0,0.0,8000000000.0,1,100.0,11449956000.0,1,100.0
USA,United States of America,2011,Extreme temperature,1,22.0,1,100.0,,0,0.0,,0,0.0,,0,0.0
USA,United States of America,2011,Flood,4,17.0,4,100.0,36100.0,3,75.0,6600000000.0,2,50.0,9446214000.0,2,50.0
USA,United States of America,2011,Storm,13,756.0,13,100.0,389193.0,6,46.15,43450000000.0,8,61.54,62187575000.0,8,61.54
USA,United States of America,2011,Wildfire,3,8.0,3,100.0,6105.0,2,66.67,1383000000.0,3,100.0,1979412000.0,3,100.0
USA,United States of America,2012,Drought,2,,0,0.0,,0,0.0,20000000000.0,1,50.0,28044556000.0,1,50.0
USA,United States of America,2012,Extreme temperature,1,123.0,1,100.0,,0,0.0,,0,0.0,,0,0.0
USA,United States of America,2012,Flood,1,2.0,1,100.0,300.0,1,100.0,174000000.0,1,100.0,243988000.0,1,100.0
USA,United States of America,2012,Storm,19,294.0,15,78.95,90404.0,11,57.89,77547000000.0,18,94.74,108738561000.0,18,94.74
USA,United States of America,2012,Wildfire,2,3.0,2,100.0,2847.0,2,100.0,800000000.0,2,100.0,1121783000.0,2,100.0
USA,United States of America,2013,Extreme temperature,1,19.0,1,100.0,,0,0.0,200000000.0,1,100.0,276397000.0,1,100.0
USA,United States of America,2013,Flood,7,31.0,7,100.0,34725.0,6,85.71,2277000000.0,5,71.43,3146779000.0,5,71.43
USA,United States of America,2013,Storm,15,140.0,14,93.33,177474.0,6,40.0,14602000000.0,15,100.0,20179727000.0,15,100.0
USA,United States of America,2013,Wildfire,5,22.0,3,60.0,2375.0,5,100.0,708400000.0,5,100.0,978997000.0,5,100.0
USA,United States of America,2014,Drought,1,,0,0.0,,0,0.0,2200000000.0,1,100.0,2991831000.0,1,100.0
USA,United States of America,2014,Earthquake,1,1.0,1,100.0,3250.0,1,100.0,700000000.0,1,100.0,951946000.0,1,100.0
USA,United States of America,2014,Extreme temperature,1,21.0,1,100.0,,0,0.0,2500000000.0,1,100.0,3399807000.0,1,100.0
USA,United States of America,2014,Flood,2,2.0,1,50.0,102040.0,2,100.0,1690000000.0,2,100.0,2298270000.0,2,100.0
USA,United States of America,2014,Mass movement (wet),1,43.0,1,100.0,150.0,1,100.0,20000000.0,1,100.0,27198000.0,1,100.0
USA,United States of America,2014,Storm,13,136.0,11,84.62,1215.0,5,38.46,9568000000.0,12,92.31,13011744000.0,12,92.31
USA,United States of America,2014,Wildfire,1,2.0,1,100.0,429.0,1,100.0,100000000.0,1,100.0,135992000.0,1,100.0
USA,United States of America,2015,Drought,1,,0,0.0,,0,0.0,4500000000.0,1,100.0,6112403000.0,1,100.0
USA,United States of America,2015,Flood,5,98.0,4,80.0,28650.0,4,80.0,3402000000.0,4,80.0,4620977000.0,4,80.0
USA,United States of America,2015,Storm,19,218.0,18,94.74,4576.0,8,42.11,15720000000.0,19,100.0,21352659000.0,19,100.0
USA,United States of America,2015,Wildfire,4,12.0,4,100.0,13364.0,4,100.0,1952000000.0,4,100.0,2651425000.0,4,100.0
USA,United States of America,2016,Earthquake,1,,0,0.0,120.0,1,100.0,20000000.0,1,100.0,26828000.0,1,100.0
USA,United States of America,2016,Flood,6,54.0,6,100.0,91000.0,2,33.33,15150000000.0,5,83.33,20322041000.0,5,83.33
USA,United States of America,2016,Storm,16,199.0,14,87.5,85019468.0,10,62.5,28050000000.0,15,93.75,37625957000.0,15,93.75
USA,United States of America,2016,Wildfire,4,16.0,2,50.0,8452.0,4,100.0,1500000000.0,4,100.0,2012083000.0,4,100.0
USA,United States of America,2017,Drought,1,,0,0.0,,0,0.0,2500000000.0,1,100.0,3283529000.0,1,100.0
USA,United States of America,2017,Flood,3,30.0,2,66.67,370.0,2,66.67,1700000000.0,1,33.33,2232799000.0,1,33.33
USA,United States of America,2017,Storm,17,263.0,12,70.59,854401.0,12,70.59,171110000000.0,16,94.12,224737832000.0,16,94.12
USA,United States of America,2017,Wildfire,3,45.0,2,66.67,12304.0,3,100.0,15200000000.0,2,66.67,19963854000.0,2,66.67
USA,United States of America,2018,Drought,1,,0,0.0,,0,0.0,3000000000.0,1,100.0,3846289000.0,1,100.0
USA,United States of America,2018,Flood,3,7.0,2,66.67,1596.0,1,33.33,775000000.0,3,100.0,993624000.0,3,100.0
USA,United States of America,2018,Mass movement (wet),1,21.0,1,100.0,1366.0,1,100.0,900000000.0,1,100.0,1153887000.0,1,100.0
USA,United States of America,2018,Storm,11,158.0,9,81.82,1505093.0,4,36.36,38875000000.0,11,100.0,49841490000.0,11,100.0
USA,United States of America,2018,Volcanic activity,1,,0,0.0,2500.0,1,100.0,500000000.0,1,100.0,641048000.0,1,100.0
USA,United States of America,2018,Wildfire,3,104.0,3,100.0,253240.0,3,100.0,22700000000.0,3,100.0,29103584000.0,3,100.0
USA,United States of America,2019,Earthquake,1,,0,0.0,150.0,1,100.0,200000000.0,1,100.0,251855000.0,1,100.0
USA,United States of America,2019,Flood,4,10.0,4,100.0,16600.0,4,100.0,10000000000.0,1,25.0,12592748000.0,1,25.0
USA,United States of America,2019,Storm,14,139.0,14,100.0,1486.0,6,42.86,11325000000.0,9,64.29,14261287000.0,9,64.29
USA,United States of America,2019,Wildfire,2,3.0,1,50.0,1265.0,2,100.0,1625000000.0,2,100.0,2046321000.0,2,100.0
USA,United States of America,2020,Drought,1,45.0,1,100.0,,0,0.0,4500000000.0,1,100.0,5597684000.0,1,100.0
USA,United States of America,2020,Flood,2,1.0,1,50.0,13000.0,2,100.0,2275000000.0,2,100.0,2829941000.0,2,100.0
USA,United States of America,2020,Storm,19,175.0,15,78.95,28431.0,5,26.32,60075000000.0,19,100.0,74729090000.0,19,100.0
USA,United States of America,2020,Wildfire,1,32.0,1,100.0,,0,0.0,11000000000.0,1,100.0,13683229000.0,1,100.0
USA,United States of America,2021,Drought,1,,0,0.0,,0,0.0,9000000000.0,1,100.0,10693029000.0,1,100.0
USA,United States of America,2021,Extreme temperature,1,229.0,1,100.0,,0,0.0,,0,0.0,,0,0.0
USA,United States of America,2021,Flood,12,58.0,10,83.33,1876.0,5,41.67,3800000000.0,12,100.0,4514836000.0,12,100.0
USA,United States of America,2021,Storm,23,494.0,17,73.91,15236.0,14,60.87,121580000000.0,23,100.0,144450943000.0,23,100.0
USA,United States of America,2021,Wildfire,6,5.0,2,33.33,61857.0,6,100.0,8135000000.0,5,83.33,9665310000.0,5,83.33
USA,United States of America,2022,Drought,1,136.0,1,100.0,,0,0.0,22000000000.0,1,100.0,24201702000.0,1,100.0
USA,United States of America,2022,Earthquake,1,2.0,1,100.0,12.0,1,100.0,250000000.0,1,100.0,275019000.0,1,100.0
USA,United States of America,2022,Flood,3,42.0,1,33.33,1075.0,2,66.67,1500000000.0,1,33.33,1650116000.0,1,33.33
USA,United States of America,2022,Storm,18,322.0,16,88.89,3445.0,10,55.56,123380000000.0,18,100.0,135727546000.0,18,100.0
USA,United States of America,2022,Wildfire,4,6.0,2,50.0,2402.0,4,100.0,306000000.0,2,50.0,336624000.0,2,50.0
USA,United States of America,2023,Drought,1,247.0,1,100.0,,0,0.0,14500000000.0,1,100.0,15320469000.0,1,100.0
USA,United States of America,2023,Extreme temperature,2,24.0,2,100.0,25.0,1,50.0,385000000.0,1,50.0,406785000.0,1,50.0
USA,United States of America,2023,Flood,4,13.0,2,50.0,2126.0,2,50.0,3300000000.0,2,50.0,3486727000.0,2,50.0
USA,United States of America,2023,Storm,16,126.0,15,93.75,17385.0,11,68.75,44475000000.0,16,100.0,46991576000.0,16,100.0
USA,United States of America,2023,Wildfire,2,130.0,2,100.0,8497.0,2,100.0,6590000000.0,2,100.0,6962889000.0,2,100.0
USA,United States of America,2024,Drought,1,,0,0.0,,0,0.0,5400000000.0,1,100.0,5542089000.0,1,100.0
USA,United States of America,2024,Extreme temperature,1,1006.0,1,100.0,,0,0.0,,0,0.0,,0,0.0
USA,United States of America,2024,Flood,3,7.0,3,100.0,6564.0,3,100.0,3800000000.0,2,66.67,3899989000.0,2,66.67
USA,United States of America,2024,Storm,19,447.0,18,94.74,3733.0,10,52.63,168825000000.0,17,89.47,173267271000.0,17,89.47
USA,United States of America,2024,Wildfire,5,4.0,2,40.0,3239.0,5,100.0,1910000000.0,3,60.0,1960257000.0,3,60.0
USA,United States of America,2025,Drought,1,89.0,1,100.0,,0,0.0,3100000000.0,1,100.0,3100000000.0,1,100.0
USA,United States of America,2025,Earthquake,1,,0,0.0,,0,0.0,1000000.0,1,100.0,1000000.0,1,100.0
USA,United States of America,2025,Flood,5,158.0,5,100.0,1527.0,3,60.0,2530000000.0,4,80.0,2530000000.0,4,80.0
USA,United States of America,2025,Storm,19,181.0,18,94.74,23231.0,12,63.16,36505000000.0,16,84.21,36505000000.0,16,84.21
USA,United States of America,2025,Wildfire,4,35.0,2,50.0,2334.0,4,100.0,53010000000.0,2,50.0,53010000000.0,2,50.0
USA,United States of America,2026,Mass movement (wet),1,9.0,1,100.0,6.0,1,100.0,200000000.0,1,100.0,,0,0.0
USA,United States of America,2026,Storm,8,141.0,7,87.5,828.0,6,75.0,12930000000.0,5,62.5,,0,0.0
USA,United States of America,2026,Wildfire,2,1.0,1,50.0,707.0,2,100.0,,0,0.0,,0,0.0
UZB,Uzbekistan,2000,Drought,1,,0,0.0,600000.0,1,100.0,50000000.0,1,100.0,93479000.0,1,100.0
UZB,Uzbekistan,2005,Flood,1,,0,0.0,1500.0,1,100.0,,0,0.0,,0,0.0
UZB,Uzbekistan,2011,Earthquake,1,13.0,1,100.0,86.0,1,100.0,,0,0.0,,0,0.0
UZB,Uzbekistan,2020,Flood,1,4.0,1,100.0,70060.0,1,100.0,,0,0.0,,0,0.0
UZB,Uzbekistan,2021,Mass movement (wet),1,8.0,1,100.0,6.0,1,100.0,,0,0.0,,0,0.0
UZB,Uzbekistan,2022,Flood,1,5.0,1,100.0,165.0,1,100.0,,0,0.0,,0,0.0
VCT,Saint Vincent and the Grenadines,2002,Storm,1,4.0,1,100.0,1000.0,1,100.0,11000000.0,1,100.0,19688000.0,1,100.0
VCT,Saint Vincent and the Grenadines,2004,Storm,1,,0,0.0,1004.0,1,100.0,40000000.0,1,100.0,68178000.0,1,100.0
VCT,Saint Vincent and the Grenadines,2005,Storm,1,,0,0.0,530.0,1,100.0,,0,0.0,,0,0.0
VCT,Saint Vincent and the Grenadines,2010,Drought,1,,0,0.0,,0,0.0,,0,0.0,,0,0.0
VCT,Saint Vincent and the Grenadines,2010,Storm,1,,0,0.0,6100.0,1,100.0,48000000.0,1,100.0,70868000.0,1,100.0
VCT,Saint Vincent and the Grenadines,2011,Flood,1,,0,0.0,275.0,1,100.0,31100000.0,1,100.0,44512000.0,1,100.0
VCT,Saint Vincent and the Grenadines,2013,Flood,1,12.0,1,100.0,17422.0,1,100.0,108000000.0,1,100.0,149254000.0,1,100.0
VCT,Saint Vincent and the Grenadines,2016,Flood,1,,0,0.0,25000.0,1,100.0,29700000.0,1,100.0,39839000.0,1,100.0
VCT,Saint Vincent and the Grenadines,2016,Storm,1,1.0,1,100.0,,0,0.0,,0,0.0,,0,0.0
VCT,Saint Vincent and the Grenadines,2020,Epidemic,1,8.0,1,100.0,1760.0,1,100.0,,0,0.0,,0,0.0
VCT,Saint Vincent and the Grenadines,2021,Storm,1,,0,0.0,129.0,1,100.0,,0,0.0,,0,0.0
VCT,Saint Vincent and the Grenadines,2021,Volcanic activity,1,,0,0.0,13300.0,1,100.0,325000000.0,1,100.0,386137000.0,1,100.0
VCT,Saint Vincent and the Grenadines,2023,Storm,1,,0,0.0,150.0,1,100.0,,0,0.0,,0,0.0
VCT,Saint Vincent and the Grenadines,2024,Storm,1,8.0,1,100.0,40028.0,1,100.0,230600000.0,1,100.0,236668000.0,1,100.0
VEN,Venezuela (Bolivarian Republic of),2000,Flood,2,15.0,2,100.0,27004.0,2,100.0,,0,0.0,,0,0.0
VEN,Venezuela (Bolivarian Republic of),2002,Flood,1,4.0,1,100.0,55376.0,1,100.0,3000000.0,1,100.0,5369000.0,1,100.0
VEN,Venezuela (Bolivarian Republic of),2003,Flood,2,1.0,1,50.0,650.0,2,100.0,,0,0.0,,0,0.0
VEN,Venezuela (Bolivarian Republic of),2004,Flood,1,35.0,1,100.0,4000.0,1,100.0,,0,0.0,,0,0.0
VEN,Venezuela (Bolivarian Republic of),2004,Storm,1,5.0,1,100.0,1730.0,1,100.0,,0,0.0,,0,0.0
VEN,Venezuela (Bolivarian Republic of),2005,Flood,4,97.0,4,100.0,45797.0,3,75.0,51000000.0,2,50.0,84075000.0,2,50.0
VEN,Venezuela (Bolivarian Republic of),2006,Flood,1,,0,0.0,135.0,1,100.0,,0,0.0,,0,0.0
VEN,Venezuela (Bolivarian Republic of),2008,Flood,1,8.0,1,100.0,1500.0,1,100.0,,0,0.0,,0,0.0
VEN,Venezuela (Bolivarian Republic of),2009,Drought,1,,0,0.0,,0,0.0,,0,0.0,,0,0.0
VEN,Venezuela (Bolivarian Republic of),2010,Flood,1,41.0,1,100.0,94800.0,1,100.0,170000000.0,1,100.0,250993000.0,1,100.0
VEN,Venezuela (Bolivarian Republic of),2010,Storm,1,8.0,1,100.0,,0,0.0,,0,0.0,,0,0.0
VEN,Venezuela (Bolivarian Republic of),2011,Epidemic,1,,0,0.0,118.0,1,100.0,,0,0.0,,0,0.0
VEN,Venezuela (Bolivarian Republic of),2011,Flood,3,17.0,2,66.67,3668.0,2,66.67,16000000.0,1,33.33,22900000.0,1,33.33
VEN,Venezuela (Bolivarian Republic of),2012,Flood,1,,0,0.0,11000.0,1,100.0,93000000.0,1,100.0,130407000.0,1,100.0
VEN,Venezuela (Bolivarian Republic of),2015,Flood,1,,0,0.0,45297.0,1,100.0,,0,0.0,,0,0.0
VEN,Venezuela (Bolivarian Republic of),2016,Flood,1,,0,0.0,,0,0.0,,0,0.0,,0,0.0
VEN,Venezuela (Bolivarian Republic of),2018,Flood,2,2.0,1,50.0,10700.0,2,100.0,,0,0.0,,0,0.0
VEN,Venezuela (Bolivarian Republic of),2019,Flood,1,6.0,1,100.0,2000.0,1,100.0,,0,0.0,,0,0.0
VEN,Venezuela (Bolivarian Republic of),2020,Flood,1,3.0,1,100.0,3690.0,1,100.0,30000000.0,1,100.0,37318000.0,1,100.0
VEN,Venezuela (Bolivarian Republic of),2021,Flood,2,46.0,1,50.0,1401300.0,2,100.0,,0,0.0,,0,0.0
VEN,Venezuela (Bolivarian Republic of),2022,Flood,5,33.0,4,80.0,91700.0,4,80.0,,0,0.0,,0,0.0
VEN,Venezuela (Bolivarian Republic of),2022,Mass movement (wet),2,109.0,2,100.0,65101.0,2,100.0,,0,0.0,,0,0.0
VEN,Venezuela (Bolivarian Republic of),2022,Storm,1,,0,0.0,30000.0,1,100.0,,0,0.0,,0,0.0
VEN,Venezuela (Bolivarian Republic of),2023,Flood,1,12.0,1,100.0,112.0,1,100.0,,0,0.0,,0,0.0
VEN,Venezuela (Bolivarian Republic of),2024,Storm,1,9.0,1,100.0,29000.0,1,100.0,,0,0.0,,0,0.0
VEN,Venezuela (Bolivarian Republic of),2025,Earthquake,1,,0,0.0,210.0,1,100.0,,0,0.0,,0,0.0
VEN,Venezuela (Bolivarian Republic of),2025,Mass movement (wet),1,14.0,1,100.0,,0,0.0,,0,0.0,,0,0.0
VEN,Venezuela (Bolivarian Republic of),2025,Storm,1,,0,0.0,24095.0,1,100.0,,0,0.0,,0,0.0
VEN,Venezuela (Bolivarian Republic of),2026,Earthquake,1,7909.0,1,100.0,6800740.0,1,100.0,30000000000.0,1,100.0,,0,0.0
VEN,Venezuela (Bolivarian Republic of),2026,Storm,1,5.0,1,100.0,,0,0.0,3000000.0,1,100.0,,0,0.0
VGB,British Virgin Islands,2017,Storm,2,9.0,1,50.0,,0,0.0,3000000000.0,1,50.0,3940234000.0,1,50.0
VIR,United States Virgin Islands,2004,Storm,1,,0,0.0,,0,0.0,,0,0.0,,0,0.0
VIR,United States Virgin Islands,2017,Storm,2,7.0,2,100.0,,0,0.0,,0,0.0,,0,0.0
VNM,Viet Nam,2000,Flood,2,496.0,2,100.0,5025007.0,2,100.0,265000000.0,2,100.0,495441000.0,2,100.0
VNM,Viet Nam,2000,Mass movement (wet),2,73.0,2,100.0,39.0,2,100.0,,0,0.0,,0,0.0
VNM,Viet Nam,2000,Storm,7,23.0,3,42.86,14534.0,7,100.0,26035000.0,3,42.86,48674000.0,3,42.86
VNM,Viet Nam,2001,Flood,4,339.0,3,75.0,1608451.0,4,100.0,88700000.0,2,50.0,161275000.0,2,50.0
VNM,Viet Nam,2001,Storm,3,53.0,3,100.0,200639.0,3,100.0,83200000.0,3,100.0,151274000.0,3,100.0
VNM,Viet Nam,2002,Drought,1,,0,0.0,1300000.0,1,100.0,200000000.0,1,100.0,357963000.0,1,100.0
VNM,Viet Nam,2002,Flood,3,147.0,3,100.0,1431816.0,3,100.0,84100000.0,3,100.0,150524000.0,3,100.0
VNM,Viet Nam,2002,Storm,1,,0,0.0,1800.0,1,100.0,100000.0,1,100.0,179000.0,1,100.0
VNM,Viet Nam,2002,Wildfire,1,,0,0.0,,0,0.0,,0,0.0,,0,0.0
VNM,Viet Nam,2003,Epidemic,1,15.0,1,100.0,8.0,1,100.0,,0,0.0,,0,0.0
VNM,Viet Nam,2003,Flood,3,128.0,3,100.0,416823.0,3,100.0,105000000.0,3,100.0,183759000.0,3,100.0
VNM,Viet Nam,2003,Storm,2,3.0,1,50.0,10036.0,2,100.0,,0,0.0,,0,0.0
VNM,Viet Nam,2004,Flood,3,96.0,3,100.0,35018.0,3,100.0,8000000.0,1,33.33,13636000.0,1,33.33
VNM,Viet Nam,2004,Mass movement (wet),1,23.0,1,100.0,,0,0.0,,0,0.0,,0,0.0
VNM,Viet Nam,2004,Storm,2,70.0,2,100.0,500905.0,2,100.0,30000000.0,2,100.0,51133000.0,2,100.0
VNM,Viet Nam,2005,Drought,1,,0,0.0,410000.0,1,100.0,42120000.0,1,100.0,69436000.0,1,100.0
VNM,Viet Nam,2005,Epidemic,1,16.0,1,100.0,83.0,1,100.0,,0,0.0,,0,0.0
VNM,Viet Nam,2005,Flood,5,192.0,4,80.0,92393.0,5,100.0,54000000.0,3,60.0,89020000.0,3,60.0
VNM,Viet Nam,2005,Storm,4,116.0,4,100.0,367660.0,4,100.0,250250000.0,3,75.0,412543000.0,3,75.0
VNM,Viet Nam,2006,Flood,5,178.0,5,100.0,52120.0,3,60.0,9000000.0,2,40.0,14373000.0,2,40.0
VNM,Viet Nam,2006,Storm,6,401.0,6,100.0,3297290.0,5,83.33,1090000000.0,3,50.0,1740735000.0,3,50.0
VNM,Viet Nam,2007,Epidemic,1,27.0,1,100.0,,0,0.0,,0,0.0,,0,0.0
VNM,Viet Nam,2007,Flood,5,230.0,5,100.0,962172.0,5,100.0,790000000.0,4,80.0,1226641000.0,4,80.0
VNM,Viet Nam,2007,Storm,1,96.0,1,100.0,685430.0,1,100.0,191000000.0,1,100.0,296568000.0,1,100.0
VNM,Viet Nam,2008,Flood,5,157.0,5,100.0,632504.0,4,80.0,483000000.0,2,40.0,722232000.0,2,40.0
VNM,Viet Nam,2008,Storm,5,254.0,5,100.0,156649.0,4,80.0,190500000.0,4,80.0,284855000.0,4,80.0
VNM,Viet Nam,2009,Flood,2,37.0,2,100.0,740000.0,2,100.0,,0,0.0,,0,0.0
VNM,Viet Nam,2009,Mass movement (wet),1,13.0,1,100.0,1.0,1,100.0,,0,0.0,,0,0.0
VNM,Viet Nam,2009,Storm,3,306.0,2,66.67,2977460.0,2,66.67,1065200000.0,3,100.0,1598482000.0,3,100.0
VNM,Viet Nam,2010,Flood,4,186.0,4,100.0,1489833.0,4,100.0,660200000.0,4,100.0,974737000.0,4,100.0
VNM,Viet Nam,2010,Storm,3,35.0,3,100.0,34600.0,3,100.0,44500000.0,2,66.67,65701000.0,2,66.67
VNM,Viet Nam,2011,Flood,3,122.0,3,100.0,1361584.0,3,100.0,219002000.0,2,66.67,313446000.0,2,66.67
VNM,Viet Nam,2011,Storm,2,16.0,1,50.0,63.0,1,50.0,,0,0.0,,0,0.0
VNM,Viet Nam,2012,Flood,1,34.0,1,100.0,17540.0,1,100.0,30000000.0,1,100.0,42067000.0,1,100.0
VNM,Viet Nam,2012,Storm,3,38.0,3,100.0,338972.0,3,100.0,342800000.0,2,66.67,480684000.0,2,66.67
VNM,Viet Nam,2013,Flood,6,141.0,6,100.0,2161001.0,4,66.67,78500000.0,2,33.33,108486000.0,2,33.33
VNM,Viet Nam,2013,Storm,4,74.0,4,100.0,1963444.0,4,100.0,1474230000.0,4,100.0,2037362000.0,4,100.0
VNM,Viet Nam,2014,Storm,3,38.0,2,66.67,48075.0,3,100.0,10700000.0,2,66.67,14552000.0,2,66.67
VNM,Viet Nam,2015,Drought,1,,0,0.0,1750000.0,1,100.0,6750000000.0,1,100.0,9168604000.0,1,100.0
VNM,Viet Nam,2015,Flood,2,34.0,2,100.0,15100.0,2,100.0,204000000.0,1,50.0,277096000.0,1,50.0
VNM,Viet Nam,2015,Storm,2,18.0,2,100.0,115.0,1,50.0,218000.0,1,50.0,296000.0,1,50.0
VNM,Viet Nam,2016,Epidemic,1,27.0,1,100.0,79204.0,1,100.0,,0,0.0,,0,0.0
VNM,Viet Nam,2016,Flood,4,91.0,4,100.0,1428585.0,4,100.0,161280000.0,3,75.0,216340000.0,3,75.0
VNM,Viet Nam,2016,Storm,4,71.0,4,100.0,995340.0,4,100.0,685157000.0,4,100.0,919062000.0,4,100.0
VNM,Viet Nam,2017,Flood,5,137.0,5,100.0,90203.0,5,100.0,177655000.0,4,80.0,233333000.0,4,80.0
VNM,Viet Nam,2017,Storm,4,147.0,4,100.0,5043013.0,4,100.0,2985000000.0,4,100.0,3920532000.0,4,100.0
VNM,Viet Nam,2018,Flood,3,67.0,3,100.0,127728.0,3,100.0,48000000.0,2,66.67,61540000.0,2,66.67
VNM,Viet Nam,2018,Storm,4,67.0,4,100.0,156028.0,3,75.0,239200000.0,3,75.0,306677000.0,3,75.0
VNM,Viet Nam,2019,Drought,1,,0,0.0,685558.0,1,100.0,,0,0.0,,0,0.0
VNM,Viet Nam,2019,Flood,5,47.0,5,100.0,126010.0,5,100.0,58000000.0,2,40.0,73038000.0,2,40.0
VNM,Viet Nam,2019,Storm,2,4.0,2,100.0,22164.0,2,100.0,4000000.0,1,50.0,5037000.0,1,50.0
VNM,Viet Nam,2020,Flood,1,5.0,1,100.0,2621.0,1,100.0,22000000.0,1,100.0,27366000.0,1,100.0
VNM,Viet Nam,2020,Storm,10,305.0,9,90.0,2195449.0,9,90.0,1429992000.0,6,60.0,1778810000.0,6,60.0
VNM,Viet Nam,2021,Flood,3,24.0,3,100.0,313783.0,3,100.0,,0,0.0,,0,0.0
VNM,Viet Nam,2021,Storm,5,11.0,4,80.0,84560.0,4,80.0,26500000.0,3,60.0,31485000.0,3,60.0
VNM,Viet Nam,2022,Flood,5,30.0,4,80.0,23275.0,4,80.0,1500000.0,1,20.0,1650000.0,1,20.0
VNM,Viet Nam,2022,Storm,3,30.0,3,100.0,491890.0,3,100.0,65000000.0,1,33.33,71505000.0,1,33.33
VNM,Viet Nam,2023,Flood,4,24.0,3,75.0,225150.0,4,100.0,,0,0.0,,0,0.0
VNM,Viet Nam,2023,Storm,2,6.0,2,100.0,80003.0,2,100.0,,0,0.0,,0,0.0
VNM,Viet Nam,2024,Drought,1,,0,0.0,266000.0,1,100.0,10000000.0,1,100.0,10263000.0,1,100.0
VNM,Viet Nam,2024,Extreme temperature,1,,0,0.0,,0,0.0,,0,0.0,,0,0.0
VNM,Viet Nam,2024,Flood,1,3.0,1,100.0,9628.0,1,100.0,,0,0.0,,0,0.0
VNM,Viet Nam,2024,Mass movement (wet),1,11.0,1,100.0,234.0,1,100.0,,0,0.0,,0,0.0
VNM,Viet Nam,2024,Storm,6,365.0,6,100.0,3758106.0,6,100.0,2030600000.0,3,50.0,2084031000.0,3,50.0
VNM,Viet Nam,2025,Flood,3,125.0,3,100.0,809403.0,3,100.0,345351000.0,1,33.33,345351000.0,1,33.33
VNM,Viet Nam,2025,Storm,11,133.0,11,100.0,2695975.0,11,100.0,1378900000.0,4,36.36,1378900000.0,4,36.36
VNM,Viet Nam,2026,Storm,3,6.0,2,66.67,56420.0,3,100.0,2000000.0,1,33.33,,0,0.0
VUT,Vanuatu,2001,Storm,2,2.0,2,100.0,1300.0,2,100.0,1390000.0,1,50.0,2527000.0,1,50.0
VUT,Vanuatu,2001,Volcanic activity,1,,0,0.0,4500.0,1,100.0,,0,0.0,,0,0.0
VUT,Vanuatu,2002,Earthquake,2,,0,0.0,1003.0,2,100.0,,0,0.0,,0,0.0
VUT,Vanuatu,2002,Flood,1,,0,0.0,3001.0,1,100.0,,0,0.0,,0,0.0
VUT,Vanuatu,2004,Storm,1,2.0,1,100.0,54008.0,1,100.0,,0,0.0,,0,0.0
VUT,Vanuatu,2005,Volcanic activity,1,,0,0.0,5000.0,1,100.0,,0,0.0,,0,0.0
VUT,Vanuatu,2006,Volcanic activity,1,,0,0.0,,0,0.0,,0,0.0,,0,0.0
VUT,Vanuatu,2008,Volcanic activity,1,,0,0.0,9000.0,1,100.0,,0,0.0,,0,0.0
VUT,Vanuatu,2009,Flood,1,,0,0.0,950.0,1,100.0,,0,0.0,,0,0.0
VUT,Vanuatu,2009,Volcanic activity,1,,0,0.0,400.0,1,100.0,,0,0.0,,0,0.0
VUT,Vanuatu,2011,Storm,2,,0,0.0,32000.0,1,50.0,,0,0.0,,0,0.0
VUT,Vanuatu,2014,Storm,1,12.0,1,100.0,20006.0,1,100.0,2000000.0,1,100.0,2720000.0,1,100.0
VUT,Vanuatu,2015,Storm,1,11.0,1,100.0,188000.0,1,100.0,449400000.0,1,100.0,610425000.0,1,100.0
VUT,Vanuatu,2016,Epidemic,1,,0,0.0,351.0,1,100.0,,0,0.0,,0,0.0
VUT,Vanuatu,2017,Storm,1,,0,0.0,2564.0,1,100.0,,0,0.0,,0,0.0
VUT,Vanuatu,2017,Volcanic activity,1,,0,0.0,11000.0,1,100.0,,0,0.0,,0,0.0
VUT,Vanuatu,2018,Volcanic activity,2,,0,0.0,13586.0,2,100.0,,0,0.0,,0,0.0
VUT,Vanuatu,2020,Storm,1,3.0,1,100.0,130120.0,1,100.0,,0,0.0,,0,0.0
VUT,Vanuatu,2021,Volcanic activity,1,,0,0.0,3383.0,1,100.0,,0,0.0,,0,0.0
VUT,Vanuatu,2023,Storm,3,,0,0.0,593702.0,3,100.0,,0,0.0,,0,0.0
VUT,Vanuatu,2024,Earthquake,1,14.0,1,100.0,80265.0,1,100.0,100000000.0,1,100.0,102631000.0,1,100.0
WLF,Wallis and Futuna Islands,2012,Storm,1,,0,0.0,1252.0,1,100.0,,0,0.0,,0,0.0
WSM,Samoa,2001,Flood,1,,0,0.0,,0,0.0,1500000.0,1,100.0,2727000.0,1,100.0
WSM,Samoa,2004,Storm,1,1.0,1,100.0,,0,0.0,,0,0.0,,0,0.0
WSM,Samoa,2005,Storm,1,9.0,1,100.0,,0,0.0,,0,0.0,,0,0.0
WSM,Samoa,2009,Earthquake,1,148.0,1,100.0,5584.0,1,100.0,124040000.0,1,100.0,186139000.0,1,100.0
WSM,Samoa,2012,Storm,1,12.0,1,100.0,12703.0,1,100.0,133000000.0,1,100.0,186496000.0,1,100.0
WSM,Samoa,2015,Drought,1,,0,0.0,,0,0.0,,0,0.0,,0,0.0
WSM,Samoa,2018,Storm,1,,0,0.0,,0,0.0,,0,0.0,,0,0.0
WSM,Samoa,2019,Epidemic,1,83.0,1,100.0,5617.0,1,100.0,,0,0.0,,0,0.0
YEM,Yemen,2000,Epidemic,1,32.0,1,100.0,289.0,1,100.0,,0,0.0,,0,0.0
YEM,Yemen,2001,Flood,1,33.0,1,100.0,,0,0.0,,0,0.0,,0,0.0
YEM,Yemen,2001,Storm,2,30.0,2,100.0,,0,0.0,,0,0.0,,0,0.0
YEM,Yemen,2002,Flood,4,53.0,4,100.0,700.0,1,25.0,,0,0.0,,0,0.0
YEM,Yemen,2003,Flood,1,15.0,1,100.0,,0,0.0,,0,0.0,,0,0.0
YEM,Yemen,2005,Epidemic,1,,0,0.0,179.0,1,100.0,,0,0.0,,0,0.0
YEM,Yemen,2005,Flood,2,22.0,2,100.0,721.0,2,100.0,,0,0.0,,0,0.0
YEM,Yemen,2005,Mass movement (wet),1,65.0,1,100.0,11.0,1,100.0,,0,0.0,,0,0.0
YEM,Yemen,2006,Flood,2,30.0,2,100.0,2320.0,2,100.0,,0,0.0,,0,0.0
YEM,Yemen,2007,Flood,3,93.0,3,100.0,2618.0,2,66.67,,0,0.0,,0,0.0
YEM,Yemen,2007,Volcanic activity,1,6.0,1,100.0,15.0,1,100.0,,0,0.0,,0,0.0
YEM,Yemen,2008,Flood,1,90.0,1,100.0,25064.0,1,100.0,400000000.0,1,100.0,598122000.0,1,100.0
YEM,Yemen,2009,Mass movement (wet),1,11.0,1,100.0,,0,0.0,,0,0.0,,0,0.0
YEM,Yemen,2010,Flood,2,22.0,2,100.0,1002.0,1,50.0,,0,0.0,,0,0.0
YEM,Yemen,2013,Flood,1,40.0,1,100.0,49092.0,1,100.0,,0,0.0,,0,0.0
YEM,Yemen,2015,Epidemic,1,3.0,1,100.0,3026.0,1,100.0,,0,0.0,,0,0.0
YEM,Yemen,2015,Storm,2,26.0,2,100.0,125065.0,2,100.0,200000000.0,1,50.0,271662000.0,1,50.0
YEM,Yemen,2016,Epidemic,1,11.0,1,100.0,180.0,1,100.0,,0,0.0,,0,0.0
YEM,Yemen,2016,Flood,1,20.0,1,100.0,29750.0,1,100.0,,0,0.0,,0,0.0
YEM,Yemen,2016,Mass movement (wet),1,20.0,1,100.0,20.0,1,100.0,,0,0.0,,0,0.0
YEM,Yemen,2017,Epidemic,2,35.0,1,50.0,298.0,1,50.0,,0,0.0,,0,0.0
YEM,Yemen,2017,Flood,1,50.0,1,100.0,8.0,1,100.0,,0,0.0,,0,0.0
YEM,Yemen,2018,Storm,2,49.0,2,100.0,15874.0,2,100.0,,0,0.0,,0,0.0
YEM,Yemen,2019,Epidemic,2,932.0,2,100.0,521028.0,2,100.0,,0,0.0,,0,0.0
YEM,Yemen,2019,Flood,3,26.0,3,100.0,80500.0,2,66.67,,0,0.0,,0,0.0
YEM,Yemen,2020,Flood,4,202.0,4,100.0,173374.0,3,75.0,20000000.0,2,50.0,24878000.0,2,50.0
YEM,Yemen,2021,Flood,2,46.0,2,100.0,228208.0,2,100.0,,0,0.0,,0,0.0
YEM,Yemen,2022,Flood,3,90.0,2,66.67,219400.0,3,100.0,,0,0.0,,0,0.0
YEM,Yemen,2023,Flood,1,248.0,1,100.0,308183.0,1,100.0,,0,0.0,,0,0.0
YEM,Yemen,2023,Storm,1,7.0,1,100.0,150.0,1,100.0,,0,0.0,,0,0.0
YEM,Yemen,2024,Epidemic,1,680.0,1,100.0,186000.0,1,100.0,,0,0.0,,0,0.0
YEM,Yemen,2024,Flood,4,342.0,3,75.0,900149.0,4,100.0,,0,0.0,,0,0.0
YEM,Yemen,2025,Flood,1,82.0,1,100.0,455095.0,1,100.0,,0,0.0,,0,0.0
YEM,Yemen,2026,Storm,1,73.0,1,100.0,132144.0,1,100.0,,0,0.0,,0,0.0
ZAF,South Africa,2000,Epidemic,1,181.0,1,100.0,86107.0,1,100.0,,0,0.0,,0,0.0
ZAF,South Africa,2000,Flood,2,86.0,2,100.0,3200.0,2,100.0,160000000.0,1,50.0,299134000.0,1,50.0
ZAF,South Africa,2000,Storm,1,1.0,1,100.0,300.0,1,100.0,,0,0.0,,0,0.0
ZAF,South Africa,2000,Wildfire,1,,0,0.0,1250.0,1,100.0,10000000.0,1,100.0,18696000.0,1,100.0
ZAF,South Africa,2001,Flood,2,5.0,1,50.0,42668.0,2,100.0,,0,0.0,,0,0.0
ZAF,South Africa,2001,Storm,2,14.0,1,50.0,640.0,2,100.0,,0,0.0,,0,0.0
ZAF,South Africa,2001,Wildfire,2,31.0,2,100.0,,0,0.0,,0,0.0,,0,0.0
ZAF,South Africa,2002,Epidemic,3,84.0,3,100.0,13352.0,3,100.0,,0,0.0,,0,0.0
ZAF,South Africa,2002,Flood,1,16.0,1,100.0,2500.0,1,100.0,,0,0.0,,0,0.0
ZAF,South Africa,2002,Storm,4,23.0,2,50.0,101216.0,4,100.0,14041000.0,3,75.0,25130000.0,3,75.0
ZAF,South Africa,2002,Wildfire,1,3.0,1,100.0,1500.0,1,100.0,,0,0.0,,0,0.0
ZAF,South Africa,2003,Flood,1,1.0,1,100.0,500.0,1,100.0,,0,0.0,,0,0.0
ZAF,South Africa,2003,Storm,1,,0,0.0,600.0,1,100.0,,0,0.0,,0,0.0
ZAF,South Africa,2004,Drought,1,,0,0.0,15000000.0,1,100.0,,0,0.0,,0,0.0
ZAF,South Africa,2004,Epidemic,1,5.0,1,100.0,174.0,1,100.0,,0,0.0,,0,0.0
ZAF,South Africa,2004,Flood,1,,0,0.0,15000.0,1,100.0,,0,0.0,,0,0.0
ZAF,South Africa,2005,Earthquake,1,2.0,1,100.0,58.0,1,100.0,20000000.0,1,100.0,32970000.0,1,100.0
ZAF,South Africa,2006,Flood,2,12.0,2,100.0,7160.0,2,100.0,216000000.0,2,100.0,344953000.0,2,100.0
ZAF,South Africa,2007,Extreme temperature,1,22.0,1,100.0,,0,0.0,,0,0.0,,0,0.0
ZAF,South Africa,2007,Flood,1,,0,0.0,38000.0,1,100.0,,0,0.0,,0,0.0
ZAF,South Africa,2007,Wildfire,1,26.0,1,100.0,1600.0,1,100.0,,0,0.0,,0,0.0
ZAF,South Africa,2008,Epidemic,1,65.0,1,100.0,12752.0,1,100.0,,0,0.0,,0,0.0
ZAF,South Africa,2008,Flood,1,11.0,1,100.0,4000.0,1,100.0,1264000.0,1,100.0,1890000.0,1,100.0
ZAF,South Africa,2008,Storm,1,5.0,1,100.0,3576.0,1,100.0,,0,0.0,,0,0.0
ZAF,South Africa,2008,Wildfire,1,34.0,1,100.0,25.0,1,100.0,430000000.0,1,100.0,642981000.0,1,100.0
ZAF,South Africa,2009,Flood,2,14.0,2,100.0,20300.0,2,100.0,,0,0.0,,0,0.0
ZAF,South Africa,2009,Storm,1,18.0,1,100.0,,0,0.0,,0,0.0,,0,0.0
ZAF,South Africa,2010,Storm,1,40.0,1,100.0,6000.0,1,100.0,,0,0.0,,0,0.0
ZAF,South Africa,2011,Flood,1,40.0,1,100.0,200321.0,1,100.0,211000000.0,1,100.0,301993000.0,1,100.0
ZAF,South Africa,2011,Storm,2,6.0,2,100.0,6323.0,2,100.0,10000000.0,1,50.0,14312000.0,1,50.0
ZAF,South Africa,2012,Flood,1,13.0,1,100.0,125000.0,1,100.0,200000000.0,1,100.0,280446000.0,1,100.0
ZAF,South Africa,2012,Storm,1,,0,0.0,1350.0,1,100.0,,0,0.0,,0,0.0
ZAF,South Africa,2013,Storm,1,3.0,1,100.0,2870.0,1,100.0,,0,0.0,,0,0.0
ZAF,South Africa,2014,Earthquake,1,1.0,1,100.0,2002.0,1,100.0,,0,0.0,,0,0.0
ZAF,South Africa,2014,Flood,1,32.0,1,100.0,7185.0,1,100.0,85000000.0,1,100.0,115593000.0,1,100.0
ZAF,South Africa,2015,Drought,1,,0,0.0,2700000.0,1,100.0,250000000.0,1,100.0,339578000.0,1,100.0
ZAF,South Africa,2016,Extreme temperature,1,11.0,1,100.0,20.0,1,100.0,,0,0.0,,0,0.0
ZAF,South Africa,2016,Flood,2,13.0,2,100.0,7500.0,2,100.0,280000000.0,2,100.0,375589000.0,2,100.0
ZAF,South Africa,2017,Drought,1,,0,0.0,,0,0.0,1200000000.0,1,100.0,1576094000.0,1,100.0
ZAF,South Africa,2017,Flood,1,3.0,1,100.0,200.0,1,100.0,,0,0.0,,0,0.0
ZAF,South Africa,2017,Storm,2,20.0,2,100.0,7436.0,2,100.0,603000000.0,2,100.0,791987000.0,2,100.0
ZAF,South Africa,2017,Wildfire,1,9.0,1,100.0,5500.0,1,100.0,420000000.0,1,100.0,551633000.0,1,100.0
ZAF,South Africa,2019,Drought,1,,0,0.0,750000.0,1,100.0,135000000.0,1,100.0,170002000.0,1,100.0
ZAF,South Africa,2019,Flood,4,98.0,4,100.0,4500.0,2,50.0,50000000.0,1,25.0,62964000.0,1,25.0
ZAF,South Africa,2019,Storm,1,4.0,1,100.0,20.0,1,100.0,,0,0.0,,0,0.0
ZAF,South Africa,2020,Flood,1,3.0,1,100.0,200.0,1,100.0,,0,0.0,,0,0.0
ZAF,South Africa,2020,Storm,1,10.0,1,100.0,210.0,1,100.0,,0,0.0,,0,0.0
ZAF,South Africa,2021,Drought,1,,0,0.0,12000000.0,1,100.0,,0,0.0,,0,0.0
ZAF,South Africa,2021,Flood,1,31.0,1,100.0,400.0,1,100.0,75000000.0,1,100.0,89109000.0,1,100.0
ZAF,South Africa,2021,Storm,2,27.0,2,100.0,12037.0,2,100.0,,0,0.0,,0,0.0
ZAF,South Africa,2022,Flood,8,579.0,6,75.0,199296.0,7,87.5,3675000000.0,3,37.5,4042784000.0,3,37.5
ZAF,South Africa,2023,Flood,4,65.0,4,100.0,8300.0,4,100.0,,0,0.0,,0,0.0
ZAF,South Africa,2023,Storm,2,6.0,2,100.0,1367.0,2,100.0,,0,0.0,,0,0.0
ZAF,South Africa,2024,Flood,3,44.0,3,100.0,50466.0,3,100.0,60000000.0,2,66.67,61579000.0,2,66.67
ZAF,South Africa,2024,Storm,2,47.0,2,100.0,21708.0,2,100.0,,0,0.0,,0,0.0
ZAF,South Africa,2024,Wildfire,1,,0,0.0,250.0,1,100.0,,0,0.0,,0,0.0
ZAF,South Africa,2025,Flood,2,127.0,2,100.0,20705.0,2,100.0,,0,0.0,,0,0.0
ZAF,South Africa,2026,Flood,1,10.0,1,100.0,41635.0,1,100.0,580000000.0,1,100.0,,0,0.0
ZAF,South Africa,2026,Storm,1,2.0,1,100.0,150.0,1,100.0,,0,0.0,,0,0.0
ZMB,Zambia,2000,Epidemic,2,163.0,1,50.0,1224.0,2,100.0,,0,0.0,,0,0.0
ZMB,Zambia,2000,Flood,1,,0,0.0,12000.0,1,100.0,,0,0.0,,0,0.0
ZMB,Zambia,2001,Epidemic,1,11.0,1,100.0,425.0,1,100.0,,0,0.0,,0,0.0
ZMB,Zambia,2001,Flood,1,5.0,1,100.0,617900.0,1,100.0,,0,0.0,,0,0.0
ZMB,Zambia,2003,Epidemic,1,179.0,1,100.0,3835.0,1,100.0,,0,0.0,,0,0.0
ZMB,Zambia,2003,Flood,2,4.0,1,50.0,11000.0,2,100.0,,0,0.0,,0,0.0
ZMB,Zambia,2004,Flood,1,2.0,1,100.0,196398.0,1,100.0,,0,0.0,,0,0.0
ZMB,Zambia,2005,Drought,1,,0,0.0,1200000.0,1,100.0,,0,0.0,,0,0.0
ZMB,Zambia,2005,Epidemic,1,21.0,1,100.0,7615.0,1,100.0,,0,0.0,,0,0.0
ZMB,Zambia,2005,Flood,1,,0,0.0,4000.0,1,100.0,,0,0.0,,0,0.0
ZMB,Zambia,2006,Epidemic,1,5.0,1,100.0,105.0,1,100.0,,0,0.0,,0,0.0
ZMB,Zambia,2007,Epidemic,1,5.0,1,100.0,115.0,1,100.0,,0,0.0,,0,0.0
ZMB,Zambia,2007,Flood,3,14.0,2,66.67,1553521.0,3,100.0,,0,0.0,,0,0.0
ZMB,Zambia,2008,Epidemic,1,173.0,1,100.0,8312.0,1,100.0,,0,0.0,,0,0.0
ZMB,Zambia,2008,Flood,1,4.0,1,100.0,15000.0,1,100.0,,0,0.0,,0,0.0
ZMB,Zambia,2009,Epidemic,1,87.0,1,100.0,5198.0,1,100.0,,0,0.0,,0,0.0
ZMB,Zambia,2009,Flood,1,31.0,1,100.0,614814.0,1,100.0,,0,0.0,,0,0.0
ZMB,Zambia,2010,Flood,1,,0,0.0,1200.0,1,100.0,,0,0.0,,0,0.0
ZMB,Zambia,2010,Mass movement (wet),1,9.0,1,100.0,150.0,1,100.0,,0,0.0,,0,0.0
ZMB,Zambia,2011,Flood,1,,0,0.0,1375.0,1,100.0,,0,0.0,,0,0.0
ZMB,Zambia,2012,Epidemic,1,2.0,1,100.0,153.0,1,100.0,,0,0.0,,0,0.0
ZMB,Zambia,2013,Flood,1,,0,0.0,1800.0,1,100.0,,0,0.0,,0,0.0
ZMB,Zambia,2014,Flood,1,,0,0.0,20000.0,1,100.0,,0,0.0,,0,0.0
ZMB,Zambia,2017,Epidemic,1,89.0,1,100.0,4371.0,1,100.0,,0,0.0,,0,0.0
ZMB,Zambia,2019,Drought,1,,0,0.0,1430000.0,1,100.0,,0,0.0,,0,0.0
ZMB,Zambia,2019,Flood,1,4.0,1,100.0,,0,0.0,,0,0.0,,0,0.0
ZMB,Zambia,2020,Flood,3,3.0,1,33.33,705772.0,3,100.0,,0,0.0,,0,0.0
ZMB,Zambia,2021,Drought,1,,0,0.0,1580000.0,1,100.0,,0,0.0,,0,0.0
ZMB,Zambia,2022,Flood,1,3.0,1,100.0,21582.0,1,100.0,,0,0.0,,0,0.0
ZMB,Zambia,2023,Epidemic,2,742.0,2,100.0,20220.0,2,100.0,,0,0.0,,0,0.0
ZMB,Zambia,2023,Flood,2,,0,0.0,176608.0,2,100.0,,0,0.0,,0,0.0
ZMB,Zambia,2024,Drought,1,,0,0.0,9800000.0,1,100.0,2261000.0,1,100.0,2320000.0,1,100.0
ZMB,Zambia,2024,Epidemic,1,9.0,1,100.0,496.0,1,100.0,,0,0.0,,0,0.0
ZMB,Zambia,2025,Epidemic,1,4.0,1,100.0,271.0,1,100.0,,0,0.0,,0,0.0
ZMB,Zambia,2025,Flood,1,,0,0.0,25000.0,1,100.0,,0,0.0,,0,0.0
ZWE,Zimbabwe,2000,Epidemic,3,112.0,3,100.0,2812.0,3,100.0,,0,0.0,,0,0.0
ZWE,Zimbabwe,2000,Flood,1,70.0,1,100.0,266000.0,1,100.0,72900000.0,1,100.0,136293000.0,1,100.0
ZWE,Zimbabwe,2001,Drought,1,,0,0.0,6000000.0,1,100.0,,0,0.0,,0,0.0
ZWE,Zimbabwe,2001,Flood,1,13.0,1,100.0,30000.0,1,100.0,3600000.0,1,100.0,6546000.0,1,100.0
ZWE,Zimbabwe,2002,Epidemic,2,4.0,1,50.0,452.0,2,100.0,,0,0.0,,0,0.0
ZWE,Zimbabwe,2003,Epidemic,1,40.0,1,100.0,750.0,1,100.0,,0,0.0,,0,0.0
ZWE,Zimbabwe,2003,Flood,1,2.0,1,100.0,18000.0,1,100.0,200000000.0,1,100.0,350017000.0,1,100.0
ZWE,Zimbabwe,2003,Storm,1,8.0,1,100.0,,0,0.0,,0,0.0,,0,0.0
ZWE,Zimbabwe,2005,Epidemic,2,87.0,2,100.0,1183.0,2,100.0,,0,0.0,,0,0.0
ZWE,Zimbabwe,2007,Drought,1,,0,0.0,2100000.0,1,100.0,,0,0.0,,0,0.0
ZWE,Zimbabwe,2007,Epidemic,1,67.0,1,100.0,10000.0,1,100.0,,0,0.0,,0,0.0
ZWE,Zimbabwe,2007,Flood,2,27.0,2,100.0,17000.0,2,100.0,,0,0.0,,0,0.0
ZWE,Zimbabwe,2007,Storm,1,,0,0.0,,0,0.0,1200000.0,1,100.0,1863000.0,1,100.0
ZWE,Zimbabwe,2008,Epidemic,1,4276.0,1,100.0,98349.0,1,100.0,,0,0.0,,0,0.0
ZWE,Zimbabwe,2009,Epidemic,2,55.0,2,100.0,1346.0,2,100.0,,0,0.0,,0,0.0
ZWE,Zimbabwe,2010,Drought,1,,0,0.0,1667618.0,1,100.0,,0,0.0,,0,0.0
ZWE,Zimbabwe,2010,Epidemic,2,8.0,2,100.0,258.0,2,100.0,,0,0.0,,0,0.0
ZWE,Zimbabwe,2010,Flood,1,,0,0.0,820.0,1,100.0,,0,0.0,,0,0.0
ZWE,Zimbabwe,2011,Epidemic,1,45.0,1,100.0,1140.0,1,100.0,,0,0.0,,0,0.0
ZWE,Zimbabwe,2011,Flood,1,,0,0.0,,0,0.0,,0,0.0,,0,0.0
ZWE,Zimbabwe,2013,Drought,1,,0,0.0,4300000.0,1,100.0,500000000.0,1,100.0,690992000.0,1,100.0
ZWE,Zimbabwe,2013,Flood,1,125.0,1,100.0,9700.0,1,100.0,,0,0.0,,0,0.0
ZWE,Zimbabwe,2014,Flood,2,14.0,2,100.0,2502.0,2,100.0,20000000.0,1,50.0,27198000.0,1,50.0
ZWE,Zimbabwe,2015,Epidemic,1,,0,0.0,11.0,1,100.0,,0,0.0,,0,0.0
ZWE,Zimbabwe,2015,Storm,1,10.0,1,100.0,475.0,1,100.0,,0,0.0,,0,0.0
ZWE,Zimbabwe,2016,Storm,1,31.0,1,100.0,2000.0,1,100.0,,0,0.0,,0,0.0
ZWE,Zimbabwe,2017,Drought,1,,0,0.0,6900000.0,1,100.0,,0,0.0,,0,0.0
ZWE,Zimbabwe,2017,Storm,1,251.0,1,100.0,113023.0,1,100.0,189000000.0,1,100.0,248235000.0,1,100.0
ZWE,Zimbabwe,2018,Epidemic,2,81.0,2,100.0,15894.0,2,100.0,,0,0.0,,0,0.0
ZWE,Zimbabwe,2019,Flood,1,26.0,1,100.0,300.0,1,100.0,,0,0.0,,0,0.0
ZWE,Zimbabwe,2019,Storm,1,628.0,1,100.0,270186.0,1,100.0,,0,0.0,,0,0.0
ZWE,Zimbabwe,2021,Drought,1,,0,0.0,167500.0,1,100.0,,0,0.0,,0,0.0
ZWE,Zimbabwe,2021,Storm,1,3.0,1,100.0,2400.0,1,100.0,,0,0.0,,0,0.0
ZWE,Zimbabwe,2022,Epidemic,1,750.0,1,100.0,6551.0,1,100.0,,0,0.0,,0,0.0
ZWE,Zimbabwe,2022,Flood,1,,0,0.0,,0,0.0,,0,0.0,,0,0.0
ZWE,Zimbabwe,2022,Storm,1,,0,0.0,3000.0,1,100.0,,0,0.0,,0,0.0
ZWE,Zimbabwe,2023,Epidemic,1,719.0,1,100.0,4217.0,1,100.0,,0,0.0,,0,0.0
ZWE,Zimbabwe,2023,Storm,1,2.0,1,100.0,,0,0.0,,0,0.0,,0,0.0
ZWE,Zimbabwe,2024,Drought,1,,0,0.0,7600000.0,1,100.0,500000000.0,1,100.0,513156000.0,1,100.0
ZWE,Zimbabwe,2024,Epidemic,1,13.0,1,100.0,579.0,1,100.0,,0,0.0,,0,0.0
ZWE,Zimbabwe,2026,Flood,1,109.0,1,100.0,41536.0,1,100.0,,0,0.0,,0,0.0
