year,start_month,year_month,region,iso,country,type,records,deaths,deaths_reported,deaths_coverage_pct,affected,affected_reported,affected_coverage_pct,damage_usd,damage_usd_reported,damage_usd_coverage_pct,damage_adjusted_usd,damage_adjusted_usd_reported,damage_adjusted_usd_coverage_pct
2000,1.0,2000-01,Africa,AGO,Angola,Flood,1,31.0,1,100.0,70000.0,1,100.0,10000000.0,1,100.0,18696000.0,1,100.0
2000,1.0,2000-01,Africa,CMR,Cameroon,Epidemic,1,22.0,1,100.0,65.0,1,100.0,,0,0.0,,0,0.0
2000,1.0,2000-01,Africa,COD,Democratic Republic of the Congo,Epidemic,2,26.0,2,100.0,63.0,2,100.0,,0,0.0,,0,0.0
2000,1.0,2000-01,Africa,COG,Congo,Epidemic,1,24.0,1,100.0,,0,0.0,,0,0.0,,0,0.0
2000,1.0,2000-01,Africa,EGY,Egypt,Extreme temperature,1,3.0,1,100.0,105.0,1,100.0,,0,0.0,,0,0.0
2000,1.0,2000-01,Africa,ETH,Ethiopia,Epidemic,2,41.0,2,100.0,249.0,2,100.0,,0,0.0,,0,0.0
2000,1.0,2000-01,Africa,KEN,Kenya,Epidemic,2,13.0,2,100.0,229.0,2,100.0,,0,0.0,,0,0.0
2000,1.0,2000-01,Africa,LSO,Lesotho,Epidemic,1,28.0,1,100.0,1834.0,1,100.0,,0,0.0,,0,0.0
2000,1.0,2000-01,Africa,MOZ,Mozambique,Epidemic,1,11.0,1,100.0,1810.0,1,100.0,,0,0.0,,0,0.0
2000,1.0,2000-01,Africa,MOZ,Mozambique,Flood,1,800.0,1,100.0,4500000.0,1,100.0,419200000.0,1,100.0,783731000.0,1,100.0
2000,1.0,2000-01,Africa,MWI,Malawi,Epidemic,1,83.0,1,100.0,3323.0,1,100.0,,0,0.0,,0,0.0
2000,1.0,2000-01,Africa,NGA,Nigeria,Epidemic,1,12.0,1,100.0,,0,0.0,,0,0.0,,0,0.0
2000,1.0,2000-01,Africa,REU,Réunion,Storm,1,2.0,1,100.0,600.0,1,100.0,,0,0.0,,0,0.0
2000,1.0,2000-01,Africa,SDN,Sudan,Drought,1,,0,0.0,2000000.0,1,100.0,,0,0.0,,0,0.0
2000,1.0,2000-01,Africa,SDN,Sudan,Epidemic,1,186.0,1,100.0,2363.0,1,100.0,,0,0.0,,0,0.0
2000,1.0,2000-01,Africa,SOM,Somalia,Drought,1,21.0,1,100.0,1200000.0,1,100.0,,0,0.0,,0,0.0
2000,1.0,2000-01,Africa,SOM,Somalia,Epidemic,1,230.0,1,100.0,2232.0,1,100.0,,0,0.0,,0,0.0
2000,1.0,2000-01,Africa,SWZ,Eswatini,Flood,1,,0,0.0,272000.0,1,100.0,50000.0,1,100.0,93000.0,1,100.0
2000,1.0,2000-01,Africa,TCD,Chad,Epidemic,1,602.0,1,100.0,4500.0,1,100.0,,0,0.0,,0,0.0
2000,1.0,2000-01,Africa,TZA,United Republic of Tanzania,Epidemic,3,29.0,3,100.0,698.0,3,100.0,,0,0.0,,0,0.0
2000,1.0,2000-01,Africa,ZAF,South Africa,Flood,1,83.0,1,100.0,200.0,1,100.0,160000000.0,1,100.0,299134000.0,1,100.0
2000,1.0,2000-01,Africa,ZAF,South Africa,Wildfire,1,,0,0.0,1250.0,1,100.0,10000000.0,1,100.0,18696000.0,1,100.0
2000,1.0,2000-01,Africa,ZMB,Zambia,Epidemic,1,163.0,1,100.0,1101.0,1,100.0,,0,0.0,,0,0.0
2000,1.0,2000-01,Africa,ZWE,Zimbabwe,Epidemic,1,93.0,1,100.0,1675.0,1,100.0,,0,0.0,,0,0.0
2000,1.0,2000-01,Africa,ZWE,Zimbabwe,Flood,1,70.0,1,100.0,266000.0,1,100.0,72900000.0,1,100.0,136293000.0,1,100.0
2000,1.0,2000-01,Americas,BRA,Brazil,Flood,1,26.0,1,100.0,70000.0,1,100.0,,0,0.0,,0,0.0
2000,1.0,2000-01,Americas,GTM,Guatemala,Volcanic activity,1,,0,0.0,800.0,1,100.0,,0,0.0,,0,0.0
2000,1.0,2000-01,Americas,USA,United States of America,Storm,2,5.0,2,100.0,162.0,1,50.0,560000000.0,2,100.0,1046969000.0,2,100.0
2000,1.0,2000-01,Asia,AFG,Afghanistan,Epidemic,1,507.0,1,100.0,,0,0.0,,0,0.0,,0,0.0
2000,1.0,2000-01,Asia,BGD,Bangladesh,Earthquake,1,,0,0.0,1000.0,1,100.0,,0,0.0,,0,0.0
2000,1.0,2000-01,Asia,BGD,Bangladesh,Extreme temperature,1,49.0,1,100.0,,0,0.0,,0,0.0,,0,0.0
2000,1.0,2000-01,Asia,CHN,China,Earthquake,3,8.0,2,66.67,1927339.0,3,100.0,73983000.0,2,66.67,138318000.0,2,66.67
2000,1.0,2000-01,Asia,CHN,China,Storm,1,9.0,1,100.0,18004.0,1,100.0,3100000.0,1,100.0,5796000.0,1,100.0
2000,1.0,2000-01,Asia,IDN,Indonesia,Epidemic,1,10.0,1,100.0,1516.0,1,100.0,,0,0.0,,0,0.0
2000,1.0,2000-01,Asia,IND,India,Extreme temperature,1,275.0,1,100.0,,0,0.0,,0,0.0,,0,0.0
2000,1.0,2000-01,Asia,IRN,Iran (Islamic Republic of),Storm,1,3.0,1,100.0,5500.0,1,100.0,,0,0.0,,0,0.0
2000,1.0,2000-01,Asia,ISR,Israel,Storm,1,3.0,1,100.0,410.0,1,100.0,2750000.0,1,100.0,5141000.0,1,100.0
2000,1.0,2000-01,Asia,JOR,Jordan,Storm,1,9.0,1,100.0,200.0,1,100.0,,0,0.0,,0,0.0
2000,1.0,2000-01,Asia,KAZ,Kazakhstan,Epidemic,1,,0,0.0,114.0,1,100.0,,0,0.0,,0,0.0
2000,1.0,2000-01,Asia,LAO,Lao People's Democratic Republic,Epidemic,1,,0,0.0,9685.0,1,100.0,,0,0.0,,0,0.0
2000,1.0,2000-01,Asia,MNG,Mongolia,Storm,1,4.0,1,100.0,500000.0,1,100.0,80000000.0,1,100.0,149567000.0,1,100.0
2000,1.0,2000-01,Asia,MYS,Malaysia,Epidemic,1,2.0,1,100.0,480.0,1,100.0,,0,0.0,,0,0.0
2000,1.0,2000-01,Asia,PHL,Philippines,Flood,2,50.0,1,50.0,159135.0,2,100.0,4080000.0,1,50.0,7628000.0,1,50.0
2000,1.0,2000-01,Asia,THA,Thailand,Epidemic,1,89.0,1,100.0,1946.0,1,100.0,,0,0.0,,0,0.0
2000,1.0,2000-01,Europe,BGR,Bulgaria,Extreme temperature,1,,0,0.0,,0,0.0,,0,0.0,,0,0.0
2000,1.0,2000-01,Europe,IRL,Ireland,Epidemic,1,2.0,1,100.0,1374.0,1,100.0,,0,0.0,,0,0.0
2000,1.0,2000-01,Europe,ROU,Romania,Storm,1,14.0,1,100.0,300.0,1,100.0,,0,0.0,,0,0.0
2000,1.0,2000-01,Europe,RUS,Russian Federation,Epidemic,2,,0,0.0,688.0,2,100.0,,0,0.0,,0,0.0
2000,1.0,2000-01,Europe,RUS,Russian Federation,Mass movement (wet),1,20.0,1,100.0,,0,0.0,,0,0.0,,0,0.0
2000,2.0,2000-02,Africa,BEN,Benin,Epidemic,1,36.0,1,100.0,435.0,1,100.0,,0,0.0,,0,0.0
2000,2.0,2000-02,Africa,BWA,Botswana,Flood,1,3.0,1,100.0,138776.0,1,100.0,5000000.0,1,100.0,9348000.0,1,100.0
2000,2.0,2000-02,Africa,ETH,Ethiopia,Wildfire,1,,0,0.0,5.0,1,100.0,,0,0.0,,0,0.0
2000,2.0,2000-02,Africa,KEN,Kenya,Epidemic,1,16.0,1,100.0,229.0,1,100.0,,0,0.0,,0,0.0
2000,2.0,2000-02,Africa,MDG,Madagascar,Storm,1,130.0,1,100.0,736937.0,1,100.0,9000000.0,1,100.0,16826000.0,1,100.0
2000,2.0,2000-02,Africa,MOZ,Mozambique,Storm,1,17.0,1,100.0,,0,0.0,1000000.0,1,100.0,1870000.0,1,100.0
2000,2.0,2000-02,Africa,NAM,Namibia,Flood,1,,0,0.0,5000.0,1,100.0,,0,0.0,,0,0.0
2000,2.0,2000-02,Africa,SOM,Somalia,Epidemic,1,54.0,1,100.0,,0,0.0,,0,0.0,,0,0.0
2000,2.0,2000-02,Africa,TZA,United Republic of Tanzania,Epidemic,1,8.0,1,100.0,200.0,1,100.0,,0,0.0,,0,0.0
2000,2.0,2000-02,Africa,UGA,Uganda,Epidemic,1,22.0,1,100.0,281.0,1,100.0,,0,0.0,,0,0.0
2000,2.0,2000-02,Africa,ZAF,South Africa,Storm,1,1.0,1,100.0,300.0,1,100.0,,0,0.0,,0,0.0
2000,2.0,2000-02,Americas,BOL,Bolivia (Plurinational State of),Flood,1,30.0,1,100.0,10.0,1,100.0,,0,0.0,,0,0.0
2000,2.0,2000-02,Americas,COL,Colombia,Flood,1,8.0,1,100.0,39000.0,1,100.0,,0,0.0,,0,0.0
2000,2.0,2000-02,Americas,HND,Honduras,Wildfire,1,,0,0.0,,0,0.0,,0,0.0,,0,0.0
2000,2.0,2000-02,Americas,USA,United States of America,Flood,1,3.0,1,100.0,231.0,1,100.0,,0,0.0,,0,0.0
2000,2.0,2000-02,Americas,USA,United States of America,Storm,1,22.0,1,100.0,1000.0,1,100.0,,0,0.0,,0,0.0
2000,2.0,2000-02,Americas,USA,United States of America,Wildfire,1,,0,0.0,600.0,1,100.0,,0,0.0,,0,0.0
2000,2.0,2000-02,Asia,IDN,Indonesia,Mass movement (wet),1,34.0,1,100.0,,0,0.0,11600000.0,1,100.0,21687000.0,1,100.0
2000,2.0,2000-02,Asia,IDN,Indonesia,Wildfire,1,,0,0.0,,0,0.0,,0,0.0,,0,0.0
2000,2.0,2000-02,Asia,IRN,Iran (Islamic Republic of),Earthquake,2,1.0,1,50.0,3015.0,2,100.0,,0,0.0,,0,0.0
2000,2.0,2000-02,Asia,MNG,Mongolia,Drought,1,,0,0.0,450000.0,1,100.0,,0,0.0,,0,0.0
2000,2.0,2000-02,Asia,PHL,Philippines,Volcanic activity,1,,0,0.0,68426.0,1,100.0,2214000.0,1,100.0,4139000.0,1,100.0
2000,2.0,2000-02,Europe,BIH,Bosnia and Herzegovina,Mass movement (wet),1,6.0,1,100.0,403.0,1,100.0,,0,0.0,,0,0.0
2000,2.0,2000-02,Europe,RUS,Russian Federation,Extreme temperature,1,13.0,1,100.0,252.0,1,100.0,,0,0.0,,0,0.0
2000,2.0,2000-02,Oceania,AUS,Australia,Storm,1,1.0,1,100.0,200.0,1,100.0,90000000.0,1,100.0,168263000.0,1,100.0
2000,3.0,2000-03,Africa,AGO,Angola,Flood,1,3.0,1,100.0,6000.0,1,100.0,,0,0.0,,0,0.0
2000,3.0,2000-03,Africa,BEN,Benin,Epidemic,1,15.0,1,100.0,95.0,1,100.0,,0,0.0,,0,0.0
2000,3.0,2000-03,Africa,CAF,Central African Republic,Epidemic,1,108.0,1,100.0,712.0,1,100.0,,0,0.0,,0,0.0
2000,3.0,2000-03,Africa,ETH,Ethiopia,Epidemic,1,19.0,1,100.0,855.0,1,100.0,,0,0.0,,0,0.0
2000,3.0,2000-03,Africa,MOZ,Mozambique,Epidemic,1,,0,0.0,16773.0,1,100.0,,0,0.0,,0,0.0
2000,3.0,2000-03,Africa,MWI,Malawi,Flood,1,,0,0.0,20000.0,1,100.0,1000000.0,1,100.0,1870000.0,1,100.0
2000,3.0,2000-03,Africa,NER,Niger,Epidemic,1,128.0,1,100.0,1067.0,1,100.0,,0,0.0,,0,0.0
2000,3.0,2000-03,Africa,ZMB,Zambia,Epidemic,1,,0,0.0,123.0,1,100.0,,0,0.0,,0,0.0
2000,3.0,2000-03,Africa,ZMB,Zambia,Flood,1,,0,0.0,12000.0,1,100.0,,0,0.0,,0,0.0
2000,3.0,2000-03,Americas,ARG,Argentina,Flood,1,7.0,1,100.0,6000.0,1,100.0,,0,0.0,,0,0.0
2000,3.0,2000-03,Americas,BOL,Bolivia (Plurinational State of),Flood,1,,0,0.0,7000.0,1,100.0,,0,0.0,,0,0.0
2000,3.0,2000-03,Americas,ECU,Ecuador,Epidemic,2,8.0,1,50.0,100220.0,2,100.0,,0,0.0,,0,0.0
2000,3.0,2000-03,Americas,JAM,Jamaica,Drought,1,,0,0.0,,0,0.0,6000000.0,1,100.0,11218000.0,1,100.0
2000,3.0,2000-03,Americas,PER,Peru,Flood,1,22.0,1,100.0,50.0,1,100.0,,0,0.0,,0,0.0
2000,3.0,2000-03,Americas,USA,United States of America,Storm,1,5.0,1,100.0,3300.0,1,100.0,450000000.0,1,100.0,841314000.0,1,100.0
2000,3.0,2000-03,Asia,BGD,Bangladesh,Epidemic,1,,0,0.0,3352.0,1,100.0,,0,0.0,,0,0.0
2000,3.0,2000-03,Asia,BGD,Bangladesh,Storm,1,,0,0.0,3050.0,1,100.0,,0,0.0,,0,0.0
2000,3.0,2000-03,Asia,CHN,China,Storm,1,16.0,1,100.0,53.0,1,100.0,,0,0.0,,0,0.0
2000,3.0,2000-03,Asia,CYP,Cyprus,Drought,1,,0,0.0,,0,0.0,,0,0.0,,0,0.0
2000,3.0,2000-03,Asia,JPN,Japan,Volcanic activity,1,,0,0.0,12400.0,1,100.0,,0,0.0,,0,0.0
2000,3.0,2000-03,Asia,KOR,Republic of Korea,Epidemic,1,6.0,1,100.0,39531.0,1,100.0,,0,0.0,,0,0.0
2000,3.0,2000-03,Asia,PAK,Pakistan,Epidemic,1,95.0,1,100.0,,0,0.0,,0,0.0,,0,0.0
2000,3.0,2000-03,Asia,SAU,Saudi Arabia,Epidemic,1,57.0,1,100.0,168.0,1,100.0,,0,0.0,,0,0.0
2000,3.0,2000-03,Europe,AUT,Austria,Mass movement (wet),1,13.0,1,100.0,,0,0.0,,0,0.0,,0,0.0
2000,3.0,2000-03,Europe,BGR,Bulgaria,Drought,1,,0,0.0,,0,0.0,,0,0.0,,0,0.0
2000,3.0,2000-03,Europe,CZE,Czechia,Flood,1,3.0,1,100.0,,0,0.0,80000000.0,1,100.0,149567000.0,1,100.0
2000,3.0,2000-03,Europe,ROU,Romania,Flood,1,,0,0.0,3000.0,1,100.0,500000.0,1,100.0,935000.0,1,100.0
2000,3.0,2000-03,Europe,RUS,Russian Federation,Flood,1,,0,0.0,19800.0,1,100.0,5273000.0,1,100.0,9858000.0,1,100.0
2000,4.0,2000-04,Africa,AGO,Angola,Flood,1,1.0,1,100.0,3000.0,1,100.0,,0,0.0,,0,0.0
2000,4.0,2000-04,Africa,MDG,Madagascar,Storm,1,23.0,1,100.0,369272.0,1,100.0,,0,0.0,,0,0.0
2000,4.0,2000-04,Africa,MOZ,Mozambique,Storm,1,3.0,1,100.0,304.0,1,100.0,,0,0.0,,0,0.0
2000,4.0,2000-04,Africa,SOM,Somalia,Epidemic,1,390.0,1,100.0,,0,0.0,,0,0.0,,0,0.0
2000,4.0,2000-04,Americas,BOL,Bolivia (Plurinational State of),Drought,1,,0,0.0,20000.0,1,100.0,,0,0.0,,0,0.0
2000,4.0,2000-04,Americas,ECU,Ecuador,Mass movement (wet),1,14.0,1,100.0,205.0,1,100.0,,0,0.0,,0,0.0
2000,4.0,2000-04,Americas,GUF,French Guiana,Mass movement (wet),1,10.0,1,100.0,5.0,1,100.0,,0,0.0,,0,0.0
2000,4.0,2000-04,Asia,BGD,Bangladesh,Storm,2,20.0,1,50.0,69812.0,2,100.0,,0,0.0,,0,0.0
2000,4.0,2000-04,Asia,CHN,China,Drought,1,,0,0.0,15000000.0,1,100.0,796115000.0,1,100.0,1488407000.0,1,100.0
2000,4.0,2000-04,Asia,CHN,China,Flood,1,15.0,1,100.0,40000.0,1,100.0,12000000.0,1,100.0,22435000.0,1,100.0
2000,4.0,2000-04,Asia,IND,India,Drought,1,20.0,1,100.0,50000000.0,1,100.0,588000000.0,1,100.0,1099317000.0,1,100.0
2000,4.0,2000-04,Asia,KAZ,Kazakhstan,Flood,1,,0,0.0,2500.0,1,100.0,1500000.0,1,100.0,2804000.0,1,100.0
2000,4.0,2000-04,Asia,KOR,Republic of Korea,Wildfire,1,2.0,1,100.0,1533.0,1,100.0,,0,0.0,,0,0.0
2000,4.0,2000-04,Asia,TUR,Türkiye,Wildfire,1,,0,0.0,350.0,1,100.0,,0,0.0,,0,0.0
2000,4.0,2000-04,Europe,GBR,United Kingdom of Great Britain and Northern Ireland,Flood,1,,0,0.0,2000.0,1,100.0,,0,0.0,,0,0.0
2000,4.0,2000-04,Europe,HUN,Hungary,Flood,1,1.0,1,100.0,2000.0,1,100.0,55000000.0,1,100.0,102827000.0,1,100.0
2000,4.0,2000-04,Europe,ROU,Romania,Flood,1,9.0,1,100.0,60431.0,1,100.0,100000000.0,1,100.0,186959000.0,1,100.0
2000,4.0,2000-04,Europe,RUS,Russian Federation,Flood,1,1.0,1,100.0,23000.0,1,100.0,,0,0.0,,0,0.0
2000,4.0,2000-04,Europe,SCG,Serbia Montenegro,Flood,1,,0,0.0,4000.0,1,100.0,,0,0.0,,0,0.0
2000,4.0,2000-04,Oceania,AUS,Australia,Infestation,1,,0,0.0,,0,0.0,120000000.0,1,100.0,224350000.0,1,100.0
2000,4.0,2000-04,Oceania,AUS,Australia,Storm,1,,0,0.0,400.0,1,100.0,60000000.0,1,100.0,112175000.0,1,100.0
2000,4.0,2000-04,Oceania,FSM,Micronesia (Federated States of),Epidemic,1,19.0,1,100.0,3431.0,1,100.0,,0,0.0,,0,0.0
2000,5.0,2000-05,Africa,AGO,Angola,Flood,1,11.0,1,100.0,11.0,1,100.0,,0,0.0,,0,0.0
2000,5.0,2000-05,Africa,BDI,Burundi,Epidemic,1,,0,0.0,100.0,1,100.0,,0,0.0,,0,0.0
2000,5.0,2000-05,Africa,CAF,Central African Republic,Epidemic,1,300.0,1,100.0,1700.0,1,100.0,,0,0.0,,0,0.0
2000,5.0,2000-05,Africa,ETH,Ethiopia,Epidemic,1,51.0,1,100.0,,0,0.0,,0,0.0,,0,0.0
2000,5.0,2000-05,Africa,LBR,Liberia,Epidemic,1,3.0,1,100.0,112.0,1,100.0,,0,0.0,,0,0.0
2000,5.0,2000-05,Africa,NER,Niger,Epidemic,1,15.0,1,100.0,63.0,1,100.0,,0,0.0,,0,0.0
2000,5.0,2000-05,Africa,NGA,Nigeria,Epidemic,2,87.0,2,100.0,1255.0,2,100.0,,0,0.0,,0,0.0
2000,5.0,2000-05,Africa,SOM,Somalia,Flood,1,,0,0.0,3500.0,1,100.0,,0,0.0,,0,0.0
2000,5.0,2000-05,Americas,ARG,Argentina,Flood,1,4.0,1,100.0,30040.0,1,100.0,,0,0.0,,0,0.0
2000,5.0,2000-05,Americas,COL,Colombia,Flood,1,96.0,1,100.0,12000.0,1,100.0,,0,0.0,,0,0.0
2000,5.0,2000-05,Americas,ECU,Ecuador,Flood,1,34.0,1,100.0,32.0,1,100.0,,0,0.0,,0,0.0
2000,5.0,2000-05,Americas,MEX,Mexico,Flood,2,19.0,2,100.0,2000.0,1,50.0,,0,0.0,,0,0.0
2000,5.0,2000-05,Americas,URY,Uruguay,Flood,1,,0,0.0,5000.0,1,100.0,,0,0.0,,0,0.0
2000,5.0,2000-05,Americas,USA,United States of America,Flood,4,5.0,3,75.0,2840.0,4,100.0,100000000.0,1,25.0,186959000.0,1,25.0
2000,5.0,2000-05,Americas,USA,United States of America,Storm,2,,0,0.0,,0,0.0,28500000.0,1,50.0,53283000.0,1,50.0
2000,5.0,2000-05,Americas,USA,United States of America,Wildfire,2,,0,0.0,25400.0,1,50.0,1500000000.0,1,50.0,2804381000.0,1,50.0
2000,5.0,2000-05,Asia,AFG,Afghanistan,Drought,1,37.0,1,100.0,2580000.0,1,100.0,50000.0,1,100.0,93000.0,1,100.0
2000,5.0,2000-05,Asia,AFG,Afghanistan,Epidemic,1,16.0,1,100.0,11.0,1,100.0,,0,0.0,,0,0.0
2000,5.0,2000-05,Asia,BGD,Bangladesh,Storm,2,64.0,2,100.0,71000.0,1,50.0,,0,0.0,,0,0.0
2000,5.0,2000-05,Asia,CHN,China,Flood,1,34.0,1,100.0,154183.0,1,100.0,22000000.0,1,100.0,41131000.0,1,100.0
2000,5.0,2000-05,Asia,CHN,China,Storm,1,26.0,1,100.0,,0,0.0,5000000.0,1,100.0,9348000.0,1,100.0
2000,5.0,2000-05,Asia,IDN,Indonesia,Earthquake,1,45.0,1,100.0,52770.0,1,100.0,30000000.0,1,100.0,56088000.0,1,100.0
2000,5.0,2000-05,Asia,IDN,Indonesia,Epidemic,1,15.0,1,100.0,203.0,1,100.0,,0,0.0,,0,0.0
2000,5.0,2000-05,Asia,IDN,Indonesia,Flood,1,126.0,1,100.0,50000.0,1,100.0,79000000.0,1,100.0,147697000.0,1,100.0
2000,5.0,2000-05,Asia,IND,India,Epidemic,2,84.0,1,50.0,1247.0,2,100.0,,0,0.0,,0,0.0
2000,5.0,2000-05,Asia,IRN,Iran (Islamic Republic of),Epidemic,1,76.0,1,100.0,,0,0.0,,0,0.0,,0,0.0
2000,5.0,2000-05,Asia,JPN,Japan,Storm,1,,0,0.0,12100.0,1,100.0,350000000.0,1,100.0,654356000.0,1,100.0
2000,5.0,2000-05,Asia,NPL,Nepal,Epidemic,1,250.0,1,100.0,,0,0.0,,0,0.0,,0,0.0
2000,5.0,2000-05,Asia,PHL,Philippines,Storm,1,12.0,1,100.0,235889.0,1,100.0,1201000.0,1,100.0,2245000.0,1,100.0
2000,5.0,2000-05,Asia,TJK,Tajikistan,Drought,1,,0,0.0,3000000.0,1,100.0,57000000.0,1,100.0,106566000.0,1,100.0
2000,5.0,2000-05,Asia,TUR,Türkiye,Earthquake,1,1.0,1,100.0,1000.0,1,100.0,,0,0.0,,0,0.0
2000,5.0,2000-05,Asia,TUR,Türkiye,Flood,1,2.0,1,100.0,1000.0,1,100.0,40000000.0,1,100.0,74783000.0,1,100.0
2000,5.0,2000-05,Europe,AUT,Austria,Storm,1,,0,0.0,,0,0.0,20000000.0,1,100.0,37392000.0,1,100.0
2000,5.0,2000-05,Europe,BLR,Belarus,Extreme temperature,1,,0,0.0,,0,0.0,30300000.0,1,100.0,56648000.0,1,100.0
2000,5.0,2000-05,Europe,GRC,Greece,Earthquake,1,,0,0.0,600.0,1,100.0,,0,0.0,,0,0.0
2000,5.0,2000-05,Europe,MDA,Republic of Moldova,Drought,1,2.0,1,100.0,,0,0.0,,0,0.0,,0,0.0
2000,5.0,2000-05,Europe,RUS,Russian Federation,Flood,1,,0,0.0,1200.0,1,100.0,,0,0.0,,0,0.0
2000,5.0,2000-05,Europe,RUS,Russian Federation,Wildfire,1,,0,0.0,,0,0.0,,0,0.0,,0,0.0
2000,5.0,2000-05,Europe,UKR,Ukraine,Extreme temperature,1,,0,0.0,,0,0.0,85000000.0,1,100.0,158915000.0,1,100.0
2000,6.0,2000-06,Africa,DJI,Djibouti,Epidemic,1,4.0,1,100.0,419.0,1,100.0,,0,0.0,,0,0.0
2000,6.0,2000-06,Africa,ETH,Ethiopia,Flood,1,60.0,1,100.0,,0,0.0,,0,0.0,,0,0.0
2000,6.0,2000-06,Africa,KEN,Kenya,Epidemic,1,7.0,1,100.0,221.0,1,100.0,,0,0.0,,0,0.0
2000,6.0,2000-06,Africa,LBR,Liberia,Epidemic,1,10.0,1,100.0,,0,0.0,,0,0.0,,0,0.0
2000,6.0,2000-06,Africa,MDG,Madagascar,Drought,1,,0,0.0,231290.0,1,100.0,,0,0.0,,0,0.0
2000,6.0,2000-06,Africa,NGA,Nigeria,Flood,1,,0,0.0,250.0,1,100.0,,0,0.0,,0,0.0
2000,6.0,2000-06,Africa,SLE,Sierra Leone,Epidemic,1,38.0,1,100.0,,0,0.0,,0,0.0,,0,0.0
2000,6.0,2000-06,Americas,ARG,Argentina,Extreme temperature,1,15.0,1,100.0,300.0,1,100.0,,0,0.0,,0,0.0
2000,6.0,2000-06,Americas,CHL,Chile,Flood,2,16.0,2,100.0,181667.0,2,100.0,30000000.0,1,50.0,56088000.0,1,50.0
2000,6.0,2000-06,Americas,CRI,Costa Rica,Mass movement (wet),1,7.0,1,100.0,200.0,1,100.0,,0,0.0,,0,0.0
2000,6.0,2000-06,Americas,GTM,Guatemala,Flood,1,16.0,1,100.0,2524.0,1,100.0,,0,0.0,,0,0.0
2000,6.0,2000-06,Americas,MEX,Mexico,Flood,1,120.0,1,100.0,,0,0.0,,0,0.0,,0,0.0
2000,6.0,2000-06,Americas,NIC,Nicaragua,Flood,1,,0,0.0,5500.0,1,100.0,,0,0.0,,0,0.0
2000,6.0,2000-06,Americas,PER,Peru,Infestation,1,,0,0.0,,0,0.0,,0,0.0,,0,0.0
2000,6.0,2000-06,Americas,USA,United States of America,Drought,1,,0,0.0,,0,0.0,1100000000.0,1,100.0,2056546000.0,1,100.0
2000,6.0,2000-06,Americas,USA,United States of America,Wildfire,2,,0,0.0,9087.0,2,100.0,,0,0.0,,0,0.0
2000,6.0,2000-06,Asia,ARM,Armenia,Drought,1,,0,0.0,297000.0,1,100.0,100000000.0,1,100.0,186959000.0,1,100.0
2000,6.0,2000-06,Asia,BGD,Bangladesh,Flood,1,11.0,1,100.0,200050.0,1,100.0,,0,0.0,,0,0.0
2000,6.0,2000-06,Asia,BGD,Bangladesh,Storm,1,,0,0.0,2537.0,1,100.0,,0,0.0,,0,0.0
2000,6.0,2000-06,Asia,CHN,China,Earthquake,1,,0,0.0,100.0,1,100.0,,0,0.0,,0,0.0
2000,6.0,2000-06,Asia,CHN,China,Flood,3,80.0,3,100.0,346010.0,3,100.0,79000000.0,2,66.67,147697000.0,2,66.67
2000,6.0,2000-06,Asia,CHN,China,Mass movement (wet),1,71.0,1,100.0,2000.0,1,100.0,,0,0.0,,0,0.0
2000,6.0,2000-06,Asia,CHN,China,Storm,1,33.0,1,100.0,10.0,1,100.0,,0,0.0,,0,0.0
2000,6.0,2000-06,Asia,CYP,Cyprus,Wildfire,1,,0,0.0,,0,0.0,,0,0.0,,0,0.0
2000,6.0,2000-06,Asia,IDN,Indonesia,Earthquake,2,104.0,2,100.0,207714.0,2,100.0,41000000.0,1,50.0,76653000.0,1,50.0
2000,6.0,2000-06,Asia,IDN,Indonesia,Mass movement (wet),1,,0,0.0,520.0,1,100.0,,0,0.0,,0,0.0
2000,6.0,2000-06,Asia,IND,India,Flood,1,20.0,1,100.0,3000000.0,1,100.0,,0,0.0,,0,0.0
2000,6.0,2000-06,Asia,IND,India,Mass movement (wet),1,43.0,1,100.0,,0,0.0,,0,0.0,,0,0.0
2000,6.0,2000-06,Asia,LAO,Lao People's Democratic Republic,Epidemic,1,44.0,1,100.0,,0,0.0,,0,0.0,,0,0.0
2000,6.0,2000-06,Asia,NPL,Nepal,Flood,1,144.0,1,100.0,50070.0,1,100.0,6300000.0,1,100.0,11778000.0,1,100.0
2000,6.0,2000-06,Asia,PAK,Pakistan,Epidemic,1,4.0,1,100.0,246.0,1,100.0,,0,0.0,,0,0.0
2000,6.0,2000-06,Asia,PAK,Pakistan,Extreme temperature,1,24.0,1,100.0,,0,0.0,,0,0.0,,0,0.0
2000,6.0,2000-06,Asia,THA,Thailand,Flood,1,,0,0.0,2500.0,1,100.0,,0,0.0,,0,0.0
2000,6.0,2000-06,Asia,TUR,Türkiye,Earthquake,1,2.0,1,100.0,23080.0,1,100.0,,0,0.0,,0,0.0
2000,6.0,2000-06,Asia,TUR,Türkiye,Extreme temperature,1,11.0,1,100.0,300.0,1,100.0,1000000.0,1,100.0,1870000.0,1,100.0
2000,6.0,2000-06,Asia,VNM,Viet Nam,Storm,1,3.0,1,100.0,129.0,1,100.0,,0,0.0,,0,0.0
2000,6.0,2000-06,Europe,BGR,Bulgaria,Extreme temperature,1,7.0,1,100.0,,0,0.0,50000.0,1,100.0,93000.0,1,100.0
2000,6.0,2000-06,Europe,ESP,Spain,Flood,1,16.0,1,100.0,500.0,1,100.0,,0,0.0,,0,0.0
2000,6.0,2000-06,Europe,FRA,France,Flood,1,1.0,1,100.0,200.0,1,100.0,,0,0.0,,0,0.0
2000,6.0,2000-06,Europe,GBR,United Kingdom of Great Britain and Northern Ireland,Flood,1,,0,0.0,2000.0,1,100.0,18150000.0,1,100.0,33933000.0,1,100.0
2000,6.0,2000-06,Europe,HRV,Croatia,Extreme temperature,1,40.0,1,100.0,200.0,1,100.0,240000000.0,1,100.0,448701000.0,1,100.0
2000,6.0,2000-06,Europe,ISL,Iceland,Earthquake,2,,0,0.0,199.0,2,100.0,24000000.0,2,100.0,44870000.0,2,100.0
2000,6.0,2000-06,Europe,ROU,Romania,Drought,1,,0,0.0,,0,0.0,500000000.0,1,100.0,934794000.0,1,100.0
2000,6.0,2000-06,Europe,RUS,Russian Federation,Epidemic,1,,0,0.0,100.0,1,100.0,,0,0.0,,0,0.0
2000,6.0,2000-06,Europe,RUS,Russian Federation,Flood,1,,0,0.0,,0,0.0,,0,0.0,,0,0.0
2000,6.0,2000-06,Europe,RUS,Russian Federation,Wildfire,1,,0,0.0,,0,0.0,,0,0.0,,0,0.0
2000,7.0,2000-07,Africa,CAF,Central African Republic,Epidemic,1,40.0,1,100.0,160.0,1,100.0,,0,0.0,,0,0.0
2000,7.0,2000-07,Africa,ETH,Ethiopia,Mass movement (wet),1,4.0,1,100.0,165.0,1,100.0,,0,0.0,,0,0.0
2000,7.0,2000-07,Africa,NER,Niger,Flood,1,2.0,1,100.0,4159.0,1,100.0,,0,0.0,,0,0.0
2000,7.0,2000-07,Africa,RWA,Rwanda,Epidemic,1,10.0,1,100.0,164.0,1,100.0,,0,0.0,,0,0.0
2000,7.0,2000-07,Africa,SOM,Somalia,Flood,1,,0,0.0,220000.0,1,100.0,,0,0.0,,0,0.0
2000,7.0,2000-07,Americas,BOL,Bolivia (Plurinational State of),Extreme temperature,1,6.0,1,100.0,25277.0,1,100.0,,0,0.0,,0,0.0
2000,7.0,2000-07,Americas,BRA,Brazil,Mass movement (wet),1,60.0,1,100.0,143000.0,1,100.0,75000000.0,1,100.0,140219000.0,1,100.0
2000,7.0,2000-07,Americas,CAN,Canada,Storm,1,11.0,1,100.0,840.0,1,100.0,13000000.0,1,100.0,24305000.0,1,100.0
2000,7.0,2000-07,Americas,CHL,Chile,Extreme temperature,1,,0,0.0,,0,0.0,10000000.0,1,100.0,18696000.0,1,100.0
2000,7.0,2000-07,Americas,HND,Honduras,Drought,1,,0,0.0,1125.0,1,100.0,,0,0.0,,0,0.0
2000,7.0,2000-07,Americas,NIC,Nicaragua,Drought,1,,0,0.0,,0,0.0,,0,0.0,,0,0.0
2000,7.0,2000-07,Americas,NIC,Nicaragua,Earthquake,1,7.0,1,100.0,7477.0,1,100.0,,0,0.0,,0,0.0
2000,7.0,2000-07,Americas,PRY,Paraguay,Extreme temperature,1,8.0,1,100.0,,0,0.0,,0,0.0,,0,0.0
2000,7.0,2000-07,Americas,URY,Uruguay,Extreme temperature,1,7.0,1,100.0,400.0,1,100.0,,0,0.0,,0,0.0
2000,7.0,2000-07,Americas,USA,United States of America,Extreme temperature,1,35.0,1,100.0,,0,0.0,,0,0.0,,0,0.0
2000,7.0,2000-07,Americas,USA,United States of America,Flood,1,,0,0.0,300.0,1,100.0,,0,0.0,,0,0.0
2000,7.0,2000-07,Americas,USA,United States of America,Storm,1,1.0,1,100.0,1035.0,1,100.0,8100000.0,1,100.0,15144000.0,1,100.0
2000,7.0,2000-07,Americas,USA,United States of America,Wildfire,2,14.0,1,50.0,1000.0,1,50.0,1000000000.0,1,50.0,1869587000.0,1,50.0
2000,7.0,2000-07,Asia,BGD,Bangladesh,Epidemic,1,21.0,1,100.0,522.0,1,100.0,,0,0.0,,0,0.0
2000,7.0,2000-07,Asia,CHN,China,Flood,2,257.0,2,100.0,18214.0,1,50.0,172000000.0,1,50.0,321569000.0,1,50.0
2000,7.0,2000-07,Asia,CHN,China,Storm,1,11.0,1,100.0,20500.0,1,100.0,480000.0,1,100.0,897000.0,1,100.0
2000,7.0,2000-07,Asia,CYP,Cyprus,Extreme temperature,1,5.0,1,100.0,400.0,1,100.0,,0,0.0,,0,0.0
2000,7.0,2000-07,Asia,IDN,Indonesia,Earthquake,1,,0,0.0,4124.0,1,100.0,2000000.0,1,100.0,3739000.0,1,100.0
2000,7.0,2000-07,Asia,IND,India,Epidemic,1,27.0,1,100.0,79.0,1,100.0,,0,0.0,,0,0.0
2000,7.0,2000-07,Asia,IND,India,Flood,1,130.0,1,100.0,,0,0.0,,0,0.0,,0,0.0
2000,7.0,2000-07,Asia,IND,India,Mass movement (wet),1,58.0,1,100.0,7038.0,1,100.0,,0,0.0,,0,0.0
2000,7.0,2000-07,Asia,ISR,Israel,Extreme temperature,1,,0,0.0,,0,0.0,,0,0.0,,0,0.0
2000,7.0,2000-07,Asia,JOR,Jordan,Extreme temperature,1,,0,0.0,12.0,1,100.0,,0,0.0,,0,0.0
2000,7.0,2000-07,Asia,JPN,Japan,Earthquake,1,1.0,1,100.0,100.0,1,100.0,,0,0.0,,0,0.0
2000,7.0,2000-07,Asia,JPN,Japan,Storm,1,4.0,1,100.0,900.0,1,100.0,300000000.0,1,100.0,560876000.0,1,100.0
2000,7.0,2000-07,Asia,KHM,Cambodia,Flood,1,347.0,1,100.0,3448053.0,1,100.0,160000000.0,1,100.0,299134000.0,1,100.0
2000,7.0,2000-07,Asia,KOR,Republic of Korea,Flood,1,13.0,1,100.0,2589.0,1,100.0,23000000.0,1,100.0,43001000.0,1,100.0
2000,7.0,2000-07,Asia,NPL,Nepal,Epidemic,1,69.0,1,100.0,592.0,1,100.0,,0,0.0,,0,0.0
2000,7.0,2000-07,Asia,PHL,Philippines,Mass movement (wet),1,287.0,1,100.0,2838.0,1,100.0,,0,0.0,,0,0.0
2000,7.0,2000-07,Asia,PHL,Philippines,Storm,2,86.0,2,100.0,1603321.0,2,100.0,33263000.0,2,100.0,62188000.0,2,100.0
2000,7.0,2000-07,Asia,THA,Thailand,Flood,1,47.0,1,100.0,2500000.0,1,100.0,51050000.0,1,100.0,95442000.0,1,100.0
2000,7.0,2000-07,Asia,VNM,Viet Nam,Flood,1,460.0,1,100.0,5000004.0,1,100.0,250000000.0,1,100.0,467397000.0,1,100.0
2000,7.0,2000-07,Asia,VNM,Viet Nam,Mass movement (wet),1,33.0,1,100.0,22.0,1,100.0,,0,0.0,,0,0.0
2000,7.0,2000-07,Asia,VNM,Viet Nam,Storm,1,,0,0.0,2005.0,1,100.0,,0,0.0,,0,0.0
2000,7.0,2000-07,Europe,BGR,Bulgaria,Wildfire,1,7.0,1,100.0,167.0,1,100.0,17600000.0,1,100.0,32905000.0,1,100.0
2000,7.0,2000-07,Europe,FRA,France,Flood,1,1.0,1,100.0,600.0,1,100.0,,0,0.0,,0,0.0
2000,7.0,2000-07,Europe,GRC,Greece,Extreme temperature,1,27.0,1,100.0,176.0,1,100.0,3000000.0,1,100.0,5609000.0,1,100.0
2000,7.0,2000-07,Europe,GRC,Greece,Wildfire,1,2.0,1,100.0,102.0,1,100.0,,0,0.0,,0,0.0
2000,7.0,2000-07,Europe,ROU,Romania,Extreme temperature,1,6.0,1,100.0,100.0,1,100.0,,0,0.0,,0,0.0
2000,7.0,2000-07,Europe,RUS,Russian Federation,Flood,1,2.0,1,100.0,24000.0,1,100.0,30000000.0,1,100.0,56088000.0,1,100.0
2000,7.0,2000-07,Europe,RUS,Russian Federation,Mass movement (wet),1,7.0,1,100.0,508.0,1,100.0,,0,0.0,,0,0.0
2000,7.0,2000-07,Europe,RUS,Russian Federation,Wildfire,2,,0,0.0,,0,0.0,,0,0.0,,0,0.0
2000,7.0,2000-07,Europe,SCG,Serbia Montenegro,Extreme temperature,1,3.0,1,100.0,70.0,1,100.0,,0,0.0,,0,0.0
2000,7.0,2000-07,Europe,UKR,Ukraine,Storm,2,6.0,2,100.0,42010.0,2,100.0,,0,0.0,,0,0.0
2000,8.0,2000-08,Africa,AGO,Angola,Epidemic,1,18.0,1,100.0,117.0,1,100.0,,0,0.0,,0,0.0
2000,8.0,2000-08,Africa,CMR,Cameroon,Flood,1,3.0,1,100.0,500.0,1,100.0,,0,0.0,,0,0.0
2000,8.0,2000-08,Africa,ETH,Ethiopia,Flood,1,9.0,1,100.0,30000.0,1,100.0,,0,0.0,,0,0.0
2000,8.0,2000-08,Africa,KEN,Kenya,Epidemic,1,14.0,1,100.0,42.0,1,100.0,,0,0.0,,0,0.0
2000,8.0,2000-08,Africa,MAR,Morocco,Extreme temperature,1,,0,0.0,,0,0.0,809000.0,1,100.0,1512000.0,1,100.0
2000,8.0,2000-08,Africa,MLI,Mali,Flood,1,15.0,1,100.0,,0,0.0,,0,0.0,,0,0.0
2000,8.0,2000-08,Africa,NER,Niger,Epidemic,1,47.0,1,100.0,21.0,1,100.0,,0,0.0,,0,0.0
2000,8.0,2000-08,Africa,NGA,Nigeria,Flood,2,4.0,1,50.0,1750.0,2,100.0,1900000.0,1,50.0,3552000.0,1,50.0
2000,8.0,2000-08,Africa,UGA,Uganda,Epidemic,1,224.0,1,100.0,423.0,1,100.0,,0,0.0,,0,0.0
2000,8.0,2000-08,Africa,ZAF,South Africa,Epidemic,1,181.0,1,100.0,86107.0,1,100.0,,0,0.0,,0,0.0
2000,8.0,2000-08,Americas,CUB,Cuba,Drought,1,,0,0.0,,0,0.0,,0,0.0,,0,0.0
2000,8.0,2000-08,Americas,USA,United States of America,Flood,1,,0,0.0,175.0,1,100.0,166000000.0,1,100.0,310352000.0,1,100.0
2000,8.0,2000-08,Asia,AFG,Afghanistan,Epidemic,1,19.0,1,100.0,1604.0,1,100.0,,0,0.0,,0,0.0
2000,8.0,2000-08,Asia,BGD,Bangladesh,Flood,1,1.0,1,100.0,12010.0,1,100.0,,0,0.0,,0,0.0
2000,8.0,2000-08,Asia,BTN,Bhutan,Flood,1,200.0,1,100.0,1000.0,1,100.0,,0,0.0,,0,0.0
2000,8.0,2000-08,Asia,CHN,China,Drought,1,,0,0.0,5000000.0,1,100.0,,0,0.0,,0,0.0
2000,8.0,2000-08,Asia,CHN,China,Earthquake,1,1.0,1,100.0,177611.0,1,100.0,43000000.0,1,100.0,80392000.0,1,100.0
2000,8.0,2000-08,Asia,CHN,China,Mass movement (wet),1,14.0,1,100.0,27.0,1,100.0,2400000.0,1,100.0,4487000.0,1,100.0
2000,8.0,2000-08,Asia,CHN,China,Storm,3,25.0,3,100.0,42322.0,3,100.0,82741000.0,3,100.0,154692000.0,3,100.0
2000,8.0,2000-08,Asia,GEO,Georgia,Drought,1,,0,0.0,696000.0,1,100.0,200000000.0,1,100.0,373917000.0,1,100.0
2000,8.0,2000-08,Asia,IND,India,Epidemic,2,53.0,2,100.0,174.0,2,100.0,,0,0.0,,0,0.0
2000,8.0,2000-08,Asia,IND,India,Flood,2,1046.0,2,100.0,22252016.0,2,100.0,216000000.0,2,100.0,403831000.0,2,100.0
2000,8.0,2000-08,Asia,IND,India,Mass movement (wet),1,86.0,1,100.0,,0,0.0,,0,0.0,,0,0.0
2000,8.0,2000-08,Asia,IRN,Iran (Islamic Republic of),Flood,1,8.0,1,100.0,400.0,1,100.0,6000000.0,1,100.0,11218000.0,1,100.0
2000,8.0,2000-08,Asia,ISR,Israel,Epidemic,1,12.0,1,100.0,139.0,1,100.0,,0,0.0,,0,0.0
2000,8.0,2000-08,Asia,JOR,Jordan,Drought,1,,0,0.0,150000.0,1,100.0,,0,0.0,,0,0.0
2000,8.0,2000-08,Asia,JPN,Japan,Volcanic activity,1,,0,0.0,4000.0,1,100.0,,0,0.0,,0,0.0
2000,8.0,2000-08,Asia,KOR,Republic of Korea,Flood,1,7.0,1,100.0,500.0,1,100.0,27000000.0,1,100.0,50479000.0,1,100.0
2000,8.0,2000-08,Asia,KOR,Republic of Korea,Storm,1,25.0,1,100.0,300.0,1,100.0,11300000.0,1,100.0,21126000.0,1,100.0
2000,8.0,2000-08,Asia,PRK,Democratic People's Republic of Korea,Storm,1,46.0,1,100.0,627180.0,1,100.0,6000000000.0,1,100.0,11217525000.0,1,100.0
2000,8.0,2000-08,Asia,THA,Thailand,Storm,1,2.0,1,100.0,41219.0,1,100.0,,0,0.0,,0,0.0
2000,8.0,2000-08,Asia,TWN,Taiwan (Province of China),Storm,1,14.0,1,100.0,2100.0,1,100.0,135000000.0,1,100.0,252394000.0,1,100.0
2000,8.0,2000-08,Asia,UZB,Uzbekistan,Drought,1,,0,0.0,600000.0,1,100.0,50000000.0,1,100.0,93479000.0,1,100.0
2000,8.0,2000-08,Asia,VNM,Viet Nam,Storm,4,15.0,1,25.0,6371.0,4,100.0,5035000.0,2,50.0,9413000.0,2,50.0
2000,8.0,2000-08,Europe,BIH,Bosnia and Herzegovina,Drought,1,,0,0.0,,0,0.0,158000000.0,1,100.0,295395000.0,1,100.0
2000,8.0,2000-08,Europe,BIH,Bosnia and Herzegovina,Epidemic,1,,0,0.0,400.0,1,100.0,,0,0.0,,0,0.0
2000,8.0,2000-08,Europe,GRC,Greece,Wildfire,1,7.0,1,100.0,7.0,1,100.0,,0,0.0,,0,0.0
2000,8.0,2000-08,Europe,HRV,Croatia,Wildfire,1,1.0,1,100.0,,0,0.0,17750000.0,1,100.0,33185000.0,1,100.0
2000,8.0,2000-08,Europe,LVA,Latvia,Epidemic,1,,0,0.0,102.0,1,100.0,,0,0.0,,0,0.0
2000,8.0,2000-08,Europe,MKD,North Macedonia,Wildfire,1,,0,0.0,,0,0.0,13563000.0,1,100.0,25357000.0,1,100.0
2000,8.0,2000-08,Europe,RUS,Russian Federation,Earthquake,1,,0,0.0,19108.0,1,100.0,920000.0,1,100.0,1720000.0,1,100.0
2000,8.0,2000-08,Europe,RUS,Russian Federation,Flood,2,,0,0.0,7181.0,2,100.0,8622000.0,2,100.0,16119000.0,2,100.0
2000,8.0,2000-08,Oceania,NZL,New Zealand,Flood,1,,0,0.0,,0,0.0,1000000.0,1,100.0,1870000.0,1,100.0
2000,9.0,2000-09,Africa,BDI,Burundi,Epidemic,1,,0,0.0,8000.0,1,100.0,,0,0.0,,0,0.0
2000,9.0,2000-09,Africa,NAM,Namibia,Epidemic,1,14.0,1,100.0,58.0,1,100.0,,0,0.0,,0,0.0
2000,9.0,2000-09,Africa,NGA,Nigeria,Flood,3,,0,0.0,3500.0,3,100.0,4805000.0,1,33.33,8983000.0,1,33.33
2000,9.0,2000-09,Africa,NGA,Nigeria,Mass movement (wet),1,17.0,1,100.0,300.0,1,100.0,,0,0.0,,0,0.0
2000,9.0,2000-09,Africa,UGA,Uganda,Epidemic,1,13.0,1,100.0,19.0,1,100.0,,0,0.0,,0,0.0
2000,9.0,2000-09,Africa,UGA,Uganda,Storm,1,,0,0.0,10000.0,1,100.0,,0,0.0,,0,0.0
2000,9.0,2000-09,Americas,ARG,Argentina,Storm,1,,0,0.0,,0,0.0,,0,0.0,,0,0.0
2000,9.0,2000-09,Americas,BLZ,Belize,Storm,1,14.0,1,100.0,62570.0,1,100.0,277460000.0,1,100.0,518736000.0,1,100.0
2000,9.0,2000-09,Americas,BRA,Brazil,Flood,1,3.0,1,100.0,10000.0,1,100.0,,0,0.0,,0,0.0
2000,9.0,2000-09,Americas,COL,Colombia,Flood,1,9.0,1,100.0,28000.0,1,100.0,,0,0.0,,0,0.0
2000,9.0,2000-09,Americas,GTM,Guatemala,Flood,1,20.0,1,100.0,462.0,1,100.0,,0,0.0,,0,0.0
2000,9.0,2000-09,Americas,GTM,Guatemala,Storm,1,1.0,1,100.0,,0,0.0,,0,0.0,,0,0.0
2000,9.0,2000-09,Americas,HND,Honduras,Storm,1,6.0,1,100.0,,0,0.0,,0,0.0,,0,0.0
2000,9.0,2000-09,Americas,MEX,Mexico,Storm,2,31.0,2,100.0,30300.0,2,100.0,19800000.0,2,100.0,37018000.0,2,100.0
2000,9.0,2000-09,Americas,NIC,Nicaragua,Storm,1,12.0,1,100.0,2300.0,1,100.0,1000000.0,1,100.0,1870000.0,1,100.0
2000,9.0,2000-09,Americas,PAN,Panama,Flood,1,1.0,1,100.0,1000.0,1,100.0,1300000.0,1,100.0,2430000.0,1,100.0
2000,9.0,2000-09,Americas,PER,Peru,Mass movement (wet),1,11.0,1,100.0,,0,0.0,,0,0.0,,0,0.0
2000,9.0,2000-09,Americas,SLV,El Salvador,Epidemic,1,24.0,1,100.0,211.0,1,100.0,,0,0.0,,0,0.0
2000,9.0,2000-09,Americas,SLV,El Salvador,Flood,1,2.0,1,100.0,400.0,1,100.0,,0,0.0,,0,0.0
2000,9.0,2000-09,Americas,USA,United States of America,Earthquake,1,,0,0.0,25174.0,1,100.0,50000000.0,1,100.0,93479000.0,1,100.0
2000,9.0,2000-09,Americas,USA,United States of America,Storm,1,1.0,1,100.0,115.0,1,100.0,90000000.0,1,100.0,168263000.0,1,100.0
2000,9.0,2000-09,Asia,AFG,Afghanistan,Epidemic,1,15.0,1,100.0,613.0,1,100.0,,0,0.0,,0,0.0
2000,9.0,2000-09,Asia,BGD,Bangladesh,Flood,1,31.0,1,100.0,2467138.0,1,100.0,500000000.0,1,100.0,934794000.0,1,100.0
2000,9.0,2000-09,Asia,CHN,China,Drought,1,,0,0.0,,0,0.0,,0,0.0,,0,0.0
2000,9.0,2000-09,Asia,CHN,China,Storm,2,53.0,2,100.0,2446000.0,2,100.0,169000000.0,1,50.0,315960000.0,1,50.0
2000,9.0,2000-09,Asia,IND,India,Flood,1,884.0,1,100.0,24600000.0,1,100.0,691500000.0,1,100.0,1292820000.0,1,100.0
2000,9.0,2000-09,Asia,JPN,Japan,Flood,1,18.0,1,100.0,360110.0,1,100.0,7440000000.0,1,100.0,13909730000.0,1,100.0
2000,9.0,2000-09,Asia,JPN,Japan,Storm,1,9.0,1,100.0,180041.0,1,100.0,1400000000.0,1,100.0,2617422000.0,1,100.0
2000,9.0,2000-09,Asia,KOR,Republic of Korea,Storm,1,8.0,1,100.0,411.0,1,100.0,71000000.0,1,100.0,132741000.0,1,100.0
2000,9.0,2000-09,Asia,LAO,Lao People's Democratic Republic,Flood,1,15.0,1,100.0,450000.0,1,100.0,1000000.0,1,100.0,1870000.0,1,100.0
2000,9.0,2000-09,Asia,LKA,Sri Lanka,Epidemic,1,2.0,1,100.0,113.0,1,100.0,,0,0.0,,0,0.0
2000,9.0,2000-09,Asia,LKA,Sri Lanka,Flood,1,2.0,1,100.0,100000.0,1,100.0,,0,0.0,,0,0.0
2000,9.0,2000-09,Asia,MYS,Malaysia,Storm,1,,0,0.0,500.0,1,100.0,,0,0.0,,0,0.0
2000,9.0,2000-09,Asia,PAK,Pakistan,Epidemic,1,10.0,1,100.0,12.0,1,100.0,,0,0.0,,0,0.0
2000,9.0,2000-09,Asia,PHL,Philippines,Flood,1,5.0,1,100.0,6508.0,1,100.0,,0,0.0,,0,0.0
2000,9.0,2000-09,Asia,SAU,Saudi Arabia,Epidemic,1,76.0,1,100.0,329.0,1,100.0,,0,0.0,,0,0.0
2000,9.0,2000-09,Asia,SGP,Singapore,Epidemic,1,2.0,1,100.0,2022.0,1,100.0,,0,0.0,,0,0.0
2000,9.0,2000-09,Asia,THA,Thailand,Flood,1,9.0,1,100.0,12500.0,1,100.0,506000.0,1,100.0,946000.0,1,100.0
2000,9.0,2000-09,Asia,VNM,Viet Nam,Storm,1,5.0,1,100.0,6029.0,1,100.0,21000000.0,1,100.0,39261000.0,1,100.0
2000,9.0,2000-09,Asia,YEM,Yemen,Epidemic,1,32.0,1,100.0,289.0,1,100.0,,0,0.0,,0,0.0
2000,9.0,2000-09,Europe,FRA,France,Storm,1,6.0,1,100.0,207.0,1,100.0,,0,0.0,,0,0.0
2000,9.0,2000-09,Europe,ITA,Italy,Flood,2,13.0,1,50.0,1722.0,2,100.0,,0,0.0,,0,0.0
2000,9.0,2000-09,Europe,RUS,Russian Federation,Epidemic,1,,0,0.0,2000.0,1,100.0,,0,0.0,,0,0.0
2000,9.0,2000-09,Europe,RUS,Russian Federation,Flood,1,,0,0.0,1320.0,1,100.0,,0,0.0,,0,0.0
2000,9.0,2000-09,Europe,RUS,Russian Federation,Storm,1,9.0,1,100.0,,0,0.0,50000.0,1,100.0,93000.0,1,100.0
2000,10.0,2000-10,Africa,AGO,Angola,Mass movement (wet),1,13.0,1,100.0,,0,0.0,,0,0.0,,0,0.0
2000,10.0,2000-10,Africa,BDI,Burundi,Epidemic,1,308.0,1,100.0,722591.0,1,100.0,,0,0.0,,0,0.0
2000,10.0,2000-10,Africa,BEN,Benin,Epidemic,1,300.0,1,100.0,7232.0,1,100.0,,0,0.0,,0,0.0
2000,10.0,2000-10,Africa,DZA,Algeria,Flood,1,28.0,1,100.0,100.0,1,100.0,,0,0.0,,0,0.0
2000,10.0,2000-10,Africa,GIN,Guinea,Epidemic,1,190.0,1,100.0,322.0,1,100.0,,0,0.0,,0,0.0
2000,10.0,2000-10,Africa,MAR,Morocco,Flood,1,,0,0.0,300.0,1,100.0,,0,0.0,,0,0.0
2000,10.0,2000-10,Africa,NGA,Nigeria,Storm,1,,0,0.0,1000.0,1,100.0,,0,0.0,,0,0.0
2000,10.0,2000-10,Africa,SOM,Somalia,Epidemic,1,14.0,1,100.0,258.0,1,100.0,,0,0.0,,0,0.0
2000,10.0,2000-10,Africa,TZA,United Republic of Tanzania,Earthquake,1,1.0,1,100.0,791.0,1,100.0,,0,0.0,,0,0.0
2000,10.0,2000-10,Americas,BRA,Brazil,Flood,1,6.0,1,100.0,5000.0,1,100.0,,0,0.0,,0,0.0
2000,10.0,2000-10,Americas,ECU,Ecuador,Mass movement (wet),1,30.0,1,100.0,180.0,1,100.0,,0,0.0,,0,0.0
2000,10.0,2000-10,Americas,MEX,Mexico,Extreme temperature,1,66.0,1,100.0,,0,0.0,,0,0.0,,0,0.0
2000,10.0,2000-10,Americas,NIC,Nicaragua,Storm,1,1.0,1,100.0,210.0,1,100.0,,0,0.0,,0,0.0
2000,10.0,2000-10,Americas,SLV,El Salvador,Storm,1,1.0,1,100.0,100.0,1,100.0,,0,0.0,,0,0.0
2000,10.0,2000-10,Americas,USA,United States of America,Flood,1,,0,0.0,100.0,1,100.0,20000000.0,1,100.0,37392000.0,1,100.0
2000,10.0,2000-10,Americas,USA,United States of America,Storm,1,2.0,1,100.0,17433.0,1,100.0,219000000.0,1,100.0,409440000.0,1,100.0
2000,10.0,2000-10,Americas,VEN,Venezuela (Bolivarian Republic of),Flood,1,13.0,1,100.0,20004.0,1,100.0,,0,0.0,,0,0.0
2000,10.0,2000-10,Asia,AZE,Azerbaijan,Drought,1,,0,0.0,,0,0.0,100000000.0,1,100.0,186959000.0,1,100.0
2000,10.0,2000-10,Asia,BGD,Bangladesh,Epidemic,1,10.0,1,100.0,22340.0,1,100.0,,0,0.0,,0,0.0
2000,10.0,2000-10,Asia,BGD,Bangladesh,Storm,1,15.0,1,100.0,200.0,1,100.0,,0,0.0,,0,0.0
2000,10.0,2000-10,Asia,CHN,China,Flood,1,10.0,1,100.0,200000.0,1,100.0,25366000.0,1,100.0,47424000.0,1,100.0
2000,10.0,2000-10,Asia,IDN,Indonesia,Earthquake,1,,0,0.0,5500.0,1,100.0,,0,0.0,,0,0.0
2000,10.0,2000-10,Asia,IDN,Indonesia,Mass movement (wet),1,40.0,1,100.0,56210.0,1,100.0,43000000.0,1,100.0,80392000.0,1,100.0
2000,10.0,2000-10,Asia,IND,India,Epidemic,3,78.0,3,100.0,351.0,2,66.67,,0,0.0,,0,0.0
2000,10.0,2000-10,Asia,IND,India,Flood,1,6.0,1,100.0,534035.0,1,100.0,,0,0.0,,0,0.0
2000,10.0,2000-10,Asia,JPN,Japan,Earthquake,1,,0,0.0,7132.0,1,100.0,500000000.0,1,100.0,934794000.0,1,100.0
2000,10.0,2000-10,Asia,KGZ,Kyrgyzstan,Extreme temperature,1,11.0,1,100.0,,0,0.0,,0,0.0,,0,0.0
2000,10.0,2000-10,Asia,MYS,Malaysia,Epidemic,1,2.0,1,100.0,508.0,1,100.0,,0,0.0,,0,0.0
2000,10.0,2000-10,Asia,PHL,Philippines,Storm,1,154.0,1,100.0,2436256.0,1,100.0,17000000.0,1,100.0,31783000.0,1,100.0
2000,10.0,2000-10,Asia,TJK,Tajikistan,Earthquake,1,,0,0.0,6000.0,1,100.0,,0,0.0,,0,0.0
2000,10.0,2000-10,Asia,VNM,Viet Nam,Mass movement (wet),1,40.0,1,100.0,17.0,1,100.0,,0,0.0,,0,0.0
2000,10.0,2000-10,Europe,CHE,Switzerland,Mass movement (wet),1,16.0,1,100.0,1500.0,1,100.0,330000000.0,1,100.0,616964000.0,1,100.0
2000,10.0,2000-10,Europe,DEU,Germany,Storm,1,,0,0.0,,0,0.0,,0,0.0,,0,0.0
2000,10.0,2000-10,Europe,ESP,Spain,Flood,1,10.0,1,100.0,8000.0,1,100.0,75000000.0,1,100.0,140219000.0,1,100.0
2000,10.0,2000-10,Europe,FRA,France,Storm,1,3.0,1,100.0,40000.0,1,100.0,,0,0.0,,0,0.0
2000,10.0,2000-10,Europe,GBR,United Kingdom of Great Britain and Northern Ireland,Flood,1,3.0,1,100.0,40000.0,1,100.0,5900000000.0,1,100.0,11030566000.0,1,100.0
2000,10.0,2000-10,Europe,GBR,United Kingdom of Great Britain and Northern Ireland,Storm,1,12.0,1,100.0,19504.0,1,100.0,1500000000.0,1,100.0,2804381000.0,1,100.0
2000,10.0,2000-10,Europe,GRC,Greece,Flood,1,,0,0.0,600.0,1,100.0,,0,0.0,,0,0.0
2000,10.0,2000-10,Europe,ITA,Italy,Flood,1,25.0,1,100.0,43000.0,1,100.0,8000000000.0,1,100.0,14956699000.0,1,100.0
2000,10.0,2000-10,Europe,NOR,Norway,Flood,1,,0,0.0,600.0,1,100.0,,0,0.0,,0,0.0
2000,10.0,2000-10,Europe,RUS,Russian Federation,Extreme temperature,1,232.0,1,100.0,94.0,1,100.0,,0,0.0,,0,0.0
2000,10.0,2000-10,Europe,SVK,Slovakia,Wildfire,1,6.0,1,100.0,,0,0.0,,0,0.0,,0,0.0
2000,10.0,2000-10,Oceania,AUS,Australia,Wildfire,1,,0,0.0,200.0,1,100.0,,0,0.0,,0,0.0
2000,10.0,2000-10,Oceania,NZL,New Zealand,Storm,1,,0,0.0,,0,0.0,,0,0.0,,0,0.0
2000,11.0,2000-11,Africa,ETH,Ethiopia,Epidemic,1,311.0,1,100.0,5929.0,1,100.0,,0,0.0,,0,0.0
2000,11.0,2000-11,Africa,GMB,Gambia,Epidemic,1,21.0,1,100.0,116.0,1,100.0,,0,0.0,,0,0.0
2000,11.0,2000-11,Africa,MOZ,Mozambique,Storm,2,14.0,2,100.0,1100.0,2,100.0,,0,0.0,,0,0.0
2000,11.0,2000-11,Africa,SOM,Somalia,Flood,1,,0,0.0,150000.0,1,100.0,,0,0.0,,0,0.0
2000,11.0,2000-11,Africa,ZAF,South Africa,Flood,1,3.0,1,100.0,3000.0,1,100.0,,0,0.0,,0,0.0
2000,11.0,2000-11,Africa,ZWE,Zimbabwe,Epidemic,1,11.0,1,100.0,769.0,1,100.0,,0,0.0,,0,0.0
2000,11.0,2000-11,Americas,ARG,Argentina,Flood,2,2.0,1,50.0,1800.0,1,50.0,300000000.0,1,50.0,560876000.0,1,50.0
2000,11.0,2000-11,Americas,COL,Colombia,Earthquake,1,2.0,1,100.0,430.0,1,100.0,,0,0.0,,0,0.0
2000,11.0,2000-11,Americas,USA,United States of America,Drought,1,,0,0.0,,0,0.0,,0,0.0,,0,0.0
2000,11.0,2000-11,Americas,USA,United States of America,Storm,1,,0,0.0,,0,0.0,,0,0.0,,0,0.0
2000,11.0,2000-11,Americas,VEN,Venezuela (Bolivarian Republic of),Flood,1,2.0,1,100.0,7000.0,1,100.0,,0,0.0,,0,0.0
2000,11.0,2000-11,Asia,AZE,Azerbaijan,Earthquake,1,31.0,1,100.0,3294.0,1,100.0,10000000.0,1,100.0,18696000.0,1,100.0
2000,11.0,2000-11,Asia,IDN,Indonesia,Flood,1,100.0,1,100.0,386021.0,1,100.0,34000000.0,1,100.0,63566000.0,1,100.0
2000,11.0,2000-11,Asia,IDN,Indonesia,Mass movement (wet),1,52.0,1,100.0,19.0,1,100.0,,0,0.0,,0,0.0
2000,11.0,2000-11,Asia,IND,India,Storm,1,,0,0.0,30000.0,1,100.0,,0,0.0,,0,0.0
2000,11.0,2000-11,Asia,LKA,Sri Lanka,Flood,1,3.0,1,100.0,300000.0,1,100.0,3000000.0,1,100.0,5609000.0,1,100.0
2000,11.0,2000-11,Asia,MYS,Malaysia,Flood,1,12.0,1,100.0,8000.0,1,100.0,1000000.0,1,100.0,1870000.0,1,100.0
2000,11.0,2000-11,Asia,PHL,Philippines,Epidemic,1,1.0,1,100.0,664.0,1,100.0,,0,0.0,,0,0.0
2000,11.0,2000-11,Asia,PHL,Philippines,Mass movement (dry),1,11.0,1,100.0,,0,0.0,,0,0.0,,0,0.0
2000,11.0,2000-11,Asia,PHL,Philippines,Storm,2,142.0,2,100.0,1911965.0,2,100.0,32000000.0,2,100.0,59827000.0,2,100.0
2000,11.0,2000-11,Asia,THA,Thailand,Flood,1,51.0,1,100.0,808801.0,1,100.0,57500000.0,1,100.0,107501000.0,1,100.0
2000,11.0,2000-11,Asia,TWN,Taiwan (Province of China),Storm,1,89.0,1,100.0,2.0,1,100.0,150000000.0,1,100.0,280438000.0,1,100.0
2000,11.0,2000-11,Asia,VNM,Viet Nam,Flood,1,36.0,1,100.0,25003.0,1,100.0,15000000.0,1,100.0,28044000.0,1,100.0
2000,11.0,2000-11,Europe,FRA,France,Flood,1,1.0,1,100.0,302.0,1,100.0,,0,0.0,,0,0.0
2000,11.0,2000-11,Europe,GRC,Greece,Flood,1,1.0,1,100.0,6000.0,1,100.0,,0,0.0,,0,0.0
2000,11.0,2000-11,Europe,IRL,Ireland,Storm,1,1.0,1,100.0,2800.0,1,100.0,100000000.0,1,100.0,186959000.0,1,100.0
2000,11.0,2000-11,Europe,ITA,Italy,Flood,1,6.0,1,100.0,5600.0,1,100.0,50000000.0,1,100.0,93479000.0,1,100.0
2000,11.0,2000-11,Europe,MDA,Republic of Moldova,Storm,1,,0,0.0,2600000.0,1,100.0,31600000.0,1,100.0,59079000.0,1,100.0
2000,11.0,2000-11,Europe,UKR,Ukraine,Storm,1,4.0,1,100.0,6100.0,1,100.0,120000000.0,1,100.0,224350000.0,1,100.0
2000,11.0,2000-11,Oceania,AUS,Australia,Flood,1,,0,0.0,600.0,1,100.0,265000000.0,1,100.0,495441000.0,1,100.0
2000,11.0,2000-11,Oceania,PNG,Papua New Guinea,Earthquake,1,2.0,1,100.0,5000.0,1,100.0,,0,0.0,,0,0.0
2000,12.0,2000-12,Africa,BDI,Burundi,Flood,1,,0,0.0,500.0,1,100.0,,0,0.0,,0,0.0
2000,12.0,2000-12,Africa,MAR,Morocco,Flood,1,6.0,1,100.0,650.0,1,100.0,,0,0.0,,0,0.0
2000,12.0,2000-12,Africa,NGA,Nigeria,Mass movement (wet),1,15.0,1,100.0,,0,0.0,,0,0.0,,0,0.0
2000,12.0,2000-12,Africa,SWZ,Eswatini,Epidemic,1,32.0,1,100.0,1449.0,1,100.0,,0,0.0,,0,0.0
2000,12.0,2000-12,Africa,TCD,Chad,Epidemic,1,607.0,1,100.0,5173.0,1,100.0,,0,0.0,,0,0.0
2000,12.0,2000-12,Africa,TZA,United Republic of Tanzania,Flood,1,36.0,1,100.0,1817.0,1,100.0,,0,0.0,,0,0.0
2000,12.0,2000-12,Africa,ZWE,Zimbabwe,Epidemic,1,8.0,1,100.0,368.0,1,100.0,,0,0.0,,0,0.0
2000,12.0,2000-12,Americas,ARG,Argentina,Storm,1,1.0,1,100.0,430.0,1,100.0,,0,0.0,,0,0.0
2000,12.0,2000-12,Americas,ARG,Argentina,Wildfire,1,8.0,1,100.0,,0,0.0,,0,0.0,,0,0.0
2000,12.0,2000-12,Americas,BRA,Brazil,Flood,1,13.0,1,100.0,2000.0,1,100.0,,0,0.0,,0,0.0
2000,12.0,2000-12,Americas,CUB,Cuba,Flood,1,2.0,1,100.0,675.0,1,100.0,,0,0.0,,0,0.0
2000,12.0,2000-12,Americas,HTI,Haiti,Flood,1,12.0,1,100.0,1200.0,1,100.0,,0,0.0,,0,0.0
2000,12.0,2000-12,Americas,MEX,Mexico,Volcanic activity,1,,0,0.0,41000.0,1,100.0,,0,0.0,,0,0.0
2000,12.0,2000-12,Americas,URY,Uruguay,Storm,1,,0,0.0,100.0,1,100.0,,0,0.0,,0,0.0
2000,12.0,2000-12,Americas,USA,United States of America,Storm,2,69.0,2,100.0,109.0,2,100.0,500000000.0,1,50.0,934794000.0,1,50.0
2000,12.0,2000-12,Asia,AZE,Azerbaijan,Mass movement (wet),1,11.0,1,100.0,,0,0.0,,0,0.0,,0,0.0
2000,12.0,2000-12,Asia,IDN,Indonesia,Flood,1,38.0,1,100.0,39852.0,1,100.0,,0,0.0,,0,0.0
2000,12.0,2000-12,Asia,LKA,Sri Lanka,Storm,1,5.0,1,100.0,375000.0,1,100.0,,0,0.0,,0,0.0
2000,12.0,2000-12,Asia,MNG,Mongolia,Storm,1,19.0,1,100.0,571000.0,1,100.0,,0,0.0,,0,0.0
2000,12.0,2000-12,Asia,TKM,Turkmenistan,Earthquake,1,11.0,1,100.0,,0,0.0,,0,0.0,,0,0.0
2000,12.0,2000-12,Europe,FRA,France,Flood,2,,0,0.0,1200.0,2,100.0,,0,0.0,,0,0.0
2000,12.0,2000-12,Europe,GBR,United Kingdom of Great Britain and Northern Ireland,Storm,1,4.0,1,100.0,600.0,1,100.0,,0,0.0,,0,0.0
2000,12.0,2000-12,Europe,HRV,Croatia,Flood,1,,0,0.0,600.0,1,100.0,,0,0.0,,0,0.0
2000,12.0,2000-12,Europe,POL,Poland,Extreme temperature,1,84.0,1,100.0,,0,0.0,,0,0.0,,0,0.0
2000,12.0,2000-12,Europe,PRT,Portugal,Storm,1,5.0,1,100.0,183.0,1,100.0,,0,0.0,,0,0.0
2000,12.0,2000-12,Europe,RUS,Russian Federation,Epidemic,1,,0,0.0,154.0,1,100.0,,0,0.0,,0,0.0
2000,12.0,2000-12,Europe,SCG,Serbia Montenegro,Flood,1,,0,0.0,2000.0,1,100.0,,0,0.0,,0,0.0
2000,12.0,2000-12,Oceania,AUS,Australia,Storm,1,,0,0.0,750.0,1,100.0,,0,0.0,,0,0.0
2000,12.0,2000-12,Oceania,MHL,Marshall Islands,Epidemic,1,6.0,1,100.0,218.0,1,100.0,,0,0.0,,0,0.0
2001,1.0,2001-01,Africa,AGO,Angola,Drought,1,58.0,1,100.0,,0,0.0,,0,0.0,,0,0.0
2001,1.0,2001-01,Africa,BEN,Benin,Epidemic,2,357.0,2,100.0,9651.0,2,100.0,,0,0.0,,0,0.0
2001,1.0,2001-01,Africa,BFA,Burkina Faso,Epidemic,1,1525.0,1,100.0,9372.0,1,100.0,,0,0.0,,0,0.0
2001,1.0,2001-01,Africa,CMR,Cameroon,Drought,1,,0,0.0,,0,0.0,,0,0.0,,0,0.0
2001,1.0,2001-01,Africa,CMR,Cameroon,Epidemic,1,28.0,1,100.0,387.0,1,100.0,,0,0.0,,0,0.0
2001,1.0,2001-01,Africa,ETH,Ethiopia,Epidemic,1,311.0,1,100.0,5955.0,1,100.0,,0,0.0,,0,0.0
2001,1.0,2001-01,Africa,GHA,Ghana,Epidemic,1,,0,0.0,733.0,1,100.0,,0,0.0,,0,0.0
2001,1.0,2001-01,Africa,MOZ,Mozambique,Drought,1,,0,0.0,100000.0,1,100.0,,0,0.0,,0,0.0
2001,1.0,2001-01,Africa,MOZ,Mozambique,Flood,1,79.0,1,100.0,549326.0,1,100.0,36000000.0,1,100.0,65455000.0,1,100.0
2001,1.0,2001-01,Africa,MWI,Malawi,Flood,1,59.0,1,100.0,500000.0,1,100.0,6700000.0,1,100.0,12182000.0,1,100.0
2001,1.0,2001-01,Africa,NAM,Namibia,Drought,1,,0,0.0,,0,0.0,,0,0.0,,0,0.0
2001,1.0,2001-01,Africa,NAM,Namibia,Epidemic,1,134.0,1,100.0,12098.0,1,100.0,,0,0.0,,0,0.0
2001,1.0,2001-01,Africa,NER,Niger,Epidemic,1,321.0,1,100.0,3693.0,1,100.0,,0,0.0,,0,0.0
2001,1.0,2001-01,Africa,NGA,Nigeria,Epidemic,1,84.0,1,100.0,340.0,1,100.0,,0,0.0,,0,0.0
2001,1.0,2001-01,Africa,TCD,Chad,Drought,1,,0,0.0,800000.0,1,100.0,,0,0.0,,0,0.0
2001,1.0,2001-01,Africa,TGO,Togo,Epidemic,1,187.0,1,100.0,976.0,1,100.0,,0,0.0,,0,0.0
2001,1.0,2001-01,Africa,TZA,United Republic of Tanzania,Earthquake,1,,0,0.0,700.0,1,100.0,,0,0.0,,0,0.0
2001,1.0,2001-01,Africa,TZA,United Republic of Tanzania,Mass movement (wet),1,13.0,1,100.0,150.0,1,100.0,,0,0.0,,0,0.0
2001,1.0,2001-01,Africa,ZAF,South Africa,Storm,1,14.0,1,100.0,10.0,1,100.0,,0,0.0,,0,0.0
2001,1.0,2001-01,Americas,ARG,Argentina,Storm,1,4.0,1,100.0,650.0,1,100.0,,0,0.0,,0,0.0
2001,1.0,2001-01,Americas,BOL,Bolivia (Plurinational State of),Flood,1,41.0,1,100.0,357250.0,1,100.0,121000000.0,1,100.0,220002000.0,1,100.0
2001,1.0,2001-01,Americas,GTM,Guatemala,Earthquake,1,6.0,1,100.0,152.0,1,100.0,50000.0,1,100.0,91000.0,1,100.0
2001,1.0,2001-01,Americas,SLV,El Salvador,Earthquake,1,844.0,1,100.0,1334529.0,1,100.0,1500000000.0,1,100.0,2727303000.0,1,100.0
2001,1.0,2001-01,Asia,AFG,Afghanistan,Extreme temperature,1,150.0,1,100.0,100000.0,1,100.0,10000.0,1,100.0,18000.0,1,100.0
2001,1.0,2001-01,Asia,CHN,China,Storm,1,49.0,1,100.0,2574871.0,1,100.0,12000000.0,1,100.0,21818000.0,1,100.0
2001,1.0,2001-01,Asia,IDN,Indonesia,Mass movement (wet),1,63.0,1,100.0,,0,0.0,,0,0.0,,0,0.0
2001,1.0,2001-01,Asia,IND,India,Earthquake,1,20005.0,1,100.0,6321812.0,1,100.0,2623000000.0,1,100.0,4769144000.0,1,100.0
2001,1.0,2001-01,Asia,IND,India,Extreme temperature,1,125.0,1,100.0,,0,0.0,,0,0.0,,0,0.0
2001,1.0,2001-01,Asia,JPN,Japan,Storm,1,5.0,1,100.0,300.0,1,100.0,,0,0.0,,0,0.0
2001,1.0,2001-01,Asia,KAZ,Kazakhstan,Extreme temperature,1,3.0,1,100.0,12.0,1,100.0,,0,0.0,,0,0.0
2001,1.0,2001-01,Asia,KOR,Republic of Korea,Storm,1,11.0,1,100.0,300.0,1,100.0,290000000.0,1,100.0,527279000.0,1,100.0
2001,1.0,2001-01,Asia,NPL,Nepal,Epidemic,1,13.0,1,100.0,,0,0.0,,0,0.0,,0,0.0
2001,1.0,2001-01,Asia,PAK,Pakistan,Earthquake,1,12.0,1,100.0,914292.0,1,100.0,500000.0,1,100.0,909000.0,1,100.0
2001,1.0,2001-01,Asia,PHL,Philippines,Flood,1,2.0,1,100.0,12000.0,1,100.0,,0,0.0,,0,0.0
2001,1.0,2001-01,Europe,FRA,France,Flood,1,,0,0.0,390.0,1,100.0,,0,0.0,,0,0.0
2001,1.0,2001-01,Europe,GBR,United Kingdom of Great Britain and Northern Ireland,Epidemic,1,11.0,1,100.0,30.0,1,100.0,,0,0.0,,0,0.0
2001,1.0,2001-01,Europe,GRC,Greece,Flood,1,11.0,1,100.0,450.0,1,100.0,,0,0.0,,0,0.0
2001,1.0,2001-01,Europe,PRT,Portugal,Flood,1,6.0,1,100.0,983.0,1,100.0,,0,0.0,,0,0.0
2001,1.0,2001-01,Europe,RUS,Russian Federation,Extreme temperature,1,145.0,1,100.0,6120.0,1,100.0,100000.0,1,100.0,182000.0,1,100.0
2001,1.0,2001-01,Oceania,AUS,Australia,Flood,1,1.0,1,100.0,330.0,1,100.0,12000000.0,1,100.0,21818000.0,1,100.0
2001,1.0,2001-01,Oceania,AUS,Australia,Storm,2,2.0,2,100.0,27.0,1,50.0,6600000.0,1,50.0,12000000.0,1,50.0
2001,1.0,2001-01,Oceania,NZL,New Zealand,Extreme temperature,1,,0,0.0,,0,0.0,200000000.0,1,100.0,363640000.0,1,100.0
2001,2.0,2001-02,Africa,CAF,Central African Republic,Epidemic,1,343.0,1,100.0,1473.0,1,100.0,,0,0.0,,0,0.0
2001,2.0,2001-02,Africa,COD,Democratic Republic of the Congo,Epidemic,1,8.0,1,100.0,677.0,1,100.0,,0,0.0,,0,0.0
2001,2.0,2001-02,Africa,KEN,Kenya,Epidemic,1,9.0,1,100.0,102.0,1,100.0,,0,0.0,,0,0.0
2001,2.0,2001-02,Africa,NGA,Nigeria,Epidemic,1,16.0,1,100.0,1.0,1,100.0,,0,0.0,,0,0.0
2001,2.0,2001-02,Africa,TZA,United Republic of Tanzania,Flood,1,5.0,1,100.0,200.0,1,100.0,,0,0.0,,0,0.0
2001,2.0,2001-02,Africa,ZMB,Zambia,Flood,1,5.0,1,100.0,617900.0,1,100.0,,0,0.0,,0,0.0
2001,2.0,2001-02,Africa,ZWE,Zimbabwe,Flood,1,13.0,1,100.0,30000.0,1,100.0,3600000.0,1,100.0,6546000.0,1,100.0
2001,2.0,2001-02,Americas,CAN,Canada,Storm,1,11.0,1,100.0,30.0,1,100.0,,0,0.0,,0,0.0
2001,2.0,2001-02,Americas,CHL,Chile,Flood,1,,0,0.0,2559.0,1,100.0,8900000.0,1,100.0,16182000.0,1,100.0
2001,2.0,2001-02,Americas,SLV,El Salvador,Earthquake,1,315.0,1,100.0,256021.0,1,100.0,348500000.0,1,100.0,633643000.0,1,100.0
2001,2.0,2001-02,Americas,USA,United States of America,Earthquake,1,1.0,1,100.0,400.0,1,100.0,2000000000.0,1,100.0,3636404000.0,1,100.0
2001,2.0,2001-02,Americas,USA,United States of America,Flood,1,,0,0.0,200.0,1,100.0,,0,0.0,,0,0.0
2001,2.0,2001-02,Americas,USA,United States of America,Storm,2,18.0,2,100.0,1030.0,2,100.0,250000000.0,1,50.0,454551000.0,1,50.0
2001,2.0,2001-02,Asia,CHN,China,Drought,1,,0,0.0,530000.0,1,100.0,,0,0.0,,0,0.0
2001,2.0,2001-02,Asia,CHN,China,Earthquake,1,3.0,1,100.0,300109.0,1,100.0,24000000.0,1,100.0,43637000.0,1,100.0
2001,2.0,2001-02,Asia,GEO,Georgia,Storm,1,,0,0.0,900.0,1,100.0,,0,0.0,,0,0.0
2001,2.0,2001-02,Asia,IDN,Indonesia,Earthquake,1,,0,0.0,,0,0.0,,0,0.0,,0,0.0
2001,2.0,2001-02,Asia,IDN,Indonesia,Flood,1,130.0,1,100.0,80000.0,1,100.0,10000000.0,1,100.0,18182000.0,1,100.0
2001,2.0,2001-02,Asia,IDN,Indonesia,Mass movement (wet),1,122.0,1,100.0,23000.0,1,100.0,10000000.0,1,100.0,18182000.0,1,100.0
2001,2.0,2001-02,Asia,IND,India,Epidemic,1,28.0,1,100.0,42.0,1,100.0,,0,0.0,,0,0.0
2001,2.0,2001-02,Asia,LKA,Sri Lanka,Flood,1,,0,0.0,160.0,1,100.0,,0,0.0,,0,0.0
2001,2.0,2001-02,Asia,PHL,Philippines,Storm,1,55.0,1,100.0,100084.0,1,100.0,6000000.0,1,100.0,10909000.0,1,100.0
2001,2.0,2001-02,Asia,SAU,Saudi Arabia,Epidemic,1,35.0,1,100.0,74.0,1,100.0,,0,0.0,,0,0.0
2001,2.0,2001-02,Asia,SYR,Syrian Arab Republic,Storm,1,27.0,1,100.0,172.0,1,100.0,,0,0.0,,0,0.0
2001,2.0,2001-02,Europe,GBR,United Kingdom of Great Britain and Northern Ireland,Flood,1,,0,0.0,150.0,1,100.0,,0,0.0,,0,0.0
2001,2.0,2001-02,Oceania,AUS,Australia,Flood,2,,0,0.0,670.0,1,50.0,13000000.0,1,50.0,23637000.0,1,50.0
2001,2.0,2001-02,Oceania,VUT,Vanuatu,Storm,1,1.0,1,100.0,500.0,1,100.0,1390000.0,1,100.0,2527000.0,1,100.0
2001,3.0,2001-03,Africa,CAF,Central African Republic,Storm,1,3.0,1,100.0,3000.0,1,100.0,,0,0.0,,0,0.0
2001,3.0,2001-03,Africa,CIV,Côte d’Ivoire,Epidemic,1,21.0,1,100.0,203.0,1,100.0,,0,0.0,,0,0.0
2001,3.0,2001-03,Africa,MWI,Malawi,Epidemic,1,20.0,1,100.0,1500.0,1,100.0,,0,0.0,,0,0.0
2001,3.0,2001-03,Africa,NGA,Nigeria,Epidemic,1,340.0,1,100.0,,0,0.0,,0,0.0,,0,0.0
2001,3.0,2001-03,Africa,ZMB,Zambia,Epidemic,1,11.0,1,100.0,425.0,1,100.0,,0,0.0,,0,0.0
2001,3.0,2001-03,Africa,ZWE,Zimbabwe,Drought,1,,0,0.0,6000000.0,1,100.0,,0,0.0,,0,0.0
2001,3.0,2001-03,Americas,ARG,Argentina,Flood,1,,0,0.0,600.0,1,100.0,,0,0.0,,0,0.0
2001,3.0,2001-03,Americas,ECU,Ecuador,Flood,1,11.0,1,100.0,1200.0,1,100.0,,0,0.0,,0,0.0
2001,3.0,2001-03,Americas,PER,Peru,Flood,1,,0,0.0,46000.0,1,100.0,,0,0.0,,0,0.0
2001,3.0,2001-03,Americas,USA,United States of America,Storm,2,2.0,1,50.0,592.0,2,100.0,1800000.0,1,50.0,3273000.0,1,50.0
2001,3.0,2001-03,Asia,CHN,China,Drought,1,,0,0.0,15800000.0,1,100.0,,0,0.0,,0,0.0
2001,3.0,2001-03,Asia,CHN,China,Storm,1,6.0,1,100.0,50245.0,1,100.0,24000000.0,1,100.0,43637000.0,1,100.0
2001,3.0,2001-03,Asia,JPN,Japan,Earthquake,1,2.0,1,100.0,11261.0,1,100.0,500000000.0,1,100.0,909101000.0,1,100.0
2001,3.0,2001-03,Asia,PAK,Pakistan,Storm,1,4.0,1,100.0,500.0,1,100.0,,0,0.0,,0,0.0
2001,3.0,2001-03,Asia,THA,Thailand,Flood,1,2.0,1,100.0,6000.0,1,100.0,,0,0.0,,0,0.0
2001,3.0,2001-03,Asia,TUR,Türkiye,Flood,1,4.0,1,100.0,450.0,1,100.0,,0,0.0,,0,0.0
2001,3.0,2001-03,Europe,FRA,France,Flood,1,3.0,1,100.0,8100.0,1,100.0,132350000.0,1,100.0,240639000.0,1,100.0
2001,3.0,2001-03,Europe,HUN,Hungary,Flood,1,,0,0.0,10000.0,1,100.0,5000000.0,1,100.0,9091000.0,1,100.0
2001,3.0,2001-03,Europe,ROU,Romania,Flood,1,,0,0.0,4000.0,1,100.0,15000000.0,1,100.0,27273000.0,1,100.0
2001,3.0,2001-03,Europe,RUS,Russian Federation,Storm,1,8.0,1,100.0,,0,0.0,,0,0.0,,0,0.0
2001,3.0,2001-03,Europe,UKR,Ukraine,Flood,1,9.0,1,100.0,300000.0,1,100.0,15000000.0,1,100.0,27273000.0,1,100.0
2001,3.0,2001-03,Oceania,AUS,Australia,Flood,1,3.0,1,100.0,3001.0,1,100.0,200000000.0,1,100.0,363640000.0,1,100.0
2001,4.0,2001-04,Africa,AGO,Angola,Flood,1,48.0,1,100.0,39928.0,1,100.0,,0,0.0,,0,0.0
2001,4.0,2001-04,Africa,BFA,Burkina Faso,Drought,1,,0,0.0,,0,0.0,,0,0.0,,0,0.0
2001,4.0,2001-04,Africa,GHA,Ghana,Epidemic,1,12.0,1,100.0,408.0,1,100.0,,0,0.0,,0,0.0
2001,4.0,2001-04,Africa,MLI,Mali,Drought,1,,0,0.0,,0,0.0,,0,0.0,,0,0.0
2001,4.0,2001-04,Africa,MRT,Mauritania,Drought,1,,0,0.0,1000000.0,1,100.0,,0,0.0,,0,0.0
2001,4.0,2001-04,Africa,NER,Niger,Drought,1,,0,0.0,3584558.0,1,100.0,,0,0.0,,0,0.0
2001,4.0,2001-04,Africa,TGO,Togo,Epidemic,1,48.0,1,100.0,591.0,1,100.0,,0,0.0,,0,0.0
2001,4.0,2001-04,Americas,ARG,Argentina,Storm,1,16.0,1,100.0,2000.0,1,100.0,15000000.0,1,100.0,27273000.0,1,100.0
2001,4.0,2001-04,Americas,BRA,Brazil,Flood,1,23.0,1,100.0,4000.0,1,100.0,,0,0.0,,0,0.0
2001,4.0,2001-04,Americas,CAN,Canada,Epidemic,1,1.0,1,100.0,399.0,1,100.0,,0,0.0,,0,0.0
2001,4.0,2001-04,Americas,COL,Colombia,Flood,1,,0,0.0,1500.0,1,100.0,,0,0.0,,0,0.0
2001,4.0,2001-04,Americas,PER,Peru,Flood,1,9.0,1,100.0,310.0,1,100.0,,0,0.0,,0,0.0
2001,4.0,2001-04,Americas,USA,United States of America,Flood,1,1.0,1,100.0,4400.0,1,100.0,13000000.0,1,100.0,23637000.0,1,100.0
2001,4.0,2001-04,Americas,USA,United States of America,Storm,2,5.0,2,100.0,2552.0,2,100.0,23000000.0,1,50.0,41819000.0,1,50.0
2001,4.0,2001-04,Americas,USA,United States of America,Wildfire,1,1.0,1,100.0,139.0,1,100.0,,0,0.0,,0,0.0
2001,4.0,2001-04,Asia,BGD,Bangladesh,Storm,2,214.0,2,100.0,3100.0,2,100.0,,0,0.0,,0,0.0
2001,4.0,2001-04,Asia,CHN,China,Earthquake,1,2.0,1,100.0,150190.0,1,100.0,31000000.0,1,100.0,56364000.0,1,100.0
2001,4.0,2001-04,Asia,CHN,China,Flood,1,11.0,1,100.0,30003.0,1,100.0,24000000.0,1,100.0,43637000.0,1,100.0
2001,4.0,2001-04,Asia,MNG,Mongolia,Storm,1,16.0,1,100.0,175000.0,1,100.0,,0,0.0,,0,0.0
2001,4.0,2001-04,Europe,FRA,France,Flood,1,,0,0.0,7371.0,1,100.0,,0,0.0,,0,0.0
2001,4.0,2001-04,Oceania,AUS,Australia,Storm,1,,0,0.0,180.0,1,100.0,,0,0.0,,0,0.0
2001,4.0,2001-04,Oceania,VUT,Vanuatu,Storm,1,1.0,1,100.0,800.0,1,100.0,,0,0.0,,0,0.0
2001,4.0,2001-04,Oceania,WSM,Samoa,Flood,1,,0,0.0,,0,0.0,1500000.0,1,100.0,2727000.0,1,100.0
2001,5.0,2001-05,Africa,AGO,Angola,Epidemic,1,30.0,1,100.0,332.0,1,100.0,,0,0.0,,0,0.0
2001,5.0,2001-05,Africa,CIV,Côte d’Ivoire,Epidemic,1,175.0,1,100.0,2977.0,1,100.0,,0,0.0,,0,0.0
2001,5.0,2001-05,Africa,COD,Democratic Republic of the Congo,Epidemic,1,66.0,1,100.0,1488.0,1,100.0,,0,0.0,,0,0.0
2001,5.0,2001-05,Africa,COD,Democratic Republic of the Congo,Flood,1,50.0,1,100.0,26.0,1,100.0,,0,0.0,,0,0.0
2001,5.0,2001-05,Africa,NGA,Nigeria,Flood,1,,0,0.0,2000.0,1,100.0,,0,0.0,,0,0.0
2001,5.0,2001-05,Africa,SHN,Saint Helena,Storm,1,,0,0.0,300.0,1,100.0,,0,0.0,,0,0.0
2001,5.0,2001-05,Africa,TZA,United Republic of Tanzania,Epidemic,1,3.0,1,100.0,103.0,1,100.0,,0,0.0,,0,0.0
2001,5.0,2001-05,Africa,UGA,Uganda,Flood,1,1.0,1,100.0,300.0,1,100.0,,0,0.0,,0,0.0
2001,5.0,2001-05,Americas,CAN,Canada,Wildfire,1,,0,0.0,1200.0,1,100.0,,0,0.0,,0,0.0
2001,5.0,2001-05,Americas,CHL,Chile,Flood,1,,0,0.0,10000.0,1,100.0,,0,0.0,,0,0.0
2001,5.0,2001-05,Americas,CHL,Chile,Storm,1,2.0,1,100.0,2400.0,1,100.0,,0,0.0,,0,0.0
2001,5.0,2001-05,Americas,HTI,Haiti,Flood,1,26.0,1,100.0,5081.0,1,100.0,,0,0.0,,0,0.0
2001,5.0,2001-05,Americas,PAN,Panama,Flood,1,,0,0.0,775.0,1,100.0,,0,0.0,,0,0.0
2001,5.0,2001-05,Americas,PRI,Puerto Rico,Flood,1,2.0,1,100.0,9480.0,1,100.0,146000000.0,1,100.0,265458000.0,1,100.0
2001,5.0,2001-05,Americas,SLV,El Salvador,Drought,1,,0,0.0,400000.0,1,100.0,22400000.0,1,100.0,40728000.0,1,100.0
2001,5.0,2001-05,Asia,BGD,Bangladesh,Storm,1,12.0,1,100.0,200.0,1,100.0,,0,0.0,,0,0.0
2001,5.0,2001-05,Asia,CHN,China,Earthquake,1,2.0,1,100.0,10605.0,1,100.0,36000000.0,1,100.0,65455000.0,1,100.0
2001,5.0,2001-05,Asia,CHN,China,Mass movement (wet),1,74.0,1,100.0,,0,0.0,,0,0.0,,0,0.0
2001,5.0,2001-05,Asia,IND,India,Storm,2,531.0,2,100.0,,0,0.0,,0,0.0,,0,0.0
2001,5.0,2001-05,Asia,IRN,Iran (Islamic Republic of),Flood,1,32.0,1,100.0,1300.0,1,100.0,,0,0.0,,0,0.0
2001,5.0,2001-05,Asia,KAZ,Kazakhstan,Flood,1,,0,0.0,3668.0,1,100.0,,0,0.0,,0,0.0
2001,5.0,2001-05,Asia,PHL,Philippines,Volcanic activity,1,,0,0.0,25576.0,1,100.0,792000.0,1,100.0,1440000.0,1,100.0
2001,5.0,2001-05,Asia,THA,Thailand,Flood,1,83.0,1,100.0,4130.0,1,100.0,4000000.0,1,100.0,7273000.0,1,100.0
2001,5.0,2001-05,Asia,TJK,Tajikistan,Mass movement (wet),1,1.0,1,100.0,165.0,1,100.0,600000.0,1,100.0,1091000.0,1,100.0
2001,5.0,2001-05,Asia,TUR,Türkiye,Flood,1,3.0,1,100.0,1500.0,1,100.0,,0,0.0,,0,0.0
2001,5.0,2001-05,Europe,RUS,Russian Federation,Flood,1,10.0,1,100.0,50305.0,1,100.0,241000000.0,1,100.0,438187000.0,1,100.0
2001,5.0,2001-05,Europe,RUS,Russian Federation,Storm,1,,0,0.0,12428.0,1,100.0,17200000.0,1,100.0,31273000.0,1,100.0
2001,5.0,2001-05,Europe,RUS,Russian Federation,Wildfire,1,,0,0.0,,0,0.0,,0,0.0,,0,0.0
2001,6.0,2001-06,Africa,CMR,Cameroon,Epidemic,1,3.0,1,100.0,155.0,1,100.0,,0,0.0,,0,0.0
2001,6.0,2001-06,Africa,CMR,Cameroon,Flood,1,30.0,1,100.0,1500.0,1,100.0,,0,0.0,,0,0.0
2001,6.0,2001-06,Africa,DJI,Djibouti,Drought,1,,0,0.0,100000.0,1,100.0,,0,0.0,,0,0.0
2001,6.0,2001-06,Africa,GHA,Ghana,Flood,1,12.0,1,100.0,144025.0,1,100.0,,0,0.0,,0,0.0
2001,6.0,2001-06,Africa,KEN,Kenya,Epidemic,1,14.0,1,100.0,222.0,1,100.0,,0,0.0,,0,0.0
2001,6.0,2001-06,Africa,NER,Niger,Epidemic,1,237.0,1,100.0,44276.0,1,100.0,,0,0.0,,0,0.0
2001,6.0,2001-06,Africa,TCD,Chad,Epidemic,1,113.0,1,100.0,3444.0,1,100.0,,0,0.0,,0,0.0
2001,6.0,2001-06,Americas,BRA,Brazil,Drought,1,,0,0.0,1000000.0,1,100.0,,0,0.0,,0,0.0
2001,6.0,2001-06,Americas,COL,Colombia,Mass movement (wet),1,14.0,1,100.0,,0,0.0,,0,0.0,,0,0.0
2001,6.0,2001-06,Americas,COL,Colombia,Storm,1,5.0,1,100.0,7700.0,1,100.0,,0,0.0,,0,0.0
2001,6.0,2001-06,Americas,ECU,Ecuador,Flood,1,47.0,1,100.0,8330.0,1,100.0,,0,0.0,,0,0.0
2001,6.0,2001-06,Americas,PER,Peru,Earthquake,1,145.0,1,100.0,349978.0,1,100.0,300000000.0,1,100.0,545461000.0,1,100.0
2001,6.0,2001-06,Americas,URY,Uruguay,Flood,1,,0,0.0,5000.0,1,100.0,,0,0.0,,0,0.0
2001,6.0,2001-06,Americas,USA,United States of America,Storm,5,44.0,2,40.0,172808.0,5,100.0,6010000000.0,2,40.0,10927395000.0,2,40.0
2001,6.0,2001-06,Asia,AFG,Afghanistan,Earthquake,1,4.0,1,100.0,270.0,1,100.0,,0,0.0,,0,0.0
2001,6.0,2001-06,Asia,AFG,Afghanistan,Epidemic,1,114.0,1,100.0,4385.0,1,100.0,,0,0.0,,0,0.0
2001,6.0,2001-06,Asia,BGD,Bangladesh,Flood,1,9.0,1,100.0,500000.0,1,100.0,,0,0.0,,0,0.0
2001,6.0,2001-06,Asia,CHN,China,Flood,4,283.0,4,100.0,2063117.0,4,100.0,365000000.0,3,75.0,663644000.0,3,75.0
2001,6.0,2001-06,Asia,CHN,China,Infestation,1,,0,0.0,,0,0.0,,0,0.0,,0,0.0
2001,6.0,2001-06,Asia,CHN,China,Storm,2,125.0,1,50.0,3119126.0,2,100.0,470000000.0,1,50.0,854555000.0,1,50.0
2001,6.0,2001-06,Asia,IDN,Indonesia,Earthquake,1,,0,0.0,12512.0,1,100.0,,0,0.0,,0,0.0
2001,6.0,2001-06,Asia,IND,India,Epidemic,1,16.0,1,100.0,83.0,1,100.0,,0,0.0,,0,0.0
2001,6.0,2001-06,Asia,IND,India,Flood,2,33.0,2,100.0,700004.0,2,100.0,,0,0.0,,0,0.0
2001,6.0,2001-06,Asia,JPN,Japan,Flood,1,1.0,1,100.0,138.0,1,100.0,,0,0.0,,0,0.0
2001,6.0,2001-06,Asia,JPN,Japan,Storm,1,1.0,1,100.0,1333.0,1,100.0,,0,0.0,,0,0.0
2001,6.0,2001-06,Asia,KOR,Republic of Korea,Drought,1,,0,0.0,,0,0.0,,0,0.0,,0,0.0
2001,6.0,2001-06,Asia,MMR,Myanmar,Flood,1,51.0,1,100.0,3750.0,1,100.0,,0,0.0,,0,0.0
2001,6.0,2001-06,Asia,NPL,Nepal,Epidemic,1,13.0,1,100.0,242.0,1,100.0,,0,0.0,,0,0.0
2001,6.0,2001-06,Asia,NPL,Nepal,Mass movement (wet),1,144.0,1,100.0,21019.0,1,100.0,,0,0.0,,0,0.0
2001,6.0,2001-06,Asia,PHL,Philippines,Storm,1,33.0,1,100.0,,0,0.0,14000000.0,1,100.0,25455000.0,1,100.0
2001,6.0,2001-06,Asia,THA,Thailand,Flood,1,,0,0.0,1000.0,1,100.0,,0,0.0,,0,0.0
2001,6.0,2001-06,Asia,THA,Thailand,Storm,1,,0,0.0,150.0,1,100.0,,0,0.0,,0,0.0
2001,6.0,2001-06,Asia,TJK,Tajikistan,Storm,1,,0,0.0,830.0,1,100.0,234000.0,1,100.0,425000.0,1,100.0
2001,6.0,2001-06,Asia,TLS,Timor-Leste,Flood,1,1.0,1,100.0,2508.0,1,100.0,,0,0.0,,0,0.0
2001,6.0,2001-06,Asia,TUR,Türkiye,Earthquake,1,,0,0.0,480.0,1,100.0,,0,0.0,,0,0.0
2001,6.0,2001-06,Asia,TWN,Taiwan (Province of China),Storm,1,9.0,1,100.0,116.0,1,100.0,5000000.0,1,100.0,9091000.0,1,100.0
2001,6.0,2001-06,Asia,VNM,Viet Nam,Flood,1,9.0,1,100.0,175.0,1,100.0,,0,0.0,,0,0.0
2001,6.0,2001-06,Asia,YEM,Yemen,Storm,1,13.0,1,100.0,,0,0.0,,0,0.0,,0,0.0
2001,6.0,2001-06,Europe,BIH,Bosnia and Herzegovina,Flood,1,,0,0.0,9000.0,1,100.0,,0,0.0,,0,0.0
2001,6.0,2001-06,Europe,ROU,Romania,Flood,1,7.0,1,100.0,10803.0,1,100.0,120000000.0,1,100.0,218184000.0,1,100.0
2001,6.0,2001-06,Europe,RUS,Russian Federation,Infestation,1,,0,0.0,,0,0.0,,0,0.0,,0,0.0
2001,6.0,2001-06,Europe,SCG,Serbia Montenegro,Flood,1,,0,0.0,6150.0,1,100.0,,0,0.0,,0,0.0
2001,6.0,2001-06,Oceania,PNG,Papua New Guinea,Earthquake,1,,0,0.0,201.0,1,100.0,,0,0.0,,0,0.0
2001,6.0,2001-06,Oceania,VUT,Vanuatu,Volcanic activity,1,,0,0.0,4500.0,1,100.0,,0,0.0,,0,0.0
2001,7.0,2001-07,Africa,BFA,Burkina Faso,Epidemic,1,6.0,1,100.0,308.0,1,100.0,,0,0.0,,0,0.0
2001,7.0,2001-07,Africa,COD,Democratic Republic of the Congo,Epidemic,1,41.0,1,100.0,384.0,1,100.0,,0,0.0,,0,0.0
2001,7.0,2001-07,Africa,ETH,Ethiopia,Flood,1,,0,0.0,6000.0,1,100.0,,0,0.0,,0,0.0
2001,7.0,2001-07,Africa,GMB,Gambia,Flood,1,1.0,1,100.0,250.0,1,100.0,,0,0.0,,0,0.0
2001,7.0,2001-07,Africa,MOZ,Mozambique,Flood,1,,0,0.0,200000.0,1,100.0,,0,0.0,,0,0.0
2001,7.0,2001-07,Africa,NGA,Nigeria,Flood,1,,0,0.0,3852.0,1,100.0,,0,0.0,,0,0.0
2001,7.0,2001-07,Africa,ZAF,South Africa,Flood,1,,0,0.0,42356.0,1,100.0,,0,0.0,,0,0.0
2001,7.0,2001-07,Americas,ARG,Argentina,Extreme temperature,1,14.0,1,100.0,3000.0,1,100.0,,0,0.0,,0,0.0
2001,7.0,2001-07,Americas,ARG,Argentina,Flood,1,,0,0.0,700.0,1,100.0,,0,0.0,,0,0.0
2001,7.0,2001-07,Americas,HND,Honduras,Drought,1,,0,0.0,195000.0,1,100.0,,0,0.0,,0,0.0
2001,7.0,2001-07,Americas,MEX,Mexico,Storm,1,,0,0.0,100.0,1,100.0,,0,0.0,,0,0.0
2001,7.0,2001-07,Americas,USA,United States of America,Flood,1,2.0,1,100.0,15000.0,1,100.0,20000000.0,1,100.0,36364000.0,1,100.0
2001,7.0,2001-07,Asia,CHN,China,Earthquake,1,,0,0.0,25000.0,1,100.0,,0,0.0,,0,0.0
2001,7.0,2001-07,Asia,CHN,China,Flood,1,46.0,1,100.0,17.0,1,100.0,5000000.0,1,100.0,9091000.0,1,100.0
2001,7.0,2001-07,Asia,CHN,China,Mass movement (wet),2,35.0,2,100.0,10307.0,1,50.0,60000000.0,1,50.0,109092000.0,1,50.0
2001,7.0,2001-07,Asia,CHN,China,Storm,4,148.0,3,75.0,15421587.0,3,75.0,2868000000.0,3,75.0,5214603000.0,3,75.0
2001,7.0,2001-07,Asia,IDN,Indonesia,Flood,1,257.0,1,100.0,3694.0,1,100.0,,0,0.0,,0,0.0
2001,7.0,2001-07,Asia,IND,India,Epidemic,1,33.0,1,100.0,34078.0,1,100.0,,0,0.0,,0,0.0
2001,7.0,2001-07,Asia,IND,India,Flood,2,186.0,2,100.0,9710000.0,2,100.0,206924000.0,2,100.0,376229000.0,2,100.0
2001,7.0,2001-07,Asia,IND,India,Mass movement (wet),1,27.0,1,100.0,,0,0.0,,0,0.0,,0,0.0
2001,7.0,2001-07,Asia,IRN,Iran (Islamic Republic of),Flood,1,32.0,1,100.0,1034.0,1,100.0,25000000.0,1,100.0,45455000.0,1,100.0
2001,7.0,2001-07,Asia,KOR,Republic of Korea,Flood,2,70.0,2,100.0,310000.0,2,100.0,76000000.0,1,50.0,138183000.0,1,50.0
2001,7.0,2001-07,Asia,PAK,Pakistan,Flood,1,210.0,1,100.0,400179.0,1,100.0,246000000.0,1,100.0,447278000.0,1,100.0
2001,7.0,2001-07,Asia,PAK,Pakistan,Mass movement (wet),2,31.0,2,100.0,12.0,1,50.0,,0,0.0,,0,0.0
2001,7.0,2001-07,Asia,PHL,Philippines,Storm,1,232.0,1,100.0,1902654.0,1,100.0,68565000.0,1,100.0,124665000.0,1,100.0
2001,7.0,2001-07,Asia,PHL,Philippines,Volcanic activity,1,,0,0.0,57645.0,1,100.0,1788000.0,1,100.0,3251000.0,1,100.0
2001,7.0,2001-07,Asia,TUR,Türkiye,Earthquake,1,,0,0.0,131.0,1,100.0,,0,0.0,,0,0.0
2001,7.0,2001-07,Asia,TWN,Taiwan (Province of China),Storm,2,105.0,2,100.0,2017.0,1,50.0,240000000.0,1,50.0,436369000.0,1,50.0
2001,7.0,2001-07,Asia,VNM,Viet Nam,Storm,1,30.0,1,100.0,117453.0,1,100.0,25000000.0,1,100.0,45455000.0,1,100.0
2001,7.0,2001-07,Asia,YEM,Yemen,Flood,1,33.0,1,100.0,,0,0.0,,0,0.0,,0,0.0
2001,7.0,2001-07,Europe,ESP,Spain,Epidemic,1,2.0,1,100.0,751.0,1,100.0,,0,0.0,,0,0.0
2001,7.0,2001-07,Europe,FRA,France,Flood,2,,0,0.0,1021.0,2,100.0,,0,0.0,,0,0.0
2001,7.0,2001-07,Europe,FRA,France,Storm,1,12.0,1,100.0,85.0,1,100.0,,0,0.0,,0,0.0
2001,7.0,2001-07,Europe,GRC,Greece,Earthquake,1,,0,0.0,300.0,1,100.0,,0,0.0,,0,0.0
2001,7.0,2001-07,Europe,ITA,Italy,Volcanic activity,1,,0,0.0,,0,0.0,3100000.0,1,100.0,5636000.0,1,100.0
2001,7.0,2001-07,Europe,POL,Poland,Flood,1,27.0,1,100.0,15000.0,1,100.0,700000000.0,1,100.0,1272741000.0,1,100.0
2001,7.0,2001-07,Europe,RUS,Russian Federation,Extreme temperature,1,276.0,1,100.0,,0,0.0,,0,0.0,,0,0.0
2001,7.0,2001-07,Europe,RUS,Russian Federation,Flood,1,11.0,1,100.0,300000.0,1,100.0,33000000.0,1,100.0,60001000.0,1,100.0
2001,7.0,2001-07,Europe,SVK,Slovakia,Flood,1,1.0,1,100.0,,0,0.0,6000000.0,1,100.0,10909000.0,1,100.0
2001,8.0,2001-08,Africa,BEN,Benin,Epidemic,1,21.0,1,100.0,109.0,1,100.0,,0,0.0,,0,0.0
2001,8.0,2001-08,Africa,COD,Democratic Republic of the Congo,Epidemic,1,104.0,1,100.0,893.0,1,100.0,,0,0.0,,0,0.0
2001,8.0,2001-08,Africa,ETH,Ethiopia,Flood,2,5.0,1,50.0,33500.0,2,100.0,,0,0.0,,0,0.0
2001,8.0,2001-08,Africa,GIN,Guinea,Epidemic,1,12.0,1,100.0,143.0,1,100.0,,0,0.0,,0,0.0
2001,8.0,2001-08,Africa,GIN,Guinea,Flood,1,9.0,1,100.0,220000.0,1,100.0,,0,0.0,,0,0.0
2001,8.0,2001-08,Africa,KEN,Kenya,Epidemic,1,12.0,1,100.0,24.0,1,100.0,,0,0.0,,0,0.0
2001,8.0,2001-08,Africa,MLI,Mali,Flood,1,2.0,1,100.0,3500.0,1,100.0,,0,0.0,,0,0.0
2001,8.0,2001-08,Africa,MOZ,Mozambique,Epidemic,1,7.0,1,100.0,611.0,1,100.0,,0,0.0,,0,0.0
2001,8.0,2001-08,Africa,MRT,Mauritania,Flood,1,,0,0.0,3000.0,1,100.0,,0,0.0,,0,0.0
2001,8.0,2001-08,Africa,NER,Niger,Epidemic,1,15.0,1,100.0,98.0,1,100.0,,0,0.0,,0,0.0
2001,8.0,2001-08,Africa,NGA,Nigeria,Flood,1,200.0,1,100.0,84065.0,1,100.0,3000000.0,1,100.0,5455000.0,1,100.0
2001,8.0,2001-08,Africa,SDN,Sudan,Flood,1,3.0,1,100.0,97000.0,1,100.0,2000000.0,1,100.0,3636000.0,1,100.0
2001,8.0,2001-08,Africa,TCD,Chad,Flood,1,100.0,1,100.0,175763.0,1,100.0,1000000.0,1,100.0,1818000.0,1,100.0
2001,8.0,2001-08,Americas,ARG,Argentina,Wildfire,1,,0,0.0,,0,0.0,,0,0.0,,0,0.0
2001,8.0,2001-08,Americas,BLZ,Belize,Storm,1,,0,0.0,,0,0.0,4000000.0,1,100.0,7273000.0,1,100.0
2001,8.0,2001-08,Americas,COL,Colombia,Wildfire,1,,0,0.0,,0,0.0,,0,0.0,,0,0.0
2001,8.0,2001-08,Americas,ECU,Ecuador,Volcanic activity,1,,0,0.0,22770.0,1,100.0,10975000.0,1,100.0,19955000.0,1,100.0
2001,8.0,2001-08,Americas,MEX,Mexico,Storm,1,,0,0.0,2500.0,1,100.0,,0,0.0,,0,0.0
2001,8.0,2001-08,Americas,NIC,Nicaragua,Drought,1,,0,0.0,188000.0,1,100.0,,0,0.0,,0,0.0
2001,8.0,2001-08,Americas,PER,Peru,Earthquake,1,4.0,1,100.0,3965.0,1,100.0,,0,0.0,,0,0.0
2001,8.0,2001-08,Americas,TTO,Trinidad and Tobago,Storm,1,2.0,1,100.0,,0,0.0,,0,0.0,,0,0.0
2001,8.0,2001-08,Americas,USA,United States of America,Extreme temperature,1,56.0,1,100.0,,0,0.0,,0,0.0,,0,0.0
2001,8.0,2001-08,Americas,USA,United States of America,Flood,1,,0,0.0,3600.0,1,100.0,,0,0.0,,0,0.0
2001,8.0,2001-08,Americas,USA,United States of America,Storm,2,11.0,1,50.0,402.0,2,100.0,3000000.0,1,50.0,5455000.0,1,50.0
2001,8.0,2001-08,Americas,USA,United States of America,Wildfire,1,,0,0.0,,0,0.0,,0,0.0,,0,0.0
2001,8.0,2001-08,Asia,BGD,Bangladesh,Flood,1,,0,0.0,200000.0,1,100.0,,0,0.0,,0,0.0
2001,8.0,2001-08,Asia,CHN,China,Flood,1,35.0,1,100.0,2702.0,1,100.0,17000000.0,1,100.0,30909000.0,1,100.0
2001,8.0,2001-08,Asia,CHN,China,Mass movement (wet),1,34.0,1,100.0,308.0,1,100.0,,0,0.0,,0,0.0
2001,8.0,2001-08,Asia,CHN,China,Storm,1,4.0,1,100.0,,0,0.0,213000000.0,1,100.0,387277000.0,1,100.0
2001,8.0,2001-08,Asia,IND,India,Epidemic,1,12.0,1,100.0,24686.0,1,100.0,,0,0.0,,0,0.0
2001,8.0,2001-08,Asia,IND,India,Flood,3,168.0,2,66.67,7400036.0,3,100.0,26000000.0,1,33.33,47273000.0,1,33.33
2001,8.0,2001-08,Asia,IND,India,Mass movement (wet),1,16.0,1,100.0,,0,0.0,,0,0.0,,0,0.0
2001,8.0,2001-08,Asia,IRN,Iran (Islamic Republic of),Flood,1,412.0,1,100.0,1200200.0,1,100.0,78800000.0,1,100.0,143274000.0,1,100.0
2001,8.0,2001-08,Asia,JPN,Japan,Storm,1,9.0,1,100.0,7040.0,1,100.0,800000000.0,1,100.0,1454562000.0,1,100.0
2001,8.0,2001-08,Asia,KHM,Cambodia,Flood,1,56.0,1,100.0,1669182.0,1,100.0,15000000.0,1,100.0,27273000.0,1,100.0
2001,8.0,2001-08,Asia,LAO,Lao People's Democratic Republic,Flood,1,,0,0.0,453000.0,1,100.0,,0,0.0,,0,0.0
2001,8.0,2001-08,Asia,MYS,Malaysia,Flood,1,,0,0.0,10000.0,1,100.0,,0,0.0,,0,0.0
2001,8.0,2001-08,Asia,PHL,Philippines,Flood,1,37.0,1,100.0,79000.0,1,100.0,8000000.0,1,100.0,14546000.0,1,100.0
2001,8.0,2001-08,Asia,PHL,Philippines,Storm,1,,0,0.0,295355.0,1,100.0,293000.0,1,100.0,533000.0,1,100.0
2001,8.0,2001-08,Asia,PRK,Democratic People's Republic of Korea,Flood,1,10.0,1,100.0,10000.0,1,100.0,,0,0.0,,0,0.0
2001,8.0,2001-08,Asia,THA,Thailand,Flood,2,104.0,1,50.0,454109.0,2,100.0,24500000.0,1,50.0,44546000.0,1,50.0
2001,8.0,2001-08,Asia,TJK,Tajikistan,Flood,1,,0,0.0,2190.0,1,100.0,,0,0.0,,0,0.0
2001,8.0,2001-08,Asia,VNM,Viet Nam,Flood,1,310.0,1,100.0,1570270.0,1,100.0,84000000.0,1,100.0,152729000.0,1,100.0
2001,8.0,2001-08,Asia,VNM,Viet Nam,Storm,1,3.0,1,100.0,10003.0,1,100.0,3200000.0,1,100.0,5818000.0,1,100.0
2001,8.0,2001-08,Asia,YEM,Yemen,Storm,1,17.0,1,100.0,,0,0.0,,0,0.0,,0,0.0
2001,8.0,2001-08,Europe,BGR,Bulgaria,Wildfire,1,,0,0.0,,0,0.0,,0,0.0,,0,0.0
2001,8.0,2001-08,Europe,RUS,Russian Federation,Flood,1,16.0,1,100.0,25000.0,1,100.0,17000000.0,1,100.0,30909000.0,1,100.0
2001,9.0,2001-09,Africa,ETH,Ethiopia,Epidemic,1,118.0,1,100.0,2211.0,1,100.0,,0,0.0,,0,0.0
2001,9.0,2001-09,Africa,RWA,Rwanda,Flood,1,10.0,1,100.0,,0,0.0,,0,0.0,,0,0.0
2001,9.0,2001-09,Africa,ZAF,South Africa,Storm,1,,0,0.0,630.0,1,100.0,,0,0.0,,0,0.0
2001,9.0,2001-09,Africa,ZAF,South Africa,Wildfire,2,31.0,2,100.0,,0,0.0,,0,0.0,,0,0.0
2001,9.0,2001-09,Americas,BRA,Brazil,Storm,1,13.0,1,100.0,3400.0,1,100.0,,0,0.0,,0,0.0
2001,9.0,2001-09,Americas,GTM,Guatemala,Drought,1,41.0,1,100.0,113596.0,1,100.0,14000000.0,1,100.0,25455000.0,1,100.0
2001,9.0,2001-09,Americas,MEX,Mexico,Flood,1,21.0,1,100.0,,0,0.0,,0,0.0,,0,0.0
2001,9.0,2001-09,Americas,MEX,Mexico,Storm,1,3.0,1,100.0,3800.0,1,100.0,400000000.0,1,100.0,727281000.0,1,100.0
2001,9.0,2001-09,Americas,SLV,El Salvador,Flood,1,,0,0.0,1000.0,1,100.0,,0,0.0,,0,0.0
2001,9.0,2001-09,Americas,USA,United States of America,Storm,1,2.0,1,100.0,1050.0,1,100.0,30000000.0,1,100.0,54546000.0,1,100.0
2001,9.0,2001-09,Asia,CHN,China,Flood,1,27.0,1,100.0,250000.0,1,100.0,300000000.0,1,100.0,545461000.0,1,100.0
2001,9.0,2001-09,Asia,CHN,China,Mass movement (wet),2,25.0,2,100.0,11018.0,2,100.0,,0,0.0,,0,0.0
2001,9.0,2001-09,Asia,CHN,China,Storm,1,12.0,1,100.0,9.0,1,100.0,,0,0.0,,0,0.0
2001,9.0,2001-09,Asia,IND,India,Flood,2,194.0,2,100.0,2800000.0,1,50.0,129000000.0,2,100.0,234548000.0,2,100.0
2001,9.0,2001-09,Asia,JPN,Japan,Storm,1,7.0,1,100.0,1215.0,1,100.0,500000000.0,1,100.0,909101000.0,1,100.0
2001,9.0,2001-09,Asia,KHM,Cambodia,Drought,1,,0,0.0,300000.0,1,100.0,,0,0.0,,0,0.0
2001,9.0,2001-09,Asia,LKA,Sri Lanka,Drought,1,,0,0.0,1000000.0,1,100.0,,0,0.0,,0,0.0
2001,9.0,2001-09,Asia,PHL,Philippines,Storm,1,4.0,1,100.0,37357.0,1,100.0,1407000.0,1,100.0,2558000.0,1,100.0
2001,9.0,2001-09,Asia,TWN,Taiwan (Province of China),Storm,1,80.0,1,100.0,650200.0,1,100.0,800000000.0,1,100.0,1454562000.0,1,100.0
2001,9.0,2001-09,Europe,HRV,Croatia,Flood,1,,0,0.0,1200.0,1,100.0,,0,0.0,,0,0.0
2001,9.0,2001-09,Europe,PRT,Portugal,Wildfire,1,,0,0.0,,0,0.0,,0,0.0,,0,0.0
2001,10.0,2001-10,Africa,COD,Democratic Republic of the Congo,Epidemic,2,97.0,2,100.0,1310.0,2,100.0,,0,0.0,,0,0.0
2001,10.0,2001-10,Africa,MWI,Malawi,Epidemic,2,1111.0,2,100.0,38766.0,2,100.0,,0,0.0,,0,0.0
2001,10.0,2001-10,Africa,NGA,Nigeria,Epidemic,1,24.0,1,100.0,125.0,1,100.0,,0,0.0,,0,0.0
2001,10.0,2001-10,Africa,RWA,Rwanda,Flood,1,2.0,1,100.0,3000.0,1,100.0,,0,0.0,,0,0.0
2001,10.0,2001-10,Africa,SOM,Somalia,Epidemic,1,33.0,1,100.0,111.0,1,100.0,,0,0.0,,0,0.0
2001,10.0,2001-10,Africa,UGA,Uganda,Epidemic,1,14.0,1,100.0,9.0,1,100.0,,0,0.0,,0,0.0
2001,10.0,2001-10,Americas,ARG,Argentina,Flood,1,1.0,1,100.0,250000.0,1,100.0,750000000.0,1,100.0,1363652000.0,1,100.0
2001,10.0,2001-10,Americas,BLZ,Belize,Storm,1,30.0,1,100.0,20000.0,1,100.0,250000000.0,1,100.0,454551000.0,1,100.0
2001,10.0,2001-10,Americas,CRI,Costa Rica,Flood,1,,0,0.0,1437.0,1,100.0,,0,0.0,,0,0.0
2001,10.0,2001-10,Americas,CYM,Cayman Islands,Storm,1,,0,0.0,,0,0.0,60000000.0,1,100.0,109092000.0,1,100.0
2001,10.0,2001-10,Americas,DOM,Dominican Republic,Storm,1,3.0,1,100.0,175.0,1,100.0,10000.0,1,100.0,18000.0,1,100.0
2001,10.0,2001-10,Americas,GTM,Guatemala,Storm,1,8.0,1,100.0,6446.0,1,100.0,100000.0,1,100.0,182000.0,1,100.0
2001,10.0,2001-10,Americas,HND,Honduras,Storm,1,21.0,1,100.0,86321.0,1,100.0,5000000.0,1,100.0,9091000.0,1,100.0
2001,10.0,2001-10,Americas,HTI,Haiti,Storm,1,,0,0.0,,0,0.0,20000.0,1,100.0,36000.0,1,100.0
2001,10.0,2001-10,Americas,MEX,Mexico,Storm,1,2.0,1,100.0,,0,0.0,1000000.0,1,100.0,1818000.0,1,100.0
2001,10.0,2001-10,Americas,PER,Peru,Mass movement (wet),1,20.0,1,100.0,150.0,1,100.0,,0,0.0,,0,0.0
2001,10.0,2001-10,Americas,USA,United States of America,Storm,3,,0,0.0,2619.0,3,100.0,11000000.0,2,66.67,20000000.0,2,66.67
2001,10.0,2001-10,Americas,USA,United States of America,Wildfire,1,1.0,1,100.0,,0,0.0,,0,0.0,,0,0.0
2001,10.0,2001-10,Asia,BGD,Bangladesh,Storm,1,12.0,1,100.0,25450.0,1,100.0,,0,0.0,,0,0.0
2001,10.0,2001-10,Asia,CHN,China,Earthquake,1,1.0,1,100.0,17220.0,1,100.0,,0,0.0,,0,0.0
2001,10.0,2001-10,Asia,IDN,Indonesia,Mass movement (wet),2,,0,0.0,910.0,2,100.0,,0,0.0,,0,0.0
2001,10.0,2001-10,Asia,IND,India,Storm,1,78.0,1,100.0,27000.0,1,100.0,,0,0.0,,0,0.0
2001,10.0,2001-10,Asia,IRN,Iran (Islamic Republic of),Earthquake,1,,0,0.0,1000.0,1,100.0,,0,0.0,,0,0.0
2001,10.0,2001-10,Asia,IRN,Iran (Islamic Republic of),Flood,1,,0,0.0,3000.0,1,100.0,,0,0.0,,0,0.0
2001,10.0,2001-10,Asia,MYS,Malaysia,Flood,2,,0,0.0,5200.0,2,100.0,,0,0.0,,0,0.0
2001,10.0,2001-10,Asia,PHL,Philippines,Flood,1,4.0,1,100.0,300.0,1,100.0,,0,0.0,,0,0.0
2001,10.0,2001-10,Asia,PRK,Democratic People's Republic of Korea,Flood,1,114.0,1,100.0,177584.0,1,100.0,9400000.0,1,100.0,17091000.0,1,100.0
2001,10.0,2001-10,Asia,VNM,Viet Nam,Flood,1,20.0,1,100.0,35006.0,1,100.0,4700000.0,1,100.0,8546000.0,1,100.0
2001,10.0,2001-10,Europe,FRA,France,Storm,1,2.0,1,100.0,335.0,1,100.0,,0,0.0,,0,0.0
2001,10.0,2001-10,Europe,GBR,United Kingdom of Great Britain and Northern Ireland,Flood,1,,0,0.0,1000.0,1,100.0,,0,0.0,,0,0.0
2001,10.0,2001-10,Europe,LVA,Latvia,Extreme temperature,1,21.0,1,100.0,,0,0.0,,0,0.0,,0,0.0
2001,10.0,2001-10,Europe,POL,Poland,Extreme temperature,1,270.0,1,100.0,,0,0.0,,0,0.0,,0,0.0
2001,10.0,2001-10,Europe,RUS,Russian Federation,Extreme temperature,1,332.0,1,100.0,174.0,1,100.0,,0,0.0,,0,0.0
2001,10.0,2001-10,Europe,RUS,Russian Federation,Wildfire,1,,0,0.0,,0,0.0,,0,0.0,,0,0.0
2001,10.0,2001-10,Oceania,AUS,Australia,Wildfire,1,,0,0.0,,0,0.0,,0,0.0,,0,0.0
2001,11.0,2001-11,Africa,COD,Democratic Republic of the Congo,Epidemic,2,522.0,2,100.0,6342.0,2,100.0,,0,0.0,,0,0.0
2001,11.0,2001-11,Africa,COG,Congo,Epidemic,1,19.0,1,100.0,13.0,1,100.0,,0,0.0,,0,0.0
2001,11.0,2001-11,Africa,DZA,Algeria,Flood,1,921.0,1,100.0,45423.0,1,100.0,300000000.0,1,100.0,545461000.0,1,100.0
2001,11.0,2001-11,Africa,GAB,Gabon,Epidemic,1,50.0,1,100.0,10.0,1,100.0,,0,0.0,,0,0.0
2001,11.0,2001-11,Africa,NER,Niger,Flood,1,4.0,1,100.0,20000.0,1,100.0,,0,0.0,,0,0.0
2001,11.0,2001-11,Africa,NGA,Nigeria,Epidemic,1,80.0,1,100.0,2170.0,1,100.0,,0,0.0,,0,0.0
2001,11.0,2001-11,Africa,SOM,Somalia,Flood,1,,0,0.0,6500.0,1,100.0,,0,0.0,,0,0.0
2001,11.0,2001-11,Africa,SPI,Canary Islands,Flood,1,7.0,1,100.0,300.0,1,100.0,,0,0.0,,0,0.0
2001,11.0,2001-11,Africa,UGA,Uganda,Mass movement (wet),1,11.0,1,100.0,3366.0,1,100.0,,0,0.0,,0,0.0
2001,11.0,2001-11,Americas,BHS,Bahamas,Storm,1,,0,0.0,,0,0.0,300000000.0,1,100.0,545461000.0,1,100.0
2001,11.0,2001-11,Americas,BRA,Brazil,Flood,1,12.0,1,100.0,5100.0,1,100.0,,0,0.0,,0,0.0
2001,11.0,2001-11,Americas,COL,Colombia,Mass movement (wet),1,80.0,1,100.0,32.0,1,100.0,,0,0.0,,0,0.0
2001,11.0,2001-11,Americas,CRI,Costa Rica,Storm,1,,0,0.0,,0,0.0,1000000.0,1,100.0,1818000.0,1,100.0
2001,11.0,2001-11,Americas,CUB,Cuba,Storm,1,5.0,1,100.0,5900012.0,1,100.0,100000000.0,1,100.0,181820000.0,1,100.0
2001,11.0,2001-11,Americas,GTM,Guatemala,Extreme temperature,1,,0,0.0,1850.0,1,100.0,,0,0.0,,0,0.0
2001,11.0,2001-11,Americas,JAM,Jamaica,Storm,1,1.0,1,100.0,200.0,1,100.0,55487000.0,1,100.0,100887000.0,1,100.0
2001,11.0,2001-11,Americas,NIC,Nicaragua,Storm,1,16.0,1,100.0,24866.0,1,100.0,1000000.0,1,100.0,1818000.0,1,100.0
2001,11.0,2001-11,Americas,USA,United States of America,Flood,1,9.0,1,100.0,600.0,1,100.0,,0,0.0,,0,0.0
2001,11.0,2001-11,Americas,USA,United States of America,Storm,1,,0,0.0,,0,0.0,66000.0,1,100.0,120000.0,1,100.0
2001,11.0,2001-11,Asia,AFG,Afghanistan,Extreme temperature,1,177.0,1,100.0,100000.0,1,100.0,,0,0.0,,0,0.0
2001,11.0,2001-11,Asia,IND,India,Mass movement (wet),1,55.0,1,100.0,,0,0.0,,0,0.0,,0,0.0
2001,11.0,2001-11,Asia,PAK,Pakistan,Epidemic,1,,0,0.0,5000.0,1,100.0,,0,0.0,,0,0.0
2001,11.0,2001-11,Asia,PHL,Philippines,Storm,1,290.0,1,100.0,1060147.0,1,100.0,22700000.0,1,100.0,41273000.0,1,100.0
2001,11.0,2001-11,Asia,TUR,Türkiye,Mass movement (wet),1,9.0,1,100.0,600.0,1,100.0,,0,0.0,,0,0.0
2001,11.0,2001-11,Asia,VNM,Viet Nam,Flood,1,,0,0.0,3000.0,1,100.0,,0,0.0,,0,0.0
2001,11.0,2001-11,Asia,VNM,Viet Nam,Storm,1,20.0,1,100.0,73183.0,1,100.0,55000000.0,1,100.0,100001000.0,1,100.0
2001,11.0,2001-11,Europe,ESP,Spain,Storm,1,10.0,1,100.0,,0,0.0,72000000.0,1,100.0,130911000.0,1,100.0
2001,11.0,2001-11,Europe,GRC,Greece,Flood,1,,0,0.0,600.0,1,100.0,,0,0.0,,0,0.0
2001,11.0,2001-11,Europe,SCG,Serbia Montenegro,Epidemic,1,,0,0.0,170.0,1,100.0,,0,0.0,,0,0.0
2001,11.0,2001-11,Oceania,PNG,Papua New Guinea,Epidemic,1,,0,0.0,1395.0,1,100.0,,0,0.0,,0,0.0
2001,12.0,2001-12,Africa,BFA,Burkina Faso,Epidemic,1,1447.0,1,100.0,11140.0,1,100.0,,0,0.0,,0,0.0
2001,12.0,2001-12,Africa,COD,Democratic Republic of the Congo,Flood,1,,0,0.0,13000.0,1,100.0,,0,0.0,,0,0.0
2001,12.0,2001-12,Africa,COD,Democratic Republic of the Congo,Mass movement (wet),1,12.0,1,100.0,,0,0.0,,0,0.0,,0,0.0
2001,12.0,2001-12,Africa,KEN,Kenya,Epidemic,1,5.0,1,100.0,395.0,1,100.0,,0,0.0,,0,0.0
2001,12.0,2001-12,Africa,LSO,Lesotho,Storm,2,1.0,1,50.0,2001.0,2,100.0,,0,0.0,,0,0.0
2001,12.0,2001-12,Africa,MAR,Morocco,Flood,1,15.0,1,100.0,300.0,1,100.0,2200000.0,1,100.0,4000000.0,1,100.0
2001,12.0,2001-12,Africa,MWI,Malawi,Flood,1,,0,0.0,8750.0,1,100.0,,0,0.0,,0,0.0
2001,12.0,2001-12,Africa,SLE,Sierra Leone,Epidemic,1,12.0,1,100.0,3.0,1,100.0,,0,0.0,,0,0.0
2001,12.0,2001-12,Africa,TZA,United Republic of Tanzania,Epidemic,1,22.0,1,100.0,412.0,1,100.0,,0,0.0,,0,0.0
2001,12.0,2001-12,Africa,UGA,Uganda,Flood,1,,0,0.0,500.0,1,100.0,,0,0.0,,0,0.0
2001,12.0,2001-12,Africa,ZAF,South Africa,Flood,1,5.0,1,100.0,312.0,1,100.0,,0,0.0,,0,0.0
2001,12.0,2001-12,Americas,BRA,Brazil,Flood,1,50.0,1,100.0,1946.0,1,100.0,45000000.0,1,100.0,81819000.0,1,100.0
2001,12.0,2001-12,Americas,COL,Colombia,Flood,1,,0,0.0,4500.0,1,100.0,,0,0.0,,0,0.0
2001,12.0,2001-12,Americas,PER,Peru,Earthquake,1,2.0,1,100.0,155.0,1,100.0,,0,0.0,,0,0.0
2001,12.0,2001-12,Americas,PER,Peru,Flood,1,6.0,1,100.0,20000.0,1,100.0,,0,0.0,,0,0.0
2001,12.0,2001-12,Asia,AFG,Afghanistan,Epidemic,1,40.0,1,100.0,40.0,1,100.0,,0,0.0,,0,0.0
2001,12.0,2001-12,Asia,BGD,Bangladesh,Extreme temperature,1,6.0,1,100.0,2000.0,1,100.0,,0,0.0,,0,0.0
2001,12.0,2001-12,Asia,CHN,China,Flood,1,,0,0.0,4000.0,1,100.0,,0,0.0,,0,0.0
2001,12.0,2001-12,Asia,IDN,Indonesia,Flood,1,15.0,1,100.0,2000.0,1,100.0,,0,0.0,,0,0.0
2001,12.0,2001-12,Asia,IND,India,Extreme temperature,1,48.0,1,100.0,,0,0.0,,0,0.0,,0,0.0
2001,12.0,2001-12,Asia,MYS,Malaysia,Flood,1,11.0,1,100.0,18000.0,1,100.0,,0,0.0,,0,0.0
2001,12.0,2001-12,Asia,PHL,Philippines,Storm,1,6.0,1,100.0,54840.0,1,100.0,96000.0,1,100.0,175000.0,1,100.0
2001,12.0,2001-12,Asia,TUR,Türkiye,Extreme temperature,1,29.0,1,100.0,,0,0.0,,0,0.0,,0,0.0
2001,12.0,2001-12,Asia,TUR,Türkiye,Flood,1,5.0,1,100.0,570.0,1,100.0,25000000.0,1,100.0,45455000.0,1,100.0
2001,12.0,2001-12,Europe,HUN,Hungary,Extreme temperature,1,81.0,1,100.0,,0,0.0,,0,0.0,,0,0.0
2001,12.0,2001-12,Europe,LTU,Lithuania,Extreme temperature,1,20.0,1,100.0,,0,0.0,,0,0.0,,0,0.0
2001,12.0,2001-12,Europe,MKD,North Macedonia,Extreme temperature,1,15.0,1,100.0,,0,0.0,,0,0.0,,0,0.0
2001,12.0,2001-12,Europe,NOR,Norway,Flood,1,,0,0.0,1500.0,1,100.0,,0,0.0,,0,0.0
2001,12.0,2001-12,Europe,ROU,Romania,Extreme temperature,1,10.0,1,100.0,,0,0.0,,0,0.0,,0,0.0
2001,12.0,2001-12,Oceania,AUS,Australia,Wildfire,1,,0,0.0,4400.0,1,100.0,90000000.0,1,100.0,163638000.0,1,100.0
2001,12.0,2001-12,Oceania,COK,Cook Islands,Storm,1,,0,0.0,744.0,1,100.0,52000.0,1,100.0,95000.0,1,100.0
2001,12.0,2001-12,Oceania,TON,Tonga,Storm,1,,0,0.0,16500.0,1,100.0,51300000.0,1,100.0,93274000.0,1,100.0
2002,1.0,2002-01,Africa,BEN,Benin,Epidemic,1,50.0,1,100.0,452.0,1,100.0,,0,0.0,,0,0.0
2002,1.0,2002-01,Africa,CAF,Central African Republic,Wildfire,1,1.0,1,100.0,750.0,1,100.0,,0,0.0,,0,0.0
2002,1.0,2002-01,Africa,CIV,Côte d’Ivoire,Epidemic,2,62.0,2,100.0,806.0,2,100.0,,0,0.0,,0,0.0
2002,1.0,2002-01,Africa,COD,Democratic Republic of the Congo,Epidemic,1,24.0,1,100.0,4000.0,1,100.0,,0,0.0,,0,0.0
2002,1.0,2002-01,Africa,COD,Democratic Republic of the Congo,Volcanic activity,1,200.0,1,100.0,110400.0,1,100.0,9000000.0,1,100.0,16108000.0,1,100.0
2002,1.0,2002-01,Africa,ETH,Ethiopia,Epidemic,1,12.0,1,100.0,,0,0.0,,0,0.0,,0,0.0
2002,1.0,2002-01,Africa,GIN,Guinea,Epidemic,1,23.0,1,100.0,123.0,1,100.0,,0,0.0,,0,0.0
2002,1.0,2002-01,Africa,MDG,Madagascar,Storm,1,2.0,1,100.0,1900.0,1,100.0,181000.0,1,100.0,324000.0,1,100.0
2002,1.0,2002-01,Africa,MLI,Mali,Epidemic,1,33.0,1,100.0,282.0,1,100.0,,0,0.0,,0,0.0
2002,1.0,2002-01,Africa,MOZ,Mozambique,Epidemic,1,17.0,1,100.0,2028.0,1,100.0,,0,0.0,,0,0.0
2002,1.0,2002-01,Africa,MRT,Mauritania,Flood,1,25.0,1,100.0,27500.0,1,100.0,,0,0.0,,0,0.0
2002,1.0,2002-01,Africa,MUS,Mauritius,Storm,1,3.0,1,100.0,1050.0,1,100.0,50000000.0,1,100.0,89491000.0,1,100.0
2002,1.0,2002-01,Africa,MWI,Malawi,Flood,1,1.0,1,100.0,150000.0,1,100.0,,0,0.0,,0,0.0
2002,1.0,2002-01,Africa,NER,Niger,Epidemic,1,308.0,1,100.0,3210.0,1,100.0,,0,0.0,,0,0.0
2002,1.0,2002-01,Africa,REU,Réunion,Storm,1,,0,0.0,3100.0,1,100.0,50000000.0,1,100.0,89491000.0,1,100.0
2002,1.0,2002-01,Africa,RWA,Rwanda,Earthquake,1,45.0,1,100.0,1643.0,1,100.0,,0,0.0,,0,0.0
2002,1.0,2002-01,Africa,SEN,Senegal,Epidemic,1,7.0,1,100.0,121.0,1,100.0,,0,0.0,,0,0.0
2002,1.0,2002-01,Africa,SEN,Senegal,Flood,1,28.0,1,100.0,179000.0,1,100.0,40979000.0,1,100.0,73345000.0,1,100.0
2002,1.0,2002-01,Africa,TGO,Togo,Epidemic,1,95.0,1,100.0,494.0,1,100.0,,0,0.0,,0,0.0
2002,1.0,2002-01,Africa,UGA,Uganda,Storm,1,,0,0.0,100.0,1,100.0,,0,0.0,,0,0.0
2002,1.0,2002-01,Africa,ZAF,South Africa,Epidemic,1,72.0,1,100.0,12927.0,1,100.0,,0,0.0,,0,0.0
2002,1.0,2002-01,Africa,ZAF,South Africa,Storm,1,,0,0.0,150.0,1,100.0,,0,0.0,,0,0.0
2002,1.0,2002-01,Americas,BRA,Brazil,Epidemic,1,57.0,1,100.0,317730.0,1,100.0,,0,0.0,,0,0.0
2002,1.0,2002-01,Americas,ECU,Ecuador,Epidemic,1,,0,0.0,100.0,1,100.0,,0,0.0,,0,0.0
2002,1.0,2002-01,Americas,HND,Honduras,Drought,1,,0,0.0,220000.0,1,100.0,,0,0.0,,0,0.0
2002,1.0,2002-01,Americas,HND,Honduras,Epidemic,1,8.0,1,100.0,4530.0,1,100.0,,0,0.0,,0,0.0
2002,1.0,2002-01,Americas,SLV,El Salvador,Epidemic,1,6.0,1,100.0,2399.0,1,100.0,,0,0.0,,0,0.0
2002,1.0,2002-01,Americas,USA,United States of America,Storm,2,52.0,2,100.0,,0,0.0,400000000.0,1,50.0,715926000.0,1,50.0
2002,1.0,2002-01,Asia,AFG,Afghanistan,Epidemic,1,,0,0.0,200000.0,1,100.0,,0,0.0,,0,0.0
2002,1.0,2002-01,Asia,CHN,China,Epidemic,1,20.0,1,100.0,674.0,1,100.0,,0,0.0,,0,0.0
2002,1.0,2002-01,Asia,IDN,Indonesia,Epidemic,1,17.0,1,100.0,757.0,1,100.0,,0,0.0,,0,0.0
2002,1.0,2002-01,Asia,IDN,Indonesia,Flood,3,184.0,3,100.0,502790.0,3,100.0,350000000.0,1,33.33,626435000.0,1,33.33
2002,1.0,2002-01,Asia,IRN,Iran (Islamic Republic of),Flood,1,11.0,1,100.0,4500.0,1,100.0,59060000.0,1,100.0,105706000.0,1,100.0
2002,1.0,2002-01,Asia,KHM,Cambodia,Drought,1,,0,0.0,650000.0,1,100.0,38000000.0,1,100.0,68013000.0,1,100.0
2002,1.0,2002-01,Asia,MYS,Malaysia,Mass movement (wet),1,10.0,1,100.0,,0,0.0,,0,0.0,,0,0.0
2002,1.0,2002-01,Asia,PHL,Philippines,Flood,1,11.0,1,100.0,95008.0,1,100.0,392000.0,1,100.0,702000.0,1,100.0
2002,1.0,2002-01,Asia,THA,Thailand,Storm,1,1.0,1,100.0,27704.0,1,100.0,2000000.0,1,100.0,3580000.0,1,100.0
2002,1.0,2002-01,Asia,TJK,Tajikistan,Earthquake,1,3.0,1,100.0,1050.0,1,100.0,,0,0.0,,0,0.0
2002,1.0,2002-01,Europe,ALB,Albania,Storm,1,6.0,1,100.0,125000.0,1,100.0,,0,0.0,,0,0.0
2002,1.0,2002-01,Europe,BEL,Belgium,Flood,1,,0,0.0,600.0,1,100.0,,0,0.0,,0,0.0
2002,1.0,2002-01,Europe,DEU,Germany,Storm,1,4.0,1,100.0,6.0,1,100.0,150000000.0,1,100.0,268472000.0,1,100.0
2002,1.0,2002-01,Europe,GBR,United Kingdom of Great Britain and Northern Ireland,Storm,1,7.0,1,100.0,,0,0.0,50000.0,1,100.0,89000.0,1,100.0
2002,1.0,2002-01,Europe,GRC,Greece,Storm,1,2.0,1,100.0,12.0,1,100.0,,0,0.0,,0,0.0
2002,1.0,2002-01,Europe,POL,Poland,Storm,1,6.0,1,100.0,,0,0.0,100000.0,1,100.0,179000.0,1,100.0
2002,1.0,2002-01,Europe,RUS,Russian Federation,Flood,1,1.0,1,100.0,3000.0,1,100.0,64970000.0,1,100.0,116284000.0,1,100.0
2002,1.0,2002-01,Europe,RUS,Russian Federation,Storm,1,2.0,1,100.0,,0,0.0,3000000.0,1,100.0,5369000.0,1,100.0
2002,1.0,2002-01,Oceania,NZL,New Zealand,Flood,1,,0,0.0,300.0,1,100.0,500000.0,1,100.0,895000.0,1,100.0
2002,1.0,2002-01,Oceania,PNG,Papua New Guinea,Earthquake,1,1.0,1,100.0,1000.0,1,100.0,,0,0.0,,0,0.0
2002,1.0,2002-01,Oceania,PNG,Papua New Guinea,Epidemic,1,122.0,1,100.0,2215.0,1,100.0,,0,0.0,,0,0.0
2002,1.0,2002-01,Oceania,VUT,Vanuatu,Earthquake,1,,0,0.0,500.0,1,100.0,,0,0.0,,0,0.0
2002,2.0,2002-02,Africa,COD,Democratic Republic of the Congo,Epidemic,1,39.0,1,100.0,66.0,1,100.0,,0,0.0,,0,0.0
2002,2.0,2002-02,Africa,COD,Democratic Republic of the Congo,Flood,1,40.0,1,100.0,2540.0,1,100.0,,0,0.0,,0,0.0
2002,2.0,2002-02,Africa,MWI,Malawi,Drought,1,500.0,1,100.0,2829435.0,1,100.0,,0,0.0,,0,0.0
2002,2.0,2002-02,Africa,MWI,Malawi,Epidemic,1,175.0,1,100.0,,0,0.0,,0,0.0,,0,0.0
2002,2.0,2002-02,Africa,NGA,Nigeria,Epidemic,1,14.0,1,100.0,100.0,1,100.0,,0,0.0,,0,0.0
2002,2.0,2002-02,Africa,SDN,Sudan,Epidemic,1,49.0,1,100.0,281.0,1,100.0,,0,0.0,,0,0.0
2002,2.0,2002-02,Africa,SOM,Somalia,Epidemic,1,30.0,1,100.0,,0,0.0,,0,0.0,,0,0.0
2002,2.0,2002-02,Africa,ZAF,South Africa,Epidemic,1,11.0,1,100.0,256.0,1,100.0,,0,0.0,,0,0.0
2002,2.0,2002-02,Americas,BOL,Bolivia (Plurinational State of),Flood,1,76.0,1,100.0,5146.0,1,100.0,100000000.0,1,100.0,178982000.0,1,100.0
2002,2.0,2002-02,Americas,BRA,Brazil,Flood,1,17.0,1,100.0,1500.0,1,100.0,,0,0.0,,0,0.0
2002,2.0,2002-02,Americas,CHL,Chile,Wildfire,1,,0,0.0,,0,0.0,80000000.0,1,100.0,143185000.0,1,100.0
2002,2.0,2002-02,Americas,GTM,Guatemala,Flood,1,,0,0.0,98740.0,1,100.0,,0,0.0,,0,0.0
2002,2.0,2002-02,Americas,MEX,Mexico,Volcanic activity,1,,0,0.0,300.0,1,100.0,,0,0.0,,0,0.0
2002,2.0,2002-02,Americas,PER,Peru,Flood,1,6.0,1,100.0,8349.0,1,100.0,,0,0.0,,0,0.0
2002,2.0,2002-02,Americas,USA,United States of America,Wildfire,1,,0,0.0,134.0,1,100.0,6600000.0,1,100.0,11813000.0,1,100.0
2002,2.0,2002-02,Asia,AFG,Afghanistan,Mass movement (wet),1,5.0,1,100.0,400.0,1,100.0,,0,0.0,,0,0.0
2002,2.0,2002-02,Asia,IRN,Iran (Islamic Republic of),Earthquake,1,1.0,1,100.0,780.0,1,100.0,,0,0.0,,0,0.0
2002,2.0,2002-02,Asia,THA,Thailand,Drought,1,,0,0.0,5000000.0,1,100.0,2300000.0,1,100.0,4117000.0,1,100.0
2002,2.0,2002-02,Asia,TUR,Türkiye,Earthquake,1,42.0,1,100.0,252327.0,1,100.0,95000000.0,1,100.0,170032000.0,1,100.0
2002,2.0,2002-02,Europe,BEL,Belgium,Flood,1,,0,0.0,1200.0,1,100.0,,0,0.0,,0,0.0
2002,2.0,2002-02,Europe,DEU,Germany,Epidemic,1,,0,0.0,600.0,1,100.0,,0,0.0,,0,0.0
2002,2.0,2002-02,Oceania,AUS,Australia,Storm,1,,0,0.0,,0,0.0,,0,0.0,,0,0.0
2002,3.0,2002-03,Africa,BDI,Burundi,Flood,1,,0,0.0,2000.0,1,100.0,,0,0.0,,0,0.0
2002,3.0,2002-03,Africa,EGY,Egypt,Flood,1,4.0,1,100.0,800.0,1,100.0,,0,0.0,,0,0.0
2002,3.0,2002-03,Africa,MOZ,Mozambique,Drought,1,9.0,1,100.0,600000.0,1,100.0,,0,0.0,,0,0.0
2002,3.0,2002-03,Africa,MOZ,Mozambique,Flood,1,,0,0.0,500.0,1,100.0,,0,0.0,,0,0.0
2002,3.0,2002-03,Africa,NGA,Nigeria,Epidemic,1,120.0,1,100.0,2880.0,1,100.0,,0,0.0,,0,0.0
2002,3.0,2002-03,Africa,SPI,Canary Islands,Flood,1,16.0,1,100.0,430.0,1,100.0,79923000.0,1,100.0,143047000.0,1,100.0
2002,3.0,2002-03,Africa,UGA,Uganda,Flood,1,,0,0.0,100.0,1,100.0,,0,0.0,,0,0.0
2002,3.0,2002-03,Africa,ZAF,South Africa,Epidemic,1,1.0,1,100.0,169.0,1,100.0,,0,0.0,,0,0.0
2002,3.0,2002-03,Africa,ZWE,Zimbabwe,Epidemic,1,4.0,1,100.0,102.0,1,100.0,,0,0.0,,0,0.0
2002,3.0,2002-03,Americas,ECU,Ecuador,Flood,2,31.0,1,50.0,54633.0,2,100.0,16000000.0,2,100.0,28637000.0,2,100.0
2002,3.0,2002-03,Americas,PER,Peru,Drought,1,,0,0.0,21500.0,1,100.0,,0,0.0,,0,0.0
2002,3.0,2002-03,Americas,PER,Peru,Flood,1,13.0,1,100.0,2169.0,1,100.0,,0,0.0,,0,0.0
2002,3.0,2002-03,Americas,URY,Uruguay,Storm,1,2.0,1,100.0,1500.0,1,100.0,25000000.0,1,100.0,44745000.0,1,100.0
2002,3.0,2002-03,Americas,USA,United States of America,Flood,1,7.0,1,100.0,2000.0,1,100.0,76000000.0,1,100.0,136026000.0,1,100.0
2002,3.0,2002-03,Americas,USA,United States of America,Storm,2,26.0,2,100.0,754.0,1,50.0,200500000.0,1,50.0,358858000.0,1,50.0
2002,3.0,2002-03,Americas,USA,United States of America,Wildfire,1,,0,0.0,1300.0,1,100.0,5000000.0,1,100.0,8949000.0,1,100.0
2002,3.0,2002-03,Asia,AFG,Afghanistan,Earthquake,2,1150.0,2,100.0,94741.0,2,100.0,,0,0.0,,0,0.0
2002,3.0,2002-03,Asia,AFG,Afghanistan,Epidemic,2,142.0,2,100.0,31.0,1,50.0,,0,0.0,,0,0.0
2002,3.0,2002-03,Asia,AFG,Afghanistan,Flood,1,,0,0.0,120.0,1,100.0,,0,0.0,,0,0.0
2002,3.0,2002-03,Asia,BGD,Bangladesh,Storm,1,32.0,1,100.0,1000.0,1,100.0,,0,0.0,,0,0.0
2002,3.0,2002-03,Asia,CHN,China,Storm,1,,0,0.0,100000000.0,1,100.0,,0,0.0,,0,0.0
2002,3.0,2002-03,Asia,IDN,Indonesia,Flood,1,14.0,1,100.0,780.0,1,100.0,,0,0.0,,0,0.0
2002,3.0,2002-03,Asia,IND,India,Epidemic,1,,0,0.0,200.0,1,100.0,,0,0.0,,0,0.0
2002,3.0,2002-03,Asia,JPN,Japan,Wildfire,1,,0,0.0,222.0,1,100.0,,0,0.0,,0,0.0
2002,3.0,2002-03,Asia,MYS,Malaysia,Storm,1,2.0,1,100.0,155.0,1,100.0,,0,0.0,,0,0.0
2002,3.0,2002-03,Asia,PAK,Pakistan,Earthquake,1,3.0,1,100.0,,0,0.0,,0,0.0,,0,0.0
2002,3.0,2002-03,Asia,PHL,Philippines,Drought,1,,0,0.0,,0,0.0,453000.0,1,100.0,811000.0,1,100.0
2002,3.0,2002-03,Asia,PHL,Philippines,Earthquake,1,15.0,1,100.0,73451.0,1,100.0,1714000.0,1,100.0,3068000.0,1,100.0
2002,3.0,2002-03,Asia,PHL,Philippines,Flood,1,35.0,1,100.0,50000.0,1,100.0,1450000.0,1,100.0,2595000.0,1,100.0
2002,3.0,2002-03,Asia,PHL,Philippines,Storm,1,42.0,1,100.0,54631.0,1,100.0,3292000.0,1,100.0,5892000.0,1,100.0
2002,3.0,2002-03,Asia,TJK,Tajikistan,Earthquake,1,,0,0.0,500.0,1,100.0,,0,0.0,,0,0.0
2002,3.0,2002-03,Asia,TJK,Tajikistan,Flood,1,,0,0.0,630.0,1,100.0,,0,0.0,,0,0.0
2002,3.0,2002-03,Asia,TWN,Taiwan (Province of China),Earthquake,1,4.0,1,100.0,500.0,1,100.0,25000000.0,1,100.0,44745000.0,1,100.0
2002,3.0,2002-03,Asia,VNM,Viet Nam,Wildfire,1,,0,0.0,,0,0.0,,0,0.0,,0,0.0
2002,3.0,2002-03,Oceania,FSM,Micronesia (Federated States of),Storm,1,,0,0.0,175.0,1,100.0,15000000.0,1,100.0,26847000.0,1,100.0
2002,4.0,2002-04,Africa,ETH,Ethiopia,Flood,1,22.0,1,100.0,4000.0,1,100.0,,0,0.0,,0,0.0
2002,4.0,2002-04,Africa,GHA,Ghana,Flood,1,,0,0.0,200.0,1,100.0,,0,0.0,,0,0.0
2002,4.0,2002-04,Africa,KEN,Kenya,Flood,1,53.0,1,100.0,150008.0,1,100.0,,0,0.0,,0,0.0
2002,4.0,2002-04,Africa,KEN,Kenya,Mass movement (wet),1,16.0,1,100.0,,0,0.0,,0,0.0,,0,0.0
2002,4.0,2002-04,Africa,LSO,Lesotho,Drought,1,,0,0.0,500000.0,1,100.0,,0,0.0,,0,0.0
2002,4.0,2002-04,Africa,NGA,Nigeria,Flood,1,,0,0.0,200.0,1,100.0,,0,0.0,,0,0.0
2002,4.0,2002-04,Africa,RWA,Rwanda,Flood,1,69.0,1,100.0,20000.0,1,100.0,,0,0.0,,0,0.0
2002,4.0,2002-04,Africa,SOM,Somalia,Epidemic,1,63.0,1,100.0,1191.0,1,100.0,,0,0.0,,0,0.0
2002,4.0,2002-04,Africa,TZA,United Republic of Tanzania,Flood,1,9.0,1,100.0,1200.0,1,100.0,,0,0.0,,0,0.0
2002,4.0,2002-04,Africa,UGA,Uganda,Flood,1,17.0,1,100.0,760.0,1,100.0,,0,0.0,,0,0.0
2002,4.0,2002-04,Africa,ZAF,South Africa,Storm,1,,0,0.0,1000.0,1,100.0,41000.0,1,100.0,73000.0,1,100.0
2002,4.0,2002-04,Americas,COL,Colombia,Flood,1,37.0,1,100.0,38000.0,1,100.0,,0,0.0,,0,0.0
2002,4.0,2002-04,Americas,MEX,Mexico,Drought,1,,0,0.0,,0,0.0,210000000.0,1,100.0,375861000.0,1,100.0
2002,4.0,2002-04,Americas,NIC,Nicaragua,Wildfire,1,,0,0.0,16000.0,1,100.0,,0,0.0,,0,0.0
2002,4.0,2002-04,Americas,URY,Uruguay,Flood,1,,0,0.0,2500.0,1,100.0,,0,0.0,,0,0.0
2002,4.0,2002-04,Americas,USA,United States of America,Storm,2,11.0,2,100.0,2326.0,2,100.0,2204000000.0,2,100.0,3944752000.0,2,100.0
2002,4.0,2002-04,Americas,USA,United States of America,Wildfire,1,,0,0.0,,0,0.0,,0,0.0,,0,0.0
2002,4.0,2002-04,Asia,AFG,Afghanistan,Earthquake,1,50.0,1,100.0,6150.0,1,100.0,,0,0.0,,0,0.0
2002,4.0,2002-04,Asia,AFG,Afghanistan,Epidemic,1,2500.0,1,100.0,,0,0.0,,0,0.0,,0,0.0
2002,4.0,2002-04,Asia,AFG,Afghanistan,Flood,2,46.0,2,100.0,5425.0,2,100.0,,0,0.0,,0,0.0
2002,4.0,2002-04,Asia,BGD,Bangladesh,Storm,1,31.0,1,100.0,100400.0,1,100.0,,0,0.0,,0,0.0
2002,4.0,2002-04,Asia,CHN,China,Drought,1,,0,0.0,60000000.0,1,100.0,,0,0.0,,0,0.0
2002,4.0,2002-04,Asia,GEO,Georgia,Earthquake,1,6.0,1,100.0,19156.0,1,100.0,350000000.0,1,100.0,626435000.0,1,100.0
2002,4.0,2002-04,Asia,IDN,Indonesia,Flood,1,19.0,1,100.0,,0,0.0,,0,0.0,,0,0.0
2002,4.0,2002-04,Asia,IND,India,Storm,3,20.0,2,66.67,15250.0,2,66.67,416000.0,1,33.33,745000.0,1,33.33
2002,4.0,2002-04,Asia,IRN,Iran (Islamic Republic of),Earthquake,1,2.0,1,100.0,20056.0,1,100.0,,0,0.0,,0,0.0
2002,4.0,2002-04,Asia,IRN,Iran (Islamic Republic of),Flood,1,11.0,1,100.0,,0,0.0,,0,0.0,,0,0.0
2002,4.0,2002-04,Asia,SAU,Saudi Arabia,Flood,1,19.0,1,100.0,,0,0.0,,0,0.0,,0,0.0
2002,4.0,2002-04,Asia,THA,Thailand,Storm,1,,0,0.0,2500.0,1,100.0,,0,0.0,,0,0.0
2002,4.0,2002-04,Asia,YEM,Yemen,Flood,1,2.0,1,100.0,700.0,1,100.0,,0,0.0,,0,0.0
2002,4.0,2002-04,Europe,SCG,Serbia Montenegro,Earthquake,1,1.0,1,100.0,100.0,1,100.0,,0,0.0,,0,0.0
2002,4.0,2002-04,Europe,SWE,Sweden,Epidemic,1,,0,0.0,350.0,1,100.0,,0,0.0,,0,0.0
2002,4.0,2002-04,Oceania,AUS,Australia,Drought,1,,0,0.0,,0,0.0,2000000000.0,1,100.0,3579630000.0,1,100.0
2002,4.0,2002-04,Oceania,PNG,Papua New Guinea,Mass movement (wet),1,36.0,1,100.0,174.0,1,100.0,,0,0.0,,0,0.0
2002,5.0,2002-05,Africa,BDI,Burundi,Flood,1,,0,0.0,6000.0,1,100.0,,0,0.0,,0,0.0
2002,5.0,2002-05,Africa,GMB,Gambia,Drought,1,,0,0.0,,0,0.0,,0,0.0,,0,0.0
2002,5.0,2002-05,Africa,GNB,Guinea-Bissau,Drought,1,,0,0.0,100000.0,1,100.0,,0,0.0,,0,0.0
2002,5.0,2002-05,Africa,MDG,Madagascar,Storm,1,20.0,1,100.0,526200.0,1,100.0,,0,0.0,,0,0.0
2002,5.0,2002-05,Africa,MWI,Malawi,Epidemic,1,41.0,1,100.0,773.0,1,100.0,,0,0.0,,0,0.0
2002,5.0,2002-05,Africa,TZA,United Republic of Tanzania,Earthquake,1,2.0,1,100.0,2000.0,1,100.0,,0,0.0,,0,0.0
2002,5.0,2002-05,Americas,ARG,Argentina,Earthquake,1,,0,0.0,727.0,1,100.0,,0,0.0,,0,0.0
2002,5.0,2002-05,Americas,CHL,Chile,Flood,1,14.0,1,100.0,221842.0,1,100.0,200000000.0,1,100.0,357963000.0,1,100.0
2002,5.0,2002-05,Americas,CRI,Costa Rica,Flood,1,,0,0.0,20000.0,1,100.0,1000000.0,1,100.0,1790000.0,1,100.0
2002,5.0,2002-05,Americas,DOM,Dominican Republic,Flood,1,3.0,1,100.0,1750.0,1,100.0,500000.0,1,100.0,895000.0,1,100.0
2002,5.0,2002-05,Americas,HND,Honduras,Flood,1,10.0,1,100.0,969.0,1,100.0,100000000.0,1,100.0,178982000.0,1,100.0
2002,5.0,2002-05,Americas,HTI,Haiti,Flood,1,31.0,1,100.0,38339.0,1,100.0,1000000.0,1,100.0,1790000.0,1,100.0
2002,5.0,2002-05,Americas,JAM,Jamaica,Flood,1,9.0,1,100.0,25000.0,1,100.0,20000000.0,1,100.0,35796000.0,1,100.0
2002,5.0,2002-05,Americas,NIC,Nicaragua,Flood,1,,0,0.0,13546.0,1,100.0,50000.0,1,100.0,89000.0,1,100.0
2002,5.0,2002-05,Americas,PAN,Panama,Flood,1,4.0,1,100.0,11500.0,1,100.0,500000.0,1,100.0,895000.0,1,100.0
2002,5.0,2002-05,Americas,PRY,Paraguay,Flood,1,,0,0.0,2765.0,1,100.0,,0,0.0,,0,0.0
2002,5.0,2002-05,Americas,SLV,El Salvador,Flood,1,1.0,1,100.0,100.0,1,100.0,,0,0.0,,0,0.0
2002,5.0,2002-05,Americas,USA,United States of America,Flood,1,9.0,1,100.0,1000.0,1,100.0,13000000.0,1,100.0,23268000.0,1,100.0
2002,5.0,2002-05,Americas,USA,United States of America,Storm,2,3.0,2,100.0,230.0,2,100.0,,0,0.0,,0,0.0
2002,5.0,2002-05,Americas,USA,United States of America,Wildfire,1,,0,0.0,,0,0.0,,0,0.0,,0,0.0
2002,5.0,2002-05,Asia,CHN,China,Flood,3,22.0,1,33.33,20568801.0,3,100.0,1046000000.0,3,100.0,1872147000.0,3,100.0
2002,5.0,2002-05,Asia,IDN,Indonesia,Flood,1,,0,0.0,1000.0,1,100.0,,0,0.0,,0,0.0
2002,5.0,2002-05,Asia,IND,India,Epidemic,1,50.0,1,100.0,4950.0,1,100.0,,0,0.0,,0,0.0
2002,5.0,2002-05,Asia,IND,India,Extreme temperature,1,1030.0,1,100.0,,0,0.0,,0,0.0,,0,0.0
2002,5.0,2002-05,Asia,KGZ,Kyrgyzstan,Mass movement (wet),1,,0,0.0,1002.0,1,100.0,1500000.0,1,100.0,2685000.0,1,100.0
2002,5.0,2002-05,Asia,OMN,Oman,Storm,1,7.0,1,100.0,4033.0,1,100.0,50000000.0,1,100.0,89491000.0,1,100.0
2002,5.0,2002-05,Asia,PAK,Pakistan,Extreme temperature,1,113.0,1,100.0,24.0,1,100.0,,0,0.0,,0,0.0
2002,5.0,2002-05,Asia,PAK,Pakistan,Storm,1,14.0,1,100.0,12.0,1,100.0,,0,0.0,,0,0.0
2002,5.0,2002-05,Asia,TJK,Tajikistan,Flood,1,,0,0.0,408.0,1,100.0,,0,0.0,,0,0.0
2002,5.0,2002-05,Asia,VNM,Viet Nam,Drought,1,,0,0.0,1300000.0,1,100.0,200000000.0,1,100.0,357963000.0,1,100.0
2002,5.0,2002-05,Europe,ITA,Italy,Drought,1,,0,0.0,,0,0.0,,0,0.0,,0,0.0
2002,5.0,2002-05,Europe,RUS,Russian Federation,Wildfire,1,,0,0.0,120.0,1,100.0,,0,0.0,,0,0.0
2002,6.0,2002-06,Africa,BDI,Burundi,Epidemic,1,13.0,1,100.0,781.0,1,100.0,,0,0.0,,0,0.0
2002,6.0,2002-06,Africa,CPV,Cabo Verde,Drought,1,,0,0.0,30000.0,1,100.0,,0,0.0,,0,0.0
2002,6.0,2002-06,Africa,GHA,Ghana,Flood,1,4.0,1,100.0,2000.0,1,100.0,,0,0.0,,0,0.0
2002,6.0,2002-06,Africa,NER,Niger,Epidemic,1,8.0,1,100.0,96.0,1,100.0,,0,0.0,,0,0.0
2002,6.0,2002-06,Africa,NGA,Nigeria,Extreme temperature,1,60.0,1,100.0,,0,0.0,,0,0.0,,0,0.0
2002,6.0,2002-06,Africa,RWA,Rwanda,Epidemic,1,83.0,1,100.0,636.0,1,100.0,,0,0.0,,0,0.0
2002,6.0,2002-06,Africa,UGA,Uganda,Drought,1,79.0,1,100.0,655000.0,1,100.0,,0,0.0,,0,0.0
2002,6.0,2002-06,Americas,BOL,Bolivia (Plurinational State of),Storm,1,20.0,1,100.0,12085.0,1,100.0,,0,0.0,,0,0.0
2002,6.0,2002-06,Americas,BRA,Brazil,Flood,1,,0,0.0,2000.0,1,100.0,,0,0.0,,0,0.0
2002,6.0,2002-06,Americas,CAN,Canada,Flood,1,,0,0.0,,0,0.0,,0,0.0,,0,0.0
2002,6.0,2002-06,Americas,COL,Colombia,Flood,1,28.0,1,100.0,73013.0,1,100.0,,0,0.0,,0,0.0
2002,6.0,2002-06,Americas,CUB,Cuba,Flood,1,,0,0.0,35000.0,1,100.0,,0,0.0,,0,0.0
2002,6.0,2002-06,Americas,PAN,Panama,Epidemic,1,,0,0.0,173.0,1,100.0,,0,0.0,,0,0.0
2002,6.0,2002-06,Americas,USA,United States of America,Extreme temperature,1,14.0,1,100.0,,0,0.0,,0,0.0,,0,0.0
2002,6.0,2002-06,Americas,USA,United States of America,Flood,1,10.0,1,100.0,144000.0,1,100.0,1000000000.0,1,100.0,1789815000.0,1,100.0
2002,6.0,2002-06,Americas,USA,United States of America,Wildfire,2,6.0,1,50.0,2841.0,2,100.0,220500000.0,2,100.0,394654000.0,2,100.0
2002,6.0,2002-06,Asia,BGD,Bangladesh,Epidemic,1,96.0,1,100.0,49904.0,1,100.0,,0,0.0,,0,0.0
2002,6.0,2002-06,Asia,CHN,China,Drought,1,,0,0.0,3660000.0,1,100.0,1210000000.0,1,100.0,2165676000.0,1,100.0
2002,6.0,2002-06,Asia,CHN,China,Flood,1,793.0,1,100.0,80035257.0,1,100.0,3100000000.0,1,100.0,5548427000.0,1,100.0
2002,6.0,2002-06,Asia,CHN,China,Mass movement (wet),1,10.0,1,100.0,,0,0.0,,0,0.0,,0,0.0
2002,6.0,2002-06,Asia,IND,India,Flood,1,549.0,1,100.0,42000000.0,1,100.0,30772000.0,1,100.0,55076000.0,1,100.0
2002,6.0,2002-06,Asia,IRN,Iran (Islamic Republic of),Earthquake,1,227.0,1,100.0,111300.0,1,100.0,300000000.0,1,100.0,536945000.0,1,100.0
2002,6.0,2002-06,Asia,IRN,Iran (Islamic Republic of),Wildfire,1,,0,0.0,,0,0.0,,0,0.0,,0,0.0
2002,6.0,2002-06,Asia,PHL,Philippines,Storm,1,7.0,1,100.0,3000.0,1,100.0,,0,0.0,,0,0.0
2002,6.0,2002-06,Asia,TJK,Tajikistan,Flood,1,8.0,1,100.0,1500.0,1,100.0,,0,0.0,,0,0.0
2002,6.0,2002-06,Europe,ITA,Italy,Epidemic,1,3.0,1,100.0,9997.0,1,100.0,,0,0.0,,0,0.0
2002,6.0,2002-06,Europe,ITA,Italy,Flood,1,,0,0.0,,0,0.0,,0,0.0,,0,0.0
2002,6.0,2002-06,Europe,MDA,Republic of Moldova,Flood,1,1.0,1,100.0,500.0,1,100.0,832000.0,1,100.0,1489000.0,1,100.0
2002,6.0,2002-06,Europe,RUS,Russian Federation,Flood,1,117.0,1,100.0,330613.0,1,100.0,450000000.0,1,100.0,805417000.0,1,100.0
2002,6.0,2002-06,Europe,SCG,Serbia Montenegro,Flood,1,2.0,1,100.0,3900.0,1,100.0,,0,0.0,,0,0.0
2002,7.0,2002-07,Africa,BDI,Burundi,Epidemic,2,74.0,2,100.0,1382.0,2,100.0,,0,0.0,,0,0.0
2002,7.0,2002-07,Africa,CAF,Central African Republic,Epidemic,1,6.0,1,100.0,727.0,1,100.0,,0,0.0,,0,0.0
2002,7.0,2002-07,Africa,COD,Democratic Republic of the Congo,Epidemic,1,67.0,1,100.0,2636.0,1,100.0,,0,0.0,,0,0.0
2002,7.0,2002-07,Africa,LBR,Liberia,Epidemic,1,,0,0.0,661.0,1,100.0,,0,0.0,,0,0.0
2002,7.0,2002-07,Africa,MDG,Madagascar,Epidemic,1,671.0,1,100.0,21975.0,1,100.0,,0,0.0,,0,0.0
2002,7.0,2002-07,Africa,MLI,Mali,Flood,1,2.0,1,100.0,22519.0,1,100.0,,0,0.0,,0,0.0
2002,7.0,2002-07,Africa,NAM,Namibia,Drought,1,,0,0.0,345000.0,1,100.0,,0,0.0,,0,0.0
2002,7.0,2002-07,Africa,TZA,United Republic of Tanzania,Epidemic,1,9.0,1,100.0,149.0,1,100.0,,0,0.0,,0,0.0
2002,7.0,2002-07,Africa,ZAF,South Africa,Storm,1,22.0,1,100.0,100000.0,1,100.0,5000000.0,1,100.0,8949000.0,1,100.0
2002,7.0,2002-07,Africa,ZAF,South Africa,Wildfire,1,3.0,1,100.0,1500.0,1,100.0,,0,0.0,,0,0.0
2002,7.0,2002-07,Americas,ARG,Argentina,Extreme temperature,1,,0,0.0,200.0,1,100.0,,0,0.0,,0,0.0
2002,7.0,2002-07,Americas,CAN,Canada,Wildfire,1,,0,0.0,600.0,1,100.0,,0,0.0,,0,0.0
2002,7.0,2002-07,Americas,CHL,Chile,Extreme temperature,1,,0,0.0,25000.0,1,100.0,,0,0.0,,0,0.0
2002,7.0,2002-07,Americas,COL,Colombia,Flood,1,,0,0.0,12500.0,1,100.0,,0,0.0,,0,0.0
2002,7.0,2002-07,Americas,ECU,Ecuador,Mass movement (dry),1,60.0,1,100.0,,0,0.0,,0,0.0,,0,0.0
2002,7.0,2002-07,Americas,GTM,Guatemala,Epidemic,1,1.0,1,100.0,2042.0,1,100.0,,0,0.0,,0,0.0
2002,7.0,2002-07,Americas,PER,Peru,Storm,1,59.0,1,100.0,86682.0,1,100.0,,0,0.0,,0,0.0
2002,7.0,2002-07,Americas,PRY,Paraguay,Storm,1,,0,0.0,12500.0,1,100.0,,0,0.0,,0,0.0
2002,7.0,2002-07,Americas,USA,United States of America,Drought,1,,0,0.0,,0,0.0,3300000000.0,1,100.0,5906390000.0,1,100.0
2002,7.0,2002-07,Americas,USA,United States of America,Epidemic,1,214.0,1,100.0,3523.0,1,100.0,,0,0.0,,0,0.0
2002,7.0,2002-07,Americas,USA,United States of America,Wildfire,1,,0,0.0,,0,0.0,,0,0.0,,0,0.0
2002,7.0,2002-07,Americas,VEN,Venezuela (Bolivarian Republic of),Flood,1,4.0,1,100.0,55376.0,1,100.0,3000000.0,1,100.0,5369000.0,1,100.0
2002,7.0,2002-07,Asia,AFG,Afghanistan,Epidemic,2,38.0,2,100.0,6688.0,1,50.0,,0,0.0,,0,0.0
2002,7.0,2002-07,Asia,BGD,Bangladesh,Flood,1,10.0,1,100.0,1500000.0,1,100.0,,0,0.0,,0,0.0
2002,7.0,2002-07,Asia,BGD,Bangladesh,Storm,1,10.0,1,100.0,,0,0.0,,0,0.0,,0,0.0
2002,7.0,2002-07,Asia,CHN,China,Epidemic,1,,0,0.0,1000.0,1,100.0,,0,0.0,,0,0.0
2002,7.0,2002-07,Asia,CHN,China,Extreme temperature,1,7.0,1,100.0,3500.0,1,100.0,,0,0.0,,0,0.0
2002,7.0,2002-07,Asia,CHN,China,Flood,1,11.0,1,100.0,12312.0,1,100.0,38600000.0,1,100.0,69087000.0,1,100.0
2002,7.0,2002-07,Asia,CHN,China,Storm,2,30.0,2,100.0,2944.0,2,100.0,85000000.0,1,50.0,152134000.0,1,50.0
2002,7.0,2002-07,Asia,IND,India,Drought,1,,0,0.0,300000000.0,1,100.0,910722000.0,1,100.0,1630024000.0,1,100.0
2002,7.0,2002-07,Asia,JPN,Japan,Storm,3,7.0,3,100.0,100597.0,2,66.67,95300000.0,3,100.0,170569000.0,3,100.0
2002,7.0,2002-07,Asia,KOR,Republic of Korea,Storm,2,20.0,2,100.0,,0,0.0,10000000.0,1,50.0,17898000.0,1,50.0
2002,7.0,2002-07,Asia,NPL,Nepal,Mass movement (wet),1,472.0,1,100.0,265865.0,1,100.0,,0,0.0,,0,0.0
2002,7.0,2002-07,Asia,PHL,Philippines,Flood,1,18.0,1,100.0,7000.0,1,100.0,,0,0.0,,0,0.0
2002,7.0,2002-07,Asia,PHL,Philippines,Storm,3,109.0,3,100.0,730091.0,3,100.0,6902000.0,3,100.0,12354000.0,3,100.0
2002,7.0,2002-07,Asia,TUR,Türkiye,Flood,1,34.0,1,100.0,3000.0,1,100.0,,0,0.0,,0,0.0
2002,7.0,2002-07,Asia,VNM,Viet Nam,Flood,1,10.0,1,100.0,2000.0,1,100.0,2200000.0,1,100.0,3938000.0,1,100.0
2002,7.0,2002-07,Asia,YEM,Yemen,Flood,2,23.0,2,100.0,,0,0.0,,0,0.0,,0,0.0
2002,7.0,2002-07,Europe,ALB,Albania,Epidemic,1,,0,0.0,226.0,1,100.0,,0,0.0,,0,0.0
2002,7.0,2002-07,Europe,DEU,Germany,Storm,1,7.0,1,100.0,13.0,1,100.0,100000000.0,1,100.0,178982000.0,1,100.0
2002,7.0,2002-07,Europe,GBR,United Kingdom of Great Britain and Northern Ireland,Flood,1,1.0,1,100.0,200.0,1,100.0,,0,0.0,,0,0.0
2002,7.0,2002-07,Europe,ROU,Romania,Flood,1,8.0,1,100.0,15000.0,1,100.0,,0,0.0,,0,0.0
2002,7.0,2002-07,Europe,RUS,Russian Federation,Flood,1,,0,0.0,1500.0,1,100.0,,0,0.0,,0,0.0
2002,7.0,2002-07,Europe,RUS,Russian Federation,Wildfire,2,,0,0.0,,0,0.0,,0,0.0,,0,0.0
2002,7.0,2002-07,Oceania,FSM,Micronesia (Federated States of),Storm,1,47.0,1,100.0,1448.0,1,100.0,500000.0,1,100.0,895000.0,1,100.0
2002,7.0,2002-07,Oceania,GUM,Guam,Storm,1,,0,0.0,4067.0,1,100.0,60000000.0,1,100.0,107389000.0,1,100.0
2002,7.0,2002-07,Oceania,PNG,Papua New Guinea,Volcanic activity,1,,0,0.0,13000.0,1,100.0,,0,0.0,,0,0.0
2002,8.0,2002-08,Africa,DZA,Algeria,Flood,1,29.0,1,100.0,2301.0,1,100.0,1500000.0,1,100.0,2685000.0,1,100.0
2002,8.0,2002-08,Africa,EGY,Egypt,Earthquake,1,,0,0.0,250.0,1,100.0,,0,0.0,,0,0.0
2002,8.0,2002-08,Africa,NER,Niger,Storm,1,4.0,1,100.0,1253.0,1,100.0,,0,0.0,,0,0.0
2002,8.0,2002-08,Africa,NGA,Nigeria,Epidemic,1,72.0,1,100.0,750.0,1,100.0,,0,0.0,,0,0.0
2002,8.0,2002-08,Africa,SDN,Sudan,Flood,1,,0,0.0,100000.0,1,100.0,,0,0.0,,0,0.0
2002,8.0,2002-08,Africa,SEN,Senegal,Drought,1,,0,0.0,284000.0,1,100.0,,0,0.0,,0,0.0
2002,8.0,2002-08,Africa,SEN,Senegal,Epidemic,1,11.0,1,100.0,60.0,1,100.0,,0,0.0,,0,0.0
2002,8.0,2002-08,Africa,ZAF,South Africa,Flood,1,16.0,1,100.0,2500.0,1,100.0,,0,0.0,,0,0.0
2002,8.0,2002-08,Africa,ZWE,Zimbabwe,Epidemic,1,,0,0.0,350.0,1,100.0,,0,0.0,,0,0.0
2002,8.0,2002-08,Americas,CHL,Chile,Flood,1,2.0,1,100.0,8000.0,1,100.0,,0,0.0,,0,0.0
2002,8.0,2002-08,Americas,MEX,Mexico,Flood,1,27.0,1,100.0,7000.0,1,100.0,,0,0.0,,0,0.0
2002,8.0,2002-08,Asia,AFG,Afghanistan,Flood,1,35.0,1,100.0,,0,0.0,,0,0.0,,0,0.0
2002,8.0,2002-08,Asia,CHN,China,Earthquake,1,,0,0.0,378.0,1,100.0,,0,0.0,,0,0.0
2002,8.0,2002-08,Asia,CHN,China,Flood,4,420.0,4,100.0,12589326.0,4,100.0,544200000.0,2,50.0,974017000.0,2,50.0
2002,8.0,2002-08,Asia,CHN,China,Mass movement (wet),1,16.0,1,100.0,,0,0.0,,0,0.0,,0,0.0
2002,8.0,2002-08,Asia,IDN,Indonesia,Earthquake,1,,0,0.0,2548.0,1,100.0,,0,0.0,,0,0.0
2002,8.0,2002-08,Asia,IDN,Indonesia,Wildfire,1,,0,0.0,200.0,1,100.0,,0,0.0,,0,0.0
2002,8.0,2002-08,Asia,IND,India,Epidemic,1,86.0,1,100.0,,0,0.0,,0,0.0,,0,0.0
2002,8.0,2002-08,Asia,IND,India,Flood,2,133.0,2,100.0,3050.0,2,100.0,20000000.0,1,50.0,35796000.0,1,50.0
2002,8.0,2002-08,Asia,IRN,Iran (Islamic Republic of),Flood,1,39.0,1,100.0,200000.0,1,100.0,4000000.0,1,100.0,7159000.0,1,100.0
2002,8.0,2002-08,Asia,KHM,Cambodia,Flood,1,29.0,1,100.0,1470000.0,1,100.0,100000.0,1,100.0,179000.0,1,100.0
2002,8.0,2002-08,Asia,KOR,Republic of Korea,Flood,1,21.0,1,100.0,4007.0,1,100.0,345000000.0,1,100.0,617486000.0,1,100.0
2002,8.0,2002-08,Asia,KOR,Republic of Korea,Storm,1,184.0,1,100.0,88625.0,1,100.0,4200000000.0,1,100.0,7517223000.0,1,100.0
2002,8.0,2002-08,Asia,LAO,Lao People's Democratic Republic,Flood,1,2.0,1,100.0,150000.0,1,100.0,,0,0.0,,0,0.0
2002,8.0,2002-08,Asia,MMR,Myanmar,Flood,1,21.0,1,100.0,50000.0,1,100.0,,0,0.0,,0,0.0
2002,8.0,2002-08,Asia,PAK,Pakistan,Flood,2,36.0,2,100.0,3010.0,1,50.0,30000.0,1,50.0,54000.0,1,50.0
2002,8.0,2002-08,Asia,PHL,Philippines,Flood,1,26.0,1,100.0,3559.0,1,100.0,,0,0.0,,0,0.0
2002,8.0,2002-08,Asia,PHL,Philippines,Storm,1,57.0,1,100.0,194472.0,1,100.0,3340000.0,1,100.0,5978000.0,1,100.0
2002,8.0,2002-08,Asia,PRK,Democratic People's Republic of Korea,Flood,1,,0,0.0,58443.0,1,100.0,,0,0.0,,0,0.0
2002,8.0,2002-08,Asia,PRK,Democratic People's Republic of Korea,Storm,1,3.0,1,100.0,7401.0,1,100.0,500000.0,1,100.0,895000.0,1,100.0
2002,8.0,2002-08,Asia,TJK,Tajikistan,Flood,1,24.0,1,100.0,1713.0,1,100.0,2836000.0,1,100.0,5076000.0,1,100.0
2002,8.0,2002-08,Asia,YEM,Yemen,Flood,1,28.0,1,100.0,,0,0.0,,0,0.0,,0,0.0
2002,8.0,2002-08,Europe,AUT,Austria,Flood,1,9.0,1,100.0,60000.0,1,100.0,2400000000.0,1,100.0,4295556000.0,1,100.0
2002,8.0,2002-08,Europe,BEL,Belgium,Flood,1,,0,0.0,600.0,1,100.0,,0,0.0,,0,0.0
2002,8.0,2002-08,Europe,BGR,Bulgaria,Flood,1,1.0,1,100.0,,0,0.0,1000000.0,1,100.0,1790000.0,1,100.0
2002,8.0,2002-08,Europe,CZE,Czechia,Flood,1,18.0,1,100.0,200000.0,1,100.0,2400000000.0,1,100.0,4295556000.0,1,100.0
2002,8.0,2002-08,Europe,DEU,Germany,Flood,1,27.0,1,100.0,330108.0,1,100.0,11600000000.0,1,100.0,20761854000.0,1,100.0
2002,8.0,2002-08,Europe,FRA,France,Flood,1,,0,0.0,800.0,1,100.0,,0,0.0,,0,0.0
2002,8.0,2002-08,Europe,GBR,United Kingdom of Great Britain and Northern Ireland,Flood,1,,0,0.0,250.0,1,100.0,,0,0.0,,0,0.0
2002,8.0,2002-08,Europe,HUN,Hungary,Flood,1,,0,0.0,1430.0,1,100.0,30000000.0,1,100.0,53694000.0,1,100.0
2002,8.0,2002-08,Europe,ITA,Italy,Flood,1,,0,0.0,20.0,1,100.0,296000000.0,1,100.0,529785000.0,1,100.0
2002,8.0,2002-08,Europe,ROU,Romania,Flood,2,5.0,2,100.0,4201.0,2,100.0,290000.0,1,50.0,519000.0,1,50.0
2002,8.0,2002-08,Europe,RUS,Russian Federation,Flood,1,82.0,1,100.0,49500.0,1,100.0,32000000.0,1,100.0,57274000.0,1,100.0
2002,8.0,2002-08,Europe,SVK,Slovakia,Flood,1,,0,0.0,,0,0.0,3000000.0,1,100.0,5369000.0,1,100.0
2002,9.0,2002-09,Africa,SDN,Sudan,Storm,1,33.0,1,100.0,,0,0.0,,0,0.0,,0,0.0
2002,9.0,2002-09,Africa,SYC,Seychelles,Storm,1,,0,0.0,6800.0,1,100.0,,0,0.0,,0,0.0
2002,9.0,2002-09,Africa,ZAF,South Africa,Storm,1,1.0,1,100.0,66.0,1,100.0,9000000.0,1,100.0,16108000.0,1,100.0
2002,9.0,2002-09,Americas,BRA,Brazil,Drought,1,,0,0.0,,0,0.0,,0,0.0,,0,0.0
2002,9.0,2002-09,Americas,BRB,Barbados,Storm,1,,0,0.0,2000.0,1,100.0,200000.0,1,100.0,358000.0,1,100.0
2002,9.0,2002-09,Americas,CAN,Canada,Epidemic,1,2.0,1,100.0,139.0,1,100.0,,0,0.0,,0,0.0
2002,9.0,2002-09,Americas,CUB,Cuba,Storm,1,,0,0.0,42500.0,1,100.0,23000000.0,1,100.0,41166000.0,1,100.0
2002,9.0,2002-09,Americas,CYM,Cayman Islands,Storm,2,,0,0.0,300.0,1,50.0,1500000.0,2,100.0,2685000.0,2,100.0
2002,9.0,2002-09,Americas,GRD,Grenada,Storm,1,,0,0.0,75.0,1,100.0,,0,0.0,,0,0.0
2002,9.0,2002-09,Americas,GTM,Guatemala,Mass movement (wet),1,68.0,1,100.0,474.0,1,100.0,,0,0.0,,0,0.0
2002,9.0,2002-09,Americas,GTM,Guatemala,Storm,1,2.0,1,100.0,1500.0,1,100.0,100000.0,1,100.0,179000.0,1,100.0
2002,9.0,2002-09,Americas,HND,Honduras,Flood,1,,0,0.0,1720.0,1,100.0,,0,0.0,,0,0.0
2002,9.0,2002-09,Americas,HTI,Haiti,Storm,1,4.0,1,100.0,250.0,1,100.0,,0,0.0,,0,0.0
2002,9.0,2002-09,Americas,JAM,Jamaica,Storm,2,4.0,1,50.0,1500.0,1,50.0,1030000.0,2,100.0,1844000.0,2,100.0
2002,9.0,2002-09,Americas,MEX,Mexico,Flood,1,10.0,1,100.0,,0,0.0,,0,0.0,,0,0.0
2002,9.0,2002-09,Americas,MEX,Mexico,Storm,2,13.0,1,50.0,500530.0,2,100.0,640000000.0,1,50.0,1145482000.0,1,50.0
2002,9.0,2002-09,Americas,NIC,Nicaragua,Storm,1,2.0,1,100.0,300.0,1,100.0,1000000.0,1,100.0,1790000.0,1,100.0
2002,9.0,2002-09,Americas,SLV,El Salvador,Storm,1,,0,0.0,500.0,1,100.0,,0,0.0,,0,0.0
2002,9.0,2002-09,Americas,USA,United States of America,Flood,1,,0,0.0,750.0,1,100.0,,0,0.0,,0,0.0
2002,9.0,2002-09,Americas,USA,United States of America,Storm,2,1.0,1,50.0,13737.0,2,100.0,320000000.0,2,100.0,572741000.0,2,100.0
2002,9.0,2002-09,Americas,USA,United States of America,Wildfire,1,,0,0.0,2213.0,1,100.0,,0,0.0,,0,0.0
2002,9.0,2002-09,Americas,VCT,Saint Vincent and the Grenadines,Storm,1,4.0,1,100.0,1000.0,1,100.0,11000000.0,1,100.0,19688000.0,1,100.0
2002,9.0,2002-09,Asia,AFG,Afghanistan,Epidemic,1,17.0,1,100.0,115.0,1,100.0,,0,0.0,,0,0.0
2002,9.0,2002-09,Asia,CHN,China,Drought,1,,0,0.0,900000.0,1,100.0,,0,0.0,,0,0.0
2002,9.0,2002-09,Asia,CHN,China,Mass movement (wet),1,22.0,1,100.0,,0,0.0,,0,0.0,,0,0.0
2002,9.0,2002-09,Asia,CHN,China,Storm,2,51.0,2,100.0,7180040.0,2,100.0,100000000.0,1,50.0,178982000.0,1,50.0
2002,9.0,2002-09,Asia,IDN,Indonesia,Earthquake,1,,0,0.0,155.0,1,100.0,,0,0.0,,0,0.0
2002,9.0,2002-09,Asia,IND,India,Earthquake,1,2.0,1,100.0,200.0,1,100.0,,0,0.0,,0,0.0
2002,9.0,2002-09,Asia,IND,India,Epidemic,1,44.0,1,100.0,,0,0.0,,0,0.0,,0,0.0
2002,9.0,2002-09,Asia,IND,India,Flood,1,22.0,1,100.0,5000.0,1,100.0,,0,0.0,,0,0.0
2002,9.0,2002-09,Asia,IRN,Iran (Islamic Republic of),Earthquake,1,,0,0.0,5.0,1,100.0,,0,0.0,,0,0.0
2002,9.0,2002-09,Asia,JPN,Japan,Storm,2,1.0,1,50.0,1248.0,1,50.0,20000000.0,1,50.0,35796000.0,1,50.0
2002,9.0,2002-09,Asia,NPL,Nepal,Epidemic,1,32.0,1,100.0,,0,0.0,,0,0.0,,0,0.0
2002,9.0,2002-09,Asia,PAK,Pakistan,Flood,1,1.0,1,100.0,1000.0,1,100.0,,0,0.0,,0,0.0
2002,9.0,2002-09,Asia,THA,Thailand,Flood,1,,0,0.0,1500.0,1,100.0,,0,0.0,,0,0.0
2002,9.0,2002-09,Asia,THA,Thailand,Mass movement (wet),1,35.0,1,100.0,33000.0,1,100.0,,0,0.0,,0,0.0
2002,9.0,2002-09,Asia,TWN,Taiwan (Province of China),Storm,1,1.0,1,100.0,,0,0.0,50000.0,1,100.0,89000.0,1,100.0
2002,9.0,2002-09,Asia,VNM,Viet Nam,Flood,2,137.0,2,100.0,1429816.0,2,100.0,81900000.0,2,100.0,146586000.0,2,100.0
2002,9.0,2002-09,Europe,ALB,Albania,Flood,1,1.0,1,100.0,66884.0,1,100.0,17500000.0,1,100.0,31322000.0,1,100.0
2002,9.0,2002-09,Europe,FRA,France,Flood,1,25.0,1,100.0,12000.0,1,100.0,1190000000.0,1,100.0,2129880000.0,1,100.0
2002,9.0,2002-09,Europe,ITA,Italy,Earthquake,1,2.0,1,100.0,,0,0.0,500000000.0,1,100.0,894908000.0,1,100.0
2002,9.0,2002-09,Europe,RUS,Russian Federation,Mass movement (wet),1,122.0,1,100.0,,0,0.0,,0,0.0,,0,0.0
2002,9.0,2002-09,Europe,RUS,Russian Federation,Storm,1,,0,0.0,1050.0,1,100.0,,0,0.0,,0,0.0
2002,9.0,2002-09,Oceania,AUS,Australia,Storm,1,,0,0.0,,0,0.0,,0,0.0,,0,0.0
2002,9.0,2002-09,Oceania,PNG,Papua New Guinea,Earthquake,1,4.0,1,100.0,4470.0,1,100.0,,0,0.0,,0,0.0
2002,10.0,2002-10,Africa,COD,Democratic Republic of the Congo,Epidemic,3,76.0,3,100.0,1655.0,3,100.0,,0,0.0,,0,0.0
2002,10.0,2002-10,Africa,DZA,Algeria,Flood,1,13.0,1,100.0,4.0,1,100.0,,0,0.0,,0,0.0
2002,10.0,2002-10,Africa,KEN,Kenya,Flood,1,14.0,1,100.0,20000.0,1,100.0,,0,0.0,,0,0.0
2002,10.0,2002-10,Africa,MOZ,Mozambique,Storm,1,3.0,1,100.0,4017.0,1,100.0,,0,0.0,,0,0.0
2002,10.0,2002-10,Africa,NGA,Nigeria,Epidemic,1,12.0,1,100.0,,0,0.0,,0,0.0,,0,0.0
2002,10.0,2002-10,Africa,SDN,Sudan,Epidemic,1,,0,0.0,1000.0,1,100.0,,0,0.0,,0,0.0
2002,10.0,2002-10,Americas,ARG,Argentina,Flood,1,4.0,1,100.0,6000.0,1,100.0,,0,0.0,,0,0.0
2002,10.0,2002-10,Americas,ARG,Argentina,Storm,1,3.0,1,100.0,5000.0,1,100.0,,0,0.0,,0,0.0
2002,10.0,2002-10,Americas,CHL,Chile,Flood,1,3.0,1,100.0,800.0,1,100.0,,0,0.0,,0,0.0
2002,10.0,2002-10,Americas,COL,Colombia,Mass movement (wet),1,70.0,1,100.0,2000.0,1,100.0,,0,0.0,,0,0.0
2002,10.0,2002-10,Americas,CUB,Cuba,Storm,1,3.0,1,100.0,281470.0,1,100.0,23000000.0,1,100.0,41166000.0,1,100.0
2002,10.0,2002-10,Americas,ECU,Ecuador,Volcanic activity,1,,0,0.0,21500.0,1,100.0,,0,0.0,,0,0.0
2002,10.0,2002-10,Americas,MEX,Mexico,Storm,1,3.0,1,100.0,9000.0,1,100.0,200000000.0,1,100.0,357963000.0,1,100.0
2002,10.0,2002-10,Americas,USA,United States of America,Epidemic,1,,0,0.0,101.0,1,100.0,,0,0.0,,0,0.0
2002,10.0,2002-10,Americas,USA,United States of America,Storm,1,,0,0.0,,0,0.0,2000000000.0,1,100.0,3579630000.0,1,100.0
2002,10.0,2002-10,Asia,AFG,Afghanistan,Epidemic,1,100.0,1,100.0,,0,0.0,,0,0.0,,0,0.0
2002,10.0,2002-10,Asia,CHN,China,Flood,1,,0,0.0,50000.0,1,100.0,,0,0.0,,0,0.0
2002,10.0,2002-10,Asia,CHN,China,Mass movement (wet),1,15.0,1,100.0,11.0,1,100.0,,0,0.0,,0,0.0
2002,10.0,2002-10,Asia,IDN,Indonesia,Earthquake,1,8.0,1,100.0,9082.0,1,100.0,,0,0.0,,0,0.0
2002,10.0,2002-10,Asia,IND,India,Flood,2,31.0,2,100.0,200.0,1,50.0,,0,0.0,,0,0.0
2002,10.0,2002-10,Asia,JPN,Japan,Storm,1,5.0,1,100.0,8226.0,1,100.0,,0,0.0,,0,0.0
2002,10.0,2002-10,Asia,SYR,Syrian Arab Republic,Mass movement (wet),1,80.0,1,100.0,23.0,1,100.0,,0,0.0,,0,0.0
2002,10.0,2002-10,Asia,THA,Thailand,Flood,1,154.0,1,100.0,3289420.0,1,100.0,35827000.0,1,100.0,64124000.0,1,100.0
2002,10.0,2002-10,Asia,VNM,Viet Nam,Storm,1,,0,0.0,1800.0,1,100.0,100000.0,1,100.0,179000.0,1,100.0
2002,10.0,2002-10,Europe,AUT,Austria,Storm,1,2.0,1,100.0,,0,0.0,5000000.0,1,100.0,8949000.0,1,100.0
2002,10.0,2002-10,Europe,BEL,Belgium,Storm,1,5.0,1,100.0,,0,0.0,5000000.0,1,100.0,8949000.0,1,100.0
2002,10.0,2002-10,Europe,CHE,Switzerland,Storm,1,1.0,1,100.0,2.0,1,100.0,,0,0.0,,0,0.0
2002,10.0,2002-10,Europe,CZE,Czechia,Storm,1,2.0,1,100.0,,0,0.0,20000000.0,1,100.0,35796000.0,1,100.0
2002,10.0,2002-10,Europe,DEU,Germany,Storm,1,11.0,1,100.0,,0,0.0,1800000000.0,1,100.0,3221667000.0,1,100.0
2002,10.0,2002-10,Europe,DNK,Denmark,Storm,1,1.0,1,100.0,,0,0.0,,0,0.0,,0,0.0
2002,10.0,2002-10,Europe,FRA,France,Storm,1,4.0,1,100.0,3.0,1,100.0,1000000.0,1,100.0,1790000.0,1,100.0
2002,10.0,2002-10,Europe,GBR,United Kingdom of Great Britain and Northern Ireland,Storm,1,7.0,1,100.0,,0,0.0,400000000.0,1,100.0,715926000.0,1,100.0
2002,10.0,2002-10,Europe,ITA,Italy,Earthquake,2,30.0,1,50.0,9542.0,2,100.0,796000000.0,1,50.0,1424693000.0,1,50.0
2002,10.0,2002-10,Europe,NLD,Netherlands (Kingdom of the),Storm,1,4.0,1,100.0,,0,0.0,300000000.0,1,100.0,536945000.0,1,100.0
2002,10.0,2002-10,Europe,POL,Poland,Extreme temperature,1,183.0,1,100.0,,0,0.0,,0,0.0,,0,0.0
2002,10.0,2002-10,Europe,POL,Poland,Storm,1,3.0,1,100.0,,0,0.0,50000.0,1,100.0,89000.0,1,100.0
2002,10.0,2002-10,Europe,RUS,Russian Federation,Extreme temperature,1,242.0,1,100.0,25062.0,1,100.0,,0,0.0,,0,0.0
2002,10.0,2002-10,Europe,RUS,Russian Federation,Storm,1,6.0,1,100.0,,0,0.0,,0,0.0,,0,0.0
2002,10.0,2002-10,Europe,SWE,Sweden,Storm,1,1.0,1,100.0,,0,0.0,,0,0.0,,0,0.0
2002,10.0,2002-10,Oceania,AUS,Australia,Wildfire,1,2.0,1,100.0,244.0,1,100.0,50000000.0,1,100.0,89491000.0,1,100.0
2002,11.0,2002-11,Africa,COG,Congo,Flood,1,,0,0.0,53000.0,1,100.0,,0,0.0,,0,0.0
2002,11.0,2002-11,Africa,KEN,Kenya,Flood,1,12.0,1,100.0,2000.0,1,100.0,,0,0.0,,0,0.0
2002,11.0,2002-11,Africa,MAR,Morocco,Flood,1,80.0,1,100.0,15017.0,1,100.0,200000000.0,1,100.0,357963000.0,1,100.0
2002,11.0,2002-11,Africa,MDG,Madagascar,Drought,1,,0,0.0,600000.0,1,100.0,,0,0.0,,0,0.0
2002,11.0,2002-11,Africa,NGA,Nigeria,Epidemic,1,12.0,1,100.0,164.0,1,100.0,,0,0.0,,0,0.0
2002,11.0,2002-11,Americas,COL,Colombia,Flood,1,,0,0.0,1025.0,1,100.0,,0,0.0,,0,0.0
2002,11.0,2002-11,Americas,CRI,Costa Rica,Flood,1,10.0,1,100.0,75040.0,1,100.0,,0,0.0,,0,0.0
2002,11.0,2002-11,Americas,ECU,Ecuador,Volcanic activity,1,,0,0.0,128150.0,1,100.0,,0,0.0,,0,0.0
2002,11.0,2002-11,Americas,PAN,Panama,Flood,1,1.0,1,100.0,15000.0,1,100.0,,0,0.0,,0,0.0
2002,11.0,2002-11,Americas,PER,Peru,Flood,1,4.0,1,100.0,350.0,1,100.0,,0,0.0,,0,0.0
2002,11.0,2002-11,Americas,USA,United States of America,Storm,1,36.0,1,100.0,4066.0,1,100.0,700000000.0,1,100.0,1252871000.0,1,100.0
2002,11.0,2002-11,Asia,BGD,Bangladesh,Storm,1,49.0,1,100.0,,0,0.0,,0,0.0,,0,0.0
2002,11.0,2002-11,Asia,IDN,Indonesia,Earthquake,1,3.0,1,100.0,60.0,1,100.0,,0,0.0,,0,0.0
2002,11.0,2002-11,Asia,IDN,Indonesia,Flood,1,13.0,1,100.0,87000.0,1,100.0,1600000.0,1,100.0,2864000.0,1,100.0
2002,11.0,2002-11,Asia,IDN,Indonesia,Volcanic activity,1,,0,0.0,5000.0,1,100.0,,0,0.0,,0,0.0
2002,11.0,2002-11,Asia,IND,India,Storm,1,124.0,1,100.0,,0,0.0,,0,0.0,,0,0.0
2002,11.0,2002-11,Asia,PAK,Pakistan,Earthquake,2,36.0,2,100.0,155847.0,2,100.0,,0,0.0,,0,0.0
2002,11.0,2002-11,Europe,AUT,Austria,Storm,1,1.0,1,100.0,300.0,1,100.0,,0,0.0,,0,0.0
2002,11.0,2002-11,Europe,CHE,Switzerland,Mass movement (wet),1,1.0,1,100.0,231.0,1,100.0,180000000.0,1,100.0,322167000.0,1,100.0
2002,11.0,2002-11,Europe,FRA,France,Storm,1,1.0,1,100.0,250.0,1,100.0,,0,0.0,,0,0.0
2002,11.0,2002-11,Europe,GBR,United Kingdom of Great Britain and Northern Ireland,Flood,1,,0,0.0,620.0,1,100.0,,0,0.0,,0,0.0
2002,11.0,2002-11,Europe,GRC,Greece,Flood,1,,0,0.0,210.0,1,100.0,,0,0.0,,0,0.0
2002,11.0,2002-11,Europe,IRL,Ireland,Flood,1,,0,0.0,300.0,1,100.0,,0,0.0,,0,0.0
2002,11.0,2002-11,Europe,ITA,Italy,Flood,1,2.0,1,100.0,10000.0,1,100.0,300000000.0,1,100.0,536945000.0,1,100.0
2002,11.0,2002-11,Europe,MKD,North Macedonia,Epidemic,1,,0,0.0,200.0,1,100.0,,0,0.0,,0,0.0
2002,11.0,2002-11,Oceania,VUT,Vanuatu,Earthquake,1,,0,0.0,503.0,1,100.0,,0,0.0,,0,0.0
2002,12.0,2002-12,Africa,CIV,Côte d’Ivoire,Epidemic,1,15.0,1,100.0,55.0,1,100.0,,0,0.0,,0,0.0
2002,12.0,2002-12,Africa,COD,Democratic Republic of the Congo,Epidemic,3,2296.0,2,66.67,531018.0,3,100.0,,0,0.0,,0,0.0
2002,12.0,2002-12,Africa,COG,Congo,Epidemic,1,128.0,1,100.0,15.0,1,100.0,,0,0.0,,0,0.0
2002,12.0,2002-12,Africa,EGY,Egypt,Flood,1,14.0,1,100.0,70.0,1,100.0,,0,0.0,,0,0.0
2002,12.0,2002-12,Africa,KEN,Kenya,Flood,1,6.0,1,100.0,3000.0,1,100.0,,0,0.0,,0,0.0
2002,12.0,2002-12,Africa,MWI,Malawi,Flood,1,8.0,1,100.0,246340.0,1,100.0,,0,0.0,,0,0.0
2002,12.0,2002-12,Africa,NGA,Nigeria,Epidemic,2,25.0,2,100.0,9.0,1,50.0,,0,0.0,,0,0.0
2002,12.0,2002-12,Americas,BRA,Brazil,Mass movement (wet),2,87.0,2,100.0,1500.0,1,50.0,11000000.0,1,50.0,19688000.0,1,50.0
2002,12.0,2002-12,Americas,MEX,Mexico,Extreme temperature,1,50.0,1,100.0,,0,0.0,,0,0.0,,0,0.0
2002,12.0,2002-12,Americas,USA,United States of America,Storm,3,61.0,3,100.0,,0,0.0,450500000.0,1,33.33,806312000.0,1,33.33
2002,12.0,2002-12,Asia,BGD,Bangladesh,Extreme temperature,1,700.0,1,100.0,50000.0,1,100.0,,0,0.0,,0,0.0
2002,12.0,2002-12,Asia,CHN,China,Earthquake,1,2.0,1,100.0,65500.0,1,100.0,,0,0.0,,0,0.0
2002,12.0,2002-12,Asia,CHN,China,Storm,1,27.0,1,100.0,220110.0,1,100.0,33000000.0,1,100.0,59064000.0,1,100.0
2002,12.0,2002-12,Asia,IDN,Indonesia,Mass movement (wet),1,32.0,1,100.0,5.0,1,100.0,,0,0.0,,0,0.0
2002,12.0,2002-12,Asia,IND,India,Extreme temperature,1,900.0,1,100.0,,0,0.0,,0,0.0,,0,0.0
2002,12.0,2002-12,Asia,IRN,Iran (Islamic Republic of),Earthquake,1,,0,0.0,15015.0,1,100.0,,0,0.0,,0,0.0
2002,12.0,2002-12,Asia,JPN,Japan,Storm,1,,0,0.0,228.0,1,100.0,,0,0.0,,0,0.0
2002,12.0,2002-12,Asia,LBN,Lebanon,Storm,1,,0,0.0,500.0,1,100.0,,0,0.0,,0,0.0
2002,12.0,2002-12,Asia,LKA,Sri Lanka,Flood,1,2.0,1,100.0,500000.0,1,100.0,,0,0.0,,0,0.0
2002,12.0,2002-12,Asia,MNG,Mongolia,Storm,1,3.0,1,100.0,665000.0,1,100.0,,0,0.0,,0,0.0
2002,12.0,2002-12,Asia,NPL,Nepal,Extreme temperature,1,60.0,1,100.0,200.0,1,100.0,,0,0.0,,0,0.0
2002,12.0,2002-12,Asia,PAK,Pakistan,Extreme temperature,1,,0,0.0,,0,0.0,,0,0.0,,0,0.0
2002,12.0,2002-12,Asia,TUR,Türkiye,Storm,1,10.0,1,100.0,,0,0.0,,0,0.0,,0,0.0
2002,12.0,2002-12,Europe,GRC,Greece,Earthquake,1,,0,0.0,167.0,1,100.0,,0,0.0,,0,0.0
2002,12.0,2002-12,Europe,GRC,Greece,Flood,2,,0,0.0,180.0,1,50.0,,0,0.0,,0,0.0
2002,12.0,2002-12,Europe,MKD,North Macedonia,Flood,1,,0,0.0,1650.0,1,100.0,,0,0.0,,0,0.0
2002,12.0,2002-12,Europe,PRT,Portugal,Flood,1,1.0,1,100.0,252.0,1,100.0,,0,0.0,,0,0.0
2002,12.0,2002-12,Europe,ROU,Romania,Extreme temperature,1,10.0,1,100.0,,0,0.0,,0,0.0,,0,0.0
2002,12.0,2002-12,Oceania,AUS,Australia,Storm,1,,0,0.0,129.0,1,100.0,,0,0.0,,0,0.0
2002,12.0,2002-12,Oceania,GUM,Guam,Storm,1,1.0,1,100.0,11100.0,1,100.0,70000000.0,1,100.0,125287000.0,1,100.0
2002,12.0,2002-12,Oceania,MNP,Northern Mariana Islands,Storm,1,,0,0.0,300.0,1,100.0,,0,0.0,,0,0.0
2002,12.0,2002-12,Oceania,PNG,Papua New Guinea,Epidemic,1,20.0,1,100.0,,0,0.0,,0,0.0,,0,0.0
2002,12.0,2002-12,Oceania,SLB,Solomon Islands,Storm,1,,0,0.0,1110.0,1,100.0,,0,0.0,,0,0.0
2002,12.0,2002-12,Oceania,VUT,Vanuatu,Flood,1,,0,0.0,3001.0,1,100.0,,0,0.0,,0,0.0
2003,1.0,2003-01,Africa,BEN,Benin,Epidemic,1,3.0,1,100.0,265.0,1,100.0,,0,0.0,,0,0.0
2003,1.0,2003-01,Africa,BFA,Burkina Faso,Epidemic,1,1058.0,1,100.0,7146.0,1,100.0,,0,0.0,,0,0.0
2003,1.0,2003-01,Africa,DZA,Algeria,Storm,1,13.0,1,100.0,,0,0.0,,0,0.0,,0,0.0
2003,1.0,2003-01,Africa,GIN,Guinea,Epidemic,1,24.0,1,100.0,43.0,1,100.0,,0,0.0,,0,0.0
2003,1.0,2003-01,Africa,KEN,Kenya,Flood,1,,0,0.0,300.0,1,100.0,,0,0.0,,0,0.0
2003,1.0,2003-01,Africa,MDG,Madagascar,Flood,1,16.0,1,100.0,23370.0,1,100.0,150000000.0,1,100.0,262513000.0,1,100.0
2003,1.0,2003-01,Africa,MDG,Madagascar,Storm,1,,0,0.0,500.0,1,100.0,,0,0.0,,0,0.0
2003,1.0,2003-01,Africa,MOZ,Mozambique,Drought,1,9.0,1,100.0,119500.0,1,100.0,,0,0.0,,0,0.0
2003,1.0,2003-01,Africa,MOZ,Mozambique,Epidemic,1,14.0,1,100.0,2798.0,1,100.0,,0,0.0,,0,0.0
2003,1.0,2003-01,Africa,MOZ,Mozambique,Flood,1,4.0,1,100.0,100003.0,1,100.0,3500000.0,1,100.0,6125000.0,1,100.0
2003,1.0,2003-01,Africa,MWI,Malawi,Flood,1,8.0,1,100.0,18500.0,1,100.0,,0,0.0,,0,0.0
2003,1.0,2003-01,Africa,TUN,Tunisia,Flood,1,8.0,1,100.0,27000.0,1,100.0,,0,0.0,,0,0.0
2003,1.0,2003-01,Americas,BOL,Bolivia (Plurinational State of),Flood,2,5.0,2,100.0,12525.0,2,100.0,,0,0.0,,0,0.0
2003,1.0,2003-01,Americas,BRA,Brazil,Flood,2,83.0,2,100.0,26511.0,2,100.0,,0,0.0,,0,0.0
2003,1.0,2003-01,Americas,CHL,Chile,Wildfire,1,,0,0.0,285.0,1,100.0,,0,0.0,,0,0.0
2003,1.0,2003-01,Americas,MEX,Mexico,Earthquake,1,29.0,1,100.0,178603.0,1,100.0,116300000.0,1,100.0,203535000.0,1,100.0
2003,1.0,2003-01,Americas,PER,Peru,Flood,1,18.0,1,100.0,60012.0,1,100.0,,0,0.0,,0,0.0
2003,1.0,2003-01,Asia,AFG,Afghanistan,Flood,1,10.0,1,100.0,,0,0.0,,0,0.0,,0,0.0
2003,1.0,2003-01,Asia,CHN,China,Drought,1,,0,0.0,48000000.0,1,100.0,,0,0.0,,0,0.0
2003,1.0,2003-01,Asia,CYP,Cyprus,Storm,1,,0,0.0,30.0,1,100.0,10000000.0,1,100.0,17501000.0,1,100.0
2003,1.0,2003-01,Asia,IDN,Indonesia,Earthquake,1,,0,0.0,2502.0,1,100.0,,0,0.0,,0,0.0
2003,1.0,2003-01,Asia,IDN,Indonesia,Flood,4,14.0,3,75.0,28930.0,4,100.0,,0,0.0,,0,0.0
2003,1.0,2003-01,Asia,IDN,Indonesia,Mass movement (wet),2,31.0,2,100.0,1780.0,2,100.0,,0,0.0,,0,0.0
2003,1.0,2003-01,Asia,IRN,Iran (Islamic Republic of),Earthquake,1,,0,0.0,10080.0,1,100.0,,0,0.0,,0,0.0
2003,1.0,2003-01,Europe,BEL,Belgium,Flood,1,,0,0.0,,0,0.0,,0,0.0,,0,0.0
2003,1.0,2003-01,Europe,CHE,Switzerland,Storm,1,1.0,1,100.0,7.0,1,100.0,5000000.0,1,100.0,8750000.0,1,100.0
2003,1.0,2003-01,Europe,DEU,Germany,Storm,1,5.0,1,100.0,,0,0.0,300000000.0,1,100.0,525026000.0,1,100.0
2003,1.0,2003-01,Europe,ESP,Spain,Wildfire,1,5.0,1,100.0,200.0,1,100.0,,0,0.0,,0,0.0
2003,1.0,2003-01,Europe,FRA,France,Flood,1,1.0,1,100.0,,0,0.0,,0,0.0,,0,0.0
2003,1.0,2003-01,Europe,FRA,France,Storm,1,1.0,1,100.0,,0,0.0,50000.0,1,100.0,88000.0,1,100.0
2003,1.0,2003-01,Europe,GRC,Greece,Flood,1,3.0,1,100.0,450.0,1,100.0,,0,0.0,,0,0.0
2003,1.0,2003-01,Europe,ITA,Italy,Flood,1,1.0,1,100.0,1000.0,1,100.0,150000000.0,1,100.0,262513000.0,1,100.0
2003,1.0,2003-01,Europe,LVA,Latvia,Extreme temperature,1,15.0,1,100.0,,0,0.0,,0,0.0,,0,0.0
2003,1.0,2003-01,Europe,MKD,North Macedonia,Flood,1,2.0,1,100.0,4000.0,1,100.0,,0,0.0,,0,0.0
2003,1.0,2003-01,Europe,PRT,Portugal,Flood,1,,0,0.0,36.0,1,100.0,,0,0.0,,0,0.0
2003,1.0,2003-01,Europe,ROU,Romania,Flood,2,3.0,1,50.0,600.0,1,50.0,,0,0.0,,0,0.0
2003,1.0,2003-01,Oceania,AUS,Australia,Storm,1,1.0,1,100.0,,0,0.0,,0,0.0,,0,0.0
2003,1.0,2003-01,Oceania,AUS,Australia,Wildfire,1,4.0,1,100.0,2650.0,1,100.0,300000000.0,1,100.0,525026000.0,1,100.0
2003,1.0,2003-01,Oceania,FJI,Fiji,Storm,1,17.0,1,100.0,30000.0,1,100.0,30000000.0,1,100.0,52503000.0,1,100.0
2003,1.0,2003-01,Oceania,SLB,Solomon Islands,Storm,1,,0,0.0,275.0,1,100.0,,0,0.0,,0,0.0
2003,2.0,2003-02,Africa,AGO,Angola,Flood,1,9.0,1,100.0,600.0,1,100.0,,0,0.0,,0,0.0
2003,2.0,2003-02,Africa,COD,Democratic Republic of the Congo,Storm,1,17.0,1,100.0,22500.0,1,100.0,,0,0.0,,0,0.0
2003,2.0,2003-02,Africa,MOZ,Mozambique,Epidemic,1,31.0,1,100.0,4124.0,1,100.0,,0,0.0,,0,0.0
2003,2.0,2003-02,Africa,MOZ,Mozambique,Flood,1,32.0,1,100.0,400000.0,1,100.0,,0,0.0,,0,0.0
2003,2.0,2003-02,Africa,NER,Niger,Epidemic,1,195.0,1,100.0,1861.0,1,100.0,,0,0.0,,0,0.0
2003,2.0,2003-02,Africa,ZWE,Zimbabwe,Flood,1,2.0,1,100.0,18000.0,1,100.0,200000000.0,1,100.0,350017000.0,1,100.0
2003,2.0,2003-02,Americas,ARG,Argentina,Flood,1,4.0,1,100.0,3000.0,1,100.0,,0,0.0,,0,0.0
2003,2.0,2003-02,Americas,CAN,Canada,Flood,1,,0,0.0,1100.0,1,100.0,,0,0.0,,0,0.0
2003,2.0,2003-02,Americas,HTI,Haiti,Drought,1,,0,0.0,35000.0,1,100.0,,0,0.0,,0,0.0
2003,2.0,2003-02,Americas,USA,United States of America,Storm,3,62.0,3,100.0,238.0,2,66.67,600000000.0,2,66.67,1050052000.0,2,66.67
2003,2.0,2003-02,Asia,CHN,China,Earthquake,1,268.0,1,100.0,517000.0,1,100.0,157000000.0,1,100.0,274764000.0,1,100.0
2003,2.0,2003-02,Asia,IDN,Indonesia,Flood,1,3.0,1,100.0,33000.0,1,100.0,,0,0.0,,0,0.0
2003,2.0,2003-02,Asia,IND,India,Storm,3,39.0,3,100.0,344.0,3,100.0,,0,0.0,,0,0.0
2003,2.0,2003-02,Asia,IRN,Iran (Islamic Republic of),Mass movement (wet),1,20.0,1,100.0,4.0,1,100.0,,0,0.0,,0,0.0
2003,2.0,2003-02,Asia,LBN,Lebanon,Flood,1,,0,0.0,17000.0,1,100.0,,0,0.0,,0,0.0
2003,2.0,2003-02,Asia,PAK,Pakistan,Storm,1,51.0,1,100.0,2557.0,1,100.0,,0,0.0,,0,0.0
2003,2.0,2003-02,Asia,TJK,Tajikistan,Mass movement (wet),1,,0,0.0,181.0,1,100.0,,0,0.0,,0,0.0
2003,2.0,2003-02,Europe,GRC,Greece,Flood,1,,0,0.0,,0,0.0,600000000.0,1,100.0,1050052000.0,1,100.0
2003,2.0,2003-02,Europe,HRV,Croatia,Drought,1,,0,0.0,,0,0.0,330000000.0,1,100.0,577529000.0,1,100.0
2003,2.0,2003-02,Oceania,AUS,Australia,Flood,2,1.0,1,50.0,120.0,2,100.0,2000000.0,1,50.0,3500000.0,1,50.0
2003,3.0,2003-03,Africa,MOZ,Mozambique,Flood,1,2.0,1,100.0,15000.0,1,100.0,,0,0.0,,0,0.0
2003,3.0,2003-03,Africa,MOZ,Mozambique,Storm,1,11.0,1,100.0,23010.0,1,100.0,,0,0.0,,0,0.0
2003,3.0,2003-03,Africa,RWA,Rwanda,Drought,1,,0,0.0,1000000.0,1,100.0,,0,0.0,,0,0.0
2003,3.0,2003-03,Africa,UGA,Uganda,Epidemic,1,35.0,1,100.0,242.0,1,100.0,,0,0.0,,0,0.0
2003,3.0,2003-03,Africa,ZAF,South Africa,Flood,1,1.0,1,100.0,500.0,1,100.0,,0,0.0,,0,0.0
2003,3.0,2003-03,Africa,ZMB,Zambia,Flood,1,,0,0.0,10000.0,1,100.0,,0,0.0,,0,0.0
2003,3.0,2003-03,Africa,ZWE,Zimbabwe,Storm,1,8.0,1,100.0,,0,0.0,,0,0.0,,0,0.0
2003,3.0,2003-03,Americas,BOL,Bolivia (Plurinational State of),Mass movement (wet),1,69.0,1,100.0,1001.0,1,100.0,,0,0.0,,0,0.0
2003,3.0,2003-03,Americas,CAN,Canada,Flood,1,2.0,1,100.0,170.0,1,100.0,10000000.0,1,100.0,17501000.0,1,100.0
2003,3.0,2003-03,Americas,COL,Colombia,Mass movement (wet),1,35.0,1,100.0,779.0,1,100.0,,0,0.0,,0,0.0
2003,3.0,2003-03,Americas,GTM,Guatemala,Wildfire,1,,0,0.0,,0,0.0,,0,0.0,,0,0.0
2003,3.0,2003-03,Americas,HTI,Haiti,Flood,1,,0,0.0,320.0,1,100.0,,0,0.0,,0,0.0
2003,3.0,2003-03,Americas,USA,United States of America,Storm,2,9.0,2,100.0,386.0,1,50.0,5025000000.0,2,100.0,8794184000.0,2,100.0
2003,3.0,2003-03,Asia,AFG,Afghanistan,Flood,1,11.0,1,100.0,2000.0,1,100.0,,0,0.0,,0,0.0
2003,3.0,2003-03,Asia,IDN,Indonesia,Mass movement (wet),1,12.0,1,100.0,,0,0.0,,0,0.0,,0,0.0
2003,3.0,2003-03,Asia,IDN,Indonesia,Storm,1,76.0,1,100.0,229548.0,1,100.0,3961000.0,1,100.0,6932000.0,1,100.0
2003,3.0,2003-03,Asia,IND,India,Mass movement (wet),1,25.0,1,100.0,,0,0.0,,0,0.0,,0,0.0
2003,3.0,2003-03,Asia,IND,India,Storm,1,30.0,1,100.0,485910.0,1,100.0,16000000.0,1,100.0,28001000.0,1,100.0
2003,3.0,2003-03,Asia,IRN,Iran (Islamic Republic of),Flood,1,,0,0.0,1370.0,1,100.0,838000.0,1,100.0,1467000.0,1,100.0
2003,3.0,2003-03,Europe,UKR,Ukraine,Flood,1,,0,0.0,600.0,1,100.0,,0,0.0,,0,0.0
2003,3.0,2003-03,Oceania,NCL,New Caledonia,Epidemic,1,,0,0.0,437.0,1,100.0,,0,0.0,,0,0.0
2003,3.0,2003-03,Oceania,NCL,New Caledonia,Storm,1,2.0,1,100.0,1100.0,1,100.0,40000000.0,1,100.0,70003000.0,1,100.0
2003,4.0,2003-04,Africa,COM,Comoros,Storm,1,,0,0.0,300.0,1,100.0,,0,0.0,,0,0.0
2003,4.0,2003-04,Africa,DZA,Algeria,Flood,1,15.0,1,100.0,50.0,1,100.0,,0,0.0,,0,0.0
2003,4.0,2003-04,Africa,ETH,Ethiopia,Flood,1,119.0,1,100.0,110000.0,1,100.0,,0,0.0,,0,0.0
2003,4.0,2003-04,Africa,KEN,Kenya,Flood,1,40.0,1,100.0,60000.0,1,100.0,,0,0.0,,0,0.0
2003,4.0,2003-04,Africa,MOZ,Mozambique,Epidemic,1,29.0,1,100.0,1975.0,1,100.0,,0,0.0,,0,0.0
2003,4.0,2003-04,Africa,MWI,Malawi,Flood,1,4.0,1,100.0,1000.0,1,100.0,,0,0.0,,0,0.0
2003,4.0,2003-04,Africa,UGA,Uganda,Flood,1,5.0,1,100.0,1500.0,1,100.0,,0,0.0,,0,0.0
2003,4.0,2003-04,Americas,ARG,Argentina,Flood,1,23.0,1,100.0,160000.0,1,100.0,1028210000.0,1,100.0,1799456000.0,1,100.0
2003,4.0,2003-04,Americas,CUB,Cuba,Flood,1,,0,0.0,600.0,1,100.0,,0,0.0,,0,0.0
2003,4.0,2003-04,Americas,DOM,Dominican Republic,Flood,1,1.0,1,100.0,460.0,1,100.0,2100000.0,1,100.0,3675000.0,1,100.0
2003,4.0,2003-04,Americas,GTM,Guatemala,Mass movement (wet),1,22.0,1,100.0,220.0,1,100.0,,0,0.0,,0,0.0
2003,4.0,2003-04,Americas,HTI,Haiti,Epidemic,1,40.0,1,100.0,200.0,1,100.0,,0,0.0,,0,0.0
2003,4.0,2003-04,Americas,PRI,Puerto Rico,Flood,1,2.0,1,100.0,2405.0,1,100.0,,0,0.0,,0,0.0
2003,4.0,2003-04,Americas,USA,United States of America,Storm,1,13.0,1,100.0,,0,0.0,2100000000.0,1,100.0,3675181000.0,1,100.0
2003,4.0,2003-04,Asia,AFG,Afghanistan,Earthquake,1,1.0,1,100.0,1001.0,1,100.0,,0,0.0,,0,0.0
2003,4.0,2003-04,Asia,AFG,Afghanistan,Flood,1,30.0,1,100.0,1000.0,1,100.0,,0,0.0,,0,0.0
2003,4.0,2003-04,Asia,AZE,Azerbaijan,Flood,1,,0,0.0,31500.0,1,100.0,55000000.0,1,100.0,96255000.0,1,100.0
2003,4.0,2003-04,Asia,CHN,China,Earthquake,1,,0,0.0,3300.0,1,100.0,,0,0.0,,0,0.0
2003,4.0,2003-04,Asia,CHN,China,Storm,1,1.0,1,100.0,90100.0,1,100.0,,0,0.0,,0,0.0
2003,4.0,2003-04,Asia,CHN,China,Wildfire,1,,0,0.0,300.0,1,100.0,,0,0.0,,0,0.0
2003,4.0,2003-04,Asia,IND,India,Storm,2,45.0,1,50.0,5060.0,2,100.0,,0,0.0,,0,0.0
2003,4.0,2003-04,Asia,IRQ,Iraq,Epidemic,1,,0,0.0,17227.0,1,100.0,,0,0.0,,0,0.0
2003,4.0,2003-04,Asia,KGZ,Kyrgyzstan,Mass movement (wet),1,38.0,1,100.0,211.0,1,100.0,,0,0.0,,0,0.0
2003,4.0,2003-04,Asia,OMN,Oman,Storm,1,30.0,1,100.0,,0,0.0,1000000.0,1,100.0,1750000.0,1,100.0
2003,4.0,2003-04,Asia,THA,Thailand,Storm,1,,0,0.0,5000.0,1,100.0,,0,0.0,,0,0.0
2003,4.0,2003-04,Asia,TJK,Tajikistan,Mass movement (wet),1,1.0,1,100.0,6000.0,1,100.0,41000000.0,1,100.0,71754000.0,1,100.0
2003,4.0,2003-04,Asia,TUR,Türkiye,Earthquake,1,,0,0.0,170.0,1,100.0,,0,0.0,,0,0.0
2003,4.0,2003-04,Europe,ITA,Italy,Earthquake,1,,0,0.0,232.0,1,100.0,561352000.0,1,100.0,982415000.0,1,100.0
2003,4.0,2003-04,Europe,RUS,Russian Federation,Wildfire,1,,0,0.0,,0,0.0,,0,0.0,,0,0.0
2003,5.0,2003-05,Africa,DZA,Algeria,Earthquake,2,2275.0,2,100.0,210461.0,2,100.0,5000000000.0,1,50.0,8750432000.0,1,50.0
2003,5.0,2003-05,Africa,MDG,Madagascar,Storm,1,89.0,1,100.0,162086.0,1,100.0,,0,0.0,,0,0.0
2003,5.0,2003-05,Africa,NAM,Namibia,Flood,1,2.0,1,100.0,12000.0,1,100.0,,0,0.0,,0,0.0
2003,5.0,2003-05,Africa,SDN,Sudan,Epidemic,1,27.0,1,100.0,178.0,1,100.0,,0,0.0,,0,0.0
2003,5.0,2003-05,Africa,SOM,Somalia,Flood,1,,0,0.0,,0,0.0,,0,0.0,,0,0.0
2003,5.0,2003-05,Americas,COL,Colombia,Flood,1,35.0,1,100.0,,0,0.0,,0,0.0,,0,0.0
2003,5.0,2003-05,Americas,ECU,Ecuador,Flood,1,,0,0.0,7905.0,1,100.0,,0,0.0,,0,0.0
2003,5.0,2003-05,Americas,PAN,Panama,Flood,1,,0,0.0,1000.0,1,100.0,,0,0.0,,0,0.0
2003,5.0,2003-05,Americas,URY,Uruguay,Flood,1,,0,0.0,200.0,1,100.0,,0,0.0,,0,0.0
2003,5.0,2003-05,Americas,USA,United States of America,Flood,1,3.0,1,100.0,2000.0,1,100.0,17000000.0,1,100.0,29751000.0,1,100.0
2003,5.0,2003-05,Americas,USA,United States of America,Storm,2,45.0,1,50.0,15340.0,2,100.0,4000000000.0,1,50.0,7000346000.0,1,50.0
2003,5.0,2003-05,Asia,AFG,Afghanistan,Flood,1,,0,0.0,400.0,1,100.0,,0,0.0,,0,0.0
2003,5.0,2003-05,Asia,BGD,Bangladesh,Extreme temperature,1,62.0,1,100.0,,0,0.0,,0,0.0,,0,0.0
2003,5.0,2003-05,Asia,BGD,Bangladesh,Storm,1,23.0,1,100.0,400.0,1,100.0,,0,0.0,,0,0.0
2003,5.0,2003-05,Asia,CHN,China,Earthquake,1,1.0,1,100.0,8003.0,1,100.0,,0,0.0,,0,0.0
2003,5.0,2003-05,Asia,CHN,China,Flood,1,38.0,1,100.0,4370986.0,1,100.0,160000000.0,1,100.0,280014000.0,1,100.0
2003,5.0,2003-05,Asia,CHN,China,Mass movement (wet),1,35.0,1,100.0,,0,0.0,,0,0.0,,0,0.0
2003,5.0,2003-05,Asia,IDN,Indonesia,Earthquake,1,1.0,1,100.0,247.0,1,100.0,,0,0.0,,0,0.0
2003,5.0,2003-05,Asia,IND,India,Extreme temperature,1,1210.0,1,100.0,,0,0.0,400000000.0,1,100.0,700035000.0,1,100.0
2003,5.0,2003-05,Asia,JPN,Japan,Earthquake,1,,0,0.0,2303.0,1,100.0,233000000.0,1,100.0,407770000.0,1,100.0
2003,5.0,2003-05,Asia,JPN,Japan,Storm,1,,0,0.0,2.0,1,100.0,28200000.0,1,100.0,49352000.0,1,100.0
2003,5.0,2003-05,Asia,KAZ,Kazakhstan,Earthquake,1,3.0,1,100.0,36626.0,1,100.0,,0,0.0,,0,0.0
2003,5.0,2003-05,Asia,LKA,Sri Lanka,Flood,1,235.0,1,100.0,695000.0,1,100.0,29000000.0,1,100.0,50753000.0,1,100.0
2003,5.0,2003-05,Asia,PAK,Pakistan,Extreme temperature,1,200.0,1,100.0,,0,0.0,,0,0.0,,0,0.0
2003,5.0,2003-05,Asia,PAK,Pakistan,Mass movement (wet),1,12.0,1,100.0,,0,0.0,,0,0.0,,0,0.0
2003,5.0,2003-05,Asia,PHL,Philippines,Flood,1,,0,0.0,3500.0,1,100.0,,0,0.0,,0,0.0
2003,5.0,2003-05,Asia,PHL,Philippines,Storm,1,51.0,1,100.0,13909.0,1,100.0,4000000.0,1,100.0,7000000.0,1,100.0
2003,5.0,2003-05,Asia,TUR,Türkiye,Earthquake,1,177.0,1,100.0,290520.0,1,100.0,135000000.0,1,100.0,236262000.0,1,100.0
2003,5.0,2003-05,Europe,BIH,Bosnia and Herzegovina,Drought,1,,0,0.0,62575.0,1,100.0,140000000.0,1,100.0,245012000.0,1,100.0
2003,5.0,2003-05,Oceania,ASM,American Samoa,Flood,1,6.0,1,100.0,3.0,1,100.0,50000000.0,1,100.0,87504000.0,1,100.0
2003,5.0,2003-05,Oceania,AUS,Australia,Flood,1,,0,0.0,300.0,1,100.0,,0,0.0,,0,0.0
2003,5.0,2003-05,Oceania,AUS,Australia,Storm,1,,0,0.0,270.0,1,100.0,,0,0.0,,0,0.0
2003,5.0,2003-05,Oceania,MNP,Northern Mariana Islands,Volcanic activity,1,,0,0.0,,0,0.0,,0,0.0,,0,0.0
2003,5.0,2003-05,Oceania,PNG,Papua New Guinea,Mass movement (wet),1,13.0,1,100.0,21.0,1,100.0,,0,0.0,,0,0.0
2003,6.0,2003-06,Africa,CAF,Central African Republic,Epidemic,1,23.0,1,100.0,379.0,1,100.0,,0,0.0,,0,0.0
2003,6.0,2003-06,Africa,COD,Democratic Republic of the Congo,Epidemic,1,380.0,1,100.0,13072.0,1,100.0,,0,0.0,,0,0.0
2003,6.0,2003-06,Africa,DZA,Algeria,Extreme temperature,1,40.0,1,100.0,,0,0.0,,0,0.0,,0,0.0
2003,6.0,2003-06,Africa,LBR,Liberia,Epidemic,1,,0,0.0,17561.0,1,100.0,,0,0.0,,0,0.0
2003,6.0,2003-06,Americas,ARG,Argentina,Drought,1,,0,0.0,,0,0.0,120000000.0,1,100.0,210010000.0,1,100.0
2003,6.0,2003-06,Americas,COL,Colombia,Flood,1,3.0,1,100.0,4000.0,1,100.0,,0,0.0,,0,0.0
2003,6.0,2003-06,Americas,ECU,Ecuador,Volcanic activity,1,,0,0.0,25000.0,1,100.0,,0,0.0,,0,0.0
2003,6.0,2003-06,Americas,MEX,Mexico,Flood,2,4.0,1,50.0,3850.0,2,100.0,,0,0.0,,0,0.0
2003,6.0,2003-06,Americas,SLV,El Salvador,Epidemic,1,304.0,1,100.0,50000.0,1,100.0,,0,0.0,,0,0.0
2003,6.0,2003-06,Americas,USA,United States of America,Storm,1,4.0,1,100.0,4.0,1,100.0,50000000.0,1,100.0,87504000.0,1,100.0
2003,6.0,2003-06,Americas,USA,United States of America,Wildfire,1,,0,0.0,750.0,1,100.0,,0,0.0,,0,0.0
2003,6.0,2003-06,Americas,VEN,Venezuela (Bolivarian Republic of),Flood,1,1.0,1,100.0,450.0,1,100.0,,0,0.0,,0,0.0
2003,6.0,2003-06,Asia,AFG,Afghanistan,Flood,1,13.0,1,100.0,100.0,1,100.0,,0,0.0,,0,0.0
2003,6.0,2003-06,Asia,BGD,Bangladesh,Flood,2,252.0,2,100.0,550000.0,2,100.0,,0,0.0,,0,0.0
2003,6.0,2003-06,Asia,CHN,China,Flood,2,458.0,2,100.0,150146000.0,1,50.0,7890000000.0,1,50.0,13808182000.0,1,50.0
2003,6.0,2003-06,Asia,IND,India,Epidemic,1,,0,0.0,2185.0,1,100.0,,0,0.0,,0,0.0
2003,6.0,2003-06,Asia,IND,India,Flood,1,142.0,1,100.0,4550000.0,1,100.0,,0,0.0,,0,0.0
2003,6.0,2003-06,Asia,PHL,Philippines,Storm,1,13.0,1,100.0,127130.0,1,100.0,2455000.0,1,100.0,4296000.0,1,100.0
2003,6.0,2003-06,Asia,TJK,Tajikistan,Flood,1,6.0,1,100.0,1755.0,1,100.0,20000000.0,1,100.0,35002000.0,1,100.0
2003,6.0,2003-06,Asia,TLS,Timor-Leste,Flood,1,3.0,1,100.0,600.0,1,100.0,,0,0.0,,0,0.0
2003,6.0,2003-06,Asia,YEM,Yemen,Flood,1,15.0,1,100.0,,0,0.0,,0,0.0,,0,0.0
2003,6.0,2003-06,Europe,DEU,Germany,Storm,1,10.0,1,100.0,,0,0.0,,0,0.0,,0,0.0
2003,6.0,2003-06,Oceania,SLB,Solomon Islands,Storm,1,,0,0.0,150.0,1,100.0,,0,0.0,,0,0.0
2003,7.0,2003-07,Africa,CMR,Cameroon,Mass movement (wet),1,20.0,1,100.0,100.0,1,100.0,,0,0.0,,0,0.0
2003,7.0,2003-07,Africa,ERI,Eritrea,Flood,1,,0,0.0,,0,0.0,,0,0.0,,0,0.0
2003,7.0,2003-07,Africa,SDN,Sudan,Flood,1,20.0,1,100.0,325056.0,1,100.0,184000000.0,1,100.0,322016000.0,1,100.0
2003,7.0,2003-07,Africa,UGA,Uganda,Flood,1,20.0,1,100.0,700.0,1,100.0,,0,0.0,,0,0.0
2003,7.0,2003-07,Americas,MEX,Mexico,Mass movement (wet),1,10.0,1,100.0,200.0,1,100.0,,0,0.0,,0,0.0
2003,7.0,2003-07,Americas,PER,Peru,Extreme temperature,1,339.0,1,100.0,1839888.0,1,100.0,,0,0.0,,0,0.0
2003,7.0,2003-07,Americas,USA,United States of America,Flood,1,3.0,1,100.0,1200.0,1,100.0,106000000.0,1,100.0,185509000.0,1,100.0
2003,7.0,2003-07,Asia,AFG,Afghanistan,Flood,3,72.0,3,100.0,253.0,2,66.67,,0,0.0,,0,0.0
2003,7.0,2003-07,Asia,BGD,Bangladesh,Earthquake,1,2.0,1,100.0,2525.0,1,100.0,,0,0.0,,0,0.0
2003,7.0,2003-07,Asia,CHN,China,Drought,1,,0,0.0,3000000.0,1,100.0,,0,0.0,,0,0.0
2003,7.0,2003-07,Asia,CHN,China,Earthquake,1,16.0,1,100.0,1295584.0,1,100.0,75000000.0,1,100.0,131256000.0,1,100.0
2003,7.0,2003-07,Asia,CHN,China,Flood,1,30.0,1,100.0,1200000.0,1,100.0,4830000000.0,1,100.0,8452917000.0,1,100.0
2003,7.0,2003-07,Asia,CHN,China,Storm,3,22.0,2,66.67,7607182.0,3,100.0,116900000.0,2,66.67,204585000.0,2,66.67
2003,7.0,2003-07,Asia,HKG,"China, Hong Kong Special Administrative Region",Storm,1,,0,0.0,3511.0,1,100.0,,0,0.0,,0,0.0
2003,7.0,2003-07,Asia,IND,India,Flood,2,163.0,2,100.0,14530.0,2,100.0,,0,0.0,,0,0.0
2003,7.0,2003-07,Asia,IRN,Iran (Islamic Republic of),Earthquake,2,1.0,1,50.0,18616.0,2,100.0,21666000.0,1,50.0,37917000.0,1,50.0
2003,7.0,2003-07,Asia,JPN,Japan,Earthquake,1,,0,0.0,18191.0,1,100.0,411000000.0,1,100.0,719286000.0,1,100.0
2003,7.0,2003-07,Asia,JPN,Japan,Flood,1,23.0,1,100.0,814.0,1,100.0,7000000.0,1,100.0,12251000.0,1,100.0
2003,7.0,2003-07,Asia,MNG,Mongolia,Flood,1,15.0,1,100.0,1650.0,1,100.0,270000.0,1,100.0,473000.0,1,100.0
2003,7.0,2003-07,Asia,NPL,Nepal,Flood,1,239.0,1,100.0,59254.0,1,100.0,,0,0.0,,0,0.0
2003,7.0,2003-07,Asia,PAK,Pakistan,Flood,2,230.0,1,50.0,1266223.0,1,50.0,,0,0.0,,0,0.0
2003,7.0,2003-07,Asia,PHL,Philippines,Storm,3,29.0,2,66.67,134630.0,3,100.0,28113000.0,3,100.0,49200000.0,3,100.0
2003,7.0,2003-07,Asia,TUR,Türkiye,Earthquake,1,,0,0.0,240.0,1,100.0,,0,0.0,,0,0.0
2003,7.0,2003-07,Asia,VNM,Viet Nam,Storm,2,3.0,1,50.0,10036.0,2,100.0,,0,0.0,,0,0.0
2003,7.0,2003-07,Europe,AUT,Austria,Extreme temperature,1,345.0,1,100.0,,0,0.0,280000000.0,1,100.0,490024000.0,1,100.0
2003,7.0,2003-07,Europe,CHE,Switzerland,Extreme temperature,1,1039.0,1,100.0,,0,0.0,280000000.0,1,100.0,490024000.0,1,100.0
2003,7.0,2003-07,Europe,CZE,Czechia,Extreme temperature,1,418.0,1,100.0,,0,0.0,,0,0.0,,0,0.0
2003,7.0,2003-07,Europe,FRA,France,Storm,1,5.0,1,100.0,70.0,1,100.0,,0,0.0,,0,0.0
2003,7.0,2003-07,Europe,FRA,France,Wildfire,1,5.0,1,100.0,3004.0,1,100.0,,0,0.0,,0,0.0
2003,7.0,2003-07,Europe,GBR,United Kingdom of Great Britain and Northern Ireland,Extreme temperature,1,301.0,1,100.0,,0,0.0,,0,0.0,,0,0.0
2003,7.0,2003-07,Europe,HRV,Croatia,Extreme temperature,1,788.0,1,100.0,,0,0.0,,0,0.0,,0,0.0
2003,7.0,2003-07,Europe,HRV,Croatia,Wildfire,1,,0,0.0,,0,0.0,20000000.0,1,100.0,35002000.0,1,100.0
2003,7.0,2003-07,Europe,HUN,Hungary,Drought,1,,0,0.0,,0,0.0,100000000.0,1,100.0,175009000.0,1,100.0
2003,7.0,2003-07,Europe,ITA,Italy,Extreme temperature,1,20089.0,1,100.0,,0,0.0,4400000000.0,1,100.0,7700380000.0,1,100.0
2003,7.0,2003-07,Europe,LUX,Luxembourg,Extreme temperature,1,170.0,1,100.0,,0,0.0,,0,0.0,,0,0.0
2003,7.0,2003-07,Europe,NLD,Netherlands (Kingdom of the),Extreme temperature,1,965.0,1,100.0,,0,0.0,,0,0.0,,0,0.0
2003,7.0,2003-07,Europe,PRT,Portugal,Extreme temperature,1,2696.0,1,100.0,,0,0.0,,0,0.0,,0,0.0
2003,7.0,2003-07,Europe,RUS,Russian Federation,Flood,1,,0,0.0,600.0,1,100.0,,0,0.0,,0,0.0
2003,7.0,2003-07,Europe,SVK,Slovakia,Extreme temperature,1,,0,0.0,,0,0.0,150000000.0,1,100.0,262513000.0,1,100.0
2003,7.0,2003-07,Europe,SVN,Slovenia,Extreme temperature,1,289.0,1,100.0,,0,0.0,80000000.0,1,100.0,140007000.0,1,100.0
2003,8.0,2003-08,Africa,BFA,Burkina Faso,Flood,1,,0,0.0,12120.0,1,100.0,,0,0.0,,0,0.0
2003,8.0,2003-08,Africa,DZA,Algeria,Flood,1,13.0,1,100.0,,0,0.0,,0,0.0,,0,0.0
2003,8.0,2003-08,Africa,GMB,Gambia,Storm,1,3.0,1,100.0,8019.0,1,100.0,,0,0.0,,0,0.0
2003,8.0,2003-08,Africa,LBR,Liberia,Epidemic,1,,0,0.0,1857.0,1,100.0,,0,0.0,,0,0.0
2003,8.0,2003-08,Africa,MLI,Mali,Epidemic,1,106.0,1,100.0,1216.0,1,100.0,,0,0.0,,0,0.0
2003,8.0,2003-08,Africa,MLI,Mali,Flood,1,,0,0.0,10000.0,1,100.0,,0,0.0,,0,0.0
2003,8.0,2003-08,Africa,MRT,Mauritania,Flood,1,9.0,1,100.0,21000.0,1,100.0,,0,0.0,,0,0.0
2003,8.0,2003-08,Africa,NER,Niger,Flood,1,7.0,1,100.0,30000.0,1,100.0,,0,0.0,,0,0.0
2003,8.0,2003-08,Africa,SEN,Senegal,Flood,1,8.0,1,100.0,7769.0,1,100.0,,0,0.0,,0,0.0
2003,8.0,2003-08,Africa,SOM,Somalia,Flood,1,1.0,1,100.0,300.0,1,100.0,,0,0.0,,0,0.0
2003,8.0,2003-08,Africa,TZA,United Republic of Tanzania,Drought,1,,0,0.0,1900000.0,1,100.0,,0,0.0,,0,0.0
2003,8.0,2003-08,Africa,ZAF,South Africa,Storm,1,,0,0.0,600.0,1,100.0,,0,0.0,,0,0.0
2003,8.0,2003-08,Americas,CAN,Canada,Flood,1,,0,0.0,400.0,1,100.0,10000000.0,1,100.0,17501000.0,1,100.0
2003,8.0,2003-08,Americas,CAN,Canada,Wildfire,1,1.0,1,100.0,,0,0.0,545000000.0,1,100.0,953797000.0,1,100.0
2003,8.0,2003-08,Americas,COL,Colombia,Flood,1,42.0,1,100.0,35752.0,1,100.0,,0,0.0,,0,0.0
2003,8.0,2003-08,Americas,HTI,Haiti,Flood,1,24.0,1,100.0,12070.0,1,100.0,,0,0.0,,0,0.0
2003,8.0,2003-08,Americas,MEX,Mexico,Storm,1,2.0,1,100.0,3000.0,1,100.0,21200000.0,1,100.0,37102000.0,1,100.0
2003,8.0,2003-08,Americas,PAN,Panama,Earthquake,1,,0,0.0,340.0,1,100.0,,0,0.0,,0,0.0
2003,8.0,2003-08,Americas,USA,United States of America,Storm,1,,0,0.0,1500.0,1,100.0,,0,0.0,,0,0.0
2003,8.0,2003-08,Americas,VEN,Venezuela (Bolivarian Republic of),Flood,1,,0,0.0,200.0,1,100.0,,0,0.0,,0,0.0
2003,8.0,2003-08,Asia,CHN,China,Earthquake,1,4.0,1,100.0,455500.0,1,100.0,167000000.0,1,100.0,292264000.0,1,100.0
2003,8.0,2003-08,Asia,CHN,China,Flood,1,123.0,1,100.0,200000.0,1,100.0,2440000000.0,1,100.0,4270211000.0,1,100.0
2003,8.0,2003-08,Asia,CHN,China,Mass movement (wet),1,17.0,1,100.0,,0,0.0,,0,0.0,,0,0.0
2003,8.0,2003-08,Asia,IDN,Indonesia,Drought,1,,0,0.0,15000.0,1,100.0,1000000.0,1,100.0,1750000.0,1,100.0
2003,8.0,2003-08,Asia,IDN,Indonesia,Earthquake,1,,0,0.0,500.0,1,100.0,,0,0.0,,0,0.0
2003,8.0,2003-08,Asia,IND,India,Flood,2,110.0,2,100.0,3000015.0,2,100.0,169000000.0,1,50.0,295765000.0,1,50.0
2003,8.0,2003-08,Asia,JPN,Japan,Storm,1,20.0,1,100.0,8976.0,1,100.0,55000000.0,1,100.0,96255000.0,1,100.0
2003,8.0,2003-08,Asia,PHL,Philippines,Storm,3,2.0,2,66.67,190592.0,3,100.0,734000.0,2,66.67,1285000.0,2,66.67
2003,8.0,2003-08,Asia,SAU,Saudi Arabia,Flood,1,,0,0.0,13000.0,1,100.0,,0,0.0,,0,0.0
2003,8.0,2003-08,Europe,BEL,Belgium,Extreme temperature,1,1175.0,1,100.0,,0,0.0,,0,0.0,,0,0.0
2003,8.0,2003-08,Europe,DEU,Germany,Extreme temperature,1,9355.0,1,100.0,,0,0.0,1650000000.0,1,100.0,2887643000.0,1,100.0
2003,8.0,2003-08,Europe,ESP,Spain,Extreme temperature,1,15090.0,1,100.0,,0,0.0,880000000.0,1,100.0,1540076000.0,1,100.0
2003,8.0,2003-08,Europe,FRA,France,Extreme temperature,1,19490.0,1,100.0,,0,0.0,4400000000.0,1,100.0,7700380000.0,1,100.0
2003,8.0,2003-08,Europe,ITA,Italy,Flood,1,2.0,1,100.0,350.0,1,100.0,655000000.0,1,100.0,1146307000.0,1,100.0
2003,8.0,2003-08,Europe,PRT,Portugal,Wildfire,1,14.0,1,100.0,150000.0,1,100.0,1730000000.0,1,100.0,3027650000.0,1,100.0
2003,8.0,2003-08,Europe,ROU,Romania,Flood,1,2.0,1,100.0,250.0,1,100.0,,0,0.0,,0,0.0
2003,8.0,2003-08,Europe,RUS,Russian Federation,Storm,1,,0,0.0,,0,0.0,,0,0.0,,0,0.0
2003,8.0,2003-08,Oceania,PNG,Papua New Guinea,Mass movement (wet),1,,0,0.0,600.0,1,100.0,,0,0.0,,0,0.0
2003,9.0,2003-09,Africa,BDI,Burundi,Drought,1,,0,0.0,,0,0.0,,0,0.0,,0,0.0
2003,9.0,2003-09,Africa,CAF,Central African Republic,Flood,1,,0,0.0,240.0,1,100.0,,0,0.0,,0,0.0
2003,9.0,2003-09,Africa,COD,Democratic Republic of the Congo,Epidemic,1,369.0,1,100.0,7145.0,1,100.0,,0,0.0,,0,0.0
2003,9.0,2003-09,Africa,NGA,Nigeria,Flood,1,16.0,1,100.0,210000.0,1,100.0,2570000.0,1,100.0,4498000.0,1,100.0
2003,9.0,2003-09,Americas,BMU,Bermuda,Storm,1,4.0,1,100.0,,0,0.0,300000000.0,1,100.0,525026000.0,1,100.0
2003,9.0,2003-09,Americas,CAN,Canada,Storm,2,3.0,2,100.0,200.0,1,50.0,110000000.0,1,50.0,192510000.0,1,50.0
2003,9.0,2003-09,Americas,DOM,Dominican Republic,Earthquake,1,3.0,1,100.0,2015.0,1,100.0,,0,0.0,,0,0.0
2003,9.0,2003-09,Americas,HND,Honduras,Flood,1,3.0,1,100.0,105.0,1,100.0,,0,0.0,,0,0.0
2003,9.0,2003-09,Americas,MEX,Mexico,Flood,1,2.0,1,100.0,50000.0,1,100.0,,0,0.0,,0,0.0
2003,9.0,2003-09,Americas,MEX,Mexico,Storm,1,2.0,1,100.0,6000.0,1,100.0,100000000.0,1,100.0,175009000.0,1,100.0
2003,9.0,2003-09,Americas,USA,United States of America,Storm,1,16.0,1,100.0,225000.0,1,100.0,3370000000.0,1,100.0,5897791000.0,1,100.0
2003,9.0,2003-09,Asia,CHN,China,Flood,1,13.0,1,100.0,8000.0,1,100.0,9640000.0,1,100.0,16871000.0,1,100.0
2003,9.0,2003-09,Asia,CHN,China,Storm,1,38.0,1,100.0,69925.0,1,100.0,241000000.0,1,100.0,421771000.0,1,100.0
2003,9.0,2003-09,Asia,HKG,"China, Hong Kong Special Administrative Region",Storm,1,4.0,1,100.0,22.0,1,100.0,,0,0.0,,0,0.0
2003,9.0,2003-09,Asia,IND,India,Flood,1,37.0,1,100.0,,0,0.0,,0,0.0,,0,0.0
2003,9.0,2003-09,Asia,JPN,Japan,Earthquake,1,2.0,1,100.0,773.0,1,100.0,563000000.0,1,100.0,985299000.0,1,100.0
2003,9.0,2003-09,Asia,JPN,Japan,Storm,1,1.0,1,100.0,223.0,1,100.0,50000000.0,1,100.0,87504000.0,1,100.0
2003,9.0,2003-09,Asia,KOR,Republic of Korea,Storm,1,130.0,1,100.0,80000.0,1,100.0,4500000000.0,1,100.0,7875389000.0,1,100.0
2003,9.0,2003-09,Asia,PAK,Pakistan,Flood,1,36.0,1,100.0,20.0,1,100.0,,0,0.0,,0,0.0
2003,9.0,2003-09,Asia,TWN,Taiwan (Province of China),Storm,1,3.0,1,100.0,,0,0.0,115000000.0,1,100.0,201260000.0,1,100.0
2003,9.0,2003-09,Asia,VNM,Viet Nam,Flood,1,15.0,1,100.0,1000.0,1,100.0,38000000.0,1,100.0,66503000.0,1,100.0
2003,9.0,2003-09,Europe,RUS,Russian Federation,Earthquake,1,3.0,1,100.0,1805.0,1,100.0,10600000.0,1,100.0,18551000.0,1,100.0
2003,10.0,2003-10,Africa,COD,Democratic Republic of the Congo,Flood,1,,0,0.0,600.0,1,100.0,,0,0.0,,0,0.0
2003,10.0,2003-10,Africa,COD,Democratic Republic of the Congo,Storm,1,11.0,1,100.0,73.0,1,100.0,,0,0.0,,0,0.0
2003,10.0,2003-10,Africa,COG,Congo,Epidemic,1,29.0,1,100.0,2.0,1,100.0,,0,0.0,,0,0.0
2003,10.0,2003-10,Africa,DZA,Algeria,Flood,1,13.0,1,100.0,,0,0.0,,0,0.0,,0,0.0
2003,10.0,2003-10,Africa,GNB,Guinea-Bissau,Flood,1,,0,0.0,,0,0.0,,0,0.0,,0,0.0
2003,10.0,2003-10,Africa,RWA,Rwanda,Flood,1,,0,0.0,7016.0,1,100.0,,0,0.0,,0,0.0
2003,10.0,2003-10,Africa,SLE,Sierra Leone,Epidemic,1,10.0,1,100.0,90.0,1,100.0,,0,0.0,,0,0.0
2003,10.0,2003-10,Africa,ZWE,Zimbabwe,Epidemic,1,40.0,1,100.0,750.0,1,100.0,,0,0.0,,0,0.0
2003,10.0,2003-10,Americas,BRA,Brazil,Flood,1,4.0,1,100.0,2000.0,1,100.0,,0,0.0,,0,0.0
2003,10.0,2003-10,Americas,CAN,Canada,Flood,1,2.0,1,100.0,800.0,1,100.0,15000000.0,1,100.0,26251000.0,1,100.0
2003,10.0,2003-10,Americas,HTI,Haiti,Storm,1,26.0,1,100.0,155.0,1,100.0,,0,0.0,,0,0.0
2003,10.0,2003-10,Americas,MEX,Mexico,Wildfire,1,2.0,1,100.0,,0,0.0,,0,0.0,,0,0.0
2003,10.0,2003-10,Americas,USA,United States of America,Flood,1,,0,0.0,,0,0.0,,0,0.0,,0,0.0
2003,10.0,2003-10,Americas,USA,United States of America,Wildfire,2,19.0,2,100.0,6849.0,2,100.0,4831000000.0,2,100.0,8454667000.0,2,100.0
2003,10.0,2003-10,Asia,CHN,China,Earthquake,2,12.0,2,100.0,335099.0,2,100.0,100000000.0,2,100.0,175008000.0,2,100.0
2003,10.0,2003-10,Asia,MYS,Malaysia,Flood,1,3.0,1,100.0,13800.0,1,100.0,,0,0.0,,0,0.0
2003,10.0,2003-10,Asia,THA,Thailand,Epidemic,1,7.0,1,100.0,4.0,1,100.0,,0,0.0,,0,0.0
2003,10.0,2003-10,Asia,THA,Thailand,Flood,2,3.0,1,50.0,3000.0,1,50.0,25000000.0,1,50.0,43752000.0,1,50.0
2003,10.0,2003-10,Asia,TJK,Tajikistan,Epidemic,1,,0,0.0,256.0,1,100.0,,0,0.0,,0,0.0
2003,10.0,2003-10,Asia,VNM,Viet Nam,Epidemic,1,15.0,1,100.0,8.0,1,100.0,,0,0.0,,0,0.0
2003,10.0,2003-10,Asia,VNM,Viet Nam,Flood,1,52.0,1,100.0,221774.0,1,100.0,32000000.0,1,100.0,56003000.0,1,100.0
2003,10.0,2003-10,Oceania,AUS,Australia,Storm,1,,0,0.0,1500.0,1,100.0,,0,0.0,,0,0.0
2003,10.0,2003-10,Oceania,NZL,New Zealand,Storm,1,2.0,1,100.0,,0,0.0,3000000.0,1,100.0,5250000.0,1,100.0
2003,11.0,2003-11,Africa,AGO,Angola,Flood,1,6.0,1,100.0,225.0,1,100.0,,0,0.0,,0,0.0
2003,11.0,2003-11,Africa,MAR,Morocco,Flood,1,35.0,1,100.0,10000.0,1,100.0,,0,0.0,,0,0.0
2003,11.0,2003-11,Africa,TCD,Chad,Epidemic,1,11.0,1,100.0,131.0,1,100.0,,0,0.0,,0,0.0
2003,11.0,2003-11,Americas,ARG,Argentina,Storm,1,12.0,1,100.0,900.0,1,100.0,,0,0.0,,0,0.0
2003,11.0,2003-11,Americas,BRA,Brazil,Flood,1,7.0,1,100.0,2000.0,1,100.0,,0,0.0,,0,0.0
2003,11.0,2003-11,Americas,DOM,Dominican Republic,Flood,1,9.0,1,100.0,65003.0,1,100.0,42620000.0,1,100.0,74589000.0,1,100.0
2003,11.0,2003-11,Americas,HND,Honduras,Flood,1,7.0,1,100.0,3000.0,1,100.0,20000000.0,1,100.0,35002000.0,1,100.0
2003,11.0,2003-11,Americas,USA,United States of America,Flood,1,18.0,1,100.0,,0,0.0,,0,0.0,,0,0.0
2003,11.0,2003-11,Americas,USA,United States of America,Storm,1,8.0,1,100.0,1125.0,1,100.0,,0,0.0,,0,0.0
2003,11.0,2003-11,Asia,CHN,China,Earthquake,3,5.0,2,66.67,526438.0,3,100.0,,0,0.0,,0,0.0
2003,11.0,2003-11,Asia,CHN,China,Storm,1,,0,0.0,1720000.0,1,100.0,196938000.0,1,100.0,344659000.0,1,100.0
2003,11.0,2003-11,Asia,IDN,Indonesia,Flood,2,249.0,2,100.0,26498.0,2,100.0,,0,0.0,,0,0.0
2003,11.0,2003-11,Asia,MYS,Malaysia,Flood,1,5.0,1,100.0,3000.0,1,100.0,,0,0.0,,0,0.0
2003,11.0,2003-11,Asia,PHL,Philippines,Storm,1,13.0,1,100.0,,0,0.0,,0,0.0,,0,0.0
2003,11.0,2003-11,Asia,SAU,Saudi Arabia,Flood,1,12.0,1,100.0,50.0,1,100.0,,0,0.0,,0,0.0
2003,11.0,2003-11,Asia,VNM,Viet Nam,Flood,1,61.0,1,100.0,194049.0,1,100.0,35000000.0,1,100.0,61253000.0,1,100.0
2003,11.0,2003-11,Europe,MKD,North Macedonia,Flood,1,,0,0.0,750.0,1,100.0,,0,0.0,,0,0.0
2003,11.0,2003-11,Oceania,FSM,Micronesia (Federated States of),Storm,1,,0,0.0,1000.0,1,100.0,1700000.0,1,100.0,2975000.0,1,100.0
2003,12.0,2003-12,Africa,BDI,Burundi,Epidemic,1,6.0,1,100.0,230.0,1,100.0,,0,0.0,,0,0.0
2003,12.0,2003-12,Africa,COD,Democratic Republic of the Congo,Epidemic,1,37.0,1,100.0,184.0,1,100.0,,0,0.0,,0,0.0
2003,12.0,2003-12,Africa,COD,Democratic Republic of the Congo,Flood,1,1.0,1,100.0,881.0,1,100.0,,0,0.0,,0,0.0
2003,12.0,2003-12,Africa,MDG,Madagascar,Storm,1,,0,0.0,164.0,1,100.0,,0,0.0,,0,0.0
2003,12.0,2003-12,Africa,MOZ,Mozambique,Epidemic,1,85.0,1,100.0,15237.0,1,100.0,,0,0.0,,0,0.0
2003,12.0,2003-12,Africa,TGO,Togo,Epidemic,1,40.0,1,100.0,790.0,1,100.0,,0,0.0,,0,0.0
2003,12.0,2003-12,Africa,TZA,United Republic of Tanzania,Flood,1,,0,0.0,2000.0,1,100.0,,0,0.0,,0,0.0
2003,12.0,2003-12,Africa,ZMB,Zambia,Epidemic,1,179.0,1,100.0,3835.0,1,100.0,,0,0.0,,0,0.0
2003,12.0,2003-12,Africa,ZMB,Zambia,Flood,1,4.0,1,100.0,1000.0,1,100.0,,0,0.0,,0,0.0
2003,12.0,2003-12,Americas,BOL,Bolivia (Plurinational State of),Flood,1,69.0,1,100.0,45004.0,1,100.0,1000000.0,1,100.0,1750000.0,1,100.0
2003,12.0,2003-12,Americas,BRA,Brazil,Flood,1,161.0,1,100.0,175470.0,1,100.0,303000000.0,1,100.0,530276000.0,1,100.0
2003,12.0,2003-12,Americas,CRI,Costa Rica,Earthquake,1,2.0,1,100.0,135.0,1,100.0,,0,0.0,,0,0.0
2003,12.0,2003-12,Americas,CRI,Costa Rica,Flood,1,1.0,1,100.0,2500.0,1,100.0,,0,0.0,,0,0.0
2003,12.0,2003-12,Americas,DOM,Dominican Republic,Storm,1,8.0,1,100.0,10014.0,1,100.0,8000000.0,1,100.0,14001000.0,1,100.0
2003,12.0,2003-12,Americas,HTI,Haiti,Flood,1,38.0,1,100.0,150000.0,1,100.0,,0,0.0,,0,0.0
2003,12.0,2003-12,Americas,MEX,Mexico,Extreme temperature,1,21.0,1,100.0,,0,0.0,,0,0.0,,0,0.0
2003,12.0,2003-12,Americas,PAN,Panama,Earthquake,1,2.0,1,100.0,1075.0,1,100.0,,0,0.0,,0,0.0
2003,12.0,2003-12,Americas,PER,Peru,Flood,1,4.0,1,100.0,5450.0,1,100.0,,0,0.0,,0,0.0
2003,12.0,2003-12,Americas,PRI,Puerto Rico,Storm,1,,0,0.0,100.0,1,100.0,20000.0,1,100.0,35000.0,1,100.0
2003,12.0,2003-12,Americas,USA,United States of America,Earthquake,1,2.0,1,100.0,160.0,1,100.0,200000000.0,1,100.0,350017000.0,1,100.0
2003,12.0,2003-12,Americas,USA,United States of America,Mass movement (wet),1,15.0,1,100.0,15.0,1,100.0,,0,0.0,,0,0.0
2003,12.0,2003-12,Americas,USA,United States of America,Storm,2,15.0,2,100.0,54.0,1,50.0,,0,0.0,,0,0.0
2003,12.0,2003-12,Asia,BGD,Bangladesh,Extreme temperature,1,153.0,1,100.0,200.0,1,100.0,,0,0.0,,0,0.0
2003,12.0,2003-12,Asia,BGD,Bangladesh,Storm,1,28.0,1,100.0,,0,0.0,,0,0.0,,0,0.0
2003,12.0,2003-12,Asia,CHN,China,Earthquake,1,11.0,1,100.0,6018.0,1,100.0,1933000.0,1,100.0,3383000.0,1,100.0
2003,12.0,2003-12,Asia,IDN,Indonesia,Flood,1,148.0,1,100.0,350000.0,1,100.0,,0,0.0,,0,0.0
2003,12.0,2003-12,Asia,IND,India,Extreme temperature,1,400.0,1,100.0,,0,0.0,,0,0.0,,0,0.0
2003,12.0,2003-12,Asia,IND,India,Storm,1,50.0,1,100.0,40000.0,1,100.0,28000000.0,1,100.0,49002000.0,1,100.0
2003,12.0,2003-12,Asia,IRN,Iran (Islamic Republic of),Earthquake,2,26796.0,1,50.0,268353.0,2,100.0,500000000.0,1,50.0,875043000.0,1,50.0
2003,12.0,2003-12,Asia,MYS,Malaysia,Flood,1,,0,0.0,2000.0,1,100.0,,0,0.0,,0,0.0
2003,12.0,2003-12,Asia,NPL,Nepal,Extreme temperature,1,48.0,1,100.0,,0,0.0,,0,0.0,,0,0.0
2003,12.0,2003-12,Asia,PHL,Philippines,Mass movement (wet),1,255.0,1,100.0,217988.0,1,100.0,7000000.0,1,100.0,12251000.0,1,100.0
2003,12.0,2003-12,Asia,THA,Thailand,Flood,1,6.0,1,100.0,104700.0,1,100.0,1400000.0,1,100.0,2450000.0,1,100.0
2003,12.0,2003-12,Asia,TLS,Timor-Leste,Flood,1,,0,0.0,450.0,1,100.0,,0,0.0,,0,0.0
2003,12.0,2003-12,Europe,FRA,France,Flood,1,9.0,1,100.0,27000.0,1,100.0,1500000000.0,1,100.0,2625130000.0,1,100.0
2003,12.0,2003-12,Oceania,AUS,Australia,Flood,1,,0,0.0,50.0,1,100.0,75000000.0,1,100.0,131256000.0,1,100.0
2003,12.0,2003-12,Oceania,AUS,Australia,Storm,2,,0,0.0,300.0,1,50.0,93000000.0,1,50.0,162758000.0,1,50.0
2004,1.0,2004-01,Africa,AGO,Angola,Flood,1,27.0,1,100.0,331700.0,1,100.0,,0,0.0,,0,0.0
2004,1.0,2004-01,Africa,BDI,Burundi,Storm,1,,0,0.0,500.0,1,100.0,,0,0.0,,0,0.0
2004,1.0,2004-01,Africa,BFA,Burkina Faso,Epidemic,1,527.0,1,100.0,2783.0,1,100.0,,0,0.0,,0,0.0
2004,1.0,2004-01,Africa,CMR,Cameroon,Epidemic,1,46.0,1,100.0,2924.0,1,100.0,,0,0.0,,0,0.0
2004,1.0,2004-01,Africa,COD,Democratic Republic of the Congo,Epidemic,1,58.0,1,100.0,984.0,1,100.0,,0,0.0,,0,0.0
2004,1.0,2004-01,Africa,DZA,Algeria,Earthquake,1,,0,0.0,300.0,1,100.0,,0,0.0,,0,0.0
2004,1.0,2004-01,Africa,EGY,Egypt,Storm,1,13.0,1,100.0,42.0,1,100.0,,0,0.0,,0,0.0
2004,1.0,2004-01,Africa,GIN,Guinea,Wildfire,1,,0,0.0,777.0,1,100.0,,0,0.0,,0,0.0
2004,1.0,2004-01,Africa,MDG,Madagascar,Storm,1,32.0,1,100.0,44290.0,1,100.0,,0,0.0,,0,0.0
2004,1.0,2004-01,Africa,NER,Niger,Epidemic,1,149.0,1,100.0,20000.0,1,100.0,,0,0.0,,0,0.0
2004,1.0,2004-01,Africa,SOM,Somalia,Drought,1,,0,0.0,200000.0,1,100.0,,0,0.0,,0,0.0
2004,1.0,2004-01,Africa,ZAF,South Africa,Drought,1,,0,0.0,15000000.0,1,100.0,,0,0.0,,0,0.0
2004,1.0,2004-01,Africa,ZAF,South Africa,Epidemic,1,5.0,1,100.0,174.0,1,100.0,,0,0.0,,0,0.0
2004,1.0,2004-01,Americas,CAN,Canada,Storm,1,,0,0.0,,0,0.0,100000000.0,1,100.0,170445000.0,1,100.0
2004,1.0,2004-01,Americas,COL,Colombia,Flood,1,79.0,1,100.0,186096.0,1,100.0,,0,0.0,,0,0.0
2004,1.0,2004-01,Americas,PER,Peru,Drought,1,,0,0.0,,0,0.0,,0,0.0,,0,0.0
2004,1.0,2004-01,Americas,USA,United States of America,Extreme temperature,1,3.0,1,100.0,,0,0.0,,0,0.0,,0,0.0
2004,1.0,2004-01,Americas,USA,United States of America,Storm,1,56.0,1,100.0,,0,0.0,60000000.0,1,100.0,102267000.0,1,100.0
2004,1.0,2004-01,Asia,AFG,Afghanistan,Flood,1,,0,0.0,2500.0,1,100.0,,0,0.0,,0,0.0
2004,1.0,2004-01,Asia,BGD,Bangladesh,Epidemic,1,14.0,1,100.0,42.0,1,100.0,,0,0.0,,0,0.0
2004,1.0,2004-01,Asia,CYP,Cyprus,Storm,1,,0,0.0,10.0,1,100.0,,0,0.0,,0,0.0
2004,1.0,2004-01,Asia,IDN,Indonesia,Earthquake,1,1.0,1,100.0,30040.0,1,100.0,12000000.0,1,100.0,20453000.0,1,100.0
2004,1.0,2004-01,Asia,IDN,Indonesia,Epidemic,1,658.0,1,100.0,58301.0,1,100.0,,0,0.0,,0,0.0
2004,1.0,2004-01,Asia,IDN,Indonesia,Mass movement (wet),1,29.0,1,100.0,,0,0.0,3500000.0,1,100.0,5966000.0,1,100.0
2004,1.0,2004-01,Asia,IDN,Indonesia,Volcanic activity,1,,0,0.0,4615.0,1,100.0,,0,0.0,,0,0.0
2004,1.0,2004-01,Asia,MYS,Malaysia,Flood,1,3.0,1,100.0,6900.0,1,100.0,,0,0.0,,0,0.0
2004,1.0,2004-01,Asia,PHL,Philippines,Flood,1,27.0,1,100.0,194.0,1,100.0,,0,0.0,,0,0.0
2004,1.0,2004-01,Asia,TUR,Türkiye,Extreme temperature,1,10.0,1,100.0,,0,0.0,,0,0.0,,0,0.0
2004,1.0,2004-01,Asia,TUR,Türkiye,Storm,1,8.0,1,100.0,,0,0.0,,0,0.0,,0,0.0
2004,1.0,2004-01,Europe,DEU,Germany,Storm,1,2.0,1,100.0,,0,0.0,130000000.0,1,100.0,221579000.0,1,100.0
2004,1.0,2004-01,Europe,GRC,Greece,Storm,1,,0,0.0,,0,0.0,,0,0.0,,0,0.0
2004,1.0,2004-01,Oceania,ASM,American Samoa,Storm,1,,0,0.0,23060.0,1,100.0,150000000.0,1,100.0,255668000.0,1,100.0
2004,1.0,2004-01,Oceania,AUS,Australia,Flood,1,,0,0.0,3400.0,1,100.0,32000000.0,1,100.0,54543000.0,1,100.0
2004,1.0,2004-01,Oceania,AUS,Australia,Storm,1,1.0,1,100.0,,0,0.0,50000000.0,1,100.0,85223000.0,1,100.0
2004,1.0,2004-01,Oceania,NIU,Niue,Storm,1,1.0,1,100.0,702.0,1,100.0,40000000.0,1,100.0,68178000.0,1,100.0
2004,1.0,2004-01,Oceania,TON,Tonga,Storm,1,,0,0.0,,0,0.0,,0,0.0,,0,0.0
2004,1.0,2004-01,Oceania,WSM,Samoa,Storm,1,1.0,1,100.0,,0,0.0,,0,0.0,,0,0.0
2004,2.0,2004-02,Africa,AGO,Angola,Flood,1,,0,0.0,,0,0.0,,0,0.0,,0,0.0
2004,2.0,2004-02,Africa,BDI,Burundi,Earthquake,1,3.0,1,100.0,120.0,1,100.0,,0,0.0,,0,0.0
2004,2.0,2004-02,Africa,BDI,Burundi,Storm,1,,0,0.0,15000.0,1,100.0,,0,0.0,,0,0.0
2004,2.0,2004-02,Africa,BWA,Botswana,Flood,1,,0,0.0,4960.0,1,100.0,,0,0.0,,0,0.0
2004,2.0,2004-02,Africa,COD,Democratic Republic of the Congo,Epidemic,1,300.0,1,100.0,,0,0.0,,0,0.0,,0,0.0
2004,2.0,2004-02,Africa,MAR,Morocco,Earthquake,1,628.0,1,100.0,13465.0,1,100.0,400000000.0,1,100.0,681782000.0,1,100.0
2004,2.0,2004-02,Africa,NAM,Namibia,Flood,1,,0,0.0,20000.0,1,100.0,,0,0.0,,0,0.0
2004,2.0,2004-02,Africa,ZMB,Zambia,Flood,1,2.0,1,100.0,196398.0,1,100.0,,0,0.0,,0,0.0
2004,2.0,2004-02,Americas,CAN,Canada,Storm,1,,0,0.0,,0,0.0,,0,0.0,,0,0.0
2004,2.0,2004-02,Asia,BGD,Bangladesh,Epidemic,1,18.0,1,100.0,12.0,1,100.0,,0,0.0,,0,0.0
2004,2.0,2004-02,Asia,IDN,Indonesia,Earthquake,2,42.0,2,100.0,14579.0,2,100.0,1000000.0,1,50.0,1704000.0,1,50.0
2004,2.0,2004-02,Asia,IDN,Indonesia,Flood,1,5.0,1,100.0,13000.0,1,100.0,60000000.0,1,100.0,102267000.0,1,100.0
2004,2.0,2004-02,Asia,IDN,Indonesia,Storm,1,4.0,1,100.0,2400.0,1,100.0,,0,0.0,,0,0.0
2004,2.0,2004-02,Asia,IRN,Iran (Islamic Republic of),Storm,1,,0,0.0,2500.0,1,100.0,240000.0,1,100.0,409000.0,1,100.0
2004,2.0,2004-02,Asia,PAK,Pakistan,Earthquake,1,24.0,1,100.0,13148.0,1,100.0,,0,0.0,,0,0.0
2004,2.0,2004-02,Asia,PHL,Philippines,Flood,1,7.0,1,100.0,20000.0,1,100.0,,0,0.0,,0,0.0
2004,2.0,2004-02,Asia,SYR,Syrian Arab Republic,Storm,1,5.0,1,100.0,180.0,1,100.0,,0,0.0,,0,0.0
2004,2.0,2004-02,Europe,GRC,Greece,Storm,1,,0,0.0,,0,0.0,340000000.0,1,100.0,579514000.0,1,100.0
2004,2.0,2004-02,Oceania,NZL,New Zealand,Flood,1,2.0,1,100.0,2500.0,1,100.0,200000000.0,1,100.0,340891000.0,1,100.0
2004,2.0,2004-02,Oceania,VUT,Vanuatu,Storm,1,2.0,1,100.0,54008.0,1,100.0,,0,0.0,,0,0.0
2004,3.0,2004-03,Africa,BDI,Burundi,Flood,1,,0,0.0,10000.0,1,100.0,,0,0.0,,0,0.0
2004,3.0,2004-03,Africa,MDG,Madagascar,Storm,1,363.0,1,100.0,988139.0,1,100.0,250000000.0,1,100.0,426114000.0,1,100.0
2004,3.0,2004-03,Africa,NAM,Namibia,Flood,1,,0,0.0,5000.0,1,100.0,,0,0.0,,0,0.0
2004,3.0,2004-03,Americas,BRA,Brazil,Storm,1,4.0,1,100.0,150060.0,1,100.0,350000000.0,1,100.0,596559000.0,1,100.0
2004,3.0,2004-03,Americas,CAN,Canada,Flood,1,,0,0.0,1000.0,1,100.0,,0,0.0,,0,0.0
2004,3.0,2004-03,Americas,USA,United States of America,Flood,1,,0,0.0,306.0,1,100.0,4500000.0,1,100.0,7670000.0,1,100.0
2004,3.0,2004-03,Americas,USA,United States of America,Storm,2,18.0,2,100.0,1763.0,2,100.0,300000000.0,1,50.0,511336000.0,1,50.0
2004,3.0,2004-03,Asia,ARM,Armenia,Flood,1,1.0,1,100.0,,0,0.0,,0,0.0,,0,0.0
2004,3.0,2004-03,Asia,CHN,China,Earthquake,1,,0,0.0,190100.0,1,100.0,74000000.0,1,100.0,126130000.0,1,100.0
2004,3.0,2004-03,Asia,GEO,Georgia,Flood,1,,0,0.0,,0,0.0,,0,0.0,,0,0.0
2004,3.0,2004-03,Asia,IDN,Indonesia,Mass movement (wet),1,33.0,1,100.0,5000.0,1,100.0,,0,0.0,,0,0.0
2004,3.0,2004-03,Asia,IDN,Indonesia,Storm,1,,0,0.0,1315.0,1,100.0,,0,0.0,,0,0.0
2004,3.0,2004-03,Asia,KAZ,Kazakhstan,Mass movement (wet),1,48.0,1,100.0,,0,0.0,,0,0.0,,0,0.0
2004,3.0,2004-03,Asia,KOR,Republic of Korea,Storm,1,,0,0.0,,0,0.0,570000000.0,1,100.0,971539000.0,1,100.0
2004,3.0,2004-03,Asia,KOR,Republic of Korea,Wildfire,1,,0,0.0,2155.0,1,100.0,,0,0.0,,0,0.0
2004,3.0,2004-03,Asia,MYS,Malaysia,Flood,1,,0,0.0,9138.0,1,100.0,,0,0.0,,0,0.0
2004,3.0,2004-03,Asia,TUR,Türkiye,Earthquake,2,9.0,1,50.0,36560.0,2,100.0,,0,0.0,,0,0.0
2004,3.0,2004-03,Asia,TUR,Türkiye,Flood,1,15.0,1,100.0,50000.0,1,100.0,,0,0.0,,0,0.0
2004,3.0,2004-03,Europe,BIH,Bosnia and Herzegovina,Flood,1,,0,0.0,3000.0,1,100.0,,0,0.0,,0,0.0
2004,3.0,2004-03,Europe,ESP,Spain,Flood,1,,0,0.0,600.0,1,100.0,14285000.0,1,100.0,24348000.0,1,100.0
2004,3.0,2004-03,Europe,RUS,Russian Federation,Flood,1,,0,0.0,1220.0,1,100.0,1797000.0,1,100.0,3063000.0,1,100.0
2004,3.0,2004-03,Oceania,PNG,Papua New Guinea,Flood,1,,0,0.0,10000.0,1,100.0,,0,0.0,,0,0.0
2004,4.0,2004-04,Africa,DJI,Djibouti,Flood,1,51.0,1,100.0,100000.0,1,100.0,,0,0.0,,0,0.0
2004,4.0,2004-04,Africa,DZA,Algeria,Flood,1,3.0,1,100.0,27545.0,1,100.0,,0,0.0,,0,0.0
2004,4.0,2004-04,Africa,KEN,Kenya,Flood,2,54.0,2,100.0,12000.0,2,100.0,,0,0.0,,0,0.0
2004,4.0,2004-04,Africa,MLI,Mali,Infestation,1,,0,0.0,,0,0.0,,0,0.0,,0,0.0
2004,4.0,2004-04,Africa,NGA,Nigeria,Epidemic,1,46.0,1,100.0,281.0,1,100.0,,0,0.0,,0,0.0
2004,4.0,2004-04,Americas,MEX,Mexico,Flood,1,37.0,1,100.0,3740.0,1,100.0,,0,0.0,,0,0.0
2004,4.0,2004-04,Americas,PER,Peru,Mass movement (wet),1,11.0,1,100.0,76.0,1,100.0,,0,0.0,,0,0.0
2004,4.0,2004-04,Asia,BGD,Bangladesh,Storm,1,76.0,1,100.0,13000.0,1,100.0,,0,0.0,,0,0.0
2004,4.0,2004-04,Asia,CHN,China,Storm,1,7.0,1,100.0,907.0,1,100.0,6000000.0,1,100.0,10227000.0,1,100.0
2004,4.0,2004-04,Asia,IDN,Indonesia,Mass movement (wet),2,57.0,2,100.0,18.0,2,100.0,,0,0.0,,0,0.0
2004,4.0,2004-04,Asia,IND,India,Flood,1,,0,0.0,5000.0,1,100.0,,0,0.0,,0,0.0
2004,4.0,2004-04,Asia,KGZ,Kyrgyzstan,Mass movement (wet),2,38.0,2,100.0,96.0,1,50.0,,0,0.0,,0,0.0
2004,4.0,2004-04,Asia,SAU,Saudi Arabia,Flood,1,5.0,1,100.0,430.0,1,100.0,,0,0.0,,0,0.0
2004,4.0,2004-04,Asia,TJK,Tajikistan,Earthquake,1,,0,0.0,180.0,1,100.0,,0,0.0,,0,0.0
2004,4.0,2004-04,Asia,VNM,Viet Nam,Flood,1,9.0,1,100.0,5000.0,1,100.0,,0,0.0,,0,0.0
2004,4.0,2004-04,Europe,BIH,Bosnia and Herzegovina,Flood,1,,0,0.0,275000.0,1,100.0,,0,0.0,,0,0.0
2004,4.0,2004-04,Europe,RUS,Russian Federation,Flood,1,18.0,1,100.0,4800.0,1,100.0,50000000.0,1,100.0,85223000.0,1,100.0
2004,4.0,2004-04,Oceania,FJI,Fiji,Storm,1,16.0,1,100.0,5000.0,1,100.0,4000000.0,1,100.0,6818000.0,1,100.0
2004,4.0,2004-04,Oceania,FSM,Micronesia (Federated States of),Storm,1,1.0,1,100.0,6008.0,1,100.0,,0,0.0,,0,0.0
2004,5.0,2004-05,Africa,COD,Democratic Republic of the Congo,Epidemic,1,77.0,1,100.0,2599.0,1,100.0,,0,0.0,,0,0.0
2004,5.0,2004-05,Africa,GMB,Gambia,Storm,1,2.0,1,100.0,6137.0,1,100.0,,0,0.0,,0,0.0
2004,5.0,2004-05,Africa,KEN,Kenya,Epidemic,1,8.0,1,100.0,141.0,1,100.0,,0,0.0,,0,0.0
2004,5.0,2004-05,Africa,NER,Niger,Epidemic,1,5.0,1,100.0,132.0,1,100.0,,0,0.0,,0,0.0
2004,5.0,2004-05,Africa,SDN,Sudan,Epidemic,2,98.0,2,100.0,8114.0,2,100.0,,0,0.0,,0,0.0
2004,5.0,2004-05,Africa,SEN,Senegal,Storm,1,2.0,1,100.0,1000.0,1,100.0,,0,0.0,,0,0.0
2004,5.0,2004-05,Americas,CRI,Costa Rica,Flood,1,2.0,1,100.0,2056.0,1,100.0,,0,0.0,,0,0.0
2004,5.0,2004-05,Americas,DOM,Dominican Republic,Flood,1,688.0,1,100.0,10002.0,1,100.0,,0,0.0,,0,0.0
2004,5.0,2004-05,Americas,HTI,Haiti,Flood,1,2665.0,1,100.0,31283.0,1,100.0,,0,0.0,,0,0.0
2004,5.0,2004-05,Americas,PER,Peru,Flood,1,,0,0.0,7500.0,1,100.0,,0,0.0,,0,0.0
2004,5.0,2004-05,Americas,PRI,Puerto Rico,Flood,1,,0,0.0,,0,0.0,,0,0.0,,0,0.0
2004,5.0,2004-05,Americas,USA,United States of America,Flood,1,,0,0.0,4929.0,1,100.0,,0,0.0,,0,0.0
2004,5.0,2004-05,Americas,USA,United States of America,Storm,2,15.0,2,100.0,7445.0,2,100.0,1800000000.0,2,100.0,3068018000.0,2,100.0
2004,5.0,2004-05,Americas,USA,United States of America,Wildfire,1,,0,0.0,15000.0,1,100.0,,0,0.0,,0,0.0
2004,5.0,2004-05,Asia,BGD,Bangladesh,Storm,1,10.0,1,100.0,4050.0,1,100.0,,0,0.0,,0,0.0
2004,5.0,2004-05,Asia,CHN,China,Earthquake,1,,0,0.0,4199.0,1,100.0,,0,0.0,,0,0.0
2004,5.0,2004-05,Asia,CHN,China,Flood,2,25.0,2,100.0,,0,0.0,53500000.0,1,50.0,91188000.0,1,50.0
2004,5.0,2004-05,Asia,CHN,China,Storm,2,52.0,2,100.0,46562.0,2,100.0,4000000.0,1,50.0,6818000.0,1,50.0
2004,5.0,2004-05,Asia,IRN,Iran (Islamic Republic of),Earthquake,1,35.0,1,100.0,498.0,1,100.0,165000000.0,1,100.0,281235000.0,1,100.0
2004,5.0,2004-05,Asia,MMR,Myanmar,Storm,1,236.0,1,100.0,25000.0,1,100.0,688000.0,1,100.0,1173000.0,1,100.0
2004,5.0,2004-05,Asia,PHL,Philippines,Storm,1,31.0,1,100.0,714.0,1,100.0,1000000.0,1,100.0,1704000.0,1,100.0
2004,5.0,2004-05,Asia,THA,Thailand,Storm,1,13.0,1,100.0,5050.0,1,100.0,,0,0.0,,0,0.0
2004,5.0,2004-05,Europe,RUS,Russian Federation,Earthquake,1,,0,0.0,138.0,1,100.0,,0,0.0,,0,0.0
2004,5.0,2004-05,Europe,RUS,Russian Federation,Wildfire,1,9.0,1,100.0,1000.0,1,100.0,,0,0.0,,0,0.0
2004,6.0,2004-06,Africa,EGY,Egypt,Epidemic,1,,0,0.0,120.0,1,100.0,,0,0.0,,0,0.0
2004,6.0,2004-06,Africa,GIN,Guinea,Epidemic,1,100.0,1,100.0,1092.0,1,100.0,,0,0.0,,0,0.0
2004,6.0,2004-06,Africa,NGA,Nigeria,Flood,2,4.0,1,50.0,1300.0,2,100.0,,0,0.0,,0,0.0
2004,6.0,2004-06,Africa,RWA,Rwanda,Epidemic,1,4.0,1,100.0,540.0,1,100.0,,0,0.0,,0,0.0
2004,6.0,2004-06,Africa,TCD,Chad,Epidemic,1,123.0,1,100.0,2895.0,1,100.0,,0,0.0,,0,0.0
2004,6.0,2004-06,Americas,BRA,Brazil,Flood,2,35.0,2,100.0,5254.0,2,100.0,370000.0,1,50.0,631000.0,1,50.0
2004,6.0,2004-06,Americas,CHL,Chile,Flood,1,3.0,1,100.0,9000.0,1,100.0,,0,0.0,,0,0.0
2004,6.0,2004-06,Americas,MEX,Mexico,Flood,1,1.0,1,100.0,350.0,1,100.0,3600000.0,1,100.0,6136000.0,1,100.0
2004,6.0,2004-06,Americas,NIC,Nicaragua,Mass movement (wet),1,29.0,1,100.0,5769.0,1,100.0,,0,0.0,,0,0.0
2004,6.0,2004-06,Americas,NIC,Nicaragua,Storm,1,,0,0.0,200.0,1,100.0,,0,0.0,,0,0.0
2004,6.0,2004-06,Americas,PER,Peru,Extreme temperature,1,90.0,1,100.0,2137467.0,1,100.0,,0,0.0,,0,0.0
2004,6.0,2004-06,Americas,USA,United States of America,Storm,1,4.0,1,100.0,313.0,1,100.0,170000.0,1,100.0,290000.0,1,100.0
2004,6.0,2004-06,Asia,BGD,Bangladesh,Flood,1,730.0,1,100.0,36000000.0,1,100.0,2200000000.0,1,100.0,3749799000.0,1,100.0
2004,6.0,2004-06,Asia,BGD,Bangladesh,Storm,1,153.0,1,100.0,50.0,1,100.0,,0,0.0,,0,0.0
2004,6.0,2004-06,Asia,CHN,China,Flood,5,70.0,4,80.0,815313.0,4,80.0,361000000.0,1,20.0,615308000.0,1,20.0
2004,6.0,2004-06,Asia,CHN,China,Mass movement (wet),1,21.0,1,100.0,100.0,1,100.0,,0,0.0,,0,0.0
2004,6.0,2004-06,Asia,CHN,China,Storm,2,,0,0.0,641039.0,2,100.0,12980000.0,2,100.0,22124000.0,2,100.0
2004,6.0,2004-06,Asia,IDN,Indonesia,Volcanic activity,2,2.0,1,50.0,36833.0,2,100.0,,0,0.0,,0,0.0
2004,6.0,2004-06,Asia,IND,India,Flood,2,945.0,2,100.0,33001000.0,2,100.0,2500000000.0,1,50.0,4261135000.0,1,50.0
2004,6.0,2004-06,Asia,JPN,Japan,Storm,1,6.0,1,100.0,756.0,1,100.0,,0,0.0,,0,0.0
2004,6.0,2004-06,Asia,KOR,Republic of Korea,Storm,1,6.0,1,100.0,522.0,1,100.0,,0,0.0,,0,0.0
2004,6.0,2004-06,Asia,PHL,Philippines,Flood,1,15.0,1,100.0,1500.0,1,100.0,,0,0.0,,0,0.0
2004,6.0,2004-06,Asia,PHL,Philippines,Storm,2,35.0,2,100.0,389516.0,2,100.0,19667000.0,1,50.0,33521000.0,1,50.0
2004,6.0,2004-06,Asia,THA,Thailand,Storm,1,1.0,1,100.0,4000.0,1,100.0,,0,0.0,,0,0.0
2004,6.0,2004-06,Asia,TUR,Türkiye,Storm,1,3.0,1,100.0,915.0,1,100.0,,0,0.0,,0,0.0
2004,6.0,2004-06,Asia,TWN,Taiwan (Province of China),Storm,1,28.0,1,100.0,1171.0,1,100.0,400000000.0,1,100.0,681782000.0,1,100.0
2004,6.0,2004-06,Asia,VNM,Viet Nam,Storm,1,14.0,1,100.0,905.0,1,100.0,7000000.0,1,100.0,11931000.0,1,100.0
2004,6.0,2004-06,Europe,MKD,North Macedonia,Flood,1,,0,0.0,100000.0,1,100.0,3600000.0,1,100.0,6136000.0,1,100.0
2004,6.0,2004-06,Europe,ROU,Romania,Storm,1,1.0,1,100.0,600.0,1,100.0,,0,0.0,,0,0.0
2004,6.0,2004-06,Europe,RUS,Russian Federation,Storm,1,,0,0.0,6000.0,1,100.0,,0,0.0,,0,0.0
2004,6.0,2004-06,Oceania,FJI,Fiji,Flood,1,,0,0.0,600.0,1,100.0,,0,0.0,,0,0.0
2004,6.0,2004-06,Oceania,GUM,Guam,Storm,1,1.0,1,100.0,300.0,1,100.0,,0,0.0,,0,0.0
2004,6.0,2004-06,Oceania,MNP,Northern Mariana Islands,Storm,1,3.0,1,100.0,200.0,1,100.0,,0,0.0,,0,0.0
2004,7.0,2004-07,Africa,ERI,Eritrea,Flood,1,,0,0.0,7013.0,1,100.0,,0,0.0,,0,0.0
2004,7.0,2004-07,Africa,KEN,Kenya,Drought,1,80.0,1,100.0,2300000.0,1,100.0,,0,0.0,,0,0.0
2004,7.0,2004-07,Africa,MAR,Morocco,Infestation,1,,0,0.0,,0,0.0,,0,0.0,,0,0.0
2004,7.0,2004-07,Africa,MRT,Mauritania,Infestation,1,,0,0.0,400000.0,1,100.0,,0,0.0,,0,0.0
2004,7.0,2004-07,Africa,NER,Niger,Infestation,1,,0,0.0,,0,0.0,,0,0.0,,0,0.0
2004,7.0,2004-07,Africa,SDN,Sudan,Infestation,1,,0,0.0,,0,0.0,,0,0.0,,0,0.0
2004,7.0,2004-07,Africa,SEN,Senegal,Infestation,1,,0,0.0,,0,0.0,,0,0.0,,0,0.0
2004,7.0,2004-07,Africa,SLE,Sierra Leone,Flood,1,10.0,1,100.0,,0,0.0,,0,0.0,,0,0.0
2004,7.0,2004-07,Africa,SPI,Canary Islands,Extreme temperature,1,13.0,1,100.0,113.0,1,100.0,,0,0.0,,0,0.0
2004,7.0,2004-07,Africa,TCD,Chad,Epidemic,1,21.0,1,100.0,672.0,1,100.0,,0,0.0,,0,0.0
2004,7.0,2004-07,Africa,TCD,Chad,Infestation,1,,0,0.0,,0,0.0,,0,0.0,,0,0.0
2004,7.0,2004-07,Americas,ARG,Argentina,Extreme temperature,1,5.0,1,100.0,,0,0.0,,0,0.0,,0,0.0
2004,7.0,2004-07,Americas,ARG,Argentina,Flood,1,5.0,1,100.0,1307.0,1,100.0,,0,0.0,,0,0.0
2004,7.0,2004-07,Americas,BRA,Brazil,Extreme temperature,1,,0,0.0,,0,0.0,,0,0.0,,0,0.0
2004,7.0,2004-07,Americas,CAN,Canada,Flood,1,,0,0.0,,0,0.0,200000000.0,1,100.0,340891000.0,1,100.0
2004,7.0,2004-07,Americas,CHL,Chile,Extreme temperature,1,,0,0.0,,0,0.0,,0,0.0,,0,0.0
2004,7.0,2004-07,Americas,HND,Honduras,Drought,1,,0,0.0,137500.0,1,100.0,,0,0.0,,0,0.0
2004,7.0,2004-07,Americas,PRY,Paraguay,Extreme temperature,1,,0,0.0,,0,0.0,,0,0.0,,0,0.0
2004,7.0,2004-07,Americas,URY,Uruguay,Extreme temperature,1,,0,0.0,2000.0,1,100.0,,0,0.0,,0,0.0
2004,7.0,2004-07,Americas,USA,United States of America,Flood,1,1.0,1,100.0,,0,0.0,500000000.0,1,100.0,852227000.0,1,100.0
2004,7.0,2004-07,Americas,USA,United States of America,Wildfire,1,,0,0.0,242.0,1,100.0,,0,0.0,,0,0.0
2004,7.0,2004-07,Asia,AFG,Afghanistan,Earthquake,1,2.0,1,100.0,1040.0,1,100.0,,0,0.0,,0,0.0
2004,7.0,2004-07,Asia,AFG,Afghanistan,Flood,1,16.0,1,100.0,2000.0,1,100.0,,0,0.0,,0,0.0
2004,7.0,2004-07,Asia,BGD,Bangladesh,Storm,1,,0,0.0,1100.0,1,100.0,,0,0.0,,0,0.0
2004,7.0,2004-07,Asia,BTN,Bhutan,Flood,1,,0,0.0,,0,0.0,,0,0.0,,0,0.0
2004,7.0,2004-07,Asia,CHN,China,Extreme temperature,1,39.0,1,100.0,,0,0.0,,0,0.0,,0,0.0
2004,7.0,2004-07,Asia,CHN,China,Flood,1,133.0,1,100.0,33652026.0,1,100.0,1100000000.0,1,100.0,1874900000.0,1,100.0
2004,7.0,2004-07,Asia,GEO,Georgia,Flood,1,1.0,1,100.0,90.0,1,100.0,2156000.0,1,100.0,3675000.0,1,100.0
2004,7.0,2004-07,Asia,JPN,Japan,Extreme temperature,1,10.0,1,100.0,300.0,1,100.0,,0,0.0,,0,0.0
2004,7.0,2004-07,Asia,JPN,Japan,Flood,1,21.0,1,100.0,25807.0,1,100.0,1950000000.0,1,100.0,3323686000.0,1,100.0
2004,7.0,2004-07,Asia,LKA,Sri Lanka,Epidemic,1,88.0,1,100.0,15000.0,1,100.0,,0,0.0,,0,0.0
2004,7.0,2004-07,Asia,MYS,Malaysia,Storm,1,,0,0.0,1000.0,1,100.0,,0,0.0,,0,0.0
2004,7.0,2004-07,Asia,NPL,Nepal,Flood,1,185.0,1,100.0,800015.0,1,100.0,,0,0.0,,0,0.0
2004,7.0,2004-07,Asia,PAK,Pakistan,Flood,1,5.0,1,100.0,,0,0.0,,0,0.0,,0,0.0
2004,7.0,2004-07,Asia,PRK,Democratic People's Republic of Korea,Flood,1,24.0,1,100.0,199255.0,1,100.0,20000000.0,1,100.0,34089000.0,1,100.0
2004,7.0,2004-07,Asia,TJK,Tajikistan,Flood,1,,0,0.0,400000.0,1,100.0,12000000.0,1,100.0,20453000.0,1,100.0
2004,7.0,2004-07,Asia,TUR,Türkiye,Earthquake,1,18.0,1,100.0,356.0,1,100.0,,0,0.0,,0,0.0
2004,7.0,2004-07,Asia,VNM,Viet Nam,Flood,1,53.0,1,100.0,18.0,1,100.0,8000000.0,1,100.0,13636000.0,1,100.0
2004,7.0,2004-07,Europe,ALB,Albania,Extreme temperature,1,3.0,1,100.0,,0,0.0,,0,0.0,,0,0.0
2004,7.0,2004-07,Europe,ESP,Spain,Extreme temperature,1,26.0,1,100.0,,0,0.0,,0,0.0,,0,0.0
2004,7.0,2004-07,Europe,ESP,Spain,Wildfire,1,3.0,1,100.0,1100.0,1,100.0,3000000.0,1,100.0,5113000.0,1,100.0
2004,7.0,2004-07,Europe,HUN,Hungary,Flood,1,,0,0.0,393.0,1,100.0,,0,0.0,,0,0.0
2004,7.0,2004-07,Europe,MKD,North Macedonia,Extreme temperature,1,15.0,1,100.0,,0,0.0,,0,0.0,,0,0.0
2004,7.0,2004-07,Europe,POL,Poland,Flood,1,1.0,1,100.0,600.0,1,100.0,,0,0.0,,0,0.0
2004,7.0,2004-07,Europe,PRT,Portugal,Wildfire,1,2.0,1,100.0,,0,0.0,,0,0.0,,0,0.0
2004,7.0,2004-07,Europe,ROU,Romania,Extreme temperature,1,27.0,1,100.0,,0,0.0,,0,0.0,,0,0.0
2004,7.0,2004-07,Europe,ROU,Romania,Flood,1,4.0,1,100.0,14128.0,1,100.0,,0,0.0,,0,0.0
2004,7.0,2004-07,Europe,ROU,Romania,Storm,2,11.0,2,100.0,1800.0,2,100.0,,0,0.0,,0,0.0
2004,7.0,2004-07,Europe,RUS,Russian Federation,Storm,1,6.0,1,100.0,62.0,1,100.0,6000000.0,1,100.0,10227000.0,1,100.0
2004,7.0,2004-07,Europe,SVK,Slovakia,Flood,1,1.0,1,100.0,230.0,1,100.0,,0,0.0,,0,0.0
2004,7.0,2004-07,Europe,SVN,Slovenia,Earthquake,1,1.0,1,100.0,605.0,1,100.0,10000000.0,1,100.0,17045000.0,1,100.0
2004,7.0,2004-07,Oceania,AUS,Australia,Storm,1,,0,0.0,600.0,1,100.0,,0,0.0,,0,0.0
2004,7.0,2004-07,Oceania,NZL,New Zealand,Flood,1,2.0,1,100.0,2850.0,1,100.0,45000000.0,1,100.0,76700000.0,1,100.0
2004,8.0,2004-08,Africa,BFA,Burkina Faso,Infestation,1,,0,0.0,,0,0.0,,0,0.0,,0,0.0
2004,8.0,2004-08,Africa,CPV,Cabo Verde,Infestation,1,,0,0.0,,0,0.0,,0,0.0,,0,0.0
2004,8.0,2004-08,Africa,GMB,Gambia,Infestation,1,,0,0.0,,0,0.0,,0,0.0,,0,0.0
2004,8.0,2004-08,Africa,NGA,Nigeria,Flood,3,90.0,2,66.67,28600.0,3,100.0,,0,0.0,,0,0.0
2004,8.0,2004-08,Africa,NGA,Nigeria,Infestation,1,,0,0.0,,0,0.0,,0,0.0,,0,0.0
2004,8.0,2004-08,Africa,SLE,Sierra Leone,Epidemic,1,56.0,1,100.0,633.0,1,100.0,,0,0.0,,0,0.0
2004,8.0,2004-08,Africa,ZAF,South Africa,Flood,1,,0,0.0,15000.0,1,100.0,,0,0.0,,0,0.0
2004,8.0,2004-08,Americas,BHS,Bahamas,Storm,1,1.0,1,100.0,,0,0.0,,0,0.0,,0,0.0
2004,8.0,2004-08,Americas,COL,Colombia,Earthquake,1,1.0,1,100.0,502.0,1,100.0,,0,0.0,,0,0.0
2004,8.0,2004-08,Americas,CUB,Cuba,Drought,1,,0,0.0,,0,0.0,3139000.0,1,100.0,5350000.0,1,100.0
2004,8.0,2004-08,Americas,CUB,Cuba,Storm,1,4.0,1,100.0,244005.0,1,100.0,1000000000.0,1,100.0,1704454000.0,1,100.0
2004,8.0,2004-08,Americas,CYM,Cayman Islands,Storm,1,,0,0.0,,0,0.0,5000000.0,1,100.0,8522000.0,1,100.0
2004,8.0,2004-08,Americas,JAM,Jamaica,Storm,1,1.0,1,100.0,126.0,1,100.0,300000000.0,1,100.0,511336000.0,1,100.0
2004,8.0,2004-08,Americas,PRI,Puerto Rico,Storm,1,,0,0.0,,0,0.0,,0,0.0,,0,0.0
2004,8.0,2004-08,Americas,USA,United States of America,Storm,2,17.0,2,100.0,30000.0,1,50.0,16062500000.0,2,100.0,27377794000.0,2,100.0
2004,8.0,2004-08,Americas,USA,United States of America,Wildfire,1,,0,0.0,245.0,1,100.0,,0,0.0,,0,0.0
2004,8.0,2004-08,Asia,CHN,China,Earthquake,1,4.0,1,100.0,120600.0,1,100.0,50000000.0,1,100.0,85223000.0,1,100.0
2004,8.0,2004-08,Asia,CHN,China,Storm,2,190.0,2,100.0,9103357.0,2,100.0,2195000000.0,2,100.0,3741277000.0,2,100.0
2004,8.0,2004-08,Asia,IND,India,Flood,1,210.0,1,100.0,100000.0,1,100.0,276000000.0,1,100.0,470429000.0,1,100.0
2004,8.0,2004-08,Asia,JPN,Japan,Storm,3,27.0,3,100.0,188554.0,3,100.0,2500500000.0,3,100.0,4261987000.0,3,100.0
2004,8.0,2004-08,Asia,KGZ,Kyrgyzstan,Mass movement (wet),1,11.0,1,100.0,2.0,1,100.0,,0,0.0,,0,0.0
2004,8.0,2004-08,Asia,KHM,Cambodia,Flood,1,,0,0.0,,0,0.0,,0,0.0,,0,0.0
2004,8.0,2004-08,Asia,KOR,Republic of Korea,Flood,1,10.0,1,100.0,1501.0,1,100.0,5548000.0,1,100.0,9456000.0,1,100.0
2004,8.0,2004-08,Asia,KOR,Republic of Korea,Storm,1,8.0,1,100.0,2400.0,1,100.0,1000000.0,1,100.0,1704000.0,1,100.0
2004,8.0,2004-08,Asia,PAK,Pakistan,Flood,1,,0,0.0,,0,0.0,,0,0.0,,0,0.0
2004,8.0,2004-08,Asia,PHL,Philippines,Storm,1,35.0,1,100.0,1058849.0,1,100.0,,0,0.0,,0,0.0
2004,8.0,2004-08,Asia,THA,Thailand,Flood,1,9.0,1,100.0,500000.0,1,100.0,,0,0.0,,0,0.0
2004,8.0,2004-08,Asia,TUR,Türkiye,Flood,1,2.0,1,100.0,100.0,1,100.0,,0,0.0,,0,0.0
2004,8.0,2004-08,Asia,TWN,Taiwan (Province of China),Storm,1,32.0,1,100.0,2.0,1,100.0,5000000.0,1,100.0,8522000.0,1,100.0
2004,8.0,2004-08,Asia,VNM,Viet Nam,Flood,1,34.0,1,100.0,30000.0,1,100.0,,0,0.0,,0,0.0
2004,8.0,2004-08,Europe,FRA,France,Storm,1,11.0,1,100.0,,0,0.0,,0,0.0,,0,0.0
2004,8.0,2004-08,Europe,GBR,United Kingdom of Great Britain and Northern Ireland,Flood,1,,0,0.0,1008.0,1,100.0,96000000.0,1,100.0,163628000.0,1,100.0
2004,8.0,2004-08,Europe,ROU,Romania,Flood,1,6.0,1,100.0,14000.0,1,100.0,,0,0.0,,0,0.0
2004,8.0,2004-08,Europe,RUS,Russian Federation,Flood,1,,0,0.0,500.0,1,100.0,4962000.0,1,100.0,8458000.0,1,100.0
2004,8.0,2004-08,Oceania,AUS,Australia,Infestation,1,,0,0.0,,0,0.0,,0,0.0,,0,0.0
2004,8.0,2004-08,Oceania,GUM,Guam,Storm,1,,0,0.0,,0,0.0,1000000.0,1,100.0,1704000.0,1,100.0
2004,9.0,2004-09,Africa,AGO,Angola,Drought,1,,0,0.0,25000.0,1,100.0,,0,0.0,,0,0.0
2004,9.0,2004-09,Africa,COD,Democratic Republic of the Congo,Epidemic,1,214.0,1,100.0,42564.0,1,100.0,,0,0.0,,0,0.0
2004,9.0,2004-09,Africa,GNB,Guinea-Bissau,Flood,1,3.0,1,100.0,1000.0,1,100.0,,0,0.0,,0,0.0
2004,9.0,2004-09,Africa,NGA,Nigeria,Epidemic,1,50.0,1,100.0,300.0,1,100.0,,0,0.0,,0,0.0
2004,9.0,2004-09,Africa,SOM,Somalia,Flood,1,,0,0.0,1500.0,1,100.0,,0,0.0,,0,0.0
2004,9.0,2004-09,Americas,BHS,Bahamas,Storm,2,11.0,2,100.0,9000.0,2,100.0,1550000000.0,2,100.0,2641904000.0,2,100.0
2004,9.0,2004-09,Americas,BLZ,Belize,Storm,1,,0,0.0,,0,0.0,97000000.0,1,100.0,165332000.0,1,100.0
2004,9.0,2004-09,Americas,BRB,Barbados,Storm,1,1.0,1,100.0,880.0,1,100.0,5000000.0,1,100.0,8522000.0,1,100.0
2004,9.0,2004-09,Americas,CUB,Cuba,Storm,1,,0,0.0,3245.0,1,100.0,200000000.0,1,100.0,340891000.0,1,100.0
2004,9.0,2004-09,Americas,CYM,Cayman Islands,Storm,1,2.0,1,100.0,,0,0.0,3430080000.0,1,100.0,5846414000.0,1,100.0
2004,9.0,2004-09,Americas,DOM,Dominican Republic,Storm,3,15.0,2,66.67,14259.0,2,66.67,297000000.0,2,66.67,506222000.0,2,66.67
2004,9.0,2004-09,Americas,GRD,Grenada,Storm,1,39.0,1,100.0,113700.0,1,100.0,889000000.0,1,100.0,1515260000.0,1,100.0
2004,9.0,2004-09,Americas,HTI,Haiti,Storm,2,2757.0,2,100.0,322094.0,2,100.0,51000000.0,2,100.0,86927000.0,2,100.0
2004,9.0,2004-09,Americas,JAM,Jamaica,Storm,1,15.0,1,100.0,350000.0,1,100.0,595000000.0,1,100.0,1014150000.0,1,100.0
2004,9.0,2004-09,Americas,LCA,Saint Lucia,Storm,1,,0,0.0,,0,0.0,500000.0,1,100.0,852000.0,1,100.0
2004,9.0,2004-09,Americas,PAN,Panama,Flood,1,16.0,1,100.0,11650.0,1,100.0,,0,0.0,,0,0.0
2004,9.0,2004-09,Americas,PRI,Puerto Rico,Storm,1,2.0,1,100.0,3500.0,1,100.0,100000000.0,1,100.0,170445000.0,1,100.0
2004,9.0,2004-09,Americas,TCA,Turks and Caicos Islands,Storm,1,,0,0.0,200.0,1,100.0,,0,0.0,,0,0.0
2004,9.0,2004-09,Americas,TTO,Trinidad and Tobago,Storm,1,1.0,1,100.0,560.0,1,100.0,1000000.0,1,100.0,1704000.0,1,100.0
2004,9.0,2004-09,Americas,USA,United States of America,Storm,4,105.0,3,75.0,5040189.0,3,75.0,37002100000.0,4,100.0,63068383000.0,4,100.0
2004,9.0,2004-09,Americas,VCT,Saint Vincent and the Grenadines,Storm,1,,0,0.0,1004.0,1,100.0,40000000.0,1,100.0,68178000.0,1,100.0
2004,9.0,2004-09,Americas,VEN,Venezuela (Bolivarian Republic of),Storm,1,5.0,1,100.0,1730.0,1,100.0,,0,0.0,,0,0.0
2004,9.0,2004-09,Americas,VIR,United States Virgin Islands,Storm,1,,0,0.0,,0,0.0,,0,0.0,,0,0.0
2004,9.0,2004-09,Asia,BGD,Bangladesh,Flood,1,20.0,1,100.0,600000.0,1,100.0,,0,0.0,,0,0.0
2004,9.0,2004-09,Asia,CHN,China,Earthquake,1,,0,0.0,22019.0,1,100.0,,0,0.0,,0,0.0
2004,9.0,2004-09,Asia,CHN,China,Flood,1,222.0,1,100.0,8253000.0,1,100.0,471000000.0,1,100.0,802798000.0,1,100.0
2004,9.0,2004-09,Asia,IDN,Indonesia,Volcanic activity,1,,0,0.0,2100.0,1,100.0,,0,0.0,,0,0.0
2004,9.0,2004-09,Asia,IND,India,Flood,1,33.0,1,100.0,,0,0.0,,0,0.0,,0,0.0
2004,9.0,2004-09,Asia,JPN,Japan,Storm,2,66.0,2,100.0,50989.0,2,100.0,9740000000.0,2,100.0,16601383000.0,2,100.0
2004,9.0,2004-09,Asia,KOR,Republic of Korea,Flood,1,,0,0.0,3190.0,1,100.0,1047000.0,1,100.0,1785000.0,1,100.0
2004,9.0,2004-09,Asia,KOR,Republic of Korea,Storm,1,,0,0.0,,0,0.0,250000000.0,1,100.0,426114000.0,1,100.0
2004,9.0,2004-09,Asia,PRK,Democratic People's Republic of Korea,Flood,1,,0,0.0,450.0,1,100.0,,0,0.0,,0,0.0
2004,9.0,2004-09,Asia,THA,Thailand,Flood,1,2.0,1,100.0,2000.0,1,100.0,,0,0.0,,0,0.0
2004,9.0,2004-09,Asia,TWN,Taiwan (Province of China),Storm,1,9.0,1,100.0,6000.0,1,100.0,2710000.0,1,100.0,4619000.0,1,100.0
2004,9.0,2004-09,Asia,VNM,Viet Nam,Mass movement (wet),1,23.0,1,100.0,,0,0.0,,0,0.0,,0,0.0
2004,9.0,2004-09,Europe,PRT,Portugal,Drought,1,,0,0.0,,0,0.0,1338136000.0,1,100.0,2280791000.0,1,100.0
2004,9.0,2004-09,Europe,RUS,Russian Federation,Storm,1,3.0,1,100.0,,0,0.0,,0,0.0,,0,0.0
2004,10.0,2004-10,Africa,AGO,Angola,Epidemic,1,329.0,1,100.0,45.0,1,100.0,,0,0.0,,0,0.0
2004,10.0,2004-10,Africa,CAF,Central African Republic,Flood,1,3.0,1,100.0,12702.0,1,100.0,,0,0.0,,0,0.0
2004,10.0,2004-10,Africa,GNB,Guinea-Bissau,Epidemic,1,3.0,1,100.0,199.0,1,100.0,,0,0.0,,0,0.0
2004,10.0,2004-10,Africa,NGA,Nigeria,Epidemic,1,76.0,1,100.0,1316.0,1,100.0,,0,0.0,,0,0.0
2004,10.0,2004-10,Africa,SEN,Senegal,Epidemic,1,6.0,1,100.0,861.0,1,100.0,,0,0.0,,0,0.0
2004,10.0,2004-10,Africa,TZA,United Republic of Tanzania,Drought,1,,0,0.0,254000.0,1,100.0,,0,0.0,,0,0.0
2004,10.0,2004-10,Africa,UGA,Uganda,Flood,1,,0,0.0,20000.0,1,100.0,,0,0.0,,0,0.0
2004,10.0,2004-10,Americas,BOL,Bolivia (Plurinational State of),Drought,1,,0,0.0,55000.0,1,100.0,,0,0.0,,0,0.0
2004,10.0,2004-10,Americas,COL,Colombia,Flood,1,36.0,1,100.0,345386.0,1,100.0,,0,0.0,,0,0.0
2004,10.0,2004-10,Americas,PAN,Panama,Flood,1,,0,0.0,3400.0,1,100.0,,0,0.0,,0,0.0
2004,10.0,2004-10,Americas,USA,United States of America,Flood,1,,0,0.0,105.0,1,100.0,1000000.0,1,100.0,1704000.0,1,100.0
2004,10.0,2004-10,Asia,BGD,Bangladesh,Flood,1,11.0,1,100.0,271700.0,1,100.0,,0,0.0,,0,0.0
2004,10.0,2004-10,Asia,CHN,China,Earthquake,1,,0,0.0,100012.0,1,100.0,,0,0.0,,0,0.0
2004,10.0,2004-10,Asia,IND,India,Flood,1,160.0,1,100.0,100000.0,1,100.0,,0,0.0,,0,0.0
2004,10.0,2004-10,Asia,JPN,Japan,Earthquake,1,40.0,1,100.0,62183.0,1,100.0,28000000000.0,1,100.0,47724716000.0,1,100.0
2004,10.0,2004-10,Asia,JPN,Japan,Storm,2,100.0,2,100.0,90740.0,2,100.0,2903000000.0,2,100.0,4948031000.0,2,100.0
2004,10.0,2004-10,Asia,PAK,Pakistan,Epidemic,1,2.0,1,100.0,100.0,1,100.0,,0,0.0,,0,0.0
2004,10.0,2004-10,Asia,PHL,Philippines,Epidemic,1,32.0,1,100.0,98.0,1,100.0,,0,0.0,,0,0.0
2004,10.0,2004-10,Asia,THA,Thailand,Mass movement (wet),1,3.0,1,100.0,110.0,1,100.0,,0,0.0,,0,0.0
2004,10.0,2004-10,Asia,TWN,Taiwan (Province of China),Storm,1,7.0,1,100.0,1700.0,1,100.0,,0,0.0,,0,0.0
2004,10.0,2004-10,Europe,IRL,Ireland,Storm,1,,0,0.0,200.0,1,100.0,,0,0.0,,0,0.0
2004,10.0,2004-10,Oceania,AUS,Australia,Flood,1,,0,0.0,100.0,1,100.0,5500000.0,1,100.0,9374000.0,1,100.0
2004,10.0,2004-10,Oceania,PNG,Papua New Guinea,Volcanic activity,1,,0,0.0,9600.0,1,100.0,,0,0.0,,0,0.0
2004,11.0,2004-11,Africa,DZA,Algeria,Flood,1,19.0,1,100.0,20.0,1,100.0,,0,0.0,,0,0.0
2004,11.0,2004-11,Africa,UGA,Uganda,Epidemic,1,3.0,1,100.0,53.0,1,100.0,,0,0.0,,0,0.0
2004,11.0,2004-11,Africa,UGA,Uganda,Flood,1,,0,0.0,10000.0,1,100.0,,0,0.0,,0,0.0
2004,11.0,2004-11,Americas,COL,Colombia,Earthquake,1,,0,0.0,8036.0,1,100.0,,0,0.0,,0,0.0
2004,11.0,2004-11,Americas,CRI,Costa Rica,Earthquake,1,8.0,1,100.0,280.0,1,100.0,,0,0.0,,0,0.0
2004,11.0,2004-11,Americas,CRI,Costa Rica,Flood,1,,0,0.0,1000.0,1,100.0,,0,0.0,,0,0.0
2004,11.0,2004-11,Americas,DMA,Dominica,Earthquake,1,,0,0.0,100.0,1,100.0,,0,0.0,,0,0.0
2004,11.0,2004-11,Americas,GLP,Guadeloupe,Earthquake,1,1.0,1,100.0,153.0,1,100.0,,0,0.0,,0,0.0
2004,11.0,2004-11,Americas,MEX,Mexico,Extreme temperature,1,14.0,1,100.0,,0,0.0,,0,0.0,,0,0.0
2004,11.0,2004-11,Americas,PAN,Panama,Flood,1,,0,0.0,7698.0,1,100.0,,0,0.0,,0,0.0
2004,11.0,2004-11,Americas,TTO,Trinidad and Tobago,Mass movement (wet),1,2.0,1,100.0,1200.0,1,100.0,,0,0.0,,0,0.0
2004,11.0,2004-11,Americas,VEN,Venezuela (Bolivarian Republic of),Flood,1,35.0,1,100.0,4000.0,1,100.0,,0,0.0,,0,0.0
2004,11.0,2004-11,Asia,IDN,Indonesia,Earthquake,2,65.0,2,100.0,96214.0,2,100.0,55000000.0,1,50.0,93745000.0,1,50.0
2004,11.0,2004-11,Asia,JPN,Japan,Flood,1,1.0,1,100.0,2290.0,1,100.0,,0,0.0,,0,0.0
2004,11.0,2004-11,Asia,MYS,Malaysia,Storm,1,1.0,1,100.0,40000.0,1,100.0,,0,0.0,,0,0.0
2004,11.0,2004-11,Asia,PHL,Philippines,Storm,4,1760.0,4,100.0,1792199.0,4,100.0,118200000.0,3,75.0,201466000.0,3,75.0
2004,11.0,2004-11,Asia,TUR,Türkiye,Storm,1,14.0,1,100.0,721.0,1,100.0,,0,0.0,,0,0.0
2004,11.0,2004-11,Asia,VNM,Viet Nam,Storm,1,56.0,1,100.0,500000.0,1,100.0,23000000.0,1,100.0,39202000.0,1,100.0
2004,11.0,2004-11,Europe,ITA,Italy,Storm,1,2.0,1,100.0,200.0,1,100.0,,0,0.0,,0,0.0
2004,11.0,2004-11,Europe,SVK,Slovakia,Storm,1,2.0,1,100.0,10324.0,1,100.0,383300000.0,1,100.0,653317000.0,1,100.0
2004,11.0,2004-11,Oceania,AUS,Australia,Storm,1,2.0,1,100.0,45.0,1,100.0,10000000.0,1,100.0,17045000.0,1,100.0
2004,12.0,2004-12,Africa,AGO,Angola,Flood,1,1.0,1,100.0,2000.0,1,100.0,,0,0.0,,0,0.0
2004,12.0,2004-12,Africa,COD,Democratic Republic of the Congo,Epidemic,1,57.0,1,100.0,73.0,1,100.0,,0,0.0,,0,0.0
2004,12.0,2004-12,Africa,DZA,Algeria,Earthquake,1,,0,0.0,15.0,1,100.0,,0,0.0,,0,0.0
2004,12.0,2004-12,Africa,GAB,Gabon,Epidemic,1,1.0,1,100.0,100.0,1,100.0,,0,0.0,,0,0.0
2004,12.0,2004-12,Africa,GNQ,Equatorial Guinea,Epidemic,1,15.0,1,100.0,946.0,1,100.0,,0,0.0,,0,0.0
2004,12.0,2004-12,Africa,KEN,Kenya,Earthquake,1,1.0,1,100.0,,0,0.0,100000000.0,1,100.0,170445000.0,1,100.0
2004,12.0,2004-12,Africa,SOM,Somalia,Earthquake,1,298.0,1,100.0,105083.0,1,100.0,100000000.0,1,100.0,170445000.0,1,100.0
2004,12.0,2004-12,Africa,SYC,Seychelles,Earthquake,1,3.0,1,100.0,4830.0,1,100.0,30000000.0,1,100.0,51134000.0,1,100.0
2004,12.0,2004-12,Africa,TZA,United Republic of Tanzania,Earthquake,1,10.0,1,100.0,,0,0.0,,0,0.0,,0,0.0
2004,12.0,2004-12,Americas,ARG,Argentina,Flood,1,,0,0.0,5000.0,1,100.0,,0,0.0,,0,0.0
2004,12.0,2004-12,Americas,BRA,Brazil,Drought,1,,0,0.0,,0,0.0,1650000000.0,1,100.0,2812349000.0,1,100.0
2004,12.0,2004-12,Asia,BGD,Bangladesh,Earthquake,1,2.0,1,100.0,,0,0.0,500000000.0,1,100.0,852227000.0,1,100.0
2004,12.0,2004-12,Asia,CHN,China,Mass movement (dry),1,44.0,1,100.0,353.0,1,100.0,,0,0.0,,0,0.0
2004,12.0,2004-12,Asia,IDN,Indonesia,Earthquake,1,165708.0,1,100.0,532898.0,1,100.0,4451600000.0,1,100.0,7587548000.0,1,100.0
2004,12.0,2004-12,Asia,IND,India,Earthquake,1,16389.0,1,100.0,654512.0,1,100.0,1022800000.0,1,100.0,1743316000.0,1,100.0
2004,12.0,2004-12,Asia,IRN,Iran (Islamic Republic of),Flood,1,34.0,1,100.0,4043.0,1,100.0,,0,0.0,,0,0.0
2004,12.0,2004-12,Asia,LKA,Sri Lanka,Earthquake,1,35399.0,1,100.0,1019306.0,1,100.0,1316500000.0,1,100.0,2243914000.0,1,100.0
2004,12.0,2004-12,Asia,LKA,Sri Lanka,Flood,1,6.0,1,100.0,200000.0,1,100.0,,0,0.0,,0,0.0
2004,12.0,2004-12,Asia,MDV,Maldives,Earthquake,1,102.0,1,100.0,27214.0,1,100.0,470100000.0,1,100.0,801264000.0,1,100.0
2004,12.0,2004-12,Asia,MMR,Myanmar,Earthquake,1,71.0,1,100.0,15700.0,1,100.0,500000000.0,1,100.0,852227000.0,1,100.0
2004,12.0,2004-12,Asia,MYS,Malaysia,Earthquake,1,80.0,1,100.0,5063.0,1,100.0,500000000.0,1,100.0,852227000.0,1,100.0
2004,12.0,2004-12,Asia,MYS,Malaysia,Flood,1,13.0,1,100.0,15000.0,1,100.0,10000000.0,1,100.0,17045000.0,1,100.0
2004,12.0,2004-12,Asia,PHL,Philippines,Mass movement (wet),1,8.0,1,100.0,6.0,1,100.0,,0,0.0,,0,0.0
2004,12.0,2004-12,Asia,THA,Thailand,Earthquake,1,8345.0,1,100.0,67007.0,1,100.0,1000000000.0,1,100.0,1704454000.0,1,100.0
2004,12.0,2004-12,Asia,THA,Thailand,Flood,1,2.0,1,100.0,5000.0,1,100.0,175000000.0,1,100.0,298279000.0,1,100.0
2004,12.0,2004-12,Asia,TWN,Taiwan (Province of China),Storm,1,3.0,1,100.0,,0,0.0,,0,0.0,,0,0.0
2004,12.0,2004-12,Europe,ALB,Albania,Flood,1,,0,0.0,2500.0,1,100.0,173000.0,1,100.0,295000.0,1,100.0
2004,12.0,2004-12,Europe,DEU,Germany,Earthquake,1,,0,0.0,150.0,1,100.0,12000000.0,1,100.0,20453000.0,1,100.0
2004,12.0,2004-12,Oceania,AUS,Australia,Flood,1,3.0,1,100.0,120.0,1,100.0,15000000.0,1,100.0,25567000.0,1,100.0
2005,1.0,2005-01,Africa,AGO,Angola,Flood,1,,0,0.0,10000.0,1,100.0,,0,0.0,,0,0.0
2005,1.0,2005-01,Africa,BDI,Burundi,Drought,1,120.0,1,100.0,2150000.0,1,100.0,,0,0.0,,0,0.0
2005,1.0,2005-01,Africa,CIV,Côte d’Ivoire,Epidemic,1,40.0,1,100.0,210.0,1,100.0,,0,0.0,,0,0.0
2005,1.0,2005-01,Africa,CMR,Cameroon,Epidemic,1,42.0,1,100.0,1400.0,1,100.0,,0,0.0,,0,0.0
2005,1.0,2005-01,Africa,COD,Democratic Republic of the Congo,Epidemic,2,63.0,2,100.0,3572.0,2,100.0,,0,0.0,,0,0.0
2005,1.0,2005-01,Africa,MDG,Madagascar,Storm,1,78.0,1,100.0,7985.0,1,100.0,,0,0.0,,0,0.0
2005,1.0,2005-01,Africa,MOZ,Mozambique,Flood,1,,0,0.0,18825.0,1,100.0,,0,0.0,,0,0.0
2005,1.0,2005-01,Africa,SDN,Sudan,Epidemic,1,124.0,1,100.0,3579.0,1,100.0,,0,0.0,,0,0.0
2005,1.0,2005-01,Africa,SEN,Senegal,Epidemic,1,303.0,1,100.0,23022.0,1,100.0,,0,0.0,,0,0.0
2005,1.0,2005-01,Africa,SWZ,Eswatini,Storm,1,,0,0.0,1150.0,1,100.0,,0,0.0,,0,0.0
2005,1.0,2005-01,Africa,TCD,Chad,Epidemic,1,115.0,1,100.0,6000.0,1,100.0,,0,0.0,,0,0.0
2005,1.0,2005-01,Americas,ARG,Argentina,Storm,1,11.0,1,100.0,252.0,1,100.0,,0,0.0,,0,0.0
2005,1.0,2005-01,Americas,BRA,Brazil,Flood,1,19.0,1,100.0,10000.0,1,100.0,,0,0.0,,0,0.0
2005,1.0,2005-01,Americas,BRA,Brazil,Storm,1,2.0,1,100.0,344.0,1,100.0,,0,0.0,,0,0.0
2005,1.0,2005-01,Americas,CRI,Costa Rica,Flood,1,4.0,1,100.0,2143.0,1,100.0,25000000.0,1,100.0,41213000.0,1,100.0
2005,1.0,2005-01,Americas,GUY,Guyana,Flood,1,34.0,1,100.0,274774.0,1,100.0,465100000.0,1,100.0,766728000.0,1,100.0
2005,1.0,2005-01,Americas,PAN,Panama,Flood,1,3.0,1,100.0,7000.0,1,100.0,7000000.0,1,100.0,11540000.0,1,100.0
2005,1.0,2005-01,Americas,USA,United States of America,Flood,1,28.0,1,100.0,508.0,1,100.0,200000000.0,1,100.0,329705000.0,1,100.0
2005,1.0,2005-01,Americas,USA,United States of America,Storm,1,20.0,1,100.0,,0,0.0,350000000.0,1,100.0,576983000.0,1,100.0
2005,1.0,2005-01,Americas,VEN,Venezuela (Bolivarian Republic of),Flood,1,3.0,1,100.0,,0,0.0,1000000.0,1,100.0,1649000.0,1,100.0
2005,1.0,2005-01,Asia,AFG,Afghanistan,Storm,1,260.0,1,100.0,22656.0,1,100.0,5000000.0,1,100.0,8243000.0,1,100.0
2005,1.0,2005-01,Asia,IDN,Indonesia,Earthquake,1,1.0,1,100.0,684.0,1,100.0,,0,0.0,,0,0.0
2005,1.0,2005-01,Asia,IRN,Iran (Islamic Republic of),Earthquake,1,,0,0.0,110.0,1,100.0,,0,0.0,,0,0.0
2005,1.0,2005-01,Asia,PAK,Pakistan,Storm,1,58.0,1,100.0,,0,0.0,,0,0.0,,0,0.0
2005,1.0,2005-01,Asia,SAU,Saudi Arabia,Flood,1,29.0,1,100.0,67.0,1,100.0,,0,0.0,,0,0.0
2005,1.0,2005-01,Asia,THA,Thailand,Drought,1,,0,0.0,,0,0.0,420000000.0,1,100.0,692380000.0,1,100.0
2005,1.0,2005-01,Asia,TLS,Timor-Leste,Epidemic,1,22.0,1,100.0,336.0,1,100.0,,0,0.0,,0,0.0
2005,1.0,2005-01,Asia,TUR,Türkiye,Earthquake,1,2.0,1,100.0,422.0,1,100.0,,0,0.0,,0,0.0
2005,1.0,2005-01,Asia,TUR,Türkiye,Storm,1,2.0,1,100.0,,0,0.0,,0,0.0,,0,0.0
2005,1.0,2005-01,Europe,ALB,Albania,Storm,1,2.0,1,100.0,400000.0,1,100.0,,0,0.0,,0,0.0
2005,1.0,2005-01,Europe,BGR,Bulgaria,Storm,1,,0,0.0,,0,0.0,,0,0.0,,0,0.0
2005,1.0,2005-01,Europe,DEU,Germany,Storm,1,2.0,1,100.0,2.0,1,100.0,270000000.0,1,100.0,445101000.0,1,100.0
2005,1.0,2005-01,Europe,DNK,Denmark,Storm,1,4.0,1,100.0,,0,0.0,1300000000.0,1,100.0,2143081000.0,1,100.0
2005,1.0,2005-01,Europe,EST,Estonia,Storm,1,1.0,1,100.0,100.0,1,100.0,130000000.0,1,100.0,214308000.0,1,100.0
2005,1.0,2005-01,Europe,GBR,United Kingdom of Great Britain and Northern Ireland,Storm,2,10.0,2,100.0,3000.0,1,50.0,700000000.0,2,100.0,1153966000.0,2,100.0
2005,1.0,2005-01,Europe,HUN,Hungary,Storm,1,4.0,1,100.0,,0,0.0,,0,0.0,,0,0.0
2005,1.0,2005-01,Europe,IRL,Ireland,Storm,1,,0,0.0,,0,0.0,,0,0.0,,0,0.0
2005,1.0,2005-01,Europe,LTU,Lithuania,Storm,1,,0,0.0,,0,0.0,30000000.0,1,100.0,49456000.0,1,100.0
2005,1.0,2005-01,Europe,LVA,Latvia,Storm,1,,0,0.0,,0,0.0,325000000.0,1,100.0,535770000.0,1,100.0
2005,1.0,2005-01,Europe,MKD,North Macedonia,Storm,1,1.0,1,100.0,3.0,1,100.0,,0,0.0,,0,0.0
2005,1.0,2005-01,Europe,NLD,Netherlands (Kingdom of the),Storm,1,,0,0.0,1.0,1,100.0,,0,0.0,,0,0.0
2005,1.0,2005-01,Europe,NOR,Norway,Storm,1,,0,0.0,,0,0.0,130000000.0,1,100.0,214308000.0,1,100.0
2005,1.0,2005-01,Europe,POL,Poland,Storm,1,1.0,1,100.0,,0,0.0,,0,0.0,,0,0.0
2005,1.0,2005-01,Europe,ROU,Romania,Storm,1,3.0,1,100.0,,0,0.0,,0,0.0,,0,0.0
2005,1.0,2005-01,Europe,RUS,Russian Federation,Mass movement (wet),1,9.0,1,100.0,,0,0.0,,0,0.0,,0,0.0
2005,1.0,2005-01,Europe,RUS,Russian Federation,Storm,1,,0,0.0,2.0,1,100.0,,0,0.0,,0,0.0
2005,1.0,2005-01,Europe,SCG,Serbia Montenegro,Storm,1,,0,0.0,8750.0,1,100.0,,0,0.0,,0,0.0
2005,1.0,2005-01,Europe,SWE,Sweden,Storm,1,9.0,1,100.0,,0,0.0,2800000000.0,1,100.0,4615867000.0,1,100.0
2005,1.0,2005-01,Oceania,AUS,Australia,Storm,1,,0,0.0,600.0,1,100.0,27000000.0,1,100.0,44510000.0,1,100.0
2005,1.0,2005-01,Oceania,AUS,Australia,Wildfire,1,12.0,1,100.0,220.0,1,100.0,40000000.0,1,100.0,65941000.0,1,100.0
2005,2.0,2005-02,Africa,BDI,Burundi,Flood,1,,0,0.0,5000.0,1,100.0,,0,0.0,,0,0.0
2005,2.0,2005-02,Africa,COD,Democratic Republic of the Congo,Storm,1,8.0,1,100.0,5389.0,1,100.0,,0,0.0,,0,0.0
2005,2.0,2005-02,Africa,DZA,Algeria,Storm,1,10.0,1,100.0,5.0,1,100.0,,0,0.0,,0,0.0
2005,2.0,2005-02,Africa,NGA,Nigeria,Epidemic,2,607.0,2,100.0,23775.0,2,100.0,,0,0.0,,0,0.0
2005,2.0,2005-02,Africa,NGA,Nigeria,Flood,1,,0,0.0,1000.0,1,100.0,,0,0.0,,0,0.0
2005,2.0,2005-02,Americas,COL,Colombia,Flood,1,56.0,1,100.0,85729.0,1,100.0,10000000.0,1,100.0,16485000.0,1,100.0
2005,2.0,2005-02,Americas,USA,United States of America,Flood,1,9.0,1,100.0,150.0,1,100.0,250000000.0,1,100.0,412131000.0,1,100.0
2005,2.0,2005-02,Americas,VEN,Venezuela (Bolivarian Republic of),Flood,1,76.0,1,100.0,25042.0,1,100.0,50000000.0,1,100.0,82426000.0,1,100.0
2005,2.0,2005-02,Asia,CHN,China,Storm,1,1.0,1,100.0,2481.0,1,100.0,,0,0.0,,0,0.0
2005,2.0,2005-02,Asia,IDN,Indonesia,Mass movement (wet),1,143.0,1,100.0,,0,0.0,5000000.0,1,100.0,8243000.0,1,100.0
2005,2.0,2005-02,Asia,IND,India,Mass movement (wet),1,250.0,1,100.0,5000.0,1,100.0,50000000.0,1,100.0,82426000.0,1,100.0
2005,2.0,2005-02,Asia,IRN,Iran (Islamic Republic of),Earthquake,1,612.0,1,100.0,94766.0,1,100.0,80000000.0,1,100.0,131882000.0,1,100.0
2005,2.0,2005-02,Asia,IRN,Iran (Islamic Republic of),Storm,1,,0,0.0,8000.0,1,100.0,,0,0.0,,0,0.0
2005,2.0,2005-02,Asia,KAZ,Kazakhstan,Flood,1,,0,0.0,25000.0,1,100.0,7662000.0,1,100.0,12631000.0,1,100.0
2005,2.0,2005-02,Asia,PAK,Pakistan,Flood,1,520.0,1,100.0,7000450.0,1,100.0,30000000.0,1,100.0,49456000.0,1,100.0
2005,2.0,2005-02,Asia,TJK,Tajikistan,Mass movement (wet),1,16.0,1,100.0,1953.0,1,100.0,,0,0.0,,0,0.0
2005,2.0,2005-02,Asia,UZB,Uzbekistan,Flood,1,,0,0.0,1500.0,1,100.0,,0,0.0,,0,0.0
2005,2.0,2005-02,Asia,YEM,Yemen,Epidemic,1,,0,0.0,179.0,1,100.0,,0,0.0,,0,0.0
2005,2.0,2005-02,Europe,BIH,Bosnia and Herzegovina,Storm,1,4.0,1,100.0,,0,0.0,,0,0.0,,0,0.0
2005,2.0,2005-02,Europe,CZE,Czechia,Storm,1,,0,0.0,3.0,1,100.0,,0,0.0,,0,0.0
2005,2.0,2005-02,Europe,HRV,Croatia,Storm,1,2.0,1,100.0,,0,0.0,,0,0.0,,0,0.0
2005,2.0,2005-02,Europe,POL,Poland,Storm,1,,0,0.0,,0,0.0,,0,0.0,,0,0.0
2005,2.0,2005-02,Europe,RUS,Russian Federation,Storm,1,,0,0.0,,0,0.0,,0,0.0,,0,0.0
2005,2.0,2005-02,Europe,UKR,Ukraine,Flood,1,,0,0.0,8340.0,1,100.0,,0,0.0,,0,0.0
2005,2.0,2005-02,Oceania,ASM,American Samoa,Storm,1,,0,0.0,,0,0.0,,0,0.0,,0,0.0
2005,2.0,2005-02,Oceania,COK,Cook Islands,Storm,1,,0,0.0,608.0,1,100.0,,0,0.0,,0,0.0
2005,2.0,2005-02,Oceania,TKL,Tokelau,Storm,1,,0,0.0,26.0,1,100.0,,0,0.0,,0,0.0
2005,2.0,2005-02,Oceania,WSM,Samoa,Storm,1,9.0,1,100.0,,0,0.0,,0,0.0,,0,0.0
2005,3.0,2005-03,Africa,COM,Comoros,Epidemic,1,,0,0.0,1358.0,1,100.0,,0,0.0,,0,0.0
2005,3.0,2005-03,Africa,DZA,Algeria,Flood,1,11.0,1,100.0,70.0,1,100.0,,0,0.0,,0,0.0
2005,3.0,2005-03,Africa,MDG,Madagascar,Flood,2,29.0,2,100.0,59617.0,2,100.0,,0,0.0,,0,0.0
2005,3.0,2005-03,Africa,REU,Réunion,Epidemic,1,,0,0.0,157000.0,1,100.0,,0,0.0,,0,0.0
2005,3.0,2005-03,Africa,UGA,Uganda,Drought,1,,0,0.0,600000.0,1,100.0,,0,0.0,,0,0.0
2005,3.0,2005-03,Africa,ZAF,South Africa,Earthquake,1,2.0,1,100.0,58.0,1,100.0,20000000.0,1,100.0,32970000.0,1,100.0
2005,3.0,2005-03,Americas,DOM,Dominican Republic,Wildfire,1,,0,0.0,,0,0.0,,0,0.0,,0,0.0
2005,3.0,2005-03,Asia,AFG,Afghanistan,Flood,2,203.0,2,100.0,12503.0,2,100.0,,0,0.0,,0,0.0
2005,3.0,2005-03,Asia,BGD,Bangladesh,Storm,2,103.0,2,100.0,22000.0,2,100.0,,0,0.0,,0,0.0
2005,3.0,2005-03,Asia,CHN,China,Storm,1,36.0,1,100.0,8000000.0,1,100.0,300000000.0,1,100.0,494557000.0,1,100.0
2005,3.0,2005-03,Asia,IDN,Indonesia,Earthquake,1,915.0,1,100.0,105313.0,1,100.0,,0,0.0,,0,0.0
2005,3.0,2005-03,Asia,IND,India,Storm,1,18.0,1,100.0,7550.0,1,100.0,,0,0.0,,0,0.0
2005,3.0,2005-03,Asia,IRN,Iran (Islamic Republic of),Earthquake,1,,0,0.0,21912.0,1,100.0,,0,0.0,,0,0.0
2005,3.0,2005-03,Asia,IRN,Iran (Islamic Republic of),Flood,1,3.0,1,100.0,3000.0,1,100.0,,0,0.0,,0,0.0
2005,3.0,2005-03,Asia,JPN,Japan,Earthquake,1,1.0,1,100.0,3535.0,1,100.0,400000000.0,1,100.0,659410000.0,1,100.0
2005,3.0,2005-03,Asia,PAK,Pakistan,Flood,2,35.0,2,100.0,8500.0,2,100.0,,0,0.0,,0,0.0
2005,3.0,2005-03,Asia,PHL,Philippines,Storm,1,18.0,1,100.0,11.0,1,100.0,,0,0.0,,0,0.0
2005,3.0,2005-03,Asia,TUR,Türkiye,Earthquake,1,,0,0.0,2268.0,1,100.0,,0,0.0,,0,0.0
2005,3.0,2005-03,Asia,TUR,Türkiye,Mass movement (wet),1,15.0,1,100.0,9.0,1,100.0,,0,0.0,,0,0.0
2005,3.0,2005-03,Europe,CZE,Czechia,Flood,1,1.0,1,100.0,,0,0.0,,0,0.0,,0,0.0
2005,3.0,2005-03,Europe,HUN,Hungary,Flood,1,,0,0.0,,0,0.0,,0,0.0,,0,0.0
2005,3.0,2005-03,Europe,POL,Poland,Flood,1,2.0,1,100.0,3600.0,1,100.0,,0,0.0,,0,0.0
2005,3.0,2005-03,Europe,ROU,Romania,Flood,1,2.0,1,100.0,600.0,1,100.0,,0,0.0,,0,0.0
2005,3.0,2005-03,Europe,SVK,Slovakia,Flood,1,1.0,1,100.0,,0,0.0,,0,0.0,,0,0.0
2005,3.0,2005-03,Oceania,NZL,New Zealand,Storm,1,,0,0.0,100.0,1,100.0,10000000.0,1,100.0,16485000.0,1,100.0
2005,4.0,2005-04,Africa,COG,Congo,Epidemic,1,10.0,1,100.0,2.0,1,100.0,,0,0.0,,0,0.0
2005,4.0,2005-04,Africa,COM,Comoros,Volcanic activity,1,,0,0.0,39000.0,1,100.0,,0,0.0,,0,0.0
2005,4.0,2005-04,Africa,DJI,Djibouti,Drought,1,,0,0.0,150000.0,1,100.0,,0,0.0,,0,0.0
2005,4.0,2005-04,Africa,ETH,Ethiopia,Epidemic,1,40.0,1,100.0,433.0,1,100.0,,0,0.0,,0,0.0
2005,4.0,2005-04,Africa,ETH,Ethiopia,Flood,1,156.0,1,100.0,235418.0,1,100.0,5000000.0,1,100.0,8243000.0,1,100.0
2005,4.0,2005-04,Africa,GIN,Guinea,Epidemic,1,72.0,1,100.0,1884.0,1,100.0,,0,0.0,,0,0.0
2005,4.0,2005-04,Africa,KEN,Kenya,Flood,1,1.0,1,100.0,25000.0,1,100.0,500000.0,1,100.0,824000.0,1,100.0
2005,4.0,2005-04,Africa,NGA,Nigeria,Epidemic,1,100.0,1,100.0,,0,0.0,,0,0.0,,0,0.0
2005,4.0,2005-04,Africa,SOM,Somalia,Flood,1,5.0,1,100.0,5020.0,1,100.0,20000.0,1,100.0,33000.0,1,100.0
2005,4.0,2005-04,Africa,TZA,United Republic of Tanzania,Flood,1,1.0,1,100.0,10548.0,1,100.0,,0,0.0,,0,0.0
2005,4.0,2005-04,Africa,UGA,Uganda,Epidemic,1,10.0,1,100.0,426.0,1,100.0,,0,0.0,,0,0.0
2005,4.0,2005-04,Americas,COL,Colombia,Flood,1,23.0,1,100.0,41530.0,1,100.0,,0,0.0,,0,0.0
2005,4.0,2005-04,Americas,USA,United States of America,Flood,1,2.0,1,100.0,11000.0,1,100.0,30000000.0,1,100.0,49456000.0,1,100.0
2005,4.0,2005-04,Americas,USA,United States of America,Storm,1,,0,0.0,104.0,1,100.0,350000000.0,1,100.0,576983000.0,1,100.0
2005,4.0,2005-04,Asia,AFG,Afghanistan,Extreme temperature,1,21.0,1,100.0,,0,0.0,,0,0.0,,0,0.0
2005,4.0,2005-04,Asia,CHN,China,Storm,1,19.0,1,100.0,458855.0,1,100.0,16915000.0,1,100.0,27885000.0,1,100.0
2005,4.0,2005-04,Asia,GEO,Georgia,Flood,1,,0,0.0,2500.0,1,100.0,,0,0.0,,0,0.0
2005,4.0,2005-04,Asia,IDN,Indonesia,Flood,1,47.0,1,100.0,768.0,1,100.0,,0,0.0,,0,0.0
2005,4.0,2005-04,Asia,IDN,Indonesia,Volcanic activity,1,,0,0.0,26000.0,1,100.0,,0,0.0,,0,0.0
2005,4.0,2005-04,Asia,JPN,Japan,Earthquake,1,,0,0.0,895.0,1,100.0,,0,0.0,,0,0.0
2005,4.0,2005-04,Asia,KHM,Cambodia,Drought,1,,0,0.0,600000.0,1,100.0,,0,0.0,,0,0.0
2005,4.0,2005-04,Asia,KOR,Republic of Korea,Wildfire,1,,0,0.0,2140.0,1,100.0,,0,0.0,,0,0.0
2005,4.0,2005-04,Asia,SAU,Saudi Arabia,Flood,1,34.0,1,100.0,,0,0.0,,0,0.0,,0,0.0
2005,4.0,2005-04,Asia,YEM,Yemen,Flood,1,10.0,1,100.0,715.0,1,100.0,,0,0.0,,0,0.0
2005,4.0,2005-04,Europe,ROU,Romania,Flood,1,2.0,1,100.0,3400.0,1,100.0,200000000.0,1,100.0,329705000.0,1,100.0
2005,4.0,2005-04,Europe,RUS,Russian Federation,Flood,2,3.0,1,50.0,3907.0,2,100.0,,0,0.0,,0,0.0
2005,4.0,2005-04,Europe,SCG,Serbia Montenegro,Flood,1,2.0,1,100.0,3790.0,1,100.0,,0,0.0,,0,0.0
2005,5.0,2005-05,Africa,ETH,Ethiopia,Flood,1,42.0,1,100.0,,0,0.0,1200000.0,1,100.0,1978000.0,1,100.0
2005,5.0,2005-05,Africa,KEN,Kenya,Flood,1,5.0,1,100.0,10000.0,1,100.0,,0,0.0,,0,0.0
2005,5.0,2005-05,Africa,MOZ,Mozambique,Drought,1,,0,0.0,1400000.0,1,100.0,,0,0.0,,0,0.0
2005,5.0,2005-05,Africa,NGA,Nigeria,Epidemic,1,12.0,1,100.0,98.0,1,100.0,,0,0.0,,0,0.0
2005,5.0,2005-05,Africa,ZWE,Zimbabwe,Epidemic,1,14.0,1,100.0,203.0,1,100.0,,0,0.0,,0,0.0
2005,5.0,2005-05,Americas,CHL,Chile,Storm,1,45.0,1,100.0,112.0,1,100.0,,0,0.0,,0,0.0
2005,5.0,2005-05,Americas,DOM,Dominican Republic,Flood,1,3.0,1,100.0,1450.0,1,100.0,,0,0.0,,0,0.0
2005,5.0,2005-05,Americas,MEX,Mexico,Flood,1,8.0,1,100.0,1000.0,1,100.0,,0,0.0,,0,0.0
2005,5.0,2005-05,Americas,SLV,El Salvador,Earthquake,1,1.0,1,100.0,751.0,1,100.0,,0,0.0,,0,0.0
2005,5.0,2005-05,Americas,SLV,El Salvador,Storm,1,,0,0.0,,0,0.0,,0,0.0,,0,0.0
2005,5.0,2005-05,Americas,USA,United States of America,Flood,1,,0,0.0,,0,0.0,5330000.0,1,100.0,8787000.0,1,100.0
2005,5.0,2005-05,Asia,AFG,Afghanistan,Flood,1,20.0,1,100.0,500.0,1,100.0,,0,0.0,,0,0.0
2005,5.0,2005-05,Asia,BGD,Bangladesh,Flood,1,13.0,1,100.0,50000.0,1,100.0,,0,0.0,,0,0.0
2005,5.0,2005-05,Asia,BGD,Bangladesh,Storm,3,23.0,3,100.0,1606.0,3,100.0,,0,0.0,,0,0.0
2005,5.0,2005-05,Asia,CHN,China,Flood,1,8.0,1,100.0,8842.0,1,100.0,4600000.0,1,100.0,7583000.0,1,100.0
2005,5.0,2005-05,Asia,CHN,China,Storm,2,15.0,1,50.0,90013.0,2,100.0,6000000.0,1,50.0,9891000.0,1,50.0
2005,5.0,2005-05,Asia,IND,India,Epidemic,1,48.0,1,100.0,405.0,1,100.0,,0,0.0,,0,0.0
2005,5.0,2005-05,Asia,IND,India,Flood,1,14.0,1,100.0,12.0,1,100.0,,0,0.0,,0,0.0
2005,5.0,2005-05,Asia,IND,India,Storm,2,31.0,2,100.0,40.0,2,100.0,,0,0.0,,0,0.0
2005,5.0,2005-05,Asia,PHL,Philippines,Flood,1,1.0,1,100.0,100.0,1,100.0,,0,0.0,,0,0.0
2005,5.0,2005-05,Asia,THA,Thailand,Storm,1,,0,0.0,1500.0,1,100.0,246000.0,1,100.0,406000.0,1,100.0
2005,5.0,2005-05,Asia,VNM,Viet Nam,Drought,1,,0,0.0,410000.0,1,100.0,42120000.0,1,100.0,69436000.0,1,100.0
2005,5.0,2005-05,Asia,VNM,Viet Nam,Flood,1,,0,0.0,593.0,1,100.0,,0,0.0,,0,0.0
2005,5.0,2005-05,Europe,BGR,Bulgaria,Flood,1,6.0,1,100.0,,0,0.0,10000000.0,1,100.0,16485000.0,1,100.0
2005,5.0,2005-05,Europe,FIN,Finland,Flood,1,,0,0.0,400.0,1,100.0,,0,0.0,,0,0.0
2005,5.0,2005-05,Europe,PRT,Portugal,Wildfire,1,15.0,1,100.0,136.0,1,100.0,1650000000.0,1,100.0,2720064000.0,1,100.0
2005,5.0,2005-05,Europe,RUS,Russian Federation,Flood,2,,0,0.0,5138.0,2,100.0,23668000.0,2,100.0,39017000.0,2,100.0
2005,5.0,2005-05,Oceania,NZL,New Zealand,Flood,1,,0,0.0,400.0,1,100.0,72000000.0,1,100.0,118694000.0,1,100.0
2005,6.0,2005-06,Africa,BEN,Benin,Epidemic,1,4.0,1,100.0,206.0,1,100.0,,0,0.0,,0,0.0
2005,6.0,2005-06,Africa,DZA,Algeria,Flood,1,1.0,1,100.0,1750.0,1,100.0,7256000.0,1,100.0,11962000.0,1,100.0
2005,6.0,2005-06,Africa,GNB,Guinea-Bissau,Epidemic,1,399.0,1,100.0,25111.0,1,100.0,,0,0.0,,0,0.0
2005,6.0,2005-06,Africa,KEN,Kenya,Flood,1,20.0,1,100.0,1200.0,1,100.0,,0,0.0,,0,0.0
2005,6.0,2005-06,Africa,MLI,Mali,Epidemic,1,20.0,1,100.0,138.0,1,100.0,,0,0.0,,0,0.0
2005,6.0,2005-06,Africa,MLI,Mali,Flood,1,,0,0.0,125.0,1,100.0,,0,0.0,,0,0.0
2005,6.0,2005-06,Africa,SOM,Somalia,Flood,1,7.0,1,100.0,2500.0,1,100.0,,0,0.0,,0,0.0
2005,6.0,2005-06,Africa,ZMB,Zambia,Drought,1,,0,0.0,1200000.0,1,100.0,,0,0.0,,0,0.0
2005,6.0,2005-06,Americas,BRA,Brazil,Flood,1,28.0,1,100.0,31000.0,1,100.0,,0,0.0,,0,0.0
2005,6.0,2005-06,Americas,CAN,Canada,Flood,1,4.0,1,100.0,5000.0,1,100.0,357000000.0,1,100.0,588523000.0,1,100.0
2005,6.0,2005-06,Americas,CHL,Chile,Earthquake,1,11.0,1,100.0,27645.0,1,100.0,5000000.0,1,100.0,8243000.0,1,100.0
2005,6.0,2005-06,Americas,CHL,Chile,Flood,1,5.0,1,100.0,800.0,1,100.0,,0,0.0,,0,0.0
2005,6.0,2005-06,Americas,GTM,Guatemala,Mass movement (wet),1,63.0,1,100.0,1535.0,1,100.0,,0,0.0,,0,0.0
2005,6.0,2005-06,Americas,HND,Honduras,Flood,1,8.0,1,100.0,800.0,1,100.0,,0,0.0,,0,0.0
2005,6.0,2005-06,Americas,HTI,Haiti,Flood,1,,0,0.0,83.0,1,100.0,,0,0.0,,0,0.0
2005,6.0,2005-06,Americas,MEX,Mexico,Storm,1,2.0,1,100.0,15000.0,1,100.0,10000000.0,1,100.0,16485000.0,1,100.0
2005,6.0,2005-06,Americas,PER,Peru,Earthquake,1,,0,0.0,,0,0.0,50000.0,1,100.0,82000.0,1,100.0
2005,6.0,2005-06,Americas,SLV,El Salvador,Flood,1,33.0,1,100.0,2332.0,1,100.0,,0,0.0,,0,0.0
2005,6.0,2005-06,Americas,VEN,Venezuela (Bolivarian Republic of),Flood,2,18.0,2,100.0,20755.0,2,100.0,,0,0.0,,0,0.0
2005,6.0,2005-06,Asia,AFG,Afghanistan,Epidemic,1,,0,0.0,3245.0,1,100.0,,0,0.0,,0,0.0
2005,6.0,2005-06,Asia,AFG,Afghanistan,Flood,2,48.0,1,50.0,5040.0,1,50.0,,0,0.0,,0,0.0
2005,6.0,2005-06,Asia,BGD,Bangladesh,Storm,1,35.0,1,100.0,,0,0.0,,0,0.0,,0,0.0
2005,6.0,2005-06,Asia,CHN,China,Epidemic,1,38.0,1,100.0,168.0,1,100.0,,0,0.0,,0,0.0
2005,6.0,2005-06,Asia,CHN,China,Flood,4,429.0,4,100.0,28580655.0,4,100.0,2992700000.0,4,100.0,4933537000.0,4,100.0
2005,6.0,2005-06,Asia,CHN,China,Storm,2,17.0,2,100.0,825437.0,2,100.0,149000000.0,1,50.0,245630000.0,1,50.0
2005,6.0,2005-06,Asia,IDN,Indonesia,Epidemic,1,,0,0.0,329.0,1,100.0,,0,0.0,,0,0.0
2005,6.0,2005-06,Asia,IND,India,Extreme temperature,1,329.0,1,100.0,,0,0.0,,0,0.0,,0,0.0
2005,6.0,2005-06,Asia,IND,India,Flood,2,245.0,2,100.0,410000.0,2,100.0,2323000000.0,2,100.0,3829521000.0,2,100.0
2005,6.0,2005-06,Asia,JPN,Japan,Flood,1,,0,0.0,900.0,1,100.0,,0,0.0,,0,0.0
2005,6.0,2005-06,Asia,KGZ,Kyrgyzstan,Flood,1,3.0,1,100.0,2050.0,1,100.0,2660000.0,1,100.0,4385000.0,1,100.0
2005,6.0,2005-06,Asia,PAK,Pakistan,Extreme temperature,1,106.0,1,100.0,200.0,1,100.0,,0,0.0,,0,0.0
2005,6.0,2005-06,Asia,PAK,Pakistan,Flood,1,39.0,1,100.0,460073.0,1,100.0,,0,0.0,,0,0.0
2005,6.0,2005-06,Asia,PRK,Democratic People's Republic of Korea,Flood,1,193.0,1,100.0,16298.0,1,100.0,,0,0.0,,0,0.0
2005,6.0,2005-06,Asia,TJK,Tajikistan,Flood,1,8.0,1,100.0,3222.0,1,100.0,,0,0.0,,0,0.0
2005,6.0,2005-06,Asia,TUR,Türkiye,Earthquake,1,,0,0.0,354.0,1,100.0,,0,0.0,,0,0.0
2005,6.0,2005-06,Asia,TWN,Taiwan (Province of China),Flood,1,16.0,1,100.0,2700.0,1,100.0,62000000.0,1,100.0,102208000.0,1,100.0
2005,6.0,2005-06,Europe,FRA,France,Wildfire,1,2.0,1,100.0,,0,0.0,10000000.0,1,100.0,16485000.0,1,100.0
2005,6.0,2005-06,Europe,PRT,Portugal,Extreme temperature,1,462.0,1,100.0,,0,0.0,,0,0.0,,0,0.0
2005,6.0,2005-06,Oceania,AUS,Australia,Flood,1,3.0,1,100.0,3000.0,1,100.0,58000000.0,1,100.0,95614000.0,1,100.0
2005,6.0,2005-06,Oceania,PNG,Papua New Guinea,Earthquake,1,1.0,1,100.0,200.0,1,100.0,,0,0.0,,0,0.0
2005,6.0,2005-06,Oceania,PNG,Papua New Guinea,Volcanic activity,1,,0,0.0,15000.0,1,100.0,,0,0.0,,0,0.0
2005,7.0,2005-07,Africa,COD,Democratic Republic of the Congo,Epidemic,1,38.0,1,100.0,1300.0,1,100.0,,0,0.0,,0,0.0
2005,7.0,2005-07,Africa,ETH,Ethiopia,Epidemic,1,34.0,1,100.0,531.0,1,100.0,,0,0.0,,0,0.0
2005,7.0,2005-07,Africa,MRT,Mauritania,Epidemic,1,55.0,1,100.0,2585.0,1,100.0,,0,0.0,,0,0.0
2005,7.0,2005-07,Africa,NER,Niger,Drought,1,,0,0.0,3000000.0,1,100.0,,0,0.0,,0,0.0
2005,7.0,2005-07,Africa,NER,Niger,Epidemic,1,44.0,1,100.0,387.0,1,100.0,,0,0.0,,0,0.0
2005,7.0,2005-07,Africa,SDN,Sudan,Flood,1,,0,0.0,4780.0,1,100.0,,0,0.0,,0,0.0
2005,7.0,2005-07,Africa,SOM,Somalia,Epidemic,1,,0,0.0,199.0,1,100.0,,0,0.0,,0,0.0
2005,7.0,2005-07,Americas,CAN,Canada,Wildfire,1,,0,0.0,,0,0.0,,0,0.0,,0,0.0
2005,7.0,2005-07,Americas,CUB,Cuba,Storm,1,16.0,1,100.0,2500000.0,1,100.0,1400000000.0,1,100.0,2307933000.0,1,100.0
2005,7.0,2005-07,Americas,GRD,Grenada,Storm,1,1.0,1,100.0,,0,0.0,44900000.0,1,100.0,74019000.0,1,100.0
2005,7.0,2005-07,Americas,GTM,Guatemala,Mass movement (wet),1,7.0,1,100.0,1000.0,1,100.0,,0,0.0,,0,0.0
2005,7.0,2005-07,Americas,HTI,Haiti,Flood,1,6.0,1,100.0,2500.0,1,100.0,,0,0.0,,0,0.0
2005,7.0,2005-07,Americas,HTI,Haiti,Storm,2,46.0,2,100.0,15786.0,2,100.0,50000000.0,1,50.0,82426000.0,1,50.0
2005,7.0,2005-07,Americas,JAM,Jamaica,Storm,2,5.0,2,100.0,10296.0,2,100.0,31000000.0,2,100.0,51105000.0,2,100.0
2005,7.0,2005-07,Americas,MEX,Mexico,Storm,1,2.0,1,100.0,,0,0.0,400000000.0,1,100.0,659410000.0,1,100.0
2005,7.0,2005-07,Americas,TTO,Trinidad and Tobago,Storm,1,,0,0.0,,0,0.0,,0,0.0,,0,0.0
2005,7.0,2005-07,Americas,USA,United States of America,Extreme temperature,1,33.0,1,100.0,31.0,1,100.0,,0,0.0,,0,0.0
2005,7.0,2005-07,Americas,USA,United States of America,Storm,1,5.0,1,100.0,,0,0.0,2230000000.0,1,100.0,3676208000.0,1,100.0
2005,7.0,2005-07,Americas,VCT,Saint Vincent and the Grenadines,Storm,1,,0,0.0,530.0,1,100.0,,0,0.0,,0,0.0
2005,7.0,2005-07,Asia,BGD,Bangladesh,Extreme temperature,1,,0,0.0,,0,0.0,,0,0.0,,0,0.0
2005,7.0,2005-07,Asia,BGD,Bangladesh,Flood,1,23.0,1,100.0,1000000.0,1,100.0,,0,0.0,,0,0.0
2005,7.0,2005-07,Asia,CHN,China,Drought,1,,0,0.0,7600000.0,1,100.0,,0,0.0,,0,0.0
2005,7.0,2005-07,Asia,CHN,China,Extreme temperature,1,,0,0.0,200.0,1,100.0,,0,0.0,,0,0.0
2005,7.0,2005-07,Asia,CHN,China,Flood,2,21.0,2,100.0,1270023.0,2,100.0,271560000.0,2,100.0,447673000.0,2,100.0
2005,7.0,2005-07,Asia,CHN,China,Storm,3,34.0,3,100.0,2253037.0,3,100.0,1850000000.0,2,66.67,3049769000.0,2,66.67
2005,7.0,2005-07,Asia,IND,India,Epidemic,2,592.0,2,100.0,2084.0,2,100.0,,0,0.0,,0,0.0
2005,7.0,2005-07,Asia,IND,India,Flood,7,1505.0,7,100.0,22069055.0,6,85.71,3330000000.0,1,14.29,5489584000.0,1,14.29
2005,7.0,2005-07,Asia,IRN,Iran (Islamic Republic of),Flood,1,52.0,1,100.0,,0,0.0,,0,0.0,,0,0.0
2005,7.0,2005-07,Asia,MYS,Malaysia,Flood,1,4.0,1,100.0,600.0,1,100.0,,0,0.0,,0,0.0
2005,7.0,2005-07,Asia,NPL,Nepal,Flood,1,,0,0.0,30000.0,1,100.0,,0,0.0,,0,0.0
2005,7.0,2005-07,Asia,PAK,Pakistan,Flood,1,42.0,1,100.0,58020.0,1,100.0,,0,0.0,,0,0.0
2005,7.0,2005-07,Asia,TJK,Tajikistan,Flood,1,,0,0.0,1890.0,1,100.0,50000000.0,1,100.0,82426000.0,1,100.0
2005,7.0,2005-07,Asia,TUR,Türkiye,Flood,1,,0,0.0,3000.0,1,100.0,,0,0.0,,0,0.0
2005,7.0,2005-07,Asia,TWN,Taiwan (Province of China),Storm,2,12.0,1,50.0,1534.0,1,50.0,101000000.0,2,100.0,166501000.0,2,100.0
2005,7.0,2005-07,Europe,AUT,Austria,Flood,1,,0,0.0,900.0,1,100.0,,0,0.0,,0,0.0
2005,7.0,2005-07,Europe,BGR,Bulgaria,Flood,1,17.0,1,100.0,200.0,1,100.0,247000000.0,1,100.0,407185000.0,1,100.0
2005,7.0,2005-07,Europe,DEU,Germany,Flood,1,1.0,1,100.0,450.0,1,100.0,,0,0.0,,0,0.0
2005,7.0,2005-07,Europe,ESP,Spain,Wildfire,1,11.0,1,100.0,1.0,1,100.0,2050000000.0,1,100.0,3379474000.0,1,100.0
2005,7.0,2005-07,Europe,ROU,Romania,Extreme temperature,1,13.0,1,100.0,500.0,1,100.0,,0,0.0,,0,0.0
2005,7.0,2005-07,Europe,ROU,Romania,Flood,2,30.0,2,100.0,54371.0,2,100.0,800000000.0,1,50.0,1318819000.0,1,50.0
2005,8.0,2005-08,Africa,BFA,Burkina Faso,Epidemic,1,9.0,1,100.0,606.0,1,100.0,,0,0.0,,0,0.0
2005,8.0,2005-08,Africa,CAF,Central African Republic,Flood,1,1.0,1,100.0,23805.0,1,100.0,,0,0.0,,0,0.0
2005,8.0,2005-08,Africa,CMR,Cameroon,Flood,1,2.0,1,100.0,,0,0.0,,0,0.0,,0,0.0
2005,8.0,2005-08,Africa,ETH,Ethiopia,Flood,1,,0,0.0,7000.0,1,100.0,,0,0.0,,0,0.0
2005,8.0,2005-08,Africa,LBR,Liberia,Epidemic,1,29.0,1,100.0,674.0,1,100.0,,0,0.0,,0,0.0
2005,8.0,2005-08,Africa,NGA,Nigeria,Flood,1,60.0,1,100.0,3004.0,1,100.0,147000.0,1,100.0,242000.0,1,100.0
2005,8.0,2005-08,Africa,SDN,Sudan,Flood,1,5.0,1,100.0,156000.0,1,100.0,,0,0.0,,0,0.0
2005,8.0,2005-08,Africa,SEN,Senegal,Flood,1,,0,0.0,50000.0,1,100.0,,0,0.0,,0,0.0
2005,8.0,2005-08,Africa,SLE,Sierra Leone,Flood,1,20.0,1,100.0,15000.0,1,100.0,,0,0.0,,0,0.0
2005,8.0,2005-08,Africa,ZMB,Zambia,Epidemic,1,21.0,1,100.0,7615.0,1,100.0,,0,0.0,,0,0.0
2005,8.0,2005-08,Americas,CAN,Canada,Wildfire,1,,0,0.0,,0,0.0,,0,0.0,,0,0.0
2005,8.0,2005-08,Americas,CHL,Chile,Flood,1,,0,0.0,548.0,1,100.0,,0,0.0,,0,0.0
2005,8.0,2005-08,Americas,MEX,Mexico,Flood,1,30.0,1,100.0,10000.0,1,100.0,,0,0.0,,0,0.0
2005,8.0,2005-08,Americas,URY,Uruguay,Storm,1,7.0,1,100.0,12.0,1,100.0,,0,0.0,,0,0.0
2005,8.0,2005-08,Americas,USA,United States of America,Storm,2,1833.0,1,50.0,500201.0,2,100.0,125000000000.0,1,50.0,206065474000.0,1,50.0
2005,8.0,2005-08,Asia,CHN,China,Earthquake,1,,0,0.0,18509.0,1,100.0,,0,0.0,,0,0.0
2005,8.0,2005-08,Asia,CHN,China,Flood,2,80.0,2,100.0,202546.0,2,100.0,913000000.0,1,50.0,1505102000.0,1,50.0
2005,8.0,2005-08,Asia,IDN,Indonesia,Wildfire,1,,0,0.0,,0,0.0,,0,0.0,,0,0.0
2005,8.0,2005-08,Asia,IND,India,Epidemic,1,110.0,1,100.0,1743.0,1,100.0,,0,0.0,,0,0.0
2005,8.0,2005-08,Asia,IND,India,Flood,1,27.0,1,100.0,800000.0,1,100.0,,0,0.0,,0,0.0
2005,8.0,2005-08,Asia,IND,India,Mass movement (wet),1,12.0,1,100.0,20.0,1,100.0,,0,0.0,,0,0.0
2005,8.0,2005-08,Asia,IRN,Iran (Islamic Republic of),Flood,2,54.0,2,100.0,1750.0,1,50.0,,0,0.0,,0,0.0
2005,8.0,2005-08,Asia,JPN,Japan,Storm,1,3.0,1,100.0,94.0,1,100.0,,0,0.0,,0,0.0
2005,8.0,2005-08,Asia,KOR,Republic of Korea,Flood,1,18.0,1,100.0,14510.0,1,100.0,,0,0.0,,0,0.0
2005,8.0,2005-08,Asia,KOR,Republic of Korea,Storm,1,5.0,1,100.0,,0,0.0,500000.0,1,100.0,824000.0,1,100.0
2005,8.0,2005-08,Asia,MYS,Malaysia,Wildfire,1,,0,0.0,,0,0.0,,0,0.0,,0,0.0
2005,8.0,2005-08,Asia,THA,Thailand,Flood,1,21.0,1,100.0,119310.0,1,100.0,121000000.0,1,100.0,199471000.0,1,100.0
2005,8.0,2005-08,Asia,THA,Thailand,Wildfire,1,,0,0.0,,0,0.0,,0,0.0,,0,0.0
2005,8.0,2005-08,Asia,TUR,Türkiye,Flood,1,7.0,1,100.0,,0,0.0,,0,0.0,,0,0.0
2005,8.0,2005-08,Asia,VNM,Viet Nam,Storm,1,13.0,1,100.0,6500.0,1,100.0,,0,0.0,,0,0.0
2005,8.0,2005-08,Asia,YEM,Yemen,Flood,1,12.0,1,100.0,6.0,1,100.0,,0,0.0,,0,0.0
2005,8.0,2005-08,Europe,AUT,Austria,Flood,1,4.0,1,100.0,,0,0.0,700000000.0,1,100.0,1153967000.0,1,100.0
2005,8.0,2005-08,Europe,BGR,Bulgaria,Flood,2,14.0,2,100.0,12000.0,1,50.0,200000000.0,1,50.0,329705000.0,1,50.0
2005,8.0,2005-08,Europe,CHE,Switzerland,Flood,1,6.0,1,100.0,2500.0,1,100.0,2100000000.0,1,100.0,3461900000.0,1,100.0
2005,8.0,2005-08,Europe,DEU,Germany,Flood,1,1.0,1,100.0,,0,0.0,220000000.0,1,100.0,362675000.0,1,100.0
2005,8.0,2005-08,Europe,HRV,Croatia,Flood,1,,0,0.0,250.0,1,100.0,,0,0.0,,0,0.0
2005,8.0,2005-08,Europe,HUN,Hungary,Flood,1,,0,0.0,,0,0.0,48000000.0,1,100.0,79129000.0,1,100.0
2005,8.0,2005-08,Europe,LTU,Lithuania,Flood,1,,0,0.0,,0,0.0,,0,0.0,,0,0.0
2005,8.0,2005-08,Europe,MDA,Republic of Moldova,Flood,1,,0,0.0,6500.0,1,100.0,7752000.0,1,100.0,12779000.0,1,100.0
2005,8.0,2005-08,Europe,MKD,North Macedonia,Flood,1,,0,0.0,2000.0,1,100.0,,0,0.0,,0,0.0
2005,8.0,2005-08,Europe,ROU,Romania,Flood,1,33.0,1,100.0,2000.0,1,100.0,313000000.0,1,100.0,515988000.0,1,100.0
2005,8.0,2005-08,Europe,RUS,Russian Federation,Flood,1,19.0,1,100.0,,0,0.0,,0,0.0,,0,0.0
2005,8.0,2005-08,Europe,SVN,Slovenia,Flood,1,,0,0.0,,0,0.0,5000000.0,1,100.0,8243000.0,1,100.0
2005,8.0,2005-08,Oceania,PNG,Papua New Guinea,Flood,1,1.0,1,100.0,2493.0,1,100.0,,0,0.0,,0,0.0
2005,9.0,2005-09,Africa,ETH,Ethiopia,Flood,1,13.0,1,100.0,,0,0.0,,0,0.0,,0,0.0
2005,9.0,2005-09,Africa,ETH,Ethiopia,Volcanic activity,1,,0,0.0,9000.0,1,100.0,,0,0.0,,0,0.0
2005,9.0,2005-09,Africa,MLI,Mali,Flood,1,,0,0.0,1735.0,1,100.0,,0,0.0,,0,0.0
2005,9.0,2005-09,Africa,MRT,Mauritania,Flood,1,,0,0.0,7500.0,1,100.0,,0,0.0,,0,0.0
2005,9.0,2005-09,Africa,SDN,Sudan,Epidemic,1,144.0,1,100.0,439.0,1,100.0,,0,0.0,,0,0.0
2005,9.0,2005-09,Americas,BOL,Bolivia (Plurinational State of),Wildfire,1,,0,0.0,3000.0,1,100.0,,0,0.0,,0,0.0
2005,9.0,2005-09,Americas,CAN,Canada,Flood,1,,0,0.0,600.0,1,100.0,,0,0.0,,0,0.0
2005,9.0,2005-09,Americas,CAN,Canada,Storm,1,,0,0.0,300.0,1,100.0,,0,0.0,,0,0.0
2005,9.0,2005-09,Americas,COL,Colombia,Flood,1,101.0,1,100.0,474607.0,1,100.0,,0,0.0,,0,0.0
2005,9.0,2005-09,Americas,CRI,Costa Rica,Flood,1,1.0,1,100.0,855.0,1,100.0,,0,0.0,,0,0.0
2005,9.0,2005-09,Americas,HND,Honduras,Storm,1,6.0,1,100.0,2869.0,1,100.0,100000000.0,1,100.0,164852000.0,1,100.0
2005,9.0,2005-09,Americas,MEX,Mexico,Flood,1,3.0,1,100.0,3000.0,1,100.0,,0,0.0,,0,0.0
2005,9.0,2005-09,Americas,PER,Peru,Earthquake,1,5.0,1,100.0,2505.0,1,100.0,,0,0.0,,0,0.0
2005,9.0,2005-09,Americas,USA,United States of America,Storm,1,10.0,1,100.0,300000.0,1,100.0,16000000000.0,1,100.0,26376381000.0,1,100.0
2005,9.0,2005-09,Asia,AFG,Afghanistan,Flood,1,12.0,1,100.0,,0,0.0,,0,0.0,,0,0.0
2005,9.0,2005-09,Asia,BGD,Bangladesh,Storm,1,16.0,1,100.0,12000.0,1,100.0,,0,0.0,,0,0.0
2005,9.0,2005-09,Asia,CHN,China,Flood,1,20.0,1,100.0,4610000.0,1,100.0,239000000.0,1,100.0,393997000.0,1,100.0
2005,9.0,2005-09,Asia,CHN,China,Storm,3,209.0,3,100.0,26693008.0,3,100.0,4690000000.0,3,100.0,7731577000.0,3,100.0
2005,9.0,2005-09,Asia,IDN,Indonesia,Mass movement (wet),1,25.0,1,100.0,10.0,1,100.0,,0,0.0,,0,0.0
2005,9.0,2005-09,Asia,IND,India,Flood,3,127.0,3,100.0,552504.0,2,66.67,420000000.0,1,33.33,692380000.0,1,33.33
2005,9.0,2005-09,Asia,IND,India,Storm,1,33.0,1,100.0,61000.0,1,100.0,,0,0.0,,0,0.0
2005,9.0,2005-09,Asia,JPN,Japan,Storm,1,32.0,1,100.0,270140.0,1,100.0,1000000000.0,1,100.0,1648524000.0,1,100.0
2005,9.0,2005-09,Asia,KHM,Cambodia,Flood,1,16.0,1,100.0,,0,0.0,,0,0.0,,0,0.0
2005,9.0,2005-09,Asia,KOR,Republic of Korea,Storm,1,5.0,1,100.0,1100.0,1,100.0,5000000.0,1,100.0,8243000.0,1,100.0
2005,9.0,2005-09,Asia,MMR,Myanmar,Mass movement (wet),1,17.0,1,100.0,16.0,1,100.0,,0,0.0,,0,0.0
2005,9.0,2005-09,Asia,NPL,Nepal,Flood,1,51.0,1,100.0,1600.0,1,100.0,,0,0.0,,0,0.0
2005,9.0,2005-09,Asia,PHL,Philippines,Storm,1,16.0,1,100.0,20000.0,1,100.0,2000000.0,1,100.0,3297000.0,1,100.0
2005,9.0,2005-09,Asia,THA,Thailand,Storm,1,10.0,1,100.0,2000.0,1,100.0,20000000.0,1,100.0,32970000.0,1,100.0
2005,9.0,2005-09,Asia,TWN,Taiwan (Province of China),Storm,1,3.0,1,100.0,59.0,1,100.0,38000000.0,1,100.0,62644000.0,1,100.0
2005,9.0,2005-09,Asia,VNM,Viet Nam,Flood,1,39.0,1,100.0,30000.0,1,100.0,,0,0.0,,0,0.0
2005,9.0,2005-09,Asia,VNM,Viet Nam,Storm,2,83.0,2,100.0,346160.0,2,100.0,239250000.0,2,100.0,394409000.0,2,100.0
2005,9.0,2005-09,Europe,BEL,Belgium,Flood,1,,0,0.0,210.0,1,100.0,,0,0.0,,0,0.0
2005,9.0,2005-09,Europe,BGR,Bulgaria,Flood,1,2.0,1,100.0,1040.0,1,100.0,,0,0.0,,0,0.0
2005,9.0,2005-09,Europe,FRA,France,Flood,1,1.0,1,100.0,3000.0,1,100.0,,0,0.0,,0,0.0
2005,9.0,2005-09,Europe,ROU,Romania,Flood,1,10.0,1,100.0,30800.0,1,100.0,,0,0.0,,0,0.0
2005,10.0,2005-10,Africa,MLI,Mali,Epidemic,1,23.0,1,100.0,30.0,1,100.0,,0,0.0,,0,0.0
2005,10.0,2005-10,Africa,MWI,Malawi,Drought,1,,0,0.0,5100000.0,1,100.0,,0,0.0,,0,0.0
2005,10.0,2005-10,Africa,SOM,Somalia,Epidemic,1,13.0,1,100.0,,0,0.0,,0,0.0,,0,0.0
2005,10.0,2005-10,Africa,STP,Sao Tome and Principe,Epidemic,1,25.0,1,100.0,1349.0,1,100.0,,0,0.0,,0,0.0
2005,10.0,2005-10,Americas,BHS,Bahamas,Storm,1,1.0,1,100.0,1500.0,1,100.0,,0,0.0,,0,0.0
2005,10.0,2005-10,Americas,BLZ,Belize,Storm,1,,0,0.0,,0,0.0,,0,0.0,,0,0.0
2005,10.0,2005-10,Americas,BRA,Brazil,Drought,1,,0,0.0,,0,0.0,,0,0.0,,0,0.0
2005,10.0,2005-10,Americas,COL,Colombia,Storm,1,,0,0.0,3074.0,1,100.0,,0,0.0,,0,0.0
2005,10.0,2005-10,Americas,CRI,Costa Rica,Storm,1,1.0,1,100.0,1074.0,1,100.0,20000000.0,1,100.0,32970000.0,1,100.0
2005,10.0,2005-10,Americas,CUB,Cuba,Storm,1,4.0,1,100.0,100000.0,1,100.0,700000000.0,1,100.0,1153967000.0,1,100.0
2005,10.0,2005-10,Americas,DOM,Dominican Republic,Storm,1,9.0,1,100.0,1000.0,1,100.0,,0,0.0,,0,0.0
2005,10.0,2005-10,Americas,GTM,Guatemala,Flood,1,,0,0.0,,0,0.0,,0,0.0,,0,0.0
2005,10.0,2005-10,Americas,GTM,Guatemala,Storm,1,1513.0,1,100.0,475314.0,1,100.0,988300000.0,1,100.0,1629236000.0,1,100.0
2005,10.0,2005-10,Americas,HND,Honduras,Storm,2,,0,0.0,11000.0,1,50.0,,0,0.0,,0,0.0
2005,10.0,2005-10,Americas,HTI,Haiti,Flood,1,11.0,1,100.0,11500.0,1,100.0,,0,0.0,,0,0.0
2005,10.0,2005-10,Americas,HTI,Haiti,Storm,3,25.0,3,100.0,12192.0,2,66.67,500000.0,1,33.33,824000.0,1,33.33
2005,10.0,2005-10,Americas,JAM,Jamaica,Storm,1,1.0,1,100.0,100.0,1,100.0,3500000.0,1,100.0,5770000.0,1,100.0
2005,10.0,2005-10,Americas,MEX,Mexico,Storm,2,43.0,2,100.0,2954571.0,2,100.0,7500000000.0,2,100.0,12363928000.0,2,100.0
2005,10.0,2005-10,Americas,NIC,Nicaragua,Storm,2,7.0,2,100.0,13643.0,2,100.0,,0,0.0,,0,0.0
2005,10.0,2005-10,Americas,PRY,Paraguay,Drought,1,,0,0.0,52990.0,1,100.0,,0,0.0,,0,0.0
2005,10.0,2005-10,Americas,SLV,El Salvador,Flood,1,15.0,1,100.0,,0,0.0,,0,0.0,,0,0.0
2005,10.0,2005-10,Americas,SLV,El Salvador,Storm,1,69.0,1,100.0,72141.0,1,100.0,355700000.0,1,100.0,586380000.0,1,100.0
2005,10.0,2005-10,Americas,SLV,El Salvador,Volcanic activity,1,2.0,1,100.0,2000.0,1,100.0,,0,0.0,,0,0.0
2005,10.0,2005-10,Americas,USA,United States of America,Flood,1,11.0,1,100.0,3000.0,1,100.0,,0,0.0,,0,0.0
2005,10.0,2005-10,Americas,USA,United States of America,Storm,1,4.0,1,100.0,30000.0,1,100.0,14300000000.0,1,100.0,23573890000.0,1,100.0
2005,10.0,2005-10,Asia,AFG,Afghanistan,Earthquake,1,1.0,1,100.0,,0,0.0,50000.0,1,100.0,82000.0,1,100.0
2005,10.0,2005-10,Asia,BGD,Bangladesh,Flood,1,19.0,1,100.0,100000.0,1,100.0,,0,0.0,,0,0.0
2005,10.0,2005-10,Asia,CHN,China,Drought,1,,0,0.0,174000.0,1,100.0,,0,0.0,,0,0.0
2005,10.0,2005-10,Asia,CHN,China,Flood,1,20.0,1,100.0,80000.0,1,100.0,240000000.0,1,100.0,395646000.0,1,100.0
2005,10.0,2005-10,Asia,CHN,China,Storm,1,95.0,1,100.0,2460000.0,1,100.0,150000000.0,1,100.0,247279000.0,1,100.0
2005,10.0,2005-10,Asia,IDN,Indonesia,Flood,1,28.0,1,100.0,12211.0,1,100.0,,0,0.0,,0,0.0
2005,10.0,2005-10,Asia,IND,India,Earthquake,1,1309.0,1,100.0,156622.0,1,100.0,1000000000.0,1,100.0,1648524000.0,1,100.0
2005,10.0,2005-10,Asia,IND,India,Flood,2,181.0,2,100.0,4250000.0,2,100.0,117000000.0,1,50.0,192877000.0,1,50.0
2005,10.0,2005-10,Asia,NPL,Nepal,Mass movement (wet),1,18.0,1,100.0,,0,0.0,,0,0.0,,0,0.0
2005,10.0,2005-10,Asia,PAK,Pakistan,Earthquake,1,73338.0,1,100.0,5128309.0,1,100.0,5200000000.0,1,100.0,8572324000.0,1,100.0
2005,10.0,2005-10,Asia,PAK,Pakistan,Epidemic,1,22.0,1,100.0,111.0,1,100.0,,0,0.0,,0,0.0
2005,10.0,2005-10,Asia,TWN,Taiwan (Province of China),Storm,1,2.0,1,100.0,46.0,1,100.0,100000000.0,1,100.0,164852000.0,1,100.0
2005,10.0,2005-10,Asia,VNM,Viet Nam,Flood,2,84.0,2,100.0,43800.0,2,100.0,27000000.0,2,100.0,44510000.0,2,100.0
2005,10.0,2005-10,Europe,GBR,United Kingdom of Great Britain and Northern Ireland,Flood,1,2.0,1,100.0,800.0,1,100.0,,0,0.0,,0,0.0
2005,10.0,2005-10,Europe,POL,Poland,Extreme temperature,1,191.0,1,100.0,,0,0.0,,0,0.0,,0,0.0
2005,11.0,2005-11,Africa,COM,Comoros,Volcanic activity,1,1.0,1,100.0,245000.0,1,100.0,,0,0.0,,0,0.0
2005,11.0,2005-11,Africa,ETH,Ethiopia,Drought,1,,0,0.0,2600000.0,1,100.0,,0,0.0,,0,0.0
2005,11.0,2005-11,Africa,GHA,Ghana,Epidemic,1,40.0,1,100.0,2248.0,1,100.0,,0,0.0,,0,0.0
2005,11.0,2005-11,Africa,KEN,Kenya,Epidemic,1,41.0,1,100.0,1600.0,1,100.0,,0,0.0,,0,0.0
2005,11.0,2005-11,Africa,MAR,Morocco,Storm,1,1.0,1,100.0,,0,0.0,50000.0,1,100.0,82000.0,1,100.0
2005,11.0,2005-11,Africa,MDG,Madagascar,Drought,1,,0,0.0,14000.0,1,100.0,,0,0.0,,0,0.0
2005,11.0,2005-11,Africa,SPI,Canary Islands,Storm,1,19.0,1,100.0,,0,0.0,375000000.0,1,100.0,618196000.0,1,100.0
2005,11.0,2005-11,Africa,ZMB,Zambia,Flood,1,,0,0.0,4000.0,1,100.0,,0,0.0,,0,0.0
2005,11.0,2005-11,Americas,BLZ,Belize,Storm,1,3.0,1,100.0,,0,0.0,,0,0.0,,0,0.0
2005,11.0,2005-11,Americas,COL,Colombia,Volcanic activity,1,,0,0.0,,0,0.0,,0,0.0,,0,0.0
2005,11.0,2005-11,Americas,HND,Honduras,Storm,1,47.0,1,100.0,90000.0,1,100.0,15500000.0,1,100.0,25552000.0,1,100.0
2005,11.0,2005-11,Asia,CHN,China,Earthquake,1,16.0,1,100.0,615500.0,1,100.0,,0,0.0,,0,0.0
2005,11.0,2005-11,Asia,IRN,Iran (Islamic Republic of),Earthquake,1,13.0,1,100.0,100.0,1,100.0,,0,0.0,,0,0.0
2005,11.0,2005-11,Asia,LKA,Sri Lanka,Flood,1,6.0,1,100.0,145000.0,1,100.0,,0,0.0,,0,0.0
2005,11.0,2005-11,Asia,MYS,Malaysia,Flood,1,9.0,1,100.0,30000.0,1,100.0,,0,0.0,,0,0.0
2005,11.0,2005-11,Asia,THA,Thailand,Flood,1,55.0,1,100.0,700000.0,1,100.0,97000000.0,1,100.0,159907000.0,1,100.0
2005,11.0,2005-11,Asia,VNM,Viet Nam,Storm,1,20.0,1,100.0,15000.0,1,100.0,11000000.0,1,100.0,18134000.0,1,100.0
2005,11.0,2005-11,Europe,ALB,Albania,Flood,1,3.0,1,100.0,500.0,1,100.0,,0,0.0,,0,0.0
2005,11.0,2005-11,Europe,BEL,Belgium,Extreme temperature,1,2.0,1,100.0,,0,0.0,,0,0.0,,0,0.0
2005,11.0,2005-11,Europe,DEU,Germany,Extreme temperature,1,1.0,1,100.0,165.0,1,100.0,300000000.0,1,100.0,494557000.0,1,100.0
2005,11.0,2005-11,Europe,FRA,France,Extreme temperature,1,6.0,1,100.0,,0,0.0,,0,0.0,,0,0.0
2005,11.0,2005-11,Europe,FRA,France,Flood,1,2.0,1,100.0,1000.0,1,100.0,,0,0.0,,0,0.0
2005,11.0,2005-11,Europe,GBR,United Kingdom of Great Britain and Northern Ireland,Extreme temperature,1,,0,0.0,,0,0.0,,0,0.0,,0,0.0
2005,11.0,2005-11,Europe,NLD,Netherlands (Kingdom of the),Extreme temperature,1,,0,0.0,,0,0.0,100000000.0,1,100.0,164852000.0,1,100.0
2005,11.0,2005-11,Oceania,VUT,Vanuatu,Volcanic activity,1,,0,0.0,5000.0,1,100.0,,0,0.0,,0,0.0
2005,12.0,2005-12,Africa,COD,Democratic Republic of the Congo,Earthquake,1,6.0,1,100.0,1505.0,1,100.0,,0,0.0,,0,0.0
2005,12.0,2005-12,Africa,COG,Congo,Flood,1,1.0,1,100.0,2000.0,1,100.0,,0,0.0,,0,0.0
2005,12.0,2005-12,Africa,KEN,Kenya,Drought,1,27.0,1,100.0,3500000.0,1,100.0,,0,0.0,,0,0.0
2005,12.0,2005-12,Africa,KEN,Kenya,Epidemic,1,12.0,1,100.0,45.0,1,100.0,,0,0.0,,0,0.0
2005,12.0,2005-12,Africa,MOZ,Mozambique,Flood,1,16.0,1,100.0,29012.0,1,100.0,,0,0.0,,0,0.0
2005,12.0,2005-12,Africa,MWI,Malawi,Flood,1,1.0,1,100.0,44500.0,1,100.0,,0,0.0,,0,0.0
2005,12.0,2005-12,Africa,MWI,Malawi,Storm,1,11.0,1,100.0,8.0,1,100.0,,0,0.0,,0,0.0
2005,12.0,2005-12,Africa,SDN,Sudan,Epidemic,1,382.0,1,100.0,3436.0,1,100.0,,0,0.0,,0,0.0
2005,12.0,2005-12,Africa,TZA,United Republic of Tanzania,Earthquake,1,2.0,1,100.0,5000.0,1,100.0,,0,0.0,,0,0.0
2005,12.0,2005-12,Africa,TZA,United Republic of Tanzania,Epidemic,1,6.0,1,100.0,576.0,1,100.0,,0,0.0,,0,0.0
2005,12.0,2005-12,Africa,UGA,Uganda,Epidemic,1,11.0,1,100.0,300.0,1,100.0,,0,0.0,,0,0.0
2005,12.0,2005-12,Africa,ZWE,Zimbabwe,Epidemic,1,73.0,1,100.0,980.0,1,100.0,,0,0.0,,0,0.0
2005,12.0,2005-12,Americas,USA,United States of America,Flood,1,3.0,1,100.0,3600.0,1,100.0,245000000.0,1,100.0,403888000.0,1,100.0
2005,12.0,2005-12,Americas,USA,United States of America,Storm,1,10.0,1,100.0,,0,0.0,,0,0.0,,0,0.0
2005,12.0,2005-12,Americas,USA,United States of America,Wildfire,1,5.0,1,100.0,1410.0,1,100.0,100000000.0,1,100.0,164852000.0,1,100.0
2005,12.0,2005-12,Asia,AFG,Afghanistan,Earthquake,1,5.0,1,100.0,501.0,1,100.0,,0,0.0,,0,0.0
2005,12.0,2005-12,Asia,AFG,Afghanistan,Flood,2,,0,0.0,275.0,2,100.0,,0,0.0,,0,0.0
2005,12.0,2005-12,Asia,BGD,Bangladesh,Extreme temperature,1,100.0,1,100.0,1000.0,1,100.0,,0,0.0,,0,0.0
2005,12.0,2005-12,Asia,IDN,Indonesia,Flood,1,79.0,1,100.0,7811.0,1,100.0,,0,0.0,,0,0.0
2005,12.0,2005-12,Asia,IND,India,Epidemic,1,,0,0.0,153324.0,1,100.0,,0,0.0,,0,0.0
2005,12.0,2005-12,Asia,IND,India,Extreme temperature,1,180.0,1,100.0,,0,0.0,,0,0.0,,0,0.0
2005,12.0,2005-12,Asia,IND,India,Flood,1,30.0,1,100.0,200000.0,1,100.0,,0,0.0,,0,0.0
2005,12.0,2005-12,Asia,JPN,Japan,Storm,1,100.0,1,100.0,2810.0,1,100.0,33000000.0,1,100.0,54401000.0,1,100.0
2005,12.0,2005-12,Asia,KOR,Republic of Korea,Storm,1,1.0,1,100.0,,0,0.0,160000000.0,1,100.0,263764000.0,1,100.0
2005,12.0,2005-12,Asia,PAK,Pakistan,Epidemic,1,20.0,1,100.0,,0,0.0,,0,0.0,,0,0.0
2005,12.0,2005-12,Asia,PAK,Pakistan,Mass movement (wet),1,24.0,1,100.0,,0,0.0,,0,0.0,,0,0.0
2005,12.0,2005-12,Asia,PHL,Philippines,Flood,1,4.0,1,100.0,192946.0,1,100.0,515000.0,1,100.0,849000.0,1,100.0
2005,12.0,2005-12,Asia,TUR,Türkiye,Extreme temperature,1,17.0,1,100.0,150.0,1,100.0,,0,0.0,,0,0.0
2005,12.0,2005-12,Asia,VNM,Viet Nam,Epidemic,1,16.0,1,100.0,83.0,1,100.0,,0,0.0,,0,0.0
2005,12.0,2005-12,Asia,VNM,Viet Nam,Flood,1,69.0,1,100.0,18000.0,1,100.0,27000000.0,1,100.0,44510000.0,1,100.0
2005,12.0,2005-12,Asia,YEM,Yemen,Mass movement (wet),1,65.0,1,100.0,11.0,1,100.0,,0,0.0,,0,0.0
2005,12.0,2005-12,Europe,AUT,Austria,Extreme temperature,1,,0,0.0,,0,0.0,,0,0.0,,0,0.0
2005,12.0,2005-12,Europe,BEL,Belgium,Extreme temperature,1,,0,0.0,,0,0.0,,0,0.0,,0,0.0
2005,12.0,2005-12,Europe,BIH,Bosnia and Herzegovina,Flood,1,,0,0.0,3100.0,1,100.0,,0,0.0,,0,0.0
2005,12.0,2005-12,Europe,CHE,Switzerland,Extreme temperature,1,,0,0.0,,0,0.0,,0,0.0,,0,0.0
2005,12.0,2005-12,Europe,CZE,Czechia,Extreme temperature,1,15.0,1,100.0,,0,0.0,,0,0.0,,0,0.0
2005,12.0,2005-12,Europe,ESP,Spain,Extreme temperature,1,9.0,1,100.0,,0,0.0,,0,0.0,,0,0.0
2005,12.0,2005-12,Europe,FRA,France,Extreme temperature,1,2.0,1,100.0,,0,0.0,,0,0.0,,0,0.0
2005,12.0,2005-12,Europe,GBR,United Kingdom of Great Britain and Northern Ireland,Extreme temperature,1,1.0,1,100.0,,0,0.0,,0,0.0,,0,0.0
2005,12.0,2005-12,Europe,HRV,Croatia,Extreme temperature,1,5.0,1,100.0,,0,0.0,,0,0.0,,0,0.0
2005,12.0,2005-12,Europe,HUN,Hungary,Extreme temperature,1,48.0,1,100.0,,0,0.0,,0,0.0,,0,0.0
2005,12.0,2005-12,Europe,ITA,Italy,Extreme temperature,1,9.0,1,100.0,,0,0.0,,0,0.0,,0,0.0
2005,12.0,2005-12,Europe,NLD,Netherlands (Kingdom of the),Extreme temperature,1,,0,0.0,,0,0.0,,0,0.0,,0,0.0
2005,12.0,2005-12,Europe,SVK,Slovakia,Extreme temperature,1,,0,0.0,,0,0.0,,0,0.0,,0,0.0
2005,12.0,2005-12,Europe,SWE,Sweden,Extreme temperature,1,,0,0.0,,0,0.0,,0,0.0,,0,0.0
2005,12.0,2005-12,Oceania,AUS,Australia,Storm,1,1.0,1,100.0,600.0,1,100.0,15000000.0,1,100.0,24728000.0,1,100.0
2006,1.0,2006-01,Africa,AGO,Angola,Flood,1,,0,0.0,225.0,1,100.0,,0,0.0,,0,0.0
2006,1.0,2006-01,Africa,BDI,Burundi,Storm,1,,0,0.0,1505.0,1,100.0,,0,0.0,,0,0.0
2006,1.0,2006-01,Africa,BFA,Burkina Faso,Epidemic,1,784.0,1,100.0,7402.0,1,100.0,,0,0.0,,0,0.0
2006,1.0,2006-01,Africa,BWA,Botswana,Epidemic,1,470.0,1,100.0,22264.0,1,100.0,,0,0.0,,0,0.0
2006,1.0,2006-01,Africa,CIV,Côte d’Ivoire,Epidemic,1,2.0,1,100.0,361.0,1,100.0,,0,0.0,,0,0.0
2006,1.0,2006-01,Africa,COD,Democratic Republic of the Congo,Epidemic,2,47.0,2,100.0,1718.0,2,100.0,,0,0.0,,0,0.0
2006,1.0,2006-01,Africa,GIN,Guinea,Epidemic,2,129.0,2,100.0,298.0,2,100.0,,0,0.0,,0,0.0
2006,1.0,2006-01,Africa,KEN,Kenya,Epidemic,1,15.0,1,100.0,59.0,1,100.0,,0,0.0,,0,0.0
2006,1.0,2006-01,Africa,MLI,Mali,Epidemic,1,9.0,1,100.0,151.0,1,100.0,,0,0.0,,0,0.0
2006,1.0,2006-01,Africa,MOZ,Mozambique,Epidemic,1,27.0,1,100.0,5692.0,1,100.0,,0,0.0,,0,0.0
2006,1.0,2006-01,Africa,MUS,Mauritius,Epidemic,1,,0,0.0,2553.0,1,100.0,,0,0.0,,0,0.0
2006,1.0,2006-01,Africa,MWI,Malawi,Epidemic,1,20.0,1,100.0,852.0,1,100.0,,0,0.0,,0,0.0
2006,1.0,2006-01,Africa,NAM,Namibia,Flood,1,,0,0.0,200.0,1,100.0,,0,0.0,,0,0.0
2006,1.0,2006-01,Africa,NER,Niger,Epidemic,2,62.0,2,100.0,784.0,2,100.0,,0,0.0,,0,0.0
2006,1.0,2006-01,Africa,RWA,Rwanda,Epidemic,1,35.0,1,100.0,300.0,1,100.0,,0,0.0,,0,0.0
2006,1.0,2006-01,Africa,SDN,Sudan,Epidemic,2,500.0,2,100.0,16265.0,2,100.0,,0,0.0,,0,0.0
2006,1.0,2006-01,Africa,SYC,Seychelles,Epidemic,1,,0,0.0,5461.0,1,100.0,,0,0.0,,0,0.0
2006,1.0,2006-01,Africa,TZA,United Republic of Tanzania,Epidemic,1,15.0,1,100.0,300.0,1,100.0,,0,0.0,,0,0.0
2006,1.0,2006-01,Africa,TZA,United Republic of Tanzania,Infestation,1,,0,0.0,,0,0.0,,0,0.0,,0,0.0
2006,1.0,2006-01,Africa,UGA,Uganda,Epidemic,1,49.0,1,100.0,551.0,1,100.0,,0,0.0,,0,0.0
2006,1.0,2006-01,Americas,BOL,Bolivia (Plurinational State of),Flood,2,25.0,1,50.0,126600.0,2,100.0,35000000.0,1,50.0,55895000.0,1,50.0
2006,1.0,2006-01,Americas,BRA,Brazil,Flood,1,12.0,1,100.0,,0,0.0,,0,0.0,,0,0.0
2006,1.0,2006-01,Americas,COL,Colombia,Flood,1,150.0,1,100.0,221465.0,1,100.0,,0,0.0,,0,0.0
2006,1.0,2006-01,Americas,GUY,Guyana,Flood,1,,0,0.0,35000.0,1,100.0,169000000.0,1,100.0,269894000.0,1,100.0
2006,1.0,2006-01,Americas,PER,Peru,Drought,1,,0,0.0,,0,0.0,,0,0.0,,0,0.0
2006,1.0,2006-01,Americas,PER,Peru,Flood,1,,0,0.0,15325.0,1,100.0,,0,0.0,,0,0.0
2006,1.0,2006-01,Asia,AFG,Afghanistan,Mass movement (wet),2,28.0,2,100.0,300000.0,1,50.0,,0,0.0,,0,0.0
2006,1.0,2006-01,Asia,AFG,Afghanistan,Storm,1,29.0,1,100.0,,0,0.0,,0,0.0,,0,0.0
2006,1.0,2006-01,Asia,CHN,China,Earthquake,1,,0,0.0,68761.0,1,100.0,6900000.0,1,100.0,11019000.0,1,100.0
2006,1.0,2006-01,Asia,CHN,China,Storm,1,,0,0.0,105000.0,1,100.0,,0,0.0,,0,0.0
2006,1.0,2006-01,Asia,IDN,Indonesia,Flood,1,19.0,1,100.0,10000.0,1,100.0,27100000.0,1,100.0,43279000.0,1,100.0
2006,1.0,2006-01,Asia,IDN,Indonesia,Mass movement (wet),2,167.0,2,100.0,11313.0,2,100.0,37943000.0,2,100.0,60595000.0,2,100.0
2006,1.0,2006-01,Asia,JPN,Japan,Storm,1,1.0,1,100.0,246.0,1,100.0,,0,0.0,,0,0.0
2006,1.0,2006-01,Asia,KGZ,Kyrgyzstan,Storm,1,4.0,1,100.0,9075.0,1,100.0,,0,0.0,,0,0.0
2006,1.0,2006-01,Asia,MYS,Malaysia,Flood,1,,0,0.0,1112.0,1,100.0,,0,0.0,,0,0.0
2006,1.0,2006-01,Asia,PHL,Philippines,Flood,1,4.0,1,100.0,256641.0,1,100.0,9600000.0,1,100.0,15331000.0,1,100.0
2006,1.0,2006-01,Asia,TJK,Tajikistan,Mass movement (wet),1,21.0,1,100.0,728.0,1,100.0,,0,0.0,,0,0.0
2006,1.0,2006-01,Asia,TLS,Timor-Leste,Storm,1,,0,0.0,8730.0,1,100.0,,0,0.0,,0,0.0
2006,1.0,2006-01,Asia,TUR,Türkiye,Epidemic,1,20.0,1,100.0,222.0,1,100.0,,0,0.0,,0,0.0
2006,1.0,2006-01,Europe,BGR,Bulgaria,Extreme temperature,1,18.0,1,100.0,20.0,1,100.0,,0,0.0,,0,0.0
2006,1.0,2006-01,Europe,BLR,Belarus,Extreme temperature,1,5.0,1,100.0,1820.0,1,100.0,,0,0.0,,0,0.0
2006,1.0,2006-01,Europe,DEU,Germany,Extreme temperature,1,10.0,1,100.0,,0,0.0,,0,0.0,,0,0.0
2006,1.0,2006-01,Europe,EST,Estonia,Extreme temperature,1,3.0,1,100.0,,0,0.0,,0,0.0,,0,0.0
2006,1.0,2006-01,Europe,LVA,Latvia,Extreme temperature,1,40.0,1,100.0,,0,0.0,,0,0.0,,0,0.0
2006,1.0,2006-01,Europe,MDA,Republic of Moldova,Extreme temperature,1,13.0,1,100.0,,0,0.0,,0,0.0,,0,0.0
2006,1.0,2006-01,Europe,NOR,Norway,Flood,1,1.0,1,100.0,200.0,1,100.0,,0,0.0,,0,0.0
2006,1.0,2006-01,Europe,ROU,Romania,Extreme temperature,1,68.0,1,100.0,,0,0.0,,0,0.0,,0,0.0
2006,1.0,2006-01,Europe,RUS,Russian Federation,Extreme temperature,1,116.0,1,100.0,14.0,1,100.0,1000000000.0,1,100.0,1597005000.0,1,100.0
2006,1.0,2006-01,Europe,SCG,Serbia Montenegro,Extreme temperature,1,3.0,1,100.0,,0,0.0,,0,0.0,,0,0.0
2006,1.0,2006-01,Europe,UKR,Ukraine,Extreme temperature,1,801.0,1,100.0,59600.0,1,100.0,,0,0.0,,0,0.0
2006,1.0,2006-01,Oceania,AUS,Australia,Storm,1,,0,0.0,1500.0,1,100.0,2354000.0,1,100.0,3759000.0,1,100.0
2006,1.0,2006-01,Oceania,AUS,Australia,Wildfire,1,3.0,1,100.0,81.0,1,100.0,50000000.0,1,100.0,79850000.0,1,100.0
2006,1.0,2006-01,Oceania,FJI,Fiji,Storm,1,,0,0.0,168.0,1,100.0,,0,0.0,,0,0.0
2006,1.0,2006-01,Oceania,PNG,Papua New Guinea,Mass movement (wet),1,14.0,1,100.0,10000.0,1,100.0,,0,0.0,,0,0.0
2006,2.0,2006-02,Africa,AGO,Angola,Epidemic,1,2354.0,1,100.0,57570.0,1,100.0,,0,0.0,,0,0.0
2006,2.0,2006-02,Africa,CIV,Côte d’Ivoire,Epidemic,1,40.0,1,100.0,90.0,1,100.0,,0,0.0,,0,0.0
2006,2.0,2006-02,Africa,COD,Democratic Republic of the Congo,Flood,1,,0,0.0,3870.0,1,100.0,,0,0.0,,0,0.0
2006,2.0,2006-02,Africa,DZA,Algeria,Flood,1,1.0,1,100.0,60000.0,1,100.0,1200000.0,1,100.0,1916000.0,1,100.0
2006,2.0,2006-02,Africa,MDG,Madagascar,Storm,1,3.0,1,100.0,6212.0,1,100.0,,0,0.0,,0,0.0
2006,2.0,2006-02,Africa,MOZ,Mozambique,Earthquake,1,4.0,1,100.0,1476.0,1,100.0,,0,0.0,,0,0.0
2006,2.0,2006-02,Africa,NAM,Namibia,Flood,1,5.0,1,100.0,2100.0,1,100.0,8490000.0,1,100.0,13559000.0,1,100.0
2006,2.0,2006-02,Americas,ECU,Ecuador,Flood,1,16.0,1,100.0,57670.0,1,100.0,2800000.0,1,100.0,4472000.0,1,100.0
2006,2.0,2006-02,Asia,AFG,Afghanistan,Storm,1,42.0,1,100.0,,0,0.0,,0,0.0,,0,0.0
2006,2.0,2006-02,Asia,IDN,Indonesia,Flood,1,39.0,1,100.0,17539.0,1,100.0,25000000.0,1,100.0,39925000.0,1,100.0
2006,2.0,2006-02,Asia,IRN,Iran (Islamic Republic of),Earthquake,1,,0,0.0,7006.0,1,100.0,,0,0.0,,0,0.0
2006,2.0,2006-02,Asia,IRQ,Iraq,Flood,1,,0,0.0,41890.0,1,100.0,1300000.0,1,100.0,2076000.0,1,100.0
2006,2.0,2006-02,Asia,MYS,Malaysia,Flood,1,,0,0.0,4906.0,1,100.0,,0,0.0,,0,0.0
2006,2.0,2006-02,Asia,PHL,Philippines,Mass movement (wet),2,1137.0,2,100.0,13451.0,2,100.0,2203000.0,1,50.0,3518000.0,1,50.0
2006,2.0,2006-02,Asia,THA,Thailand,Flood,1,,0,0.0,2000.0,1,100.0,,0,0.0,,0,0.0
2006,2.0,2006-02,Asia,YEM,Yemen,Flood,1,5.0,1,100.0,2000.0,1,100.0,,0,0.0,,0,0.0
2006,2.0,2006-02,Europe,BGR,Bulgaria,Earthquake,1,,0,0.0,527.0,1,100.0,,0,0.0,,0,0.0
2006,2.0,2006-02,Europe,SCG,Serbia Montenegro,Flood,1,,0,0.0,1200.0,1,100.0,,0,0.0,,0,0.0
2006,2.0,2006-02,Oceania,FJI,Fiji,Flood,1,4.0,1,100.0,224.0,1,100.0,500000.0,1,100.0,799000.0,1,100.0
2006,2.0,2006-02,Oceania,PNG,Papua New Guinea,Flood,1,1.0,1,100.0,12000.0,1,100.0,,0,0.0,,0,0.0
2006,3.0,2006-03,Africa,COD,Democratic Republic of the Congo,Storm,1,3.0,1,100.0,75066.0,1,100.0,,0,0.0,,0,0.0
2006,3.0,2006-03,Africa,DZA,Algeria,Earthquake,1,4.0,1,100.0,319.0,1,100.0,,0,0.0,,0,0.0
2006,3.0,2006-03,Africa,MWI,Malawi,Flood,1,3.0,1,100.0,8000.0,1,100.0,,0,0.0,,0,0.0
2006,3.0,2006-03,Africa,ZAF,South Africa,Flood,1,6.0,1,100.0,4160.0,1,100.0,71000000.0,1,100.0,113387000.0,1,100.0
2006,3.0,2006-03,Americas,ARG,Argentina,Flood,1,,0,0.0,4500.0,1,100.0,,0,0.0,,0,0.0
2006,3.0,2006-03,Americas,BRA,Brazil,Flood,1,8.0,1,100.0,116000.0,1,100.0,,0,0.0,,0,0.0
2006,3.0,2006-03,Americas,COL,Colombia,Volcanic activity,1,,0,0.0,8500.0,1,100.0,,0,0.0,,0,0.0
2006,3.0,2006-03,Americas,PER,Peru,Volcanic activity,1,,0,0.0,3000.0,1,100.0,,0,0.0,,0,0.0
2006,3.0,2006-03,Americas,USA,United States of America,Flood,1,7.0,1,100.0,,0,0.0,12000000.0,1,100.0,19164000.0,1,100.0
2006,3.0,2006-03,Americas,USA,United States of America,Storm,1,10.0,1,100.0,42.0,1,100.0,1200000000.0,1,100.0,1916407000.0,1,100.0
2006,3.0,2006-03,Americas,USA,United States of America,Wildfire,1,12.0,1,100.0,300.0,1,100.0,150000000.0,1,100.0,239551000.0,1,100.0
2006,3.0,2006-03,Asia,BGD,Bangladesh,Storm,1,4.0,1,100.0,5899.0,1,100.0,,0,0.0,,0,0.0
2006,3.0,2006-03,Asia,IDN,Indonesia,Earthquake,1,3.0,1,100.0,1202.0,1,100.0,,0,0.0,,0,0.0
2006,3.0,2006-03,Asia,IND,India,Flood,1,61.0,1,100.0,113.0,1,100.0,,0,0.0,,0,0.0
2006,3.0,2006-03,Asia,IRN,Iran (Islamic Republic of),Earthquake,1,63.0,1,100.0,161418.0,1,100.0,42262000.0,1,100.0,67493000.0,1,100.0
2006,3.0,2006-03,Asia,PHL,Philippines,Flood,1,1.0,1,100.0,1000.0,1,100.0,,0,0.0,,0,0.0
2006,3.0,2006-03,Europe,AUT,Austria,Flood,1,,0,0.0,516.0,1,100.0,,0,0.0,,0,0.0
2006,3.0,2006-03,Europe,CHE,Switzerland,Storm,1,1.0,1,100.0,,0,0.0,,0,0.0,,0,0.0
2006,3.0,2006-03,Europe,CZE,Czechia,Flood,1,6.0,1,100.0,4200.0,1,100.0,,0,0.0,,0,0.0
2006,3.0,2006-03,Europe,DEU,Germany,Flood,1,3.0,1,100.0,1000.0,1,100.0,,0,0.0,,0,0.0
2006,3.0,2006-03,Europe,DEU,Germany,Storm,1,10.0,1,100.0,200.0,1,100.0,,0,0.0,,0,0.0
2006,3.0,2006-03,Europe,FRA,France,Storm,1,4.0,1,100.0,,0,0.0,,0,0.0,,0,0.0
2006,3.0,2006-03,Europe,HUN,Hungary,Flood,1,,0,0.0,32000.0,1,100.0,,0,0.0,,0,0.0
2006,3.0,2006-03,Europe,ITA,Italy,Storm,1,1.0,1,100.0,,0,0.0,,0,0.0,,0,0.0
2006,3.0,2006-03,Europe,ROU,Romania,Flood,2,6.0,1,50.0,17671.0,2,100.0,,0,0.0,,0,0.0
2006,3.0,2006-03,Europe,SVK,Slovakia,Flood,1,1.0,1,100.0,,0,0.0,,0,0.0,,0,0.0
2006,3.0,2006-03,Oceania,AUS,Australia,Storm,2,,0,0.0,7530.0,2,100.0,1180000000.0,1,50.0,1884466000.0,1,50.0
2006,4.0,2006-04,Africa,BDI,Burundi,Flood,1,1.0,1,100.0,1200.0,1,100.0,,0,0.0,,0,0.0
2006,4.0,2006-04,Africa,COD,Democratic Republic of the Congo,Epidemic,1,20.0,1,100.0,16.0,1,100.0,,0,0.0,,0,0.0
2006,4.0,2006-04,Africa,COD,Democratic Republic of the Congo,Flood,1,1.0,1,100.0,5500.0,1,100.0,,0,0.0,,0,0.0
2006,4.0,2006-04,Africa,ETH,Ethiopia,Epidemic,2,351.0,2,100.0,32848.0,2,100.0,,0,0.0,,0,0.0
2006,4.0,2006-04,Africa,ETH,Ethiopia,Flood,1,,0,0.0,10000.0,1,100.0,,0,0.0,,0,0.0
2006,4.0,2006-04,Africa,KEN,Kenya,Flood,2,68.0,2,100.0,30300.0,2,100.0,,0,0.0,,0,0.0
2006,4.0,2006-04,Africa,SDN,Sudan,Epidemic,1,196.0,1,100.0,5757.0,1,100.0,,0,0.0,,0,0.0
2006,4.0,2006-04,Africa,UGA,Uganda,Epidemic,1,43.0,1,100.0,403.0,1,100.0,,0,0.0,,0,0.0
2006,4.0,2006-04,Americas,CAN,Canada,Flood,3,,0,0.0,3200.0,3,100.0,,0,0.0,,0,0.0
2006,4.0,2006-04,Americas,USA,United States of America,Flood,1,1.0,1,100.0,600.0,1,100.0,259000000.0,1,100.0,413624000.0,1,100.0
2006,4.0,2006-04,Americas,USA,United States of America,Storm,2,40.0,2,100.0,4261.0,2,100.0,2200000000.0,2,100.0,3513412000.0,2,100.0
2006,4.0,2006-04,Asia,AFG,Afghanistan,Flood,1,19.0,1,100.0,5025.0,1,100.0,,0,0.0,,0,0.0
2006,4.0,2006-04,Asia,BGD,Bangladesh,Storm,3,35.0,3,100.0,3115.0,3,100.0,,0,0.0,,0,0.0
2006,4.0,2006-04,Asia,CHN,China,Flood,2,43.0,2,100.0,47361.0,2,100.0,369000000.0,2,100.0,589295000.0,2,100.0
2006,4.0,2006-04,Asia,CHN,China,Storm,1,17.0,1,100.0,6458.0,1,100.0,282000000.0,1,100.0,450356000.0,1,100.0
2006,4.0,2006-04,Asia,GEO,Georgia,Flood,1,,0,0.0,600.0,1,100.0,,0,0.0,,0,0.0
2006,4.0,2006-04,Asia,IDN,Indonesia,Flood,1,22.0,1,100.0,402.0,1,100.0,,0,0.0,,0,0.0
2006,4.0,2006-04,Asia,IDN,Indonesia,Volcanic activity,1,,0,0.0,11000.0,1,100.0,,0,0.0,,0,0.0
2006,4.0,2006-04,Asia,IND,India,Flood,1,20.0,1,100.0,,0,0.0,,0,0.0,,0,0.0
2006,4.0,2006-04,Asia,MMR,Myanmar,Storm,1,34.0,1,100.0,60106.0,1,100.0,,0,0.0,,0,0.0
2006,4.0,2006-04,Asia,MYS,Malaysia,Flood,1,,0,0.0,500.0,1,100.0,,0,0.0,,0,0.0
2006,4.0,2006-04,Asia,TJK,Tajikistan,Mass movement (wet),1,1.0,1,100.0,13000.0,1,100.0,,0,0.0,,0,0.0
2006,4.0,2006-04,Asia,VNM,Viet Nam,Storm,1,1.0,1,100.0,1005.0,1,100.0,,0,0.0,,0,0.0
2006,4.0,2006-04,Asia,YEM,Yemen,Flood,1,25.0,1,100.0,320.0,1,100.0,,0,0.0,,0,0.0
2006,4.0,2006-04,Europe,BGR,Bulgaria,Flood,2,,0,0.0,,0,0.0,,0,0.0,,0,0.0
2006,4.0,2006-04,Europe,HRV,Croatia,Flood,1,,0,0.0,,0,0.0,,0,0.0,,0,0.0
2006,4.0,2006-04,Europe,ITA,Italy,Mass movement (wet),1,4.0,1,100.0,159.0,1,100.0,,0,0.0,,0,0.0
2006,4.0,2006-04,Europe,ROU,Romania,Flood,1,,0,0.0,,0,0.0,,0,0.0,,0,0.0
2006,4.0,2006-04,Europe,RUS,Russian Federation,Earthquake,1,,0,0.0,12040.0,1,100.0,55000000.0,1,100.0,87835000.0,1,100.0
2006,4.0,2006-04,Europe,RUS,Russian Federation,Flood,1,,0,0.0,420.0,1,100.0,7411000.0,1,100.0,11835000.0,1,100.0
2006,4.0,2006-04,Europe,SCG,Serbia Montenegro,Flood,1,,0,0.0,35000.0,1,100.0,,0,0.0,,0,0.0
2006,4.0,2006-04,Europe,UKR,Ukraine,Flood,1,,0,0.0,,0,0.0,,0,0.0,,0,0.0
2006,4.0,2006-04,Oceania,AUS,Australia,Flood,1,,0,0.0,1100.0,1,100.0,,0,0.0,,0,0.0
2006,4.0,2006-04,Oceania,NZL,New Zealand,Flood,1,,0,0.0,1200.0,1,100.0,3000000.0,1,100.0,4791000.0,1,100.0
2006,4.0,2006-04,Oceania,PNG,Papua New Guinea,Flood,1,,0,0.0,400.0,1,100.0,,0,0.0,,0,0.0
2006,4.0,2006-04,Oceania,PNG,Papua New Guinea,Mass movement (wet),1,1.0,1,100.0,300.0,1,100.0,,0,0.0,,0,0.0
2006,5.0,2006-05,Africa,BDI,Burundi,Flood,2,10.0,2,100.0,7000.0,2,100.0,,0,0.0,,0,0.0
2006,5.0,2006-05,Africa,COD,Democratic Republic of the Congo,Epidemic,1,19.0,1,100.0,81.0,1,100.0,,0,0.0,,0,0.0
2006,5.0,2006-05,Africa,COM,Comoros,Volcanic activity,1,,0,0.0,,0,0.0,,0,0.0,,0,0.0
2006,5.0,2006-05,Africa,GNB,Guinea-Bissau,Drought,1,,0,0.0,32000.0,1,100.0,,0,0.0,,0,0.0
2006,5.0,2006-05,Africa,KEN,Kenya,Epidemic,1,13.0,1,100.0,,0,0.0,,0,0.0,,0,0.0
2006,5.0,2006-05,Africa,MAR,Morocco,Flood,1,6.0,1,100.0,1100.0,1,100.0,,0,0.0,,0,0.0
2006,5.0,2006-05,Africa,NAM,Namibia,Epidemic,1,10.0,1,100.0,47.0,1,100.0,,0,0.0,,0,0.0
2006,5.0,2006-05,Africa,SOM,Somalia,Epidemic,1,12.0,1,100.0,80.0,1,100.0,,0,0.0,,0,0.0
2006,5.0,2006-05,Africa,TZA,United Republic of Tanzania,Flood,1,,0,0.0,19000.0,1,100.0,,0,0.0,,0,0.0
2006,5.0,2006-05,Americas,CAN,Canada,Flood,2,1.0,1,50.0,700.0,2,100.0,,0,0.0,,0,0.0
2006,5.0,2006-05,Americas,ECU,Ecuador,Volcanic activity,1,,0,0.0,250.0,1,100.0,,0,0.0,,0,0.0
2006,5.0,2006-05,Americas,SUR,Suriname,Flood,1,3.0,1,100.0,25000.0,1,100.0,,0,0.0,,0,0.0
2006,5.0,2006-05,Americas,USA,United States of America,Flood,1,2.0,1,100.0,2500.0,1,100.0,85000000.0,1,100.0,135745000.0,1,100.0
2006,5.0,2006-05,Americas,USA,United States of America,Storm,1,1.0,1,100.0,600.0,1,100.0,450000000.0,1,100.0,718652000.0,1,100.0
2006,5.0,2006-05,Asia,AFG,Afghanistan,Flood,2,21.0,1,50.0,2350.0,2,100.0,,0,0.0,,0,0.0
2006,5.0,2006-05,Asia,BGD,Bangladesh,Flood,1,,0,0.0,76000.0,1,100.0,,0,0.0,,0,0.0
2006,5.0,2006-05,Asia,CHN,China,Drought,1,134.0,1,100.0,18000000.0,1,100.0,2910000000.0,1,100.0,4647286000.0,1,100.0
2006,5.0,2006-05,Asia,CHN,China,Flood,3,76.0,3,100.0,713035.0,3,100.0,450000000.0,2,66.67,718652000.0,2,66.67
2006,5.0,2006-05,Asia,CHN,China,Storm,1,23.0,1,100.0,3150000.0,1,100.0,475000000.0,1,100.0,758578000.0,1,100.0
2006,5.0,2006-05,Asia,IDN,Indonesia,Earthquake,1,5778.0,1,100.0,3177923.0,1,100.0,3100000000.0,1,100.0,4950717000.0,1,100.0
2006,5.0,2006-05,Asia,IND,India,Extreme temperature,1,47.0,1,100.0,,0,0.0,,0,0.0,,0,0.0
2006,5.0,2006-05,Asia,IND,India,Flood,3,94.0,3,100.0,514800.0,2,66.67,,0,0.0,,0,0.0
2006,5.0,2006-05,Asia,IND,India,Storm,1,76.0,1,100.0,,0,0.0,,0,0.0,,0,0.0
2006,5.0,2006-05,Asia,IRN,Iran (Islamic Republic of),Earthquake,1,,0,0.0,70.0,1,100.0,,0,0.0,,0,0.0
2006,5.0,2006-05,Asia,IRN,Iran (Islamic Republic of),Flood,1,14.0,1,100.0,2800.0,1,100.0,16000000.0,1,100.0,25552000.0,1,100.0
2006,5.0,2006-05,Asia,PAK,Pakistan,Extreme temperature,1,84.0,1,100.0,100.0,1,100.0,,0,0.0,,0,0.0
2006,5.0,2006-05,Asia,PHL,Philippines,Storm,1,41.0,1,100.0,42000.0,1,100.0,3328000.0,1,100.0,5315000.0,1,100.0
2006,5.0,2006-05,Asia,THA,Thailand,Flood,1,116.0,1,100.0,342895.0,1,100.0,25000000.0,1,100.0,39925000.0,1,100.0
2006,5.0,2006-05,Asia,VNM,Viet Nam,Storm,1,204.0,1,100.0,600000.0,1,100.0,,0,0.0,,0,0.0
2006,5.0,2006-05,Oceania,VUT,Vanuatu,Volcanic activity,1,,0,0.0,,0,0.0,,0,0.0,,0,0.0
2006,6.0,2006-06,Africa,BDI,Burundi,Flood,1,11.0,1,100.0,1000.0,1,100.0,,0,0.0,,0,0.0
2006,6.0,2006-06,Africa,SOM,Somalia,Epidemic,1,20.0,1,100.0,,0,0.0,,0,0.0,,0,0.0
2006,6.0,2006-06,Africa,TCD,Chad,Epidemic,1,20.0,1,100.0,216.0,1,100.0,,0,0.0,,0,0.0
2006,6.0,2006-06,Africa,TGO,Togo,Flood,1,,0,0.0,2000.0,1,100.0,,0,0.0,,0,0.0
2006,6.0,2006-06,Americas,CUB,Cuba,Flood,1,2.0,1,100.0,1500.0,1,100.0,,0,0.0,,0,0.0
2006,6.0,2006-06,Americas,CUB,Cuba,Storm,1,,0,0.0,268.0,1,100.0,,0,0.0,,0,0.0
2006,6.0,2006-06,Americas,HND,Honduras,Flood,1,4.0,1,100.0,1500.0,1,100.0,8000000.0,1,100.0,12776000.0,1,100.0
2006,6.0,2006-06,Americas,USA,United States of America,Flood,2,13.0,2,100.0,67400.0,2,100.0,1007000000.0,2,100.0,1608184000.0,2,100.0
2006,6.0,2006-06,Asia,CHN,China,Earthquake,1,,0,0.0,130.0,1,100.0,,0,0.0,,0,0.0
2006,6.0,2006-06,Asia,CHN,China,Flood,8,203.0,8,100.0,12802049.0,8,100.0,837500000.0,4,50.0,1337493000.0,4,50.0
2006,6.0,2006-06,Asia,CHN,China,Mass movement (dry),1,11.0,1,100.0,5.0,1,100.0,,0,0.0,,0,0.0
2006,6.0,2006-06,Asia,IDN,Indonesia,Flood,4,329.0,3,75.0,52481.0,3,75.0,55200000.0,1,25.0,88155000.0,1,25.0
2006,6.0,2006-06,Asia,IND,India,Flood,1,130.0,1,100.0,300000.0,1,100.0,,0,0.0,,0,0.0
2006,6.0,2006-06,Asia,JPN,Japan,Flood,1,34.0,1,100.0,6232.0,1,100.0,,0,0.0,,0,0.0
2006,6.0,2006-06,Asia,NPL,Nepal,Flood,1,,0,0.0,,0,0.0,,0,0.0,,0,0.0
2006,6.0,2006-06,Asia,PHL,Philippines,Storm,1,8.0,1,100.0,476027.0,1,100.0,645000.0,1,100.0,1030000.0,1,100.0
2006,6.0,2006-06,Asia,TWN,Taiwan (Province of China),Flood,1,3.0,1,100.0,300.0,1,100.0,116130000.0,1,100.0,185460000.0,1,100.0
2006,6.0,2006-06,Europe,BEL,Belgium,Extreme temperature,1,940.0,1,100.0,,0,0.0,,0,0.0,,0,0.0
2006,6.0,2006-06,Europe,CZE,Czechia,Flood,1,,0,0.0,115.0,1,100.0,,0,0.0,,0,0.0
2006,6.0,2006-06,Europe,DEU,Germany,Storm,1,1.0,1,100.0,100.0,1,100.0,,0,0.0,,0,0.0
2006,6.0,2006-06,Europe,POL,Poland,Flood,1,,0,0.0,500.0,1,100.0,,0,0.0,,0,0.0
2006,6.0,2006-06,Europe,ROU,Romania,Extreme temperature,1,26.0,1,100.0,200.0,1,100.0,,0,0.0,,0,0.0
2006,6.0,2006-06,Europe,ROU,Romania,Flood,3,28.0,3,100.0,17660.0,3,100.0,,0,0.0,,0,0.0
2006,6.0,2006-06,Europe,RUS,Russian Federation,Flood,1,,0,0.0,1300.0,1,100.0,125000000.0,1,100.0,199626000.0,1,100.0
2006,6.0,2006-06,Europe,SVK,Slovakia,Flood,1,,0,0.0,100.0,1,100.0,,0,0.0,,0,0.0
2006,7.0,2006-07,Africa,COD,Democratic Republic of the Congo,Epidemic,2,55.0,2,100.0,925.0,2,100.0,,0,0.0,,0,0.0
2006,7.0,2006-07,Africa,MRT,Mauritania,Flood,1,7.0,1,100.0,1619.0,1,100.0,,0,0.0,,0,0.0
2006,7.0,2006-07,Africa,NGA,Nigeria,Flood,1,,0,0.0,2000.0,1,100.0,,0,0.0,,0,0.0
2006,7.0,2006-07,Americas,CHL,Chile,Flood,1,18.0,1,100.0,95862.0,1,100.0,,0,0.0,,0,0.0
2006,7.0,2006-07,Americas,COL,Colombia,Volcanic activity,1,,0,0.0,8500.0,1,100.0,,0,0.0,,0,0.0
2006,7.0,2006-07,Americas,ECU,Ecuador,Volcanic activity,1,5.0,1,100.0,300013.0,1,100.0,150000000.0,1,100.0,239551000.0,1,100.0
2006,7.0,2006-07,Americas,HTI,Haiti,Flood,1,,0,0.0,4690.0,1,100.0,,0,0.0,,0,0.0
2006,7.0,2006-07,Americas,MEX,Mexico,Flood,1,,0,0.0,,0,0.0,,0,0.0,,0,0.0
2006,7.0,2006-07,Americas,USA,United States of America,Extreme temperature,2,188.0,2,100.0,,0,0.0,,0,0.0,,0,0.0
2006,7.0,2006-07,Americas,USA,United States of America,Flood,2,1.0,1,50.0,600.0,1,50.0,100000000.0,1,50.0,159701000.0,1,50.0
2006,7.0,2006-07,Americas,USA,United States of America,Wildfire,1,1.0,1,100.0,167.0,1,100.0,16000000.0,1,100.0,25552000.0,1,100.0
2006,7.0,2006-07,Asia,AFG,Afghanistan,Drought,1,,0,0.0,1900000.0,1,100.0,,0,0.0,,0,0.0
2006,7.0,2006-07,Asia,AFG,Afghanistan,Earthquake,1,1.0,1,100.0,935.0,1,100.0,,0,0.0,,0,0.0
2006,7.0,2006-07,Asia,AFG,Afghanistan,Flood,3,76.0,3,100.0,8020.0,2,66.67,,0,0.0,,0,0.0
2006,7.0,2006-07,Asia,CHN,China,Earthquake,1,22.0,1,100.0,265106.0,1,100.0,,0,0.0,,0,0.0
2006,7.0,2006-07,Asia,CHN,China,Flood,5,66.0,4,80.0,1407616.0,4,80.0,31000000.0,1,20.0,49507000.0,1,20.0
2006,7.0,2006-07,Asia,CHN,China,Mass movement (wet),1,11.0,1,100.0,,0,0.0,,0,0.0,,0,0.0
2006,7.0,2006-07,Asia,CHN,China,Storm,2,929.0,2,100.0,36153000.0,2,100.0,3692000000.0,2,100.0,5896144000.0,2,100.0
2006,7.0,2006-07,Asia,IDN,Indonesia,Earthquake,1,802.0,1,100.0,35543.0,1,100.0,55000000.0,1,100.0,87835000.0,1,100.0
2006,7.0,2006-07,Asia,IND,India,Flood,4,422.0,4,100.0,4009265.0,3,75.0,3390000000.0,1,25.0,5413848000.0,1,25.0
2006,7.0,2006-07,Asia,JPN,Japan,Flood,1,8.0,1,100.0,4300.0,1,100.0,,0,0.0,,0,0.0
2006,7.0,2006-07,Asia,KHM,Cambodia,Flood,1,,0,0.0,5000.0,1,100.0,,0,0.0,,0,0.0
2006,7.0,2006-07,Asia,KOR,Republic of Korea,Flood,1,46.0,1,100.0,4630.0,1,100.0,,0,0.0,,0,0.0
2006,7.0,2006-07,Asia,NPL,Nepal,Drought,1,,0,0.0,200000.0,1,100.0,,0,0.0,,0,0.0
2006,7.0,2006-07,Asia,PAK,Pakistan,Flood,3,53.0,2,66.67,2300.0,2,66.67,,0,0.0,,0,0.0
2006,7.0,2006-07,Asia,PAK,Pakistan,Mass movement (wet),1,29.0,1,100.0,5.0,1,100.0,,0,0.0,,0,0.0
2006,7.0,2006-07,Asia,PHL,Philippines,Storm,2,41.0,2,100.0,252035.0,2,100.0,3471000.0,2,100.0,5543000.0,2,100.0
2006,7.0,2006-07,Asia,PRK,Democratic People's Republic of Korea,Flood,1,278.0,1,100.0,84500.0,1,100.0,,0,0.0,,0,0.0
2006,7.0,2006-07,Asia,TJK,Tajikistan,Earthquake,1,3.0,1,100.0,15427.0,1,100.0,22000000.0,1,100.0,35134000.0,1,100.0
2006,7.0,2006-07,Asia,TUR,Türkiye,Flood,1,12.0,1,100.0,,0,0.0,,0,0.0,,0,0.0
2006,7.0,2006-07,Asia,TWN,Taiwan (Province of China),Storm,2,3.0,1,50.0,800.0,1,50.0,,0,0.0,,0,0.0
2006,7.0,2006-07,Asia,VNM,Viet Nam,Flood,2,16.0,2,100.0,2100.0,2,100.0,1000000.0,1,50.0,1597000.0,1,50.0
2006,7.0,2006-07,Asia,VNM,Viet Nam,Storm,1,17.0,1,100.0,2000.0,1,100.0,,0,0.0,,0,0.0
2006,7.0,2006-07,Europe,CHE,Switzerland,Flood,1,,0,0.0,3000.0,1,100.0,,0,0.0,,0,0.0
2006,7.0,2006-07,Europe,DEU,Germany,Extreme temperature,1,2.0,1,100.0,,0,0.0,,0,0.0,,0,0.0
2006,7.0,2006-07,Europe,ESP,Spain,Extreme temperature,1,21.0,1,100.0,,0,0.0,,0,0.0,,0,0.0
2006,7.0,2006-07,Europe,FRA,France,Extreme temperature,1,1388.0,1,100.0,,0,0.0,,0,0.0,,0,0.0
2006,7.0,2006-07,Europe,NLD,Netherlands (Kingdom of the),Extreme temperature,1,1000.0,1,100.0,,0,0.0,,0,0.0,,0,0.0
2006,7.0,2006-07,Europe,PRT,Portugal,Extreme temperature,1,41.0,1,100.0,,0,0.0,,0,0.0,,0,0.0
2006,7.0,2006-07,Europe,RUS,Russian Federation,Flood,1,,0,0.0,6000.0,1,100.0,,0,0.0,,0,0.0
2006,7.0,2006-07,Europe,UKR,Ukraine,Flood,1,2.0,1,100.0,5000.0,1,100.0,23855000.0,1,100.0,38097000.0,1,100.0
2006,7.0,2006-07,Oceania,PNG,Papua New Guinea,Volcanic activity,1,,0,0.0,2078.0,1,100.0,,0,0.0,,0,0.0
2006,8.0,2006-08,Africa,BDI,Burundi,Flood,1,,0,0.0,1500.0,1,100.0,,0,0.0,,0,0.0
2006,8.0,2006-08,Africa,BFA,Burkina Faso,Flood,1,,0,0.0,15610.0,1,100.0,,0,0.0,,0,0.0
2006,8.0,2006-08,Africa,ETH,Ethiopia,Flood,5,871.0,5,100.0,62546.0,5,100.0,3200000.0,1,20.0,5110000.0,1,20.0
2006,8.0,2006-08,Africa,GIN,Guinea,Flood,1,,0,0.0,1200.0,1,100.0,,0,0.0,,0,0.0
2006,8.0,2006-08,Africa,MLI,Mali,Drought,1,,0,0.0,25000.0,1,100.0,,0,0.0,,0,0.0
2006,8.0,2006-08,Africa,MLI,Mali,Flood,1,1.0,1,100.0,1000.0,1,100.0,,0,0.0,,0,0.0
2006,8.0,2006-08,Africa,MRT,Mauritania,Flood,1,,0,0.0,9000.0,1,100.0,,0,0.0,,0,0.0
2006,8.0,2006-08,Africa,NER,Niger,Flood,1,4.0,1,100.0,46472.0,1,100.0,,0,0.0,,0,0.0
2006,8.0,2006-08,Africa,NGA,Nigeria,Flood,1,,0,0.0,10000.0,1,100.0,,0,0.0,,0,0.0
2006,8.0,2006-08,Africa,SDN,Sudan,Flood,3,27.0,1,33.33,167000.0,3,100.0,,0,0.0,,0,0.0
2006,8.0,2006-08,Africa,SOM,Somalia,Flood,2,10.0,2,100.0,32000.0,2,100.0,,0,0.0,,0,0.0
2006,8.0,2006-08,Africa,SWZ,Eswatini,Storm,1,1.0,1,100.0,6535.0,1,100.0,,0,0.0,,0,0.0
2006,8.0,2006-08,Africa,TZA,United Republic of Tanzania,Epidemic,1,50.0,1,100.0,106.0,1,100.0,,0,0.0,,0,0.0
2006,8.0,2006-08,Africa,UGA,Uganda,Flood,1,3.0,1,100.0,1680.0,1,100.0,,0,0.0,,0,0.0
2006,8.0,2006-08,Africa,ZAF,South Africa,Flood,1,6.0,1,100.0,3000.0,1,100.0,145000000.0,1,100.0,231566000.0,1,100.0
2006,8.0,2006-08,Americas,HTI,Haiti,Storm,1,5.0,1,100.0,15000.0,1,100.0,,0,0.0,,0,0.0
2006,8.0,2006-08,Americas,MEX,Mexico,Mass movement (wet),1,11.0,1,100.0,,0,0.0,,0,0.0,,0,0.0
2006,8.0,2006-08,Americas,USA,United States of America,Flood,1,,0,0.0,150.0,1,100.0,15500000.0,1,100.0,24754000.0,1,100.0
2006,8.0,2006-08,Americas,USA,United States of America,Storm,1,6.0,1,100.0,140.0,1,100.0,32860000.0,1,100.0,52478000.0,1,100.0
2006,8.0,2006-08,Asia,BGD,Bangladesh,Flood,1,,0,0.0,135775.0,1,100.0,,0,0.0,,0,0.0
2006,8.0,2006-08,Asia,CHN,China,Earthquake,1,1.0,1,100.0,45551.0,1,100.0,,0,0.0,,0,0.0
2006,8.0,2006-08,Asia,CHN,China,Flood,1,15.0,1,100.0,,0,0.0,,0,0.0,,0,0.0
2006,8.0,2006-08,Asia,CHN,China,Storm,2,530.0,2,100.0,15923350.0,2,100.0,3410000000.0,2,100.0,5445789000.0,2,100.0
2006,8.0,2006-08,Asia,IDN,Indonesia,Wildfire,1,,0,0.0,200.0,1,100.0,14000000.0,1,100.0,22358000.0,1,100.0
2006,8.0,2006-08,Asia,IND,India,Flood,5,381.0,4,80.0,2185000.0,5,100.0,,0,0.0,,0,0.0
2006,8.0,2006-08,Asia,KHM,Cambodia,Flood,1,5.0,1,100.0,33000.0,1,100.0,,0,0.0,,0,0.0
2006,8.0,2006-08,Asia,NPL,Nepal,Mass movement (wet),2,157.0,2,100.0,80000.0,1,50.0,,0,0.0,,0,0.0
2006,8.0,2006-08,Asia,PAK,Pakistan,Flood,3,327.0,3,100.0,5825.0,2,66.67,,0,0.0,,0,0.0
2006,8.0,2006-08,Asia,PHL,Philippines,Flood,1,26.0,1,100.0,15000.0,1,100.0,,0,0.0,,0,0.0
2006,8.0,2006-08,Asia,PHL,Philippines,Mass movement (wet),1,6.0,1,100.0,1200.0,1,100.0,,0,0.0,,0,0.0
2006,8.0,2006-08,Asia,PHL,Philippines,Storm,1,6.0,1,100.0,15000.0,1,100.0,135000000.0,1,100.0,215596000.0,1,100.0
2006,8.0,2006-08,Asia,PHL,Philippines,Volcanic activity,1,,0,0.0,43849.0,1,100.0,,0,0.0,,0,0.0
2006,8.0,2006-08,Asia,THA,Thailand,Flood,1,164.0,1,100.0,2212413.0,1,100.0,9940000.0,1,100.0,15874000.0,1,100.0
2006,8.0,2006-08,Asia,VNM,Viet Nam,Flood,2,102.0,2,100.0,50020.0,1,50.0,8000000.0,1,50.0,12776000.0,1,50.0
2006,8.0,2006-08,Europe,ESP,Spain,Wildfire,1,4.0,1,100.0,,0,0.0,659000000.0,1,100.0,1052427000.0,1,100.0
2006,8.0,2006-08,Europe,HUN,Hungary,Storm,1,5.0,1,100.0,300.0,1,100.0,10000000.0,1,100.0,15970000.0,1,100.0
2006,8.0,2006-08,Europe,LTU,Lithuania,Drought,1,,0,0.0,,0,0.0,225573000.0,1,100.0,360241000.0,1,100.0
2006,8.0,2006-08,Europe,MKD,North Macedonia,Flood,1,,0,0.0,1500.0,1,100.0,,0,0.0,,0,0.0
2006,9.0,2006-09,Africa,BFA,Burkina Faso,Flood,1,,0,0.0,10000.0,1,100.0,,0,0.0,,0,0.0
2006,9.0,2006-09,Africa,SDN,Sudan,Epidemic,1,16.0,1,100.0,231.0,1,100.0,,0,0.0,,0,0.0
2006,9.0,2006-09,Africa,SOM,Somalia,Epidemic,1,40.0,1,100.0,5733.0,1,100.0,,0,0.0,,0,0.0
2006,9.0,2006-09,Africa,TCD,Chad,Flood,1,52.0,1,100.0,,0,0.0,,0,0.0,,0,0.0
2006,9.0,2006-09,Americas,MEX,Mexico,Mass movement (wet),1,10.0,1,100.0,,0,0.0,,0,0.0,,0,0.0
2006,9.0,2006-09,Americas,MEX,Mexico,Storm,2,11.0,2,100.0,250700.0,2,100.0,2700000.0,1,50.0,4312000.0,1,50.0
2006,9.0,2006-09,Americas,USA,United States of America,Flood,1,14.0,1,100.0,1210.0,1,100.0,,0,0.0,,0,0.0
2006,9.0,2006-09,Asia,BGD,Bangladesh,Storm,1,115.0,1,100.0,9135.0,1,100.0,,0,0.0,,0,0.0
2006,9.0,2006-09,Asia,IND,India,Storm,1,114.0,1,100.0,150300.0,1,100.0,,0,0.0,,0,0.0
2006,9.0,2006-09,Asia,JPN,Japan,Storm,1,10.0,1,100.0,12448.0,1,100.0,2500000000.0,1,100.0,3992514000.0,1,100.0
2006,9.0,2006-09,Asia,MMR,Myanmar,Flood,1,25.0,1,100.0,10000.0,1,100.0,,0,0.0,,0,0.0
2006,9.0,2006-09,Asia,PHL,Philippines,Storm,1,228.0,1,100.0,3842406.0,1,100.0,113000000.0,1,100.0,180462000.0,1,100.0
2006,9.0,2006-09,Asia,VNM,Viet Nam,Storm,1,71.0,1,100.0,1467925.0,1,100.0,624000000.0,1,100.0,996531000.0,1,100.0
2006,10.0,2006-10,Africa,AGO,Angola,Epidemic,1,68.0,1,100.0,,0,0.0,,0,0.0,,0,0.0
2006,10.0,2006-10,Africa,COD,Democratic Republic of the Congo,Epidemic,1,10.0,1,100.0,246.0,1,100.0,,0,0.0,,0,0.0
2006,10.0,2006-10,Africa,ETH,Ethiopia,Flood,1,80.0,1,100.0,361600.0,1,100.0,,0,0.0,,0,0.0
2006,10.0,2006-10,Africa,KEN,Kenya,Flood,2,144.0,2,100.0,753000.0,2,100.0,,0,0.0,,0,0.0
2006,10.0,2006-10,Africa,MAR,Morocco,Flood,2,11.0,1,50.0,1000.0,1,50.0,,0,0.0,,0,0.0
2006,10.0,2006-10,Africa,NGA,Nigeria,Flood,1,40.0,1,100.0,1000.0,1,100.0,,0,0.0,,0,0.0
2006,10.0,2006-10,Africa,SOM,Somalia,Flood,2,87.0,2,100.0,454500.0,2,100.0,,0,0.0,,0,0.0
2006,10.0,2006-10,Africa,TZA,United Republic of Tanzania,Flood,1,,0,0.0,2528.0,1,100.0,,0,0.0,,0,0.0
2006,10.0,2006-10,Africa,UGA,Uganda,Flood,1,,0,0.0,4000.0,1,100.0,,0,0.0,,0,0.0
2006,10.0,2006-10,Africa,ZMB,Zambia,Epidemic,1,5.0,1,100.0,105.0,1,100.0,,0,0.0,,0,0.0
2006,10.0,2006-10,Americas,MEX,Mexico,Storm,1,4.0,1,100.0,20000.0,1,100.0,,0,0.0,,0,0.0
2006,10.0,2006-10,Americas,PAN,Panama,Flood,1,,0,0.0,1900.0,1,100.0,,0,0.0,,0,0.0
2006,10.0,2006-10,Americas,USA,United States of America,Earthquake,1,,0,0.0,3529.0,1,100.0,150000000.0,1,100.0,239551000.0,1,100.0
2006,10.0,2006-10,Americas,USA,United States of America,Flood,1,,0,0.0,100.0,1,100.0,,0,0.0,,0,0.0
2006,10.0,2006-10,Americas,USA,United States of America,Storm,1,3.0,1,100.0,,0,0.0,300000000.0,1,100.0,479102000.0,1,100.0
2006,10.0,2006-10,Americas,USA,United States of America,Wildfire,1,4.0,1,100.0,103.0,1,100.0,25000000.0,1,100.0,39925000.0,1,100.0
2006,10.0,2006-10,Americas,VEN,Venezuela (Bolivarian Republic of),Flood,1,,0,0.0,135.0,1,100.0,,0,0.0,,0,0.0
2006,10.0,2006-10,Asia,CHN,China,Earthquake,1,,0,0.0,20000.0,1,100.0,,0,0.0,,0,0.0
2006,10.0,2006-10,Asia,CHN,China,Flood,1,27.0,1,100.0,20004.0,1,100.0,,0,0.0,,0,0.0
2006,10.0,2006-10,Asia,CHN,China,Storm,1,1.0,1,100.0,12.0,1,100.0,,0,0.0,,0,0.0
2006,10.0,2006-10,Asia,IND,India,Flood,2,86.0,2,100.0,225000.0,1,50.0,,0,0.0,,0,0.0
2006,10.0,2006-10,Asia,LKA,Sri Lanka,Flood,1,25.0,1,100.0,333002.0,1,100.0,3000000.0,1,100.0,4791000.0,1,100.0
2006,10.0,2006-10,Asia,PHL,Philippines,Flood,2,5.0,2,100.0,44250.0,2,100.0,1162000.0,2,100.0,1856000.0,2,100.0
2006,10.0,2006-10,Asia,PHL,Philippines,Storm,1,34.0,1,100.0,283021.0,1,100.0,9077000.0,1,100.0,14496000.0,1,100.0
2006,10.0,2006-10,Asia,PRK,Democratic People's Republic of Korea,Flood,1,,0,0.0,7324.0,1,100.0,,0,0.0,,0,0.0
2006,10.0,2006-10,Asia,SYR,Syrian Arab Republic,Flood,1,6.0,1,100.0,,0,0.0,,0,0.0,,0,0.0
2006,10.0,2006-10,Asia,TUR,Türkiye,Flood,1,47.0,1,100.0,63015.0,1,100.0,317000000.0,1,100.0,506251000.0,1,100.0
2006,10.0,2006-10,Asia,VNM,Viet Nam,Flood,1,60.0,1,100.0,,0,0.0,,0,0.0,,0,0.0
2006,10.0,2006-10,Europe,ESP,Spain,Flood,1,2.0,1,100.0,289.0,1,100.0,,0,0.0,,0,0.0
2006,10.0,2006-10,Europe,FRA,France,Storm,1,1.0,1,100.0,602.0,1,100.0,,0,0.0,,0,0.0
2006,10.0,2006-10,Europe,GRC,Greece,Flood,2,1.0,1,50.0,3090.0,2,100.0,5659000.0,1,50.0,9037000.0,1,50.0
2006,10.0,2006-10,Europe,GRC,Greece,Storm,1,3.0,1,100.0,600.0,1,100.0,,0,0.0,,0,0.0
2006,10.0,2006-10,Europe,PRT,Portugal,Flood,1,3.0,1,100.0,367.0,1,100.0,,0,0.0,,0,0.0
2006,10.0,2006-10,Oceania,AUS,Australia,Drought,1,,0,0.0,,0,0.0,,0,0.0,,0,0.0
2006,10.0,2006-10,Oceania,PNG,Papua New Guinea,Volcanic activity,1,,0,0.0,1221.0,1,100.0,,0,0.0,,0,0.0
2006,11.0,2006-11,Africa,COG,Congo,Flood,1,6.0,1,100.0,5000.0,1,100.0,,0,0.0,,0,0.0
2006,11.0,2006-11,Africa,KEN,Kenya,Epidemic,1,155.0,1,100.0,529.0,1,100.0,,0,0.0,,0,0.0
2006,11.0,2006-11,Africa,MWI,Malawi,Flood,1,5.0,1,100.0,8000.0,1,100.0,,0,0.0,,0,0.0
2006,11.0,2006-11,Africa,RWA,Rwanda,Mass movement (wet),1,24.0,1,100.0,2000.0,1,100.0,,0,0.0,,0,0.0
2006,11.0,2006-11,Africa,TZA,United Republic of Tanzania,Epidemic,1,5.0,1,100.0,820.0,1,100.0,,0,0.0,,0,0.0
2006,11.0,2006-11,Americas,GTM,Guatemala,Extreme temperature,1,6.0,1,100.0,,0,0.0,,0,0.0,,0,0.0
2006,11.0,2006-11,Americas,HTI,Haiti,Flood,1,11.0,1,100.0,20010.0,1,100.0,,0,0.0,,0,0.0
2006,11.0,2006-11,Americas,JAM,Jamaica,Epidemic,1,3.0,1,100.0,280.0,1,100.0,,0,0.0,,0,0.0
2006,11.0,2006-11,Americas,JAM,Jamaica,Flood,1,1.0,1,100.0,5000.0,1,100.0,,0,0.0,,0,0.0
2006,11.0,2006-11,Americas,MEX,Mexico,Extreme temperature,1,5.0,1,100.0,,0,0.0,,0,0.0,,0,0.0
2006,11.0,2006-11,Americas,PAN,Panama,Flood,1,11.0,1,100.0,4530.0,1,100.0,,0,0.0,,0,0.0
2006,11.0,2006-11,Americas,SLV,El Salvador,Extreme temperature,1,1.0,1,100.0,,0,0.0,,0,0.0,,0,0.0
2006,11.0,2006-11,Americas,USA,United States of America,Flood,1,2.0,1,100.0,1500.0,1,100.0,,0,0.0,,0,0.0
2006,11.0,2006-11,Americas,USA,United States of America,Storm,2,23.0,2,100.0,20.0,1,50.0,95000000.0,1,50.0,151716000.0,1,50.0
2006,11.0,2006-11,Asia,AFG,Afghanistan,Flood,1,166.0,1,100.0,17580.0,1,100.0,,0,0.0,,0,0.0
2006,11.0,2006-11,Asia,CHN,China,Earthquake,1,,0,0.0,12000.0,1,100.0,291000.0,1,100.0,465000.0,1,100.0
2006,11.0,2006-11,Asia,IRQ,Iraq,Flood,1,20.0,1,100.0,18020.0,1,100.0,,0,0.0,,0,0.0
2006,11.0,2006-11,Asia,JPN,Japan,Storm,1,9.0,1,100.0,207.0,1,100.0,,0,0.0,,0,0.0
2006,11.0,2006-11,Asia,PHL,Philippines,Storm,2,1405.0,2,100.0,2583777.0,2,100.0,66400000.0,1,50.0,106041000.0,1,50.0
2006,11.0,2006-11,Asia,PRK,Democratic People's Republic of Korea,Epidemic,1,4.0,1,100.0,3000.0,1,100.0,,0,0.0,,0,0.0
2006,11.0,2006-11,Asia,VNM,Viet Nam,Storm,2,108.0,2,100.0,1226360.0,1,50.0,466000000.0,2,100.0,744204000.0,2,100.0
2006,11.0,2006-11,Oceania,AUS,Australia,Wildfire,1,,0,0.0,,0,0.0,,0,0.0,,0,0.0
2006,12.0,2006-12,Africa,BDI,Burundi,Flood,1,,0,0.0,4105.0,1,100.0,,0,0.0,,0,0.0
2006,12.0,2006-12,Africa,COD,Democratic Republic of the Congo,Flood,1,,0,0.0,3600.0,1,100.0,,0,0.0,,0,0.0
2006,12.0,2006-12,Africa,COG,Congo,Epidemic,1,50.0,1,100.0,3030.0,1,100.0,,0,0.0,,0,0.0
2006,12.0,2006-12,Africa,MDG,Madagascar,Storm,1,1.0,1,100.0,304.0,1,100.0,,0,0.0,,0,0.0
2006,12.0,2006-12,Africa,SDN,Sudan,Epidemic,1,430.0,1,100.0,6516.0,1,100.0,,0,0.0,,0,0.0
2006,12.0,2006-12,Africa,SOM,Somalia,Epidemic,2,72.0,2,100.0,63.0,1,50.0,,0,0.0,,0,0.0
2006,12.0,2006-12,Africa,TZA,United Republic of Tanzania,Epidemic,1,,0,0.0,184.0,1,100.0,,0,0.0,,0,0.0
2006,12.0,2006-12,Africa,UGA,Uganda,Epidemic,2,111.0,2,100.0,4748.0,2,100.0,,0,0.0,,0,0.0
2006,12.0,2006-12,Americas,MSR,Montserrat,Volcanic activity,1,,0,0.0,200.0,1,100.0,,0,0.0,,0,0.0
2006,12.0,2006-12,Americas,PAN,Panama,Wildfire,1,,0,0.0,1436.0,1,100.0,,0,0.0,,0,0.0
2006,12.0,2006-12,Americas,SLV,El Salvador,Earthquake,1,,0,0.0,16470.0,1,100.0,,0,0.0,,0,0.0
2006,12.0,2006-12,Americas,USA,United States of America,Storm,4,10.0,1,25.0,600.0,1,25.0,450000000.0,2,50.0,718652000.0,2,50.0
2006,12.0,2006-12,Americas,USA,United States of America,Wildfire,1,,0,0.0,15.0,1,100.0,25000000.0,1,100.0,39925000.0,1,100.0
2006,12.0,2006-12,Asia,IDN,Indonesia,Earthquake,2,9.0,2,100.0,1314.0,2,100.0,,0,0.0,,0,0.0
2006,12.0,2006-12,Asia,IDN,Indonesia,Flood,1,236.0,1,100.0,618486.0,1,100.0,,0,0.0,,0,0.0
2006,12.0,2006-12,Asia,IDN,Indonesia,Mass movement (wet),1,17.0,1,100.0,,0,0.0,,0,0.0,,0,0.0
2006,12.0,2006-12,Asia,KGZ,Kyrgyzstan,Earthquake,1,,0,0.0,12050.0,1,100.0,,0,0.0,,0,0.0
2006,12.0,2006-12,Asia,MYS,Malaysia,Flood,1,6.0,1,100.0,100000.0,1,100.0,22000000.0,1,100.0,35134000.0,1,100.0
2006,12.0,2006-12,Asia,PAK,Pakistan,Flood,1,20.0,1,100.0,,0,0.0,,0,0.0,,0,0.0
2006,12.0,2006-12,Asia,PHL,Philippines,Flood,1,,0,0.0,415618.0,1,100.0,3395000.0,1,100.0,5422000.0,1,100.0
2006,12.0,2006-12,Asia,PHL,Philippines,Storm,1,42.0,1,100.0,327542.0,1,100.0,,0,0.0,,0,0.0
2006,12.0,2006-12,Asia,TWN,Taiwan (Province of China),Earthquake,1,2.0,1,100.0,42.0,1,100.0,,0,0.0,,0,0.0
2006,12.0,2006-12,Oceania,AUS,Australia,Wildfire,1,1.0,1,100.0,60.0,1,100.0,50000000.0,1,100.0,79850000.0,1,100.0
2007,1.0,2007-01,Africa,AGO,Angola,Epidemic,1,515.0,1,100.0,17875.0,1,100.0,,0,0.0,,0,0.0
2007,1.0,2007-01,Africa,AGO,Angola,Flood,2,105.0,1,50.0,46000.0,2,100.0,,0,0.0,,0,0.0
2007,1.0,2007-01,Africa,BDI,Burundi,Flood,1,4.0,1,100.0,23000.0,1,100.0,,0,0.0,,0,0.0
2007,1.0,2007-01,Africa,BFA,Burkina Faso,Epidemic,1,1490.0,1,100.0,20765.0,1,100.0,,0,0.0,,0,0.0
2007,1.0,2007-01,Africa,CIV,Côte d’Ivoire,Epidemic,1,30.0,1,100.0,150.0,1,100.0,,0,0.0,,0,0.0
2007,1.0,2007-01,Africa,COD,Democratic Republic of the Congo,Epidemic,1,6.0,1,100.0,47.0,1,100.0,,0,0.0,,0,0.0
2007,1.0,2007-01,Africa,DJI,Djibouti,Drought,1,,0,0.0,42750.0,1,100.0,,0,0.0,,0,0.0
2007,1.0,2007-01,Africa,DJI,Djibouti,Epidemic,1,6.0,1,100.0,562.0,1,100.0,,0,0.0,,0,0.0
2007,1.0,2007-01,Africa,GIN,Guinea,Epidemic,1,90.0,1,100.0,2410.0,1,100.0,,0,0.0,,0,0.0
2007,1.0,2007-01,Africa,MDG,Madagascar,Storm,1,1.0,1,100.0,7313.0,1,100.0,,0,0.0,,0,0.0
2007,1.0,2007-01,Africa,MOZ,Mozambique,Flood,2,34.0,2,100.0,288500.0,2,100.0,71000000.0,1,50.0,110243000.0,1,50.0
2007,1.0,2007-01,Africa,MWI,Malawi,Flood,2,2.0,1,50.0,19719.0,2,100.0,,0,0.0,,0,0.0
2007,1.0,2007-01,Africa,NAM,Namibia,Flood,1,7.0,1,100.0,15000.0,1,100.0,,0,0.0,,0,0.0
2007,1.0,2007-01,Africa,SDN,Sudan,Epidemic,1,430.0,1,100.0,6516.0,1,100.0,,0,0.0,,0,0.0
2007,1.0,2007-01,Africa,TZA,United Republic of Tanzania,Epidemic,1,109.0,1,100.0,264.0,1,100.0,,0,0.0,,0,0.0
2007,1.0,2007-01,Africa,ZMB,Zambia,Flood,2,4.0,1,50.0,1518755.0,2,100.0,,0,0.0,,0,0.0
2007,1.0,2007-01,Africa,ZWE,Zimbabwe,Drought,1,,0,0.0,2100000.0,1,100.0,,0,0.0,,0,0.0
2007,1.0,2007-01,Americas,ARG,Argentina,Flood,1,5.0,1,100.0,65000.0,1,100.0,30000000.0,1,100.0,46581000.0,1,100.0
2007,1.0,2007-01,Americas,BOL,Bolivia (Plurinational State of),Flood,1,40.0,1,100.0,339495.0,1,100.0,90000000.0,1,100.0,139744000.0,1,100.0
2007,1.0,2007-01,Americas,BRA,Brazil,Flood,1,59.0,1,100.0,200080.0,1,100.0,125000000.0,1,100.0,194089000.0,1,100.0
2007,1.0,2007-01,Americas,BRA,Brazil,Mass movement (wet),1,,0,0.0,5000.0,1,100.0,,0,0.0,,0,0.0
2007,1.0,2007-01,Americas,PER,Peru,Flood,1,17.0,1,100.0,47714.0,1,100.0,,0,0.0,,0,0.0
2007,1.0,2007-01,Americas,USA,United States of America,Flood,1,24.0,1,100.0,,0,0.0,,0,0.0,,0,0.0
2007,1.0,2007-01,Americas,USA,United States of America,Storm,1,65.0,1,100.0,220.0,1,100.0,500000000.0,1,100.0,776356000.0,1,100.0
2007,1.0,2007-01,Asia,BGD,Bangladesh,Extreme temperature,1,130.0,1,100.0,100000.0,1,100.0,,0,0.0,,0,0.0
2007,1.0,2007-01,Asia,IDN,Indonesia,Flood,1,68.0,1,100.0,217087.0,1,100.0,971000000.0,1,100.0,1507683000.0,1,100.0
2007,1.0,2007-01,Asia,IDN,Indonesia,Mass movement (wet),2,43.0,2,100.0,3990.0,1,50.0,,0,0.0,,0,0.0
2007,1.0,2007-01,Asia,LKA,Sri Lanka,Flood,1,18.0,1,100.0,35000.0,1,100.0,,0,0.0,,0,0.0
2007,1.0,2007-01,Asia,MYS,Malaysia,Flood,1,17.0,1,100.0,137533.0,1,100.0,605000000.0,1,100.0,939390000.0,1,100.0
2007,1.0,2007-01,Asia,PAK,Pakistan,Mass movement (wet),1,20.0,1,100.0,2.0,1,100.0,,0,0.0,,0,0.0
2007,1.0,2007-01,Asia,PHL,Philippines,Flood,1,9.0,1,100.0,24508.0,1,100.0,4080000.0,1,100.0,6335000.0,1,100.0
2007,1.0,2007-01,Asia,YEM,Yemen,Flood,1,7.0,1,100.0,2000.0,1,100.0,,0,0.0,,0,0.0
2007,1.0,2007-01,Europe,AUT,Austria,Storm,1,,0,0.0,,0,0.0,400000000.0,1,100.0,621085000.0,1,100.0
2007,1.0,2007-01,Europe,BEL,Belgium,Storm,1,2.0,1,100.0,2.0,1,100.0,450000000.0,1,100.0,698720000.0,1,100.0
2007,1.0,2007-01,Europe,BLR,Belarus,Storm,1,,0,0.0,,0,0.0,10000000.0,1,100.0,15527000.0,1,100.0
2007,1.0,2007-01,Europe,CHE,Switzerland,Storm,2,,0,0.0,,0,0.0,100000000.0,1,50.0,155271000.0,1,50.0
2007,1.0,2007-01,Europe,CZE,Czechia,Storm,1,4.0,1,100.0,,0,0.0,150000000.0,1,100.0,232907000.0,1,100.0
2007,1.0,2007-01,Europe,DEU,Germany,Storm,2,18.0,2,100.0,130.0,1,50.0,5500000000.0,1,50.0,8539913000.0,1,50.0
2007,1.0,2007-01,Europe,DNK,Denmark,Storm,1,,0,0.0,,0,0.0,100000000.0,1,100.0,155271000.0,1,100.0
2007,1.0,2007-01,Europe,ESP,Spain,Storm,1,1.0,1,100.0,,0,0.0,,0,0.0,,0,0.0
2007,1.0,2007-01,Europe,FRA,France,Storm,2,4.0,2,100.0,,0,0.0,250000000.0,1,50.0,388178000.0,1,50.0
2007,1.0,2007-01,Europe,GBR,United Kingdom of Great Britain and Northern Ireland,Storm,1,12.0,1,100.0,,0,0.0,1200000000.0,1,100.0,1863254000.0,1,100.0
2007,1.0,2007-01,Europe,IRL,Ireland,Storm,1,7.0,1,100.0,,0,0.0,,0,0.0,,0,0.0
2007,1.0,2007-01,Europe,NLD,Netherlands (Kingdom of the),Storm,1,7.0,1,100.0,,0,0.0,550000000.0,1,100.0,853991000.0,1,100.0
2007,1.0,2007-01,Europe,POL,Poland,Storm,1,6.0,1,100.0,,0,0.0,100000000.0,1,100.0,155271000.0,1,100.0
2007,1.0,2007-01,Europe,RUS,Russian Federation,Storm,1,,0,0.0,,0,0.0,,0,0.0,,0,0.0
2007,1.0,2007-01,Europe,SVN,Slovenia,Storm,1,,0,0.0,,0,0.0,100000000.0,1,100.0,155271000.0,1,100.0
2007,1.0,2007-01,Europe,UKR,Ukraine,Storm,1,,0,0.0,,0,0.0,100000000.0,1,100.0,155271000.0,1,100.0
2007,2.0,2007-02,Africa,MDG,Madagascar,Flood,1,7.0,1,100.0,33000.0,1,100.0,,0,0.0,,0,0.0
2007,2.0,2007-02,Africa,MOZ,Mozambique,Storm,1,10.0,1,100.0,162770.0,1,100.0,,0,0.0,,0,0.0
2007,2.0,2007-02,Africa,MUS,Mauritius,Storm,1,2.0,1,100.0,,0,0.0,,0,0.0,,0,0.0
2007,2.0,2007-02,Africa,NAM,Namibia,Epidemic,1,7.0,1,100.0,250.0,1,100.0,,0,0.0,,0,0.0
2007,2.0,2007-02,Africa,REU,Réunion,Storm,1,2.0,1,100.0,90.0,1,100.0,,0,0.0,,0,0.0
2007,2.0,2007-02,Africa,RWA,Rwanda,Flood,1,10.0,1,100.0,500.0,1,100.0,9000.0,1,100.0,14000.0,1,100.0
2007,2.0,2007-02,Africa,ZMB,Zambia,Epidemic,1,5.0,1,100.0,115.0,1,100.0,,0,0.0,,0,0.0
2007,2.0,2007-02,Africa,ZWE,Zimbabwe,Storm,1,,0,0.0,,0,0.0,1200000.0,1,100.0,1863000.0,1,100.0
2007,2.0,2007-02,Americas,BOL,Bolivia (Plurinational State of),Epidemic,1,1.0,1,100.0,228.0,1,100.0,,0,0.0,,0,0.0
2007,2.0,2007-02,Americas,CAN,Canada,Storm,1,2.0,1,100.0,,0,0.0,,0,0.0,,0,0.0
2007,2.0,2007-02,Americas,USA,United States of America,Storm,3,40.0,3,100.0,6627.0,2,66.67,570000000.0,3,100.0,885045000.0,3,100.0
2007,2.0,2007-02,Asia,IDN,Indonesia,Epidemic,2,38.0,2,100.0,669.0,2,100.0,,0,0.0,,0,0.0
2007,2.0,2007-02,Asia,IND,India,Flood,1,40.0,1,100.0,8.0,1,100.0,,0,0.0,,0,0.0
2007,2.0,2007-02,Asia,TLS,Timor-Leste,Drought,1,,0,0.0,,0,0.0,,0,0.0,,0,0.0
2007,2.0,2007-02,Europe,ROU,Romania,Flood,1,,0,0.0,500.0,1,100.0,,0,0.0,,0,0.0
2007,2.0,2007-02,Oceania,FJI,Fiji,Flood,1,1.0,1,100.0,900.0,1,100.0,30000000.0,1,100.0,46581000.0,1,100.0
2007,3.0,2007-03,Africa,COM,Comoros,Epidemic,1,29.0,1,100.0,1490.0,1,100.0,,0,0.0,,0,0.0
2007,3.0,2007-03,Africa,DZA,Algeria,Flood,1,15.0,1,100.0,,0,0.0,,0,0.0,,0,0.0
2007,3.0,2007-03,Africa,LBR,Liberia,Storm,1,,0,0.0,3500.0,1,100.0,,0,0.0,,0,0.0
2007,3.0,2007-03,Africa,MDG,Madagascar,Storm,1,80.0,1,100.0,215198.0,1,100.0,240000000.0,1,100.0,372651000.0,1,100.0
2007,3.0,2007-03,Americas,ARG,Argentina,Flood,1,5.0,1,100.0,70000.0,1,100.0,10000000.0,1,100.0,15527000.0,1,100.0
2007,3.0,2007-03,Americas,COL,Colombia,Flood,1,146.0,1,100.0,1504317.0,1,100.0,,0,0.0,,0,0.0
2007,3.0,2007-03,Americas,DOM,Dominican Republic,Flood,1,3.0,1,100.0,3830.0,1,100.0,,0,0.0,,0,0.0
2007,3.0,2007-03,Americas,HTI,Haiti,Flood,1,14.0,1,100.0,15014.0,1,100.0,,0,0.0,,0,0.0
2007,3.0,2007-03,Americas,URY,Uruguay,Flood,1,,0,0.0,800.0,1,100.0,,0,0.0,,0,0.0
2007,3.0,2007-03,Americas,USA,United States of America,Storm,1,20.0,1,100.0,20.0,1,100.0,600000000.0,1,100.0,931627000.0,1,100.0
2007,3.0,2007-03,Asia,AFG,Afghanistan,Flood,1,104.0,1,100.0,20000.0,1,100.0,,0,0.0,,0,0.0
2007,3.0,2007-03,Asia,IDN,Indonesia,Earthquake,1,67.0,1,100.0,137660.0,1,100.0,200000000.0,1,100.0,310542000.0,1,100.0
2007,3.0,2007-03,Asia,IDN,Indonesia,Flood,1,74.0,1,100.0,11556.0,1,100.0,,0,0.0,,0,0.0
2007,3.0,2007-03,Asia,IND,India,Extreme temperature,1,66.0,1,100.0,25.0,1,100.0,,0,0.0,,0,0.0
2007,3.0,2007-03,Asia,JPN,Japan,Earthquake,1,1.0,1,100.0,41027.0,1,100.0,250000000.0,1,100.0,388178000.0,1,100.0
2007,3.0,2007-03,Asia,PAK,Pakistan,Mass movement (wet),2,123.0,2,100.0,3.0,1,50.0,,0,0.0,,0,0.0
2007,3.0,2007-03,Asia,YEM,Yemen,Flood,1,36.0,1,100.0,618.0,1,100.0,,0,0.0,,0,0.0
2007,3.0,2007-03,Oceania,AUS,Australia,Storm,1,2.0,1,100.0,820.0,1,100.0,100000000.0,1,100.0,155271000.0,1,100.0
2007,3.0,2007-03,Oceania,FJI,Fiji,Flood,1,5.0,1,100.0,,0,0.0,7000000.0,1,100.0,10869000.0,1,100.0
2007,3.0,2007-03,Oceania,NZL,New Zealand,Storm,1,,0,0.0,300.0,1,100.0,,0,0.0,,0,0.0
2007,4.0,2007-04,Africa,DZA,Algeria,Flood,1,22.0,1,100.0,,0,0.0,13561000.0,1,100.0,21056000.0,1,100.0
2007,4.0,2007-04,Africa,TUN,Tunisia,Flood,1,,0,0.0,1500.0,1,100.0,,0,0.0,,0,0.0
2007,4.0,2007-04,Americas,CHL,Chile,Earthquake,1,10.0,1,100.0,,0,0.0,,0,0.0,,0,0.0
2007,4.0,2007-04,Americas,COL,Colombia,Flood,1,24.0,1,100.0,2035.0,1,100.0,,0,0.0,,0,0.0
2007,4.0,2007-04,Americas,COL,Colombia,Volcanic activity,1,,0,0.0,3000.0,1,100.0,,0,0.0,,0,0.0
2007,4.0,2007-04,Americas,PER,Peru,Extreme temperature,1,67.0,1,100.0,884572.0,1,100.0,,0,0.0,,0,0.0
2007,4.0,2007-04,Americas,USA,United States of America,Storm,2,33.0,2,100.0,280.0,1,50.0,2000000000.0,1,50.0,3105423000.0,1,50.0
2007,4.0,2007-04,Asia,AFG,Afghanistan,Flood,2,37.0,2,100.0,160.0,1,50.0,,0,0.0,,0,0.0
2007,4.0,2007-04,Asia,CHN,China,Storm,1,13.0,1,100.0,1000000.0,1,100.0,26000000.0,1,100.0,40370000.0,1,100.0
2007,4.0,2007-04,Asia,IND,India,Extreme temperature,1,72.0,1,100.0,,0,0.0,,0,0.0,,0,0.0
2007,4.0,2007-04,Asia,JPN,Japan,Earthquake,1,,0,0.0,201.0,1,100.0,,0,0.0,,0,0.0
2007,4.0,2007-04,Asia,KGZ,Kyrgyzstan,Flood,1,,0,0.0,845.0,1,100.0,200000.0,1,100.0,311000.0,1,100.0
2007,4.0,2007-04,Asia,THA,Thailand,Flood,1,38.0,1,100.0,,0,0.0,,0,0.0,,0,0.0
2007,4.0,2007-04,Asia,TJK,Tajikistan,Flood,1,1.0,1,100.0,17184.0,1,100.0,,0,0.0,,0,0.0
2007,4.0,2007-04,Europe,ESP,Spain,Flood,1,1.0,1,100.0,5000.0,1,100.0,,0,0.0,,0,0.0
2007,4.0,2007-04,Europe,GBR,United Kingdom of Great Britain and Northern Ireland,Earthquake,1,,0,0.0,4501.0,1,100.0,60000000.0,1,100.0,93163000.0,1,100.0
2007,4.0,2007-04,Oceania,FJI,Fiji,Storm,1,1.0,1,100.0,,0,0.0,,0,0.0,,0,0.0
2007,4.0,2007-04,Oceania,SLB,Solomon Islands,Earthquake,1,52.0,1,100.0,2384.0,1,100.0,,0,0.0,,0,0.0
2007,5.0,2007-05,Africa,GAB,Gabon,Epidemic,1,,0,0.0,17900.0,1,100.0,,0,0.0,,0,0.0
2007,5.0,2007-05,Africa,KEN,Kenya,Flood,1,2.0,1,100.0,651.0,1,100.0,,0,0.0,,0,0.0
2007,5.0,2007-05,Africa,TCD,Chad,Storm,1,14.0,1,100.0,145.0,1,100.0,,0,0.0,,0,0.0
2007,5.0,2007-05,Africa,ZAF,South Africa,Extreme temperature,1,22.0,1,100.0,,0,0.0,,0,0.0,,0,0.0
2007,5.0,2007-05,Africa,ZWE,Zimbabwe,Epidemic,1,67.0,1,100.0,10000.0,1,100.0,,0,0.0,,0,0.0
2007,5.0,2007-05,Americas,ARG,Argentina,Extreme temperature,1,9.0,1,100.0,,0,0.0,,0,0.0,,0,0.0
2007,5.0,2007-05,Americas,COL,Colombia,Flood,1,13.0,1,100.0,3000.0,1,100.0,,0,0.0,,0,0.0
2007,5.0,2007-05,Americas,DOM,Dominican Republic,Flood,1,9.0,1,100.0,16000.0,1,100.0,,0,0.0,,0,0.0
2007,5.0,2007-05,Americas,HTI,Haiti,Flood,1,2.0,1,100.0,12500.0,1,100.0,,0,0.0,,0,0.0
2007,5.0,2007-05,Americas,URY,Uruguay,Flood,1,2.0,1,100.0,119200.0,1,100.0,45000000.0,1,100.0,69872000.0,1,100.0
2007,5.0,2007-05,Americas,USA,United States of America,Flood,1,8.0,1,100.0,100.0,1,100.0,,0,0.0,,0,0.0
2007,5.0,2007-05,Americas,USA,United States of America,Storm,2,17.0,2,100.0,40.0,1,50.0,650000000.0,2,100.0,1009262000.0,2,100.0
2007,5.0,2007-05,Asia,AFG,Afghanistan,Flood,2,33.0,2,100.0,3595.0,2,100.0,,0,0.0,,0,0.0
2007,5.0,2007-05,Asia,BGD,Bangladesh,Storm,1,41.0,1,100.0,225.0,1,100.0,,0,0.0,,0,0.0
2007,5.0,2007-05,Asia,CHN,China,Flood,1,43.0,1,100.0,2300050.0,1,100.0,78000000.0,1,100.0,121111000.0,1,100.0
2007,5.0,2007-05,Asia,IDN,Indonesia,Flood,1,4.0,1,100.0,60000.0,1,100.0,,0,0.0,,0,0.0
2007,5.0,2007-05,Asia,LKA,Sri Lanka,Flood,1,15.0,1,100.0,121000.0,1,100.0,50000.0,1,100.0,78000.0,1,100.0
2007,5.0,2007-05,Asia,MDV,Maldives,Flood,1,,0,0.0,1649.0,1,100.0,,0,0.0,,0,0.0
2007,5.0,2007-05,Asia,MMR,Myanmar,Flood,1,5.0,1,100.0,3000.0,1,100.0,,0,0.0,,0,0.0
2007,5.0,2007-05,Asia,THA,Thailand,Flood,1,,0,0.0,1000.0,1,100.0,,0,0.0,,0,0.0
2007,5.0,2007-05,Asia,TUR,Türkiye,Flood,1,13.0,1,100.0,750.0,1,100.0,,0,0.0,,0,0.0
2007,5.0,2007-05,Europe,BGR,Bulgaria,Flood,1,2.0,1,100.0,1000.0,1,100.0,,0,0.0,,0,0.0
2007,5.0,2007-05,Europe,ESP,Spain,Flood,1,1.0,1,100.0,8000.0,1,100.0,400000000.0,1,100.0,621085000.0,1,100.0
2007,5.0,2007-05,Europe,FRA,France,Storm,1,1.0,1,100.0,900.0,1,100.0,,0,0.0,,0,0.0
2007,5.0,2007-05,Europe,RUS,Russian Federation,Flood,1,,0,0.0,14000.0,1,100.0,25752000.0,1,100.0,39985000.0,1,100.0
2007,6.0,2007-06,Africa,COD,Democratic Republic of the Congo,Epidemic,1,166.0,1,100.0,372.0,1,100.0,,0,0.0,,0,0.0
2007,6.0,2007-06,Africa,ETH,Ethiopia,Flood,1,,0,0.0,5800.0,1,100.0,,0,0.0,,0,0.0
2007,6.0,2007-06,Americas,CAN,Canada,Flood,1,,0,0.0,500.0,1,100.0,,0,0.0,,0,0.0
2007,6.0,2007-06,Americas,USA,United States of America,Flood,3,22.0,3,100.0,5870.0,3,100.0,28000000.0,1,33.33,43476000.0,1,33.33
2007,6.0,2007-06,Americas,USA,United States of America,Wildfire,1,,0,0.0,768.0,1,100.0,,0,0.0,,0,0.0
2007,6.0,2007-06,Asia,AFG,Afghanistan,Flood,1,113.0,1,100.0,4000.0,1,100.0,,0,0.0,,0,0.0
2007,6.0,2007-06,Asia,BGD,Bangladesh,Flood,1,120.0,1,100.0,80060.0,1,100.0,14000000.0,1,100.0,21738000.0,1,100.0
2007,6.0,2007-06,Asia,CHN,China,Earthquake,1,3.0,1,100.0,329.0,1,100.0,342000000.0,1,100.0,531027000.0,1,100.0
2007,6.0,2007-06,Asia,CHN,China,Flood,2,535.0,1,50.0,105254000.0,2,100.0,4438655000.0,2,100.0,6891951000.0,2,100.0
2007,6.0,2007-06,Asia,CYP,Cyprus,Extreme temperature,1,4.0,1,100.0,,0,0.0,,0,0.0,,0,0.0
2007,6.0,2007-06,Asia,IND,India,Flood,3,171.0,3,100.0,450000.0,3,100.0,,0,0.0,,0,0.0
2007,6.0,2007-06,Asia,IRN,Iran (Islamic Republic of),Flood,1,12.0,1,100.0,,0,0.0,22000000.0,1,100.0,34160000.0,1,100.0
2007,6.0,2007-06,Asia,IRN,Iran (Islamic Republic of),Storm,1,12.0,1,100.0,185009.0,1,100.0,,0,0.0,,0,0.0
2007,6.0,2007-06,Asia,MMR,Myanmar,Flood,1,,0,0.0,,0,0.0,,0,0.0,,0,0.0
2007,6.0,2007-06,Asia,OMN,Oman,Storm,1,76.0,1,100.0,20000.0,1,100.0,3900000000.0,1,100.0,6055575000.0,1,100.0
2007,6.0,2007-06,Asia,PAK,Pakistan,Flood,3,380.0,3,100.0,2686.0,3,100.0,,0,0.0,,0,0.0
2007,6.0,2007-06,Asia,PAK,Pakistan,Storm,1,242.0,1,100.0,1650000.0,1,100.0,1620000000.0,1,100.0,2515393000.0,1,100.0
2007,6.0,2007-06,Asia,TLS,Timor-Leste,Flood,1,1.0,1,100.0,947.0,1,100.0,,0,0.0,,0,0.0
2007,6.0,2007-06,Asia,TUR,Türkiye,Extreme temperature,1,3.0,1,100.0,,0,0.0,,0,0.0,,0,0.0
2007,6.0,2007-06,Europe,BGR,Bulgaria,Extreme temperature,1,2.0,1,100.0,50.0,1,100.0,,0,0.0,,0,0.0
2007,6.0,2007-06,Europe,GBR,United Kingdom of Great Britain and Northern Ireland,Flood,2,7.0,2,100.0,30200.0,2,100.0,4448000000.0,2,100.0,6906461000.0,2,100.0
2007,6.0,2007-06,Europe,GRC,Greece,Extreme temperature,1,16.0,1,100.0,,0,0.0,,0,0.0,,0,0.0
2007,6.0,2007-06,Europe,ITA,Italy,Extreme temperature,1,6.0,1,100.0,,0,0.0,,0,0.0,,0,0.0
2007,6.0,2007-06,Europe,ROU,Romania,Extreme temperature,1,30.0,1,100.0,,0,0.0,,0,0.0,,0,0.0
2007,6.0,2007-06,Oceania,AUS,Australia,Flood,1,9.0,1,100.0,5000.0,1,100.0,1300000000.0,1,100.0,2018525000.0,1,100.0
2007,7.0,2007-07,Africa,BEN,Benin,Flood,1,10.0,1,100.0,10884.0,1,100.0,,0,0.0,,0,0.0
2007,7.0,2007-07,Africa,BFA,Burkina Faso,Flood,1,52.0,1,100.0,121043.0,1,100.0,,0,0.0,,0,0.0
2007,7.0,2007-07,Africa,CAF,Central African Republic,Flood,1,1.0,1,100.0,7812.0,1,100.0,,0,0.0,,0,0.0
2007,7.0,2007-07,Africa,CIV,Côte d’Ivoire,Flood,1,,0,0.0,2000.0,1,100.0,,0,0.0,,0,0.0
2007,7.0,2007-07,Africa,ETH,Ethiopia,Flood,1,17.0,1,100.0,239586.0,1,100.0,,0,0.0,,0,0.0
2007,7.0,2007-07,Africa,GMB,Gambia,Flood,1,,0,0.0,300.0,1,100.0,,0,0.0,,0,0.0
2007,7.0,2007-07,Africa,LSO,Lesotho,Drought,1,,0,0.0,475000.0,1,100.0,,0,0.0,,0,0.0
2007,7.0,2007-07,Africa,MLI,Mali,Flood,2,18.0,2,100.0,88858.0,2,100.0,,0,0.0,,0,0.0
2007,7.0,2007-07,Africa,NER,Niger,Flood,1,7.0,1,100.0,57274.0,1,100.0,,0,0.0,,0,0.0
2007,7.0,2007-07,Africa,SDN,Sudan,Flood,1,150.0,1,100.0,565335.0,1,100.0,300000000.0,1,100.0,465813000.0,1,100.0
2007,7.0,2007-07,Africa,SOM,Somalia,Epidemic,1,1133.0,1,100.0,35687.0,1,100.0,,0,0.0,,0,0.0
2007,7.0,2007-07,Africa,SPI,Canary Islands,Wildfire,1,,0,0.0,405.0,1,100.0,,0,0.0,,0,0.0
2007,7.0,2007-07,Africa,SWZ,Eswatini,Drought,1,,0,0.0,410000.0,1,100.0,,0,0.0,,0,0.0
2007,7.0,2007-07,Africa,SWZ,Eswatini,Wildfire,1,2.0,1,100.0,1500.0,1,100.0,,0,0.0,,0,0.0
2007,7.0,2007-07,Africa,TZA,United Republic of Tanzania,Epidemic,1,10.0,1,100.0,20.0,1,100.0,,0,0.0,,0,0.0
2007,7.0,2007-07,Africa,ZAF,South Africa,Flood,1,,0,0.0,38000.0,1,100.0,,0,0.0,,0,0.0
2007,7.0,2007-07,Africa,ZAF,South Africa,Wildfire,1,26.0,1,100.0,1600.0,1,100.0,,0,0.0,,0,0.0
2007,7.0,2007-07,Americas,BOL,Bolivia (Plurinational State of),Extreme temperature,1,,0,0.0,,0,0.0,,0,0.0,,0,0.0
2007,7.0,2007-07,Americas,CHL,Chile,Extreme temperature,1,6.0,1,100.0,,0,0.0,,0,0.0,,0,0.0
2007,7.0,2007-07,Americas,HTI,Haiti,Flood,1,4.0,1,100.0,1500.0,1,100.0,,0,0.0,,0,0.0
2007,7.0,2007-07,Americas,URY,Uruguay,Extreme temperature,1,,0,0.0,,0,0.0,,0,0.0,,0,0.0
2007,7.0,2007-07,Asia,AFG,Afghanistan,Flood,1,9.0,1,100.0,2500.0,1,100.0,,0,0.0,,0,0.0
2007,7.0,2007-07,Asia,BGD,Bangladesh,Epidemic,2,86.0,2,100.0,284910.0,2,100.0,,0,0.0,,0,0.0
2007,7.0,2007-07,Asia,BGD,Bangladesh,Flood,1,1110.0,1,100.0,13771380.0,1,100.0,100000000.0,1,100.0,155271000.0,1,100.0
2007,7.0,2007-07,Asia,CHN,China,Flood,4,378.0,4,100.0,878742.0,4,100.0,449000000.0,3,75.0,697167000.0,3,75.0
2007,7.0,2007-07,Asia,CHN,China,Storm,1,21.0,1,100.0,4314.0,1,100.0,7200000.0,1,100.0,11180000.0,1,100.0
2007,7.0,2007-07,Asia,IDN,Indonesia,Epidemic,1,365.0,1,100.0,34542.0,1,100.0,,0,0.0,,0,0.0
2007,7.0,2007-07,Asia,IDN,Indonesia,Flood,3,161.0,3,100.0,10389.0,3,100.0,,0,0.0,,0,0.0
2007,7.0,2007-07,Asia,IDN,Indonesia,Volcanic activity,1,,0,0.0,9758.0,1,100.0,,0,0.0,,0,0.0
2007,7.0,2007-07,Asia,IND,India,Flood,6,1530.0,5,83.33,29908000.0,5,83.33,101151000.0,1,16.67,157058000.0,1,16.67
2007,7.0,2007-07,Asia,JPN,Japan,Earthquake,1,9.0,1,100.0,14000.0,1,100.0,12500000000.0,1,100.0,19408894000.0,1,100.0
2007,7.0,2007-07,Asia,JPN,Japan,Flood,1,2.0,1,100.0,10000.0,1,100.0,,0,0.0,,0,0.0
2007,7.0,2007-07,Asia,JPN,Japan,Storm,1,5.0,1,100.0,40012.0,1,100.0,60000000.0,1,100.0,93163000.0,1,100.0
2007,7.0,2007-07,Asia,KHM,Cambodia,Epidemic,1,182.0,1,100.0,17000.0,1,100.0,,0,0.0,,0,0.0
2007,7.0,2007-07,Asia,MMR,Myanmar,Epidemic,1,30.0,1,100.0,,0,0.0,,0,0.0,,0,0.0
2007,7.0,2007-07,Asia,MMR,Myanmar,Flood,1,,0,0.0,101920.0,1,100.0,,0,0.0,,0,0.0
2007,7.0,2007-07,Asia,MYS,Malaysia,Epidemic,1,56.0,1,100.0,,0,0.0,,0,0.0,,0,0.0
2007,7.0,2007-07,Asia,NPL,Nepal,Flood,1,214.0,1,100.0,640706.0,1,100.0,2400000.0,1,100.0,3727000.0,1,100.0
2007,7.0,2007-07,Asia,PAK,Pakistan,Flood,1,80.0,1,100.0,,0,0.0,,0,0.0,,0,0.0
2007,7.0,2007-07,Asia,PHL,Philippines,Volcanic activity,1,,0,0.0,14036.0,1,100.0,,0,0.0,,0,0.0
2007,7.0,2007-07,Asia,TJK,Tajikistan,Earthquake,1,11.0,1,100.0,7003.0,1,100.0,,0,0.0,,0,0.0
2007,7.0,2007-07,Asia,TJK,Tajikistan,Flood,1,21.0,1,100.0,125.0,1,100.0,,0,0.0,,0,0.0
2007,7.0,2007-07,Asia,VNM,Viet Nam,Epidemic,1,27.0,1,100.0,,0,0.0,,0,0.0,,0,0.0
2007,7.0,2007-07,Europe,ALB,Albania,Extreme temperature,1,,0,0.0,150.0,1,100.0,,0,0.0,,0,0.0
2007,7.0,2007-07,Europe,ALB,Albania,Wildfire,1,,0,0.0,75.0,1,100.0,,0,0.0,,0,0.0
2007,7.0,2007-07,Europe,AUT,Austria,Extreme temperature,1,5.0,1,100.0,,0,0.0,,0,0.0,,0,0.0
2007,7.0,2007-07,Europe,BGR,Bulgaria,Wildfire,1,1.0,1,100.0,9.0,1,100.0,2454000.0,1,100.0,3810000.0,1,100.0
2007,7.0,2007-07,Europe,BIH,Bosnia and Herzegovina,Extreme temperature,1,,0,0.0,,0,0.0,,0,0.0,,0,0.0
2007,7.0,2007-07,Europe,GBR,United Kingdom of Great Britain and Northern Ireland,Flood,1,7.0,1,100.0,340000.0,1,100.0,4000000000.0,1,100.0,6210846000.0,1,100.0
2007,7.0,2007-07,Europe,HUN,Hungary,Extreme temperature,1,500.0,1,100.0,,0,0.0,,0,0.0,,0,0.0
2007,7.0,2007-07,Europe,ITA,Italy,Wildfire,1,11.0,1,100.0,,0,0.0,,0,0.0,,0,0.0
2007,7.0,2007-07,Europe,MKD,North Macedonia,Extreme temperature,1,,0,0.0,202.0,1,100.0,,0,0.0,,0,0.0
2007,7.0,2007-07,Europe,MKD,North Macedonia,Wildfire,1,1.0,1,100.0,1000000.0,1,100.0,,0,0.0,,0,0.0
2007,7.0,2007-07,Europe,SRB,Serbia,Extreme temperature,1,,0,0.0,,0,0.0,,0,0.0,,0,0.0
2007,7.0,2007-07,Europe,SVK,Slovakia,Extreme temperature,1,1.0,1,100.0,89.0,1,100.0,,0,0.0,,0,0.0
2007,7.0,2007-07,Europe,UKR,Ukraine,Storm,1,,0,0.0,7552.0,1,100.0,,0,0.0,,0,0.0
2007,8.0,2007-08,Africa,CMR,Cameroon,Flood,1,8.0,1,100.0,10296.0,1,100.0,,0,0.0,,0,0.0
2007,8.0,2007-08,Africa,DZA,Algeria,Flood,2,13.0,2,100.0,102.0,1,50.0,,0,0.0,,0,0.0
2007,8.0,2007-08,Africa,ETH,Ethiopia,Volcanic activity,1,5.0,1,100.0,2000.0,1,100.0,,0,0.0,,0,0.0
2007,8.0,2007-08,Africa,GHA,Ghana,Flood,1,56.0,1,100.0,332600.0,1,100.0,,0,0.0,,0,0.0
2007,8.0,2007-08,Africa,KEN,Kenya,Flood,1,13.0,1,100.0,40000.0,1,100.0,,0,0.0,,0,0.0
2007,8.0,2007-08,Africa,KEN,Kenya,Mass movement (wet),1,20.0,1,100.0,6.0,1,100.0,,0,0.0,,0,0.0
2007,8.0,2007-08,Africa,LBR,Liberia,Flood,1,1.0,1,100.0,17000.0,1,100.0,,0,0.0,,0,0.0
2007,8.0,2007-08,Africa,MOZ,Mozambique,Drought,1,,0,0.0,520000.0,1,100.0,,0,0.0,,0,0.0
2007,8.0,2007-08,Africa,MRT,Mauritania,Flood,2,3.0,2,100.0,54120.0,2,100.0,,0,0.0,,0,0.0
2007,8.0,2007-08,Africa,NGA,Nigeria,Flood,2,74.0,2,100.0,55000.0,2,100.0,,0,0.0,,0,0.0
2007,8.0,2007-08,Africa,SDN,Sudan,Epidemic,1,58.0,1,100.0,890.0,1,100.0,,0,0.0,,0,0.0
2007,8.0,2007-08,Africa,SEN,Senegal,Epidemic,1,16.0,1,100.0,2825.0,1,100.0,,0,0.0,,0,0.0
2007,8.0,2007-08,Africa,SEN,Senegal,Flood,1,8.0,1,100.0,5300.0,1,100.0,,0,0.0,,0,0.0
2007,8.0,2007-08,Africa,SLE,Sierra Leone,Flood,1,,0,0.0,4500.0,1,100.0,,0,0.0,,0,0.0
2007,8.0,2007-08,Africa,TCD,Chad,Flood,2,15.0,2,100.0,173000.0,2,100.0,,0,0.0,,0,0.0
2007,8.0,2007-08,Africa,TGO,Togo,Flood,1,41.0,1,100.0,141331.0,1,100.0,,0,0.0,,0,0.0
2007,8.0,2007-08,Africa,UGA,Uganda,Epidemic,1,36.0,1,100.0,176.0,1,100.0,,0,0.0,,0,0.0
2007,8.0,2007-08,Africa,UGA,Uganda,Flood,1,29.0,1,100.0,718045.0,1,100.0,71000.0,1,100.0,110000.0,1,100.0
2007,8.0,2007-08,Americas,BLZ,Belize,Storm,1,,0,0.0,20000.0,1,100.0,14847000.0,1,100.0,23053000.0,1,100.0
2007,8.0,2007-08,Americas,CUB,Cuba,Storm,1,,0,0.0,,0,0.0,,0,0.0,,0,0.0
2007,8.0,2007-08,Americas,DMA,Dominica,Storm,1,2.0,1,100.0,7530.0,1,100.0,20000000.0,1,100.0,31054000.0,1,100.0
2007,8.0,2007-08,Americas,DOM,Dominican Republic,Storm,1,1.0,1,100.0,1600.0,1,100.0,40000000.0,1,100.0,62108000.0,1,100.0
2007,8.0,2007-08,Americas,GLP,Guadeloupe,Storm,1,,0,0.0,,0,0.0,300000000.0,1,100.0,465813000.0,1,100.0
2007,8.0,2007-08,Americas,HTI,Haiti,Storm,1,9.0,1,100.0,3966.0,1,100.0,,0,0.0,,0,0.0
2007,8.0,2007-08,Americas,JAM,Jamaica,Storm,1,4.0,1,100.0,33188.0,1,100.0,300000000.0,1,100.0,465813000.0,1,100.0
2007,8.0,2007-08,Americas,LCA,Saint Lucia,Storm,1,1.0,1,100.0,,0,0.0,40000000.0,1,100.0,62108000.0,1,100.0
2007,8.0,2007-08,Americas,MEX,Mexico,Storm,1,9.0,1,100.0,140000.0,1,100.0,600000000.0,1,100.0,931627000.0,1,100.0
2007,8.0,2007-08,Americas,MTQ,Martinique,Storm,1,1.0,1,100.0,6.0,1,100.0,300000000.0,1,100.0,465813000.0,1,100.0
2007,8.0,2007-08,Americas,PER,Peru,Earthquake,1,593.0,1,100.0,658331.0,1,100.0,600000000.0,1,100.0,931627000.0,1,100.0
2007,8.0,2007-08,Americas,USA,United States of America,Flood,1,26.0,1,100.0,2840.0,1,100.0,700000000.0,1,100.0,1086898000.0,1,100.0
2007,8.0,2007-08,Americas,USA,United States of America,Storm,1,26.0,1,100.0,,0,0.0,248000000.0,1,100.0,385072000.0,1,100.0
2007,8.0,2007-08,Asia,CHN,China,Flood,3,54.0,3,100.0,2660500.0,3,100.0,31500000.0,2,66.67,48910000.0,2,66.67
2007,8.0,2007-08,Asia,CHN,China,Storm,2,52.0,2,100.0,8000840.0,2,100.0,890555000.0,1,50.0,1382775000.0,1,50.0
2007,8.0,2007-08,Asia,IND,India,Flood,3,107.0,3,100.0,515000.0,2,66.67,,0,0.0,,0,0.0
2007,8.0,2007-08,Asia,IRQ,Iraq,Epidemic,1,24.0,1,100.0,4696.0,1,100.0,,0,0.0,,0,0.0
2007,8.0,2007-08,Asia,JPN,Japan,Extreme temperature,1,62.0,1,100.0,3000.0,1,100.0,,0,0.0,,0,0.0
2007,8.0,2007-08,Asia,JPN,Japan,Storm,1,4.0,1,100.0,982.0,1,100.0,1000000000.0,1,100.0,1552712000.0,1,100.0
2007,8.0,2007-08,Asia,KHM,Cambodia,Flood,1,2.0,1,100.0,19000.0,1,100.0,1000000.0,1,100.0,1553000.0,1,100.0
2007,8.0,2007-08,Asia,MMR,Myanmar,Flood,1,,0,0.0,61744.0,1,100.0,,0,0.0,,0,0.0
2007,8.0,2007-08,Asia,PAK,Pakistan,Flood,2,66.0,2,100.0,20.0,1,50.0,327118000.0,1,50.0,507920000.0,1,50.0
2007,8.0,2007-08,Asia,PHL,Philippines,Drought,1,,0,0.0,,0,0.0,,0,0.0,,0,0.0
2007,8.0,2007-08,Asia,PHL,Philippines,Storm,2,10.0,2,100.0,1301462.0,2,100.0,984000.0,2,100.0,1528000.0,2,100.0
2007,8.0,2007-08,Asia,PRK,Democratic People's Republic of Korea,Flood,1,610.0,1,100.0,1170518.0,1,100.0,300000000.0,1,100.0,465813000.0,1,100.0
2007,8.0,2007-08,Asia,TUR,Türkiye,Flood,1,2.0,1,100.0,186.0,1,100.0,,0,0.0,,0,0.0
2007,8.0,2007-08,Asia,TWN,Taiwan (Province of China),Storm,1,,0,0.0,1812.0,1,100.0,25000000.0,1,100.0,38818000.0,1,100.0
2007,8.0,2007-08,Asia,VNM,Viet Nam,Flood,1,74.0,1,100.0,416130.0,1,100.0,130000000.0,1,100.0,201852000.0,1,100.0
2007,8.0,2007-08,Asia,YEM,Yemen,Flood,1,50.0,1,100.0,,0,0.0,,0,0.0,,0,0.0
2007,8.0,2007-08,Europe,BGR,Bulgaria,Flood,1,8.0,1,100.0,10.0,1,100.0,,0,0.0,,0,0.0
2007,8.0,2007-08,Europe,BGR,Bulgaria,Wildfire,1,2.0,1,100.0,,0,0.0,,0,0.0,,0,0.0
2007,8.0,2007-08,Europe,CHE,Switzerland,Flood,1,1.0,1,100.0,101.0,1,100.0,350000000.0,1,100.0,543449000.0,1,100.0
2007,8.0,2007-08,Europe,DEU,Germany,Flood,1,1.0,1,100.0,,0,0.0,,0,0.0,,0,0.0
2007,8.0,2007-08,Europe,GRC,Greece,Wildfire,1,65.0,1,100.0,5392.0,1,100.0,1750000000.0,1,100.0,2717245000.0,1,100.0
2007,8.0,2007-08,Europe,HRV,Croatia,Wildfire,2,12.0,1,50.0,26.0,1,50.0,,0,0.0,,0,0.0
2007,8.0,2007-08,Europe,POL,Poland,Storm,1,13.0,1,100.0,,0,0.0,,0,0.0,,0,0.0
2007,8.0,2007-08,Europe,ROU,Romania,Flood,2,5.0,2,100.0,2360.0,2,100.0,,0,0.0,,0,0.0
2007,8.0,2007-08,Europe,RUS,Russian Federation,Earthquake,1,2.0,1,100.0,25012.0,1,100.0,420000000.0,1,100.0,652139000.0,1,100.0
2007,9.0,2007-09,Africa,DZA,Algeria,Flood,1,18.0,1,100.0,,0,0.0,29500000.0,1,100.0,45805000.0,1,100.0
2007,9.0,2007-09,Africa,DZA,Algeria,Wildfire,1,8.0,1,100.0,,0,0.0,,0,0.0,,0,0.0
2007,9.0,2007-09,Africa,GIN,Guinea,Flood,1,,0,0.0,20685.0,1,100.0,,0,0.0,,0,0.0
2007,9.0,2007-09,Africa,RWA,Rwanda,Flood,1,20.0,1,100.0,4000.0,1,100.0,,0,0.0,,0,0.0
2007,9.0,2007-09,Africa,SOM,Somalia,Flood,1,4.0,1,100.0,8000.0,1,100.0,,0,0.0,,0,0.0
2007,9.0,2007-09,Americas,BRA,Brazil,Flood,1,4.0,1,100.0,4000.0,1,100.0,,0,0.0,,0,0.0
2007,9.0,2007-09,Americas,COL,Colombia,Earthquake,1,,0,0.0,175.0,1,100.0,,0,0.0,,0,0.0
2007,9.0,2007-09,Americas,CRI,Costa Rica,Flood,1,,0,0.0,12500.0,1,100.0,,0,0.0,,0,0.0
2007,9.0,2007-09,Americas,GTM,Guatemala,Flood,1,11.0,1,100.0,656.0,1,100.0,,0,0.0,,0,0.0
2007,9.0,2007-09,Americas,GTM,Guatemala,Storm,1,,0,0.0,3905.0,1,100.0,,0,0.0,,0,0.0
2007,9.0,2007-09,Americas,HND,Honduras,Earthquake,1,,0,0.0,1883.0,1,100.0,,0,0.0,,0,0.0
2007,9.0,2007-09,Americas,HND,Honduras,Storm,1,1.0,1,100.0,19500.0,1,100.0,6579000.0,1,100.0,10215000.0,1,100.0
2007,9.0,2007-09,Americas,MEX,Mexico,Flood,1,,0,0.0,55000.0,1,100.0,,0,0.0,,0,0.0
2007,9.0,2007-09,Americas,MEX,Mexico,Storm,3,11.0,2,66.67,63000.0,2,66.67,,0,0.0,,0,0.0
2007,9.0,2007-09,Americas,NIC,Nicaragua,Storm,1,177.0,1,100.0,188726.0,1,100.0,,0,0.0,,0,0.0
2007,9.0,2007-09,Americas,PRY,Paraguay,Wildfire,1,8.0,1,100.0,125000.0,1,100.0,30000000.0,1,100.0,46581000.0,1,100.0
2007,9.0,2007-09,Americas,SLV,El Salvador,Storm,1,,0,0.0,2800.0,1,100.0,,0,0.0,,0,0.0
2007,9.0,2007-09,Asia,CHN,China,Storm,1,9.0,1,100.0,,0,0.0,638000000.0,1,100.0,990630000.0,1,100.0
2007,9.0,2007-09,Asia,IDN,Indonesia,Earthquake,2,25.0,1,50.0,460036.0,2,100.0,500000000.0,1,50.0,776356000.0,1,50.0
2007,9.0,2007-09,Asia,IDN,Indonesia,Flood,1,4.0,1,100.0,1000.0,1,100.0,,0,0.0,,0,0.0
2007,9.0,2007-09,Asia,IND,India,Flood,2,174.0,2,100.0,7220000.0,2,100.0,275000000.0,1,50.0,426996000.0,1,50.0
2007,9.0,2007-09,Asia,JPN,Japan,Storm,1,4.0,1,100.0,,0,0.0,,0,0.0,,0,0.0
2007,9.0,2007-09,Asia,KOR,Republic of Korea,Flood,1,3.0,1,100.0,1000.0,1,100.0,,0,0.0,,0,0.0
2007,9.0,2007-09,Asia,KOR,Republic of Korea,Storm,1,20.0,1,100.0,602.0,1,100.0,70000000.0,1,100.0,108690000.0,1,100.0
2007,9.0,2007-09,Asia,PHL,Philippines,Storm,3,11.0,3,100.0,96000.0,3,100.0,,0,0.0,,0,0.0
2007,9.0,2007-09,Asia,PRK,Democratic People's Republic of Korea,Storm,1,,0,0.0,1649.0,1,100.0,,0,0.0,,0,0.0
2007,9.0,2007-09,Asia,THA,Thailand,Flood,1,10.0,1,100.0,17000.0,1,100.0,,0,0.0,,0,0.0
2007,9.0,2007-09,Asia,VNM,Viet Nam,Storm,1,96.0,1,100.0,685430.0,1,100.0,191000000.0,1,100.0,296568000.0,1,100.0
2007,9.0,2007-09,Asia,YEM,Yemen,Volcanic activity,1,6.0,1,100.0,15.0,1,100.0,,0,0.0,,0,0.0
2007,9.0,2007-09,Europe,AUT,Austria,Flood,1,,0,0.0,480.0,1,100.0,,0,0.0,,0,0.0
2007,9.0,2007-09,Europe,CZE,Czechia,Flood,1,,0,0.0,300.0,1,100.0,,0,0.0,,0,0.0
2007,9.0,2007-09,Europe,ROU,Romania,Flood,1,9.0,1,100.0,4116.0,1,100.0,,0,0.0,,0,0.0
2007,9.0,2007-09,Europe,SVN,Slovenia,Storm,1,6.0,1,100.0,1050.0,1,100.0,292000000.0,1,100.0,453392000.0,1,100.0
2007,10.0,2007-10,Africa,AGO,Angola,Epidemic,1,,0,0.0,468.0,1,100.0,,0,0.0,,0,0.0
2007,10.0,2007-10,Africa,BDI,Burundi,Flood,1,1.0,1,100.0,2701.0,1,100.0,,0,0.0,,0,0.0
2007,10.0,2007-10,Africa,COD,Democratic Republic of the Congo,Flood,1,32.0,1,100.0,1600.0,1,100.0,,0,0.0,,0,0.0
2007,10.0,2007-10,Africa,COG,Congo,Flood,1,,0,0.0,25000.0,1,100.0,,0,0.0,,0,0.0
2007,10.0,2007-10,Africa,MOZ,Mozambique,Epidemic,1,78.0,1,100.0,7547.0,1,100.0,,0,0.0,,0,0.0
2007,10.0,2007-10,Africa,MWI,Malawi,Drought,1,,0,0.0,520000.0,1,100.0,,0,0.0,,0,0.0
2007,10.0,2007-10,Africa,NGA,Nigeria,Flood,1,17.0,1,100.0,,0,0.0,,0,0.0,,0,0.0
2007,10.0,2007-10,Africa,SDN,Sudan,Epidemic,1,96.0,1,100.0,233.0,1,100.0,,0,0.0,,0,0.0
2007,10.0,2007-10,Africa,TUN,Tunisia,Flood,1,16.0,1,100.0,5000.0,1,100.0,,0,0.0,,0,0.0
2007,10.0,2007-10,Americas,BHS,Bahamas,Storm,1,1.0,1,100.0,7000.0,1,100.0,,0,0.0,,0,0.0
2007,10.0,2007-10,Americas,BRA,Brazil,Drought,1,,0,0.0,1000000.0,1,100.0,,0,0.0,,0,0.0
2007,10.0,2007-10,Americas,BRA,Brazil,Flood,1,6.0,1,100.0,2272.0,1,100.0,,0,0.0,,0,0.0
2007,10.0,2007-10,Americas,COL,Colombia,Flood,1,35.0,1,100.0,1162135.0,1,100.0,,0,0.0,,0,0.0
2007,10.0,2007-10,Americas,CRI,Costa Rica,Flood,1,19.0,1,100.0,12000.0,1,100.0,80000000.0,1,100.0,124217000.0,1,100.0
2007,10.0,2007-10,Americas,CUB,Cuba,Flood,1,,0,0.0,18000.0,1,100.0,,0,0.0,,0,0.0
2007,10.0,2007-10,Americas,CUB,Cuba,Storm,1,1.0,1,100.0,192488.0,1,100.0,500000000.0,1,100.0,776356000.0,1,100.0
2007,10.0,2007-10,Americas,DOM,Dominican Republic,Storm,1,129.0,1,100.0,79728.0,1,100.0,77700000.0,1,100.0,120646000.0,1,100.0
2007,10.0,2007-10,Americas,GTM,Guatemala,Flood,1,,0,0.0,1440.0,1,100.0,,0,0.0,,0,0.0
2007,10.0,2007-10,Americas,HND,Honduras,Flood,1,5.0,1,100.0,15000.0,1,100.0,,0,0.0,,0,0.0
2007,10.0,2007-10,Americas,HTI,Haiti,Flood,1,41.0,1,100.0,75947.0,1,100.0,,0,0.0,,0,0.0
2007,10.0,2007-10,Americas,HTI,Haiti,Storm,1,90.0,1,100.0,108763.0,1,100.0,,0,0.0,,0,0.0
2007,10.0,2007-10,Americas,JAM,Jamaica,Storm,1,1.0,1,100.0,,0,0.0,,0,0.0,,0,0.0
2007,10.0,2007-10,Americas,MEX,Mexico,Flood,1,22.0,1,100.0,1600000.0,1,100.0,3000000000.0,1,100.0,4658135000.0,1,100.0
2007,10.0,2007-10,Americas,NIC,Nicaragua,Flood,1,10.0,1,100.0,24000.0,1,100.0,,0,0.0,,0,0.0
2007,10.0,2007-10,Americas,PAN,Panama,Flood,1,2.0,1,100.0,129.0,1,100.0,,0,0.0,,0,0.0
2007,10.0,2007-10,Americas,SLV,El Salvador,Flood,1,2.0,1,100.0,500.0,1,100.0,,0,0.0,,0,0.0
2007,10.0,2007-10,Americas,USA,United States of America,Drought,1,,0,0.0,,0,0.0,300000000.0,1,100.0,465813000.0,1,100.0
2007,10.0,2007-10,Americas,USA,United States of America,Wildfire,1,8.0,1,100.0,640064.0,1,100.0,2500000000.0,1,100.0,3881779000.0,1,100.0
2007,10.0,2007-10,Asia,CHN,China,Storm,1,,0,0.0,,0,0.0,1077788000.0,1,100.0,1673494000.0,1,100.0
2007,10.0,2007-10,Asia,IDN,Indonesia,Volcanic activity,1,,0,0.0,22154.0,1,100.0,,0,0.0,,0,0.0
2007,10.0,2007-10,Asia,IND,India,Flood,1,29.0,1,100.0,50000.0,1,100.0,,0,0.0,,0,0.0
2007,10.0,2007-10,Asia,LBN,Lebanon,Wildfire,1,1.0,1,100.0,15.0,1,100.0,,0,0.0,,0,0.0
2007,10.0,2007-10,Asia,PHL,Philippines,Flood,1,20.0,1,100.0,,0,0.0,,0,0.0,,0,0.0
2007,10.0,2007-10,Asia,THA,Thailand,Flood,1,2.0,1,100.0,100000.0,1,100.0,1500000.0,1,100.0,2329000.0,1,100.0
2007,10.0,2007-10,Asia,TWN,Taiwan (Province of China),Storm,1,18.0,1,100.0,1067.0,1,100.0,35000000.0,1,100.0,54345000.0,1,100.0
2007,10.0,2007-10,Asia,VNM,Viet Nam,Flood,3,101.0,3,100.0,396042.0,3,100.0,310000000.0,2,66.67,481340000.0,2,66.67
2007,10.0,2007-10,Europe,ESP,Spain,Flood,1,3.0,1,100.0,3600.0,1,100.0,,0,0.0,,0,0.0
2007,11.0,2007-11,Africa,DZA,Algeria,Flood,1,14.0,1,100.0,1203.0,1,100.0,,0,0.0,,0,0.0
2007,11.0,2007-11,Africa,MWI,Malawi,Flood,2,,0,0.0,182246.0,2,100.0,,0,0.0,,0,0.0
2007,11.0,2007-11,Africa,SOM,Somalia,Flood,1,21.0,1,100.0,2012.0,1,100.0,,0,0.0,,0,0.0
2007,11.0,2007-11,Africa,UGA,Uganda,Epidemic,1,96.0,1,100.0,5761.0,1,100.0,,0,0.0,,0,0.0
2007,11.0,2007-11,Africa,UGA,Uganda,Flood,1,4.0,1,100.0,3000.0,1,100.0,,0,0.0,,0,0.0
2007,11.0,2007-11,Americas,BRB,Barbados,Earthquake,1,,0,0.0,1.0,1,100.0,,0,0.0,,0,0.0
2007,11.0,2007-11,Americas,CHL,Chile,Earthquake,1,2.0,1,100.0,25155.0,1,100.0,100000000.0,1,100.0,155271000.0,1,100.0
2007,11.0,2007-11,Americas,HND,Honduras,Flood,1,1.0,1,100.0,500.0,1,100.0,,0,0.0,,0,0.0
2007,11.0,2007-11,Americas,LCA,Saint Lucia,Earthquake,1,,0,0.0,,0,0.0,,0,0.0,,0,0.0
2007,11.0,2007-11,Americas,MEX,Mexico,Mass movement (wet),1,16.0,1,100.0,,0,0.0,,0,0.0,,0,0.0
2007,11.0,2007-11,Americas,MTQ,Martinique,Earthquake,1,1.0,1,100.0,100.0,1,100.0,,0,0.0,,0,0.0
2007,11.0,2007-11,Americas,USA,United States of America,Wildfire,1,,0,0.0,10159.0,1,100.0,315000000.0,1,100.0,489104000.0,1,100.0
2007,11.0,2007-11,Asia,BGD,Bangladesh,Storm,1,4234.0,1,100.0,8978541.0,1,100.0,2300000000.0,1,100.0,3571236000.0,1,100.0
2007,11.0,2007-11,Asia,CHN,China,Mass movement (wet),1,33.0,1,100.0,1.0,1,100.0,,0,0.0,,0,0.0
2007,11.0,2007-11,Asia,IDN,Indonesia,Earthquake,1,3.0,1,100.0,21800.0,1,100.0,,0,0.0,,0,0.0
2007,11.0,2007-11,Asia,IND,India,Storm,1,,0,0.0,,0,0.0,,0,0.0,,0,0.0
2007,11.0,2007-11,Asia,PHL,Philippines,Flood,2,11.0,1,50.0,50034.0,2,100.0,2520000.0,1,50.0,3913000.0,1,50.0
2007,11.0,2007-11,Asia,PHL,Philippines,Storm,3,57.0,3,100.0,512332.0,3,100.0,8971000.0,3,100.0,13930000.0,3,100.0
2007,11.0,2007-11,Asia,TUR,Türkiye,Flood,1,1.0,1,100.0,2250.0,1,100.0,,0,0.0,,0,0.0
2007,11.0,2007-11,Asia,VNM,Viet Nam,Flood,1,55.0,1,100.0,150000.0,1,100.0,350000000.0,1,100.0,543449000.0,1,100.0
2007,11.0,2007-11,Europe,BGR,Bulgaria,Flood,1,2.0,1,100.0,60.0,1,100.0,,0,0.0,,0,0.0
2007,11.0,2007-11,Europe,GRC,Greece,Flood,1,2.0,1,100.0,600.0,1,100.0,,0,0.0,,0,0.0
2007,11.0,2007-11,Europe,MNE,Montenegro,Flood,1,,0,0.0,1086.0,1,100.0,,0,0.0,,0,0.0
2007,11.0,2007-11,Europe,SRB,Serbia,Flood,1,,0,0.0,12370.0,1,100.0,,0,0.0,,0,0.0
2007,11.0,2007-11,Oceania,PNG,Papua New Guinea,Storm,1,172.0,1,100.0,162140.0,1,100.0,,0,0.0,,0,0.0
2007,12.0,2007-12,Africa,KEN,Kenya,Flood,1,4.0,1,100.0,2000.0,1,100.0,,0,0.0,,0,0.0
2007,12.0,2007-12,Africa,MOZ,Mozambique,Flood,2,20.0,1,50.0,113535.0,1,50.0,100000000.0,1,50.0,155271000.0,1,50.0
2007,12.0,2007-12,Africa,NGA,Nigeria,Epidemic,1,200.0,1,100.0,,0,0.0,,0,0.0,,0,0.0
2007,12.0,2007-12,Africa,ZMB,Zambia,Flood,1,10.0,1,100.0,34766.0,1,100.0,,0,0.0,,0,0.0
2007,12.0,2007-12,Africa,ZWE,Zimbabwe,Flood,2,27.0,2,100.0,17000.0,2,100.0,,0,0.0,,0,0.0
2007,12.0,2007-12,Americas,BOL,Bolivia (Plurinational State of),Flood,1,75.0,1,100.0,485024.0,1,100.0,500000000.0,1,100.0,776356000.0,1,100.0
2007,12.0,2007-12,Americas,BRA,Brazil,Earthquake,1,1.0,1,100.0,286.0,1,100.0,,0,0.0,,0,0.0
2007,12.0,2007-12,Americas,CAN,Canada,Storm,1,4.0,1,100.0,,0,0.0,,0,0.0,,0,0.0
2007,12.0,2007-12,Americas,DOM,Dominican Republic,Storm,1,33.0,1,100.0,61605.0,1,100.0,45000000.0,1,100.0,69872000.0,1,100.0
2007,12.0,2007-12,Americas,HTI,Haiti,Storm,1,3.0,1,100.0,2352.0,1,100.0,,0,0.0,,0,0.0
2007,12.0,2007-12,Americas,PRI,Puerto Rico,Storm,1,1.0,1,100.0,,0,0.0,,0,0.0,,0,0.0
2007,12.0,2007-12,Americas,USA,United States of America,Storm,3,63.0,3,100.0,1130.0,2,66.67,1500000000.0,2,66.67,2329068000.0,2,66.67
2007,12.0,2007-12,Asia,IDN,Indonesia,Flood,1,127.0,1,100.0,269515.0,1,100.0,,0,0.0,,0,0.0
2007,12.0,2007-12,Asia,IND,India,Extreme temperature,1,47.0,1,100.0,,0,0.0,,0,0.0,,0,0.0
2007,12.0,2007-12,Asia,LKA,Sri Lanka,Flood,1,,0,0.0,250000.0,1,100.0,,0,0.0,,0,0.0
2007,12.0,2007-12,Asia,MYS,Malaysia,Flood,1,29.0,1,100.0,29000.0,1,100.0,363000000.0,1,100.0,563634000.0,1,100.0
2007,12.0,2007-12,Asia,PHL,Philippines,Flood,1,,0,0.0,12205.0,1,100.0,,0,0.0,,0,0.0
2007,12.0,2007-12,Asia,THA,Thailand,Flood,1,3.0,1,100.0,65000.0,1,100.0,,0,0.0,,0,0.0
2007,12.0,2007-12,Asia,TJK,Tajikistan,Mass movement (wet),1,16.0,1,100.0,,0,0.0,,0,0.0,,0,0.0
2007,12.0,2007-12,Europe,ROU,Romania,Extreme temperature,1,38.0,1,100.0,,0,0.0,,0,0.0,,0,0.0
2007,12.0,2007-12,Oceania,FJI,Fiji,Storm,1,,0,0.0,69.0,1,100.0,652000.0,1,100.0,1012000.0,1,100.0
2008,1.0,2008-01,Africa,AGO,Angola,Epidemic,1,134.0,1,100.0,7495.0,1,100.0,,0,0.0,,0,0.0
2008,1.0,2008-01,Africa,AGO,Angola,Flood,1,7.0,1,100.0,81400.0,1,100.0,,0,0.0,,0,0.0
2008,1.0,2008-01,Africa,BEN,Benin,Epidemic,1,29.0,1,100.0,269.0,1,100.0,,0,0.0,,0,0.0
2008,1.0,2008-01,Africa,BFA,Burkina Faso,Epidemic,1,250.0,1,100.0,2000.0,1,100.0,,0,0.0,,0,0.0
2008,1.0,2008-01,Africa,CIV,Côte d’Ivoire,Epidemic,1,44.0,1,100.0,,0,0.0,,0,0.0,,0,0.0
2008,1.0,2008-01,Africa,COD,Democratic Republic of the Congo,Storm,1,10.0,1,100.0,8.0,1,100.0,,0,0.0,,0,0.0
2008,1.0,2008-01,Africa,LSO,Lesotho,Storm,1,,0,0.0,4500.0,1,100.0,,0,0.0,,0,0.0
2008,1.0,2008-01,Africa,MDG,Madagascar,Epidemic,1,20.0,1,100.0,520.0,1,100.0,,0,0.0,,0,0.0
2008,1.0,2008-01,Africa,MDG,Madagascar,Storm,1,12.0,1,100.0,8613.0,1,100.0,,0,0.0,,0,0.0
2008,1.0,2008-01,Africa,NAM,Namibia,Flood,1,42.0,1,100.0,65000.0,1,100.0,,0,0.0,,0,0.0
2008,1.0,2008-01,Africa,NER,Niger,Epidemic,2,173.0,2,100.0,2805.0,2,100.0,,0,0.0,,0,0.0
2008,1.0,2008-01,Africa,SOM,Somalia,Drought,1,,0,0.0,3300000.0,1,100.0,,0,0.0,,0,0.0
2008,1.0,2008-01,Africa,TCD,Chad,Epidemic,1,22.0,1,100.0,1755.0,1,100.0,,0,0.0,,0,0.0
2008,1.0,2008-01,Africa,TZA,United Republic of Tanzania,Flood,1,72.0,1,100.0,7957.0,1,100.0,,0,0.0,,0,0.0
2008,1.0,2008-01,Americas,ARG,Argentina,Flood,1,,0,0.0,85000.0,1,100.0,,0,0.0,,0,0.0
2008,1.0,2008-01,Americas,BOL,Bolivia (Plurinational State of),Epidemic,1,,0,0.0,204.0,1,100.0,,0,0.0,,0,0.0
2008,1.0,2008-01,Americas,BRA,Brazil,Flood,1,4.0,1,100.0,49506.0,1,100.0,,0,0.0,,0,0.0
2008,1.0,2008-01,Americas,COL,Colombia,Volcanic activity,1,,0,0.0,150.0,1,100.0,,0,0.0,,0,0.0
2008,1.0,2008-01,Americas,ECU,Ecuador,Flood,1,41.0,1,100.0,289122.0,1,100.0,1000000000.0,1,100.0,1495305000.0,1,100.0
2008,1.0,2008-01,Americas,PRY,Paraguay,Epidemic,1,,0,0.0,1837.0,1,100.0,,0,0.0,,0,0.0
2008,1.0,2008-01,Americas,USA,United States of America,Flood,1,2.0,1,100.0,1500.0,1,100.0,,0,0.0,,0,0.0
2008,1.0,2008-01,Americas,USA,United States of America,Storm,2,16.0,2,100.0,,0,0.0,1600000000.0,2,100.0,2392488000.0,2,100.0
2008,1.0,2008-01,Asia,AFG,Afghanistan,Extreme temperature,1,1317.0,1,100.0,170684.0,1,100.0,,0,0.0,,0,0.0
2008,1.0,2008-01,Asia,CHN,China,Extreme temperature,1,129.0,1,100.0,77000000.0,1,100.0,21100000000.0,1,100.0,31550942000.0,1,100.0
2008,1.0,2008-01,Asia,IDN,Indonesia,Flood,2,3.0,1,50.0,41000.0,2,100.0,653000.0,1,50.0,976000.0,1,50.0
2008,1.0,2008-01,Asia,IRN,Iran (Islamic Republic of),Storm,1,28.0,1,100.0,,0,0.0,,0,0.0,,0,0.0
2008,1.0,2008-01,Asia,KGZ,Kyrgyzstan,Earthquake,1,,0,0.0,3000.0,1,100.0,,0,0.0,,0,0.0
2008,1.0,2008-01,Asia,PHL,Philippines,Flood,1,,0,0.0,29184.0,1,100.0,446000.0,1,100.0,667000.0,1,100.0
2008,1.0,2008-01,Asia,TJK,Tajikistan,Extreme temperature,1,,0,0.0,2000000.0,1,100.0,840000000.0,1,100.0,1256056000.0,1,100.0
2008,1.0,2008-01,Europe,BGR,Bulgaria,Extreme temperature,1,10.0,1,100.0,,0,0.0,,0,0.0,,0,0.0
2008,1.0,2008-01,Europe,GBR,United Kingdom of Great Britain and Northern Ireland,Flood,1,,0,0.0,2000.0,1,100.0,,0,0.0,,0,0.0
2008,1.0,2008-01,Europe,HUN,Hungary,Extreme temperature,1,17.0,1,100.0,500.0,1,100.0,,0,0.0,,0,0.0
2008,1.0,2008-01,Oceania,AUS,Australia,Flood,2,1.0,1,50.0,6200.0,2,100.0,690000000.0,2,100.0,1031760000.0,2,100.0
2008,1.0,2008-01,Oceania,FJI,Fiji,Storm,1,7.0,1,100.0,,0,0.0,30000000.0,1,100.0,44859000.0,1,100.0
2008,1.0,2008-01,Oceania,PNG,Papua New Guinea,Mass movement (dry),1,10.0,1,100.0,,0,0.0,,0,0.0,,0,0.0
2008,2.0,2008-02,Africa,COD,Democratic Republic of the Congo,Earthquake,1,11.0,1,100.0,17355.0,1,100.0,7000000.0,1,100.0,10467000.0,1,100.0
2008,2.0,2008-02,Africa,COG,Congo,Epidemic,1,25.0,1,100.0,527.0,1,100.0,,0,0.0,,0,0.0
2008,2.0,2008-02,Africa,KEN,Kenya,Epidemic,1,43.0,1,100.0,,0,0.0,,0,0.0,,0,0.0
2008,2.0,2008-02,Africa,MDG,Madagascar,Storm,1,93.0,1,100.0,524153.0,1,100.0,60000000.0,1,100.0,89718000.0,1,100.0
2008,2.0,2008-02,Africa,RWA,Rwanda,Earthquake,1,36.0,1,100.0,643.0,1,100.0,,0,0.0,,0,0.0
2008,2.0,2008-02,Africa,SOM,Somalia,Epidemic,1,13.0,1,100.0,663.0,1,100.0,,0,0.0,,0,0.0
2008,2.0,2008-02,Africa,SWZ,Eswatini,Flood,1,,0,0.0,2500.0,1,100.0,,0,0.0,,0,0.0
2008,2.0,2008-02,Africa,ZMB,Zambia,Flood,1,4.0,1,100.0,15000.0,1,100.0,,0,0.0,,0,0.0
2008,2.0,2008-02,Americas,BRA,Brazil,Flood,1,9.0,1,100.0,12870.0,1,100.0,,0,0.0,,0,0.0
2008,2.0,2008-02,Americas,PER,Peru,Flood,1,40.0,1,100.0,450012.0,1,100.0,,0,0.0,,0,0.0
2008,2.0,2008-02,Americas,PRY,Paraguay,Epidemic,1,8.0,1,100.0,16.0,1,100.0,,0,0.0,,0,0.0
2008,2.0,2008-02,Americas,USA,United States of America,Earthquake,1,,0,0.0,2103.0,1,100.0,,0,0.0,,0,0.0
2008,2.0,2008-02,Americas,USA,United States of America,Storm,1,59.0,1,100.0,150.0,1,100.0,1300000000.0,1,100.0,1943897000.0,1,100.0
2008,2.0,2008-02,Asia,CHN,China,Extreme temperature,1,16.0,1,100.0,,0,0.0,,0,0.0,,0,0.0
2008,2.0,2008-02,Asia,IDN,Indonesia,Flood,3,28.0,3,100.0,100261.0,3,100.0,,0,0.0,,0,0.0
2008,2.0,2008-02,Asia,IND,India,Mass movement (wet),1,37.0,1,100.0,,0,0.0,,0,0.0,,0,0.0
2008,2.0,2008-02,Asia,KAZ,Kazakhstan,Flood,1,1.0,1,100.0,13000.0,1,100.0,130000000.0,1,100.0,194390000.0,1,100.0
2008,2.0,2008-02,Asia,PHL,Philippines,Flood,1,63.0,1,100.0,875343.0,1,100.0,30733000.0,1,100.0,45955000.0,1,100.0
2008,2.0,2008-02,Europe,BEL,Belgium,Storm,1,,0,0.0,,0,0.0,,0,0.0,,0,0.0
2008,2.0,2008-02,Europe,CZE,Czechia,Storm,1,2.0,1,100.0,,0,0.0,50000000.0,1,100.0,74765000.0,1,100.0
2008,2.0,2008-02,Europe,DEU,Germany,Storm,1,5.0,1,100.0,,0,0.0,1200000000.0,1,100.0,1794366000.0,1,100.0
2008,2.0,2008-02,Europe,NLD,Netherlands (Kingdom of the),Storm,1,,0,0.0,,0,0.0,,0,0.0,,0,0.0
2008,2.0,2008-02,Europe,PRT,Portugal,Flood,1,2.0,1,100.0,110.0,1,100.0,,0,0.0,,0,0.0
2008,2.0,2008-02,Europe,ROU,Romania,Storm,1,,0,0.0,90.0,1,100.0,,0,0.0,,0,0.0
2008,2.0,2008-02,Oceania,AUS,Australia,Flood,1,2.0,1,100.0,1000.0,1,100.0,1100000000.0,1,100.0,1644836000.0,1,100.0
2008,3.0,2008-03,Africa,KEN,Kenya,Flood,2,2.0,1,50.0,10700.0,2,100.0,,0,0.0,,0,0.0
2008,3.0,2008-03,Africa,MDG,Madagascar,Storm,1,,0,0.0,400.0,1,100.0,,0,0.0,,0,0.0
2008,3.0,2008-03,Africa,MOZ,Mozambique,Storm,1,9.0,1,100.0,220013.0,1,100.0,20000000.0,1,100.0,29906000.0,1,100.0
2008,3.0,2008-03,Africa,NGA,Nigeria,Epidemic,1,35.0,1,100.0,,0,0.0,,0,0.0,,0,0.0
2008,3.0,2008-03,Africa,TZA,United Republic of Tanzania,Flood,1,1.0,1,100.0,1500.0,1,100.0,,0,0.0,,0,0.0
2008,3.0,2008-03,Americas,BRA,Brazil,Epidemic,1,123.0,1,100.0,162701.0,1,100.0,,0,0.0,,0,0.0
2008,3.0,2008-03,Americas,BRA,Brazil,Flood,1,36.0,1,100.0,190000.0,1,100.0,360000000.0,1,100.0,538310000.0,1,100.0
2008,3.0,2008-03,Americas,COL,Colombia,Flood,1,11.0,1,100.0,,0,0.0,,0,0.0,,0,0.0
2008,3.0,2008-03,Americas,USA,United States of America,Flood,1,18.0,1,100.0,1000.0,1,100.0,2000000.0,1,100.0,2991000.0,1,100.0
2008,3.0,2008-03,Americas,USA,United States of America,Storm,1,2.0,1,100.0,177.0,1,100.0,450000000.0,1,100.0,672887000.0,1,100.0
2008,3.0,2008-03,Asia,BGD,Bangladesh,Storm,1,12.0,1,100.0,200.0,1,100.0,,0,0.0,,0,0.0
2008,3.0,2008-03,Asia,CHN,China,Mass movement (wet),1,12.0,1,100.0,,0,0.0,,0,0.0,,0,0.0
2008,3.0,2008-03,Asia,IDN,Indonesia,Flood,2,3.0,1,50.0,72000.0,2,100.0,,0,0.0,,0,0.0
2008,3.0,2008-03,Asia,IND,India,Flood,1,37.0,1,100.0,10278.0,1,100.0,2000000.0,1,100.0,2991000.0,1,100.0
2008,3.0,2008-03,Asia,LKA,Sri Lanka,Flood,1,8.0,1,100.0,54323.0,1,100.0,,0,0.0,,0,0.0
2008,3.0,2008-03,Europe,AUT,Austria,Storm,1,4.0,1,100.0,,0,0.0,500000000.0,1,100.0,747653000.0,1,100.0
2008,3.0,2008-03,Europe,POL,Poland,Storm,1,2.0,1,100.0,1060.0,1,100.0,50000000.0,1,100.0,74765000.0,1,100.0
2008,4.0,2008-04,Africa,BDI,Burundi,Flood,1,6.0,1,100.0,500.0,1,100.0,,0,0.0,,0,0.0
2008,4.0,2008-04,Africa,COD,Democratic Republic of the Congo,Flood,1,15.0,1,100.0,502.0,1,100.0,,0,0.0,,0,0.0
2008,4.0,2008-04,Americas,CAN,Canada,Flood,2,,0,0.0,2400.0,2,100.0,,0,0.0,,0,0.0
2008,4.0,2008-04,Americas,COL,Colombia,Volcanic activity,1,,0,0.0,14201.0,1,100.0,,0,0.0,,0,0.0
2008,4.0,2008-04,Americas,USA,United States of America,Storm,2,3.0,1,50.0,200.0,1,50.0,1210000000.0,2,100.0,1809320000.0,2,100.0
2008,4.0,2008-04,Asia,CHN,China,Storm,2,25.0,1,50.0,274000.0,1,50.0,782000000.0,2,100.0,1169329000.0,2,100.0
2008,4.0,2008-04,Asia,IDN,Indonesia,Flood,1,,0,0.0,34514.0,1,100.0,,0,0.0,,0,0.0
2008,4.0,2008-04,Asia,IDN,Indonesia,Volcanic activity,1,,0,0.0,600.0,1,100.0,,0,0.0,,0,0.0
2008,4.0,2008-04,Asia,LKA,Sri Lanka,Storm,1,9.0,1,100.0,50000.0,1,100.0,,0,0.0,,0,0.0
2008,4.0,2008-04,Asia,PHL,Philippines,Storm,1,1.0,1,100.0,,0,0.0,16000000.0,1,100.0,23925000.0,1,100.0
2008,4.0,2008-04,Asia,THA,Thailand,Drought,1,,0,0.0,10000000.0,1,100.0,,0,0.0,,0,0.0
2008,5.0,2008-05,Africa,ETH,Ethiopia,Drought,1,,0,0.0,6400000.0,1,100.0,,0,0.0,,0,0.0
2008,5.0,2008-05,Africa,ETH,Ethiopia,Flood,1,29.0,1,100.0,845.0,1,100.0,,0,0.0,,0,0.0
2008,5.0,2008-05,Africa,GNB,Guinea-Bissau,Epidemic,1,221.0,1,100.0,14004.0,1,100.0,,0,0.0,,0,0.0
2008,5.0,2008-05,Africa,UGA,Uganda,Epidemic,1,28.0,1,100.0,388.0,1,100.0,,0,0.0,,0,0.0
2008,5.0,2008-05,Americas,ARG,Argentina,Volcanic activity,1,,0,0.0,,0,0.0,,0,0.0,,0,0.0
2008,5.0,2008-05,Americas,BLZ,Belize,Storm,1,7.0,1,100.0,10000.0,1,100.0,,0,0.0,,0,0.0
2008,5.0,2008-05,Americas,BRA,Brazil,Storm,1,3.0,1,100.0,1600.0,1,100.0,,0,0.0,,0,0.0
2008,5.0,2008-05,Americas,CHL,Chile,Flood,1,5.0,1,100.0,40000.0,1,100.0,,0,0.0,,0,0.0
2008,5.0,2008-05,Americas,CHL,Chile,Volcanic activity,1,,0,0.0,8000.0,1,100.0,,0,0.0,,0,0.0
2008,5.0,2008-05,Americas,COL,Colombia,Earthquake,1,11.0,1,100.0,1754.0,1,100.0,10000000.0,1,100.0,14953000.0,1,100.0
2008,5.0,2008-05,Americas,COL,Colombia,Mass movement (wet),1,27.0,1,100.0,16.0,1,100.0,,0,0.0,,0,0.0
2008,5.0,2008-05,Americas,CRI,Costa Rica,Storm,1,4.0,1,100.0,55000.0,1,100.0,,0,0.0,,0,0.0
2008,5.0,2008-05,Americas,HND,Honduras,Storm,1,,0,0.0,,0,0.0,,0,0.0,,0,0.0
2008,5.0,2008-05,Americas,NIC,Nicaragua,Storm,1,13.0,1,100.0,25000.0,1,100.0,,0,0.0,,0,0.0
2008,5.0,2008-05,Americas,USA,United States of America,Storm,2,29.0,2,100.0,220.0,2,100.0,2300000000.0,2,100.0,3439203000.0,2,100.0
2008,5.0,2008-05,Asia,CHN,China,Earthquake,2,87484.0,2,100.0,46327596.0,2,100.0,85000000000.0,1,50.0,127100952000.0,1,50.0
2008,5.0,2008-05,Asia,CHN,China,Flood,2,67.0,2,100.0,1318166.0,2,100.0,19000000.0,1,50.0,28411000.0,1,50.0
2008,5.0,2008-05,Asia,IDN,Indonesia,Mass movement (wet),1,21.0,1,100.0,,0,0.0,,0,0.0,,0,0.0
2008,5.0,2008-05,Asia,IND,India,Storm,1,111.0,1,100.0,50.0,1,100.0,25000000.0,1,100.0,37383000.0,1,100.0
2008,5.0,2008-05,Asia,IRN,Iran (Islamic Republic of),Earthquake,1,,0,0.0,170.0,1,100.0,,0,0.0,,0,0.0
2008,5.0,2008-05,Asia,KOR,Republic of Korea,Flood,1,10.0,1,100.0,13.0,1,100.0,,0,0.0,,0,0.0
2008,5.0,2008-05,Asia,LKA,Sri Lanka,Flood,1,25.0,1,100.0,362582.0,1,100.0,,0,0.0,,0,0.0
2008,5.0,2008-05,Asia,MMR,Myanmar,Storm,1,138366.0,1,100.0,2420000.0,1,100.0,4000000000.0,1,100.0,5981221000.0,1,100.0
2008,5.0,2008-05,Asia,MNG,Mongolia,Epidemic,1,,0,0.0,3151.0,1,100.0,,0,0.0,,0,0.0
2008,5.0,2008-05,Asia,MNG,Mongolia,Storm,1,52.0,1,100.0,,0,0.0,,0,0.0,,0,0.0
2008,5.0,2008-05,Asia,PAK,Pakistan,Flood,1,10.0,1,100.0,,0,0.0,,0,0.0,,0,0.0
2008,5.0,2008-05,Asia,PHL,Philippines,Storm,2,65.0,2,100.0,1505058.0,2,100.0,99454000.0,2,100.0,148714000.0,2,100.0
2008,5.0,2008-05,Asia,THA,Thailand,Storm,1,,0,0.0,1000.0,1,100.0,,0,0.0,,0,0.0
2008,5.0,2008-05,Asia,VNM,Viet Nam,Flood,1,4.0,1,100.0,500.0,1,100.0,,0,0.0,,0,0.0
2008,5.0,2008-05,Europe,ITA,Italy,Flood,1,4.0,1,100.0,,0,0.0,,0,0.0,,0,0.0
2008,6.0,2008-06,Africa,COG,Congo,Epidemic,1,1.0,1,100.0,103.0,1,100.0,,0,0.0,,0,0.0
2008,6.0,2008-06,Africa,GMB,Gambia,Storm,1,,0,0.0,300.0,1,100.0,,0,0.0,,0,0.0
2008,6.0,2008-06,Africa,KEN,Kenya,Flood,1,16.0,1,100.0,8658.0,1,100.0,,0,0.0,,0,0.0
2008,6.0,2008-06,Africa,SLE,Sierra Leone,Epidemic,1,170.0,1,100.0,1746.0,1,100.0,,0,0.0,,0,0.0
2008,6.0,2008-06,Africa,ZAF,South Africa,Flood,1,11.0,1,100.0,4000.0,1,100.0,1264000.0,1,100.0,1890000.0,1,100.0
2008,6.0,2008-06,Americas,GTM,Guatemala,Mass movement (wet),1,27.0,1,100.0,,0,0.0,,0,0.0,,0,0.0
2008,6.0,2008-06,Americas,SUR,Suriname,Flood,1,2.0,1,100.0,6548.0,1,100.0,,0,0.0,,0,0.0
2008,6.0,2008-06,Americas,USA,United States of America,Flood,1,24.0,1,100.0,11000148.0,1,100.0,10000000000.0,1,100.0,14953053000.0,1,100.0
2008,6.0,2008-06,Americas,USA,United States of America,Wildfire,1,1.0,1,100.0,300.0,1,100.0,102000000.0,1,100.0,152521000.0,1,100.0
2008,6.0,2008-06,Asia,BGD,Bangladesh,Flood,1,16.0,1,100.0,20002.0,1,100.0,,0,0.0,,0,0.0
2008,6.0,2008-06,Asia,CHN,China,Flood,1,176.0,1,100.0,1600000.0,1,100.0,2200000000.0,1,100.0,3289672000.0,1,100.0
2008,6.0,2008-06,Asia,CHN,China,Mass movement (wet),1,19.0,1,100.0,,0,0.0,,0,0.0,,0,0.0
2008,6.0,2008-06,Asia,CHN,China,Storm,2,24.0,2,100.0,340100.0,2,100.0,198000000.0,2,100.0,296070000.0,2,100.0
2008,6.0,2008-06,Asia,IND,India,Flood,1,1063.0,1,100.0,7900000.0,1,100.0,123000000.0,1,100.0,183923000.0,1,100.0
2008,6.0,2008-06,Asia,JPN,Japan,Earthquake,1,23.0,1,100.0,448.0,1,100.0,167000000.0,1,100.0,249716000.0,1,100.0
2008,6.0,2008-06,Asia,PHL,Philippines,Flood,2,8.0,2,100.0,3391.0,2,100.0,173000.0,1,50.0,259000.0,1,50.0
2008,6.0,2008-06,Asia,PHL,Philippines,Storm,1,644.0,1,100.0,4785460.0,1,100.0,284694000.0,1,100.0,425704000.0,1,100.0
2008,6.0,2008-06,Europe,DEU,Germany,Storm,1,3.0,1,100.0,,0,0.0,1500000000.0,1,100.0,2242958000.0,1,100.0
2008,6.0,2008-06,Europe,FRA,France,Storm,1,,0,0.0,606.0,1,100.0,,0,0.0,,0,0.0
2008,6.0,2008-06,Europe,GRC,Greece,Earthquake,1,2.0,1,100.0,3708.0,1,100.0,,0,0.0,,0,0.0
2008,7.0,2008-07,Africa,BEN,Benin,Epidemic,1,2.0,1,100.0,192.0,1,100.0,,0,0.0,,0,0.0
2008,7.0,2008-07,Africa,BEN,Benin,Flood,1,15.0,1,100.0,158235.0,1,100.0,,0,0.0,,0,0.0
2008,7.0,2008-07,Africa,BFA,Burkina Faso,Flood,1,,0,0.0,560.0,1,100.0,,0,0.0,,0,0.0
2008,7.0,2008-07,Africa,CAF,Central African Republic,Flood,1,,0,0.0,795.0,1,100.0,,0,0.0,,0,0.0
2008,7.0,2008-07,Africa,CIV,Côte d’Ivoire,Flood,1,6.0,1,100.0,450.0,1,100.0,,0,0.0,,0,0.0
2008,7.0,2008-07,Africa,CMR,Cameroon,Flood,1,9.0,1,100.0,25000.0,1,100.0,,0,0.0,,0,0.0
2008,7.0,2008-07,Africa,DJI,Djibouti,Drought,1,,0,0.0,340000.0,1,100.0,,0,0.0,,0,0.0
2008,7.0,2008-07,Africa,GHA,Ghana,Flood,1,,0,0.0,58000.0,1,100.0,,0,0.0,,0,0.0
2008,7.0,2008-07,Africa,GNB,Guinea-Bissau,Flood,1,,0,0.0,750.0,1,100.0,,0,0.0,,0,0.0
2008,7.0,2008-07,Africa,KEN,Kenya,Drought,1,4.0,1,100.0,3800000.0,1,100.0,,0,0.0,,0,0.0
2008,7.0,2008-07,Africa,LBR,Liberia,Flood,1,,0,0.0,340.0,1,100.0,,0,0.0,,0,0.0
2008,7.0,2008-07,Africa,NER,Niger,Flood,1,7.0,1,100.0,32000.0,1,100.0,,0,0.0,,0,0.0
2008,7.0,2008-07,Africa,SDN,Sudan,Epidemic,1,3.0,1,100.0,163.0,1,100.0,,0,0.0,,0,0.0
2008,7.0,2008-07,Africa,TCD,Chad,Flood,1,,0,0.0,6450.0,1,100.0,,0,0.0,,0,0.0
2008,7.0,2008-07,Africa,TGO,Togo,Flood,1,6.0,1,100.0,44814.0,1,100.0,,0,0.0,,0,0.0
2008,7.0,2008-07,Africa,UGA,Uganda,Drought,1,,0,0.0,1100000.0,1,100.0,,0,0.0,,0,0.0
2008,7.0,2008-07,Americas,GTM,Guatemala,Flood,1,27.0,1,100.0,17300.0,1,100.0,,0,0.0,,0,0.0
2008,7.0,2008-07,Americas,GTM,Guatemala,Storm,1,17.0,1,100.0,,0,0.0,,0,0.0,,0,0.0
2008,7.0,2008-07,Americas,MEX,Mexico,Flood,1,12.0,1,100.0,20000.0,1,100.0,,0,0.0,,0,0.0
2008,7.0,2008-07,Americas,MEX,Mexico,Storm,1,2.0,1,100.0,500000.0,1,100.0,75000000.0,1,100.0,112148000.0,1,100.0
2008,7.0,2008-07,Americas,SLV,El Salvador,Flood,1,30.0,1,100.0,,0,0.0,,0,0.0,,0,0.0
2008,7.0,2008-07,Americas,USA,United States of America,Storm,1,,0,0.0,,0,0.0,1200000000.0,1,100.0,1794366000.0,1,100.0
2008,7.0,2008-07,Asia,CHN,China,Flood,1,19.0,1,100.0,3000000.0,1,100.0,102000000.0,1,100.0,152521000.0,1,100.0
2008,7.0,2008-07,Asia,CHN,China,Mass movement (wet),1,15.0,1,100.0,,0,0.0,,0,0.0,,0,0.0
2008,7.0,2008-07,Asia,CHN,China,Storm,1,1.0,1,100.0,93006.0,1,100.0,73000000.0,1,100.0,109157000.0,1,100.0
2008,7.0,2008-07,Asia,IND,India,Flood,2,142.0,1,50.0,275000.0,2,100.0,,0,0.0,,0,0.0
2008,7.0,2008-07,Asia,JPN,Japan,Earthquake,1,1.0,1,100.0,470.0,1,100.0,110000000.0,1,100.0,164484000.0,1,100.0
2008,7.0,2008-07,Asia,JPN,Japan,Extreme temperature,1,47.0,1,100.0,,0,0.0,,0,0.0,,0,0.0
2008,7.0,2008-07,Asia,JPN,Japan,Flood,1,5.0,1,100.0,50003.0,1,100.0,,0,0.0,,0,0.0
2008,7.0,2008-07,Asia,NPL,Nepal,Flood,1,65.0,1,100.0,70000.0,1,100.0,29000.0,1,100.0,43000.0,1,100.0
2008,7.0,2008-07,Asia,PHL,Philippines,Storm,2,12.0,2,100.0,53211.0,2,100.0,187000.0,2,100.0,280000.0,2,100.0
2008,7.0,2008-07,Asia,TWN,Taiwan (Province of China),Storm,2,28.0,2,100.0,8.0,1,50.0,26000000.0,2,100.0,38878000.0,2,100.0
2008,7.0,2008-07,Europe,ITA,Italy,Flood,1,2.0,1,100.0,300.0,1,100.0,,0,0.0,,0,0.0
2008,7.0,2008-07,Europe,MDA,Republic of Moldova,Flood,1,3.0,1,100.0,4000.0,1,100.0,,0,0.0,,0,0.0
2008,7.0,2008-07,Europe,ROU,Romania,Flood,1,5.0,1,100.0,11000.0,1,100.0,,0,0.0,,0,0.0
2008,7.0,2008-07,Europe,UKR,Ukraine,Flood,1,38.0,1,100.0,224725.0,1,100.0,1000000000.0,1,100.0,1495305000.0,1,100.0
2008,8.0,2008-08,Africa,BFA,Burkina Faso,Flood,1,6.0,1,100.0,4310.0,1,100.0,,0,0.0,,0,0.0
2008,8.0,2008-08,Africa,ETH,Ethiopia,Flood,1,5.0,1,100.0,91764.0,1,100.0,,0,0.0,,0,0.0
2008,8.0,2008-08,Africa,GIN,Guinea,Flood,1,,0,0.0,4200.0,1,100.0,,0,0.0,,0,0.0
2008,8.0,2008-08,Africa,MLI,Mali,Flood,1,,0,0.0,2500.0,1,100.0,,0,0.0,,0,0.0
2008,8.0,2008-08,Africa,SEN,Senegal,Flood,1,1.0,1,100.0,23600.0,1,100.0,,0,0.0,,0,0.0
2008,8.0,2008-08,Africa,SSD,South Sudan,Flood,1,,0,0.0,38891.0,1,100.0,,0,0.0,,0,0.0
2008,8.0,2008-08,Africa,ZAF,South Africa,Wildfire,1,34.0,1,100.0,25.0,1,100.0,430000000.0,1,100.0,642981000.0,1,100.0
2008,8.0,2008-08,Africa,ZWE,Zimbabwe,Epidemic,1,4276.0,1,100.0,98349.0,1,100.0,,0,0.0,,0,0.0
2008,8.0,2008-08,Americas,BHS,Bahamas,Storm,1,,0,0.0,,0,0.0,,0,0.0,,0,0.0
2008,8.0,2008-08,Americas,CHL,Chile,Flood,1,4.0,1,100.0,104755.0,1,100.0,23000000.0,1,100.0,34392000.0,1,100.0
2008,8.0,2008-08,Americas,CUB,Cuba,Storm,2,,0,0.0,450019.0,1,50.0,2072000000.0,1,50.0,3098273000.0,1,50.0
2008,8.0,2008-08,Americas,CYM,Cayman Islands,Storm,1,,0,0.0,,0,0.0,,0,0.0,,0,0.0
2008,8.0,2008-08,Americas,DOM,Dominican Republic,Storm,2,12.0,2,100.0,6257.0,1,50.0,,0,0.0,,0,0.0
2008,8.0,2008-08,Americas,HTI,Haiti,Storm,2,95.0,2,100.0,73226.0,2,100.0,,0,0.0,,0,0.0
2008,8.0,2008-08,Americas,JAM,Jamaica,Storm,2,13.0,2,100.0,4000.0,1,50.0,66198000.0,1,50.0,98986000.0,1,50.0
2008,8.0,2008-08,Americas,PRY,Paraguay,Storm,1,,0,0.0,47655.0,1,100.0,,0,0.0,,0,0.0
2008,8.0,2008-08,Americas,TCA,Turks and Caicos Islands,Storm,1,4.0,1,100.0,,0,0.0,,0,0.0,,0,0.0
2008,8.0,2008-08,Americas,USA,United States of America,Storm,2,19.0,2,100.0,400.0,1,50.0,340000000.0,2,100.0,508404000.0,2,100.0
2008,8.0,2008-08,Asia,AFG,Afghanistan,Flood,1,,0,0.0,1180.0,1,100.0,,0,0.0,,0,0.0
2008,8.0,2008-08,Asia,BGD,Bangladesh,Flood,1,12.0,1,100.0,615638.0,1,100.0,,0,0.0,,0,0.0
2008,8.0,2008-08,Asia,BGD,Bangladesh,Mass movement (wet),1,13.0,1,100.0,50.0,1,100.0,,0,0.0,,0,0.0
2008,8.0,2008-08,Asia,CHN,China,Earthquake,3,50.0,3,100.0,1014278.0,3,100.0,492000000.0,1,33.33,735690000.0,1,33.33
2008,8.0,2008-08,Asia,CHN,China,Flood,1,20.0,1,100.0,810000.0,1,100.0,42000000.0,1,100.0,62803000.0,1,100.0
2008,8.0,2008-08,Asia,CHN,China,Storm,2,4.0,1,50.0,942000.0,2,100.0,138000000.0,2,100.0,206352000.0,2,100.0
2008,8.0,2008-08,Asia,HKG,"China, Hong Kong Special Administrative Region",Storm,1,,0,0.0,37.0,1,100.0,,0,0.0,,0,0.0
2008,8.0,2008-08,Asia,IND,India,Flood,1,47.0,1,100.0,2600000.0,1,100.0,20000000.0,1,100.0,29906000.0,1,100.0
2008,8.0,2008-08,Asia,IRN,Iran (Islamic Republic of),Flood,1,3.0,1,100.0,1280.0,1,100.0,,0,0.0,,0,0.0
2008,8.0,2008-08,Asia,IRQ,Iraq,Epidemic,1,11.0,1,100.0,892.0,1,100.0,,0,0.0,,0,0.0
2008,8.0,2008-08,Asia,LAO,Lao People's Democratic Republic,Flood,1,6.0,1,100.0,204190.0,1,100.0,,0,0.0,,0,0.0
2008,8.0,2008-08,Asia,PAK,Pakistan,Flood,2,73.0,2,100.0,290764.0,2,100.0,103000000.0,1,50.0,154016000.0,1,50.0
2008,8.0,2008-08,Asia,PHL,Philippines,Flood,1,,0,0.0,39530.0,1,100.0,,0,0.0,,0,0.0
2008,8.0,2008-08,Asia,PHL,Philippines,Storm,2,40.0,2,100.0,433961.0,2,100.0,33870000.0,1,50.0,50646000.0,1,50.0
2008,8.0,2008-08,Asia,THA,Thailand,Storm,1,,0,0.0,,0,0.0,,0,0.0,,0,0.0
2008,8.0,2008-08,Asia,TUR,Türkiye,Wildfire,1,2.0,1,100.0,300.0,1,100.0,,0,0.0,,0,0.0
2008,8.0,2008-08,Asia,VNM,Viet Nam,Flood,1,16.0,1,100.0,,0,0.0,,0,0.0,,0,0.0
2008,8.0,2008-08,Asia,VNM,Viet Nam,Storm,1,162.0,1,100.0,57630.0,1,100.0,120000000.0,1,100.0,179437000.0,1,100.0
2008,8.0,2008-08,Europe,FRA,France,Storm,1,3.0,1,100.0,2100.0,1,100.0,80000000.0,1,100.0,119624000.0,1,100.0
2008,8.0,2008-08,Europe,NOR,Norway,Storm,1,,0,0.0,100.0,1,100.0,,0,0.0,,0,0.0
2008,9.0,2008-09,Africa,BDI,Burundi,Drought,1,,0,0.0,82500.0,1,100.0,,0,0.0,,0,0.0
2008,9.0,2008-09,Africa,BDI,Burundi,Flood,1,3.0,1,100.0,2775.0,1,100.0,,0,0.0,,0,0.0
2008,9.0,2008-09,Africa,BEN,Benin,Epidemic,1,2.0,1,100.0,527.0,1,100.0,,0,0.0,,0,0.0
2008,9.0,2008-09,Africa,EGY,Egypt,Mass movement (dry),1,98.0,1,100.0,697.0,1,100.0,,0,0.0,,0,0.0
2008,9.0,2008-09,Africa,ETH,Ethiopia,Epidemic,1,20.0,1,100.0,3134.0,1,100.0,,0,0.0,,0,0.0
2008,9.0,2008-09,Africa,GMB,Gambia,Flood,1,,0,0.0,400.0,1,100.0,,0,0.0,,0,0.0
2008,9.0,2008-09,Africa,MOZ,Mozambique,Wildfire,1,49.0,1,100.0,3023.0,1,100.0,,0,0.0,,0,0.0
2008,9.0,2008-09,Africa,NGA,Nigeria,Epidemic,1,97.0,1,100.0,,0,0.0,,0,0.0,,0,0.0
2008,9.0,2008-09,Africa,SDN,Sudan,Epidemic,1,12.0,1,100.0,49.0,1,100.0,,0,0.0,,0,0.0
2008,9.0,2008-09,Africa,TCD,Chad,Flood,1,,0,0.0,8000.0,1,100.0,,0,0.0,,0,0.0
2008,9.0,2008-09,Africa,ZMB,Zambia,Epidemic,1,173.0,1,100.0,8312.0,1,100.0,,0,0.0,,0,0.0
2008,9.0,2008-09,Americas,BHS,Bahamas,Storm,1,,0,0.0,3000.0,1,100.0,,0,0.0,,0,0.0
2008,9.0,2008-09,Americas,COL,Colombia,Flood,1,76.0,1,100.0,1200091.0,1,100.0,,0,0.0,,0,0.0
2008,9.0,2008-09,Americas,CRI,Costa Rica,Flood,1,,0,0.0,9498.0,1,100.0,,0,0.0,,0,0.0
2008,9.0,2008-09,Americas,CUB,Cuba,Storm,1,7.0,1,100.0,,0,0.0,1500000000.0,1,100.0,2242958000.0,1,100.0
2008,9.0,2008-09,Americas,DOM,Dominican Republic,Storm,1,1.0,1,100.0,10745.0,1,100.0,,0,0.0,,0,0.0
2008,9.0,2008-09,Americas,HTI,Haiti,Storm,2,603.0,2,100.0,173050.0,2,100.0,,0,0.0,,0,0.0
2008,9.0,2008-09,Americas,MEX,Mexico,Mass movement (wet),1,22.0,1,100.0,,0,0.0,,0,0.0,,0,0.0
2008,9.0,2008-09,Americas,NIC,Nicaragua,Flood,1,13.0,1,100.0,3525.0,1,100.0,,0,0.0,,0,0.0
2008,9.0,2008-09,Americas,PAN,Panama,Flood,1,16.0,1,100.0,545.0,1,100.0,,0,0.0,,0,0.0
2008,9.0,2008-09,Americas,PRY,Paraguay,Drought,1,4.0,1,100.0,18000.0,1,100.0,,0,0.0,,0,0.0
2008,9.0,2008-09,Americas,TCA,Turks and Caicos Islands,Storm,2,,0,0.0,1500.0,2,100.0,500000000.0,1,50.0,747653000.0,1,50.0
2008,9.0,2008-09,Americas,USA,United States of America,Storm,2,125.0,2,100.0,2300000.0,2,100.0,37000000000.0,2,100.0,55326297000.0,2,100.0
2008,9.0,2008-09,Asia,CHN,China,Mass movement (wet),1,277.0,1,100.0,35.0,1,100.0,,0,0.0,,0,0.0
2008,9.0,2008-09,Asia,CHN,China,Storm,2,12.0,1,50.0,,0,0.0,824000000.0,1,50.0,1232132000.0,1,50.0
2008,9.0,2008-09,Asia,HKG,"China, Hong Kong Special Administrative Region",Storm,2,2.0,1,50.0,170.0,2,100.0,380000.0,1,50.0,568000.0,1,50.0
2008,9.0,2008-09,Asia,IDN,Indonesia,Earthquake,1,2.0,1,100.0,625.0,1,100.0,,0,0.0,,0,0.0
2008,9.0,2008-09,Asia,IDN,Indonesia,Flood,1,16.0,1,100.0,118000.0,1,100.0,1080000.0,1,100.0,1615000.0,1,100.0
2008,9.0,2008-09,Asia,IND,India,Flood,2,247.0,2,100.0,2400000.0,1,50.0,,0,0.0,,0,0.0
2008,9.0,2008-09,Asia,IRN,Iran (Islamic Republic of),Earthquake,1,6.0,1,100.0,20545.0,1,100.0,,0,0.0,,0,0.0
2008,9.0,2008-09,Asia,IRN,Iran (Islamic Republic of),Flood,1,19.0,1,100.0,200.0,1,100.0,,0,0.0,,0,0.0
2008,9.0,2008-09,Asia,IRQ,Iraq,Flood,1,4.0,1,100.0,600.0,1,100.0,,0,0.0,,0,0.0
2008,9.0,2008-09,Asia,NPL,Nepal,Flood,1,50.0,1,100.0,180003.0,1,100.0,,0,0.0,,0,0.0
2008,9.0,2008-09,Asia,PHL,Philippines,Flood,1,6.0,1,100.0,365678.0,1,100.0,4137000.0,1,100.0,6186000.0,1,100.0
2008,9.0,2008-09,Asia,PHL,Philippines,Mass movement (wet),1,24.0,1,100.0,5028.0,1,100.0,,0,0.0,,0,0.0
2008,9.0,2008-09,Asia,PHL,Philippines,Storm,2,38.0,2,100.0,73815.0,2,100.0,7420000.0,1,50.0,11095000.0,1,50.0
2008,9.0,2008-09,Asia,THA,Thailand,Flood,1,18.0,1,100.0,839573.0,1,100.0,16000000.0,1,100.0,23925000.0,1,100.0
2008,9.0,2008-09,Asia,TWN,Taiwan (Province of China),Storm,3,26.0,3,100.0,80.0,2,66.67,116400000.0,2,66.67,174053000.0,2,66.67
2008,9.0,2008-09,Asia,VNM,Viet Nam,Storm,2,64.0,2,100.0,90191.0,2,100.0,69500000.0,2,100.0,103923000.0,2,100.0
2008,9.0,2008-09,Europe,GBR,United Kingdom of Great Britain and Northern Ireland,Flood,1,8.0,1,100.0,3000.0,1,100.0,50000000.0,1,100.0,74765000.0,1,100.0
2008,10.0,2008-10,Africa,DZA,Algeria,Flood,1,93.0,1,100.0,59050.0,1,100.0,348000000.0,1,100.0,520366000.0,1,100.0
2008,10.0,2008-10,Africa,ERI,Eritrea,Drought,1,,0,0.0,1700000.0,1,100.0,,0,0.0,,0,0.0
2008,10.0,2008-10,Africa,KEN,Kenya,Flood,2,20.0,2,100.0,12310.0,2,100.0,,0,0.0,,0,0.0
2008,10.0,2008-10,Africa,MAR,Morocco,Flood,1,30.0,1,100.0,20000.0,1,100.0,,0,0.0,,0,0.0
2008,10.0,2008-10,Africa,NAM,Namibia,Epidemic,1,9.0,1,100.0,203.0,1,100.0,,0,0.0,,0,0.0
2008,10.0,2008-10,Africa,RWA,Rwanda,Flood,1,,0,0.0,11346.0,1,100.0,,0,0.0,,0,0.0
2008,10.0,2008-10,Africa,SSD,South Sudan,Flood,1,17.0,1,100.0,3000.0,1,100.0,,0,0.0,,0,0.0
2008,10.0,2008-10,Americas,ATG,Antigua and Barbuda,Storm,1,,0,0.0,25800.0,1,100.0,,0,0.0,,0,0.0
2008,10.0,2008-10,Americas,BLZ,Belize,Flood,1,1.0,1,100.0,38000.0,1,100.0,9697000.0,1,100.0,14500000.0,1,100.0
2008,10.0,2008-10,Americas,BOL,Bolivia (Plurinational State of),Epidemic,1,27.0,1,100.0,6998.0,1,100.0,,0,0.0,,0,0.0
2008,10.0,2008-10,Americas,CRI,Costa Rica,Flood,1,6.0,1,100.0,92000.0,1,100.0,,0,0.0,,0,0.0
2008,10.0,2008-10,Americas,GTM,Guatemala,Flood,1,3.0,1,100.0,180000.0,1,100.0,,0,0.0,,0,0.0
2008,10.0,2008-10,Americas,HND,Honduras,Flood,1,67.0,1,100.0,313357.0,1,100.0,,0,0.0,,0,0.0
2008,10.0,2008-10,Americas,KNA,Saint Kitts and Nevis,Storm,1,,0,0.0,,0,0.0,,0,0.0,,0,0.0
2008,10.0,2008-10,Americas,NIC,Nicaragua,Flood,1,4.0,1,100.0,10663.0,1,100.0,,0,0.0,,0,0.0
2008,10.0,2008-10,Americas,SLV,El Salvador,Flood,1,,0,0.0,3000.0,1,100.0,,0,0.0,,0,0.0
2008,10.0,2008-10,Asia,AFG,Afghanistan,Drought,1,,0,0.0,280000.0,1,100.0,,0,0.0,,0,0.0
2008,10.0,2008-10,Asia,AFG,Afghanistan,Epidemic,1,17.0,1,100.0,1100.0,1,100.0,,0,0.0,,0,0.0
2008,10.0,2008-10,Asia,BGD,Bangladesh,Storm,1,15.0,1,100.0,200.0,1,100.0,,0,0.0,,0,0.0
2008,10.0,2008-10,Asia,CHN,China,Earthquake,1,30.0,1,100.0,754.0,1,100.0,,0,0.0,,0,0.0
2008,10.0,2008-10,Asia,CHN,China,Flood,2,70.0,2,100.0,461000.0,2,100.0,29000000.0,1,50.0,43364000.0,1,50.0
2008,10.0,2008-10,Asia,IDN,Indonesia,Flood,1,5.0,1,100.0,11000.0,1,100.0,,0,0.0,,0,0.0
2008,10.0,2008-10,Asia,KGZ,Kyrgyzstan,Earthquake,1,74.0,1,100.0,1197.0,1,100.0,,0,0.0,,0,0.0
2008,10.0,2008-10,Asia,PAK,Pakistan,Earthquake,1,166.0,1,100.0,75320.0,1,100.0,10000000.0,1,100.0,14953000.0,1,100.0
2008,10.0,2008-10,Asia,TJK,Tajikistan,Drought,1,,0,0.0,800000.0,1,100.0,,0,0.0,,0,0.0
2008,10.0,2008-10,Asia,VNM,Viet Nam,Flood,2,128.0,2,100.0,612004.0,2,100.0,483000000.0,2,100.0,722232000.0,2,100.0
2008,10.0,2008-10,Asia,YEM,Yemen,Flood,1,90.0,1,100.0,25064.0,1,100.0,400000000.0,1,100.0,598122000.0,1,100.0
2008,10.0,2008-10,Europe,RUS,Russian Federation,Earthquake,1,13.0,1,100.0,5235.0,1,100.0,,0,0.0,,0,0.0
2008,11.0,2008-11,Africa,BWA,Botswana,Epidemic,1,2.0,1,100.0,15.0,1,100.0,,0,0.0,,0,0.0
2008,11.0,2008-11,Africa,ETH,Ethiopia,Flood,1,11.0,1,100.0,23831.0,1,100.0,,0,0.0,,0,0.0
2008,11.0,2008-11,Africa,KEN,Kenya,Flood,1,17.0,1,100.0,30770.0,1,100.0,,0,0.0,,0,0.0
2008,11.0,2008-11,Africa,KEN,Kenya,Mass movement (wet),1,10.0,1,100.0,20.0,1,100.0,,0,0.0,,0,0.0
2008,11.0,2008-11,Africa,MOZ,Mozambique,Epidemic,1,155.0,1,100.0,19310.0,1,100.0,,0,0.0,,0,0.0
2008,11.0,2008-11,Africa,MWI,Malawi,Epidemic,1,113.0,1,100.0,5269.0,1,100.0,,0,0.0,,0,0.0
2008,11.0,2008-11,Africa,NGA,Nigeria,Epidemic,1,46.0,1,100.0,66.0,1,100.0,,0,0.0,,0,0.0
2008,11.0,2008-11,Africa,SOM,Somalia,Flood,1,,0,0.0,52000.0,1,100.0,,0,0.0,,0,0.0
2008,11.0,2008-11,Africa,SSD,South Sudan,Flood,1,,0,0.0,50900.0,1,100.0,,0,0.0,,0,0.0
2008,11.0,2008-11,Africa,UGA,Uganda,Flood,1,49.0,1,100.0,30040.0,1,100.0,,0,0.0,,0,0.0
2008,11.0,2008-11,Africa,ZAF,South Africa,Epidemic,1,65.0,1,100.0,12752.0,1,100.0,,0,0.0,,0,0.0
2008,11.0,2008-11,Africa,ZAF,South Africa,Storm,1,5.0,1,100.0,3576.0,1,100.0,,0,0.0,,0,0.0
2008,11.0,2008-11,Americas,BOL,Bolivia (Plurinational State of),Storm,1,,0,0.0,6655.0,1,100.0,,0,0.0,,0,0.0
2008,11.0,2008-11,Americas,BRA,Brazil,Flood,1,151.0,1,100.0,1500015.0,1,100.0,750000000.0,1,100.0,1121479000.0,1,100.0
2008,11.0,2008-11,Americas,COL,Colombia,Mass movement (dry),1,12.0,1,100.0,,0,0.0,,0,0.0,,0,0.0
2008,11.0,2008-11,Americas,COL,Colombia,Volcanic activity,1,16.0,1,100.0,8007.0,1,100.0,,0,0.0,,0,0.0
2008,11.0,2008-11,Americas,CRI,Costa Rica,Flood,1,1.0,1,100.0,53000.0,1,100.0,22000000.0,1,100.0,32897000.0,1,100.0
2008,11.0,2008-11,Americas,CUB,Cuba,Flood,1,,0,0.0,20000.0,1,100.0,,0,0.0,,0,0.0
2008,11.0,2008-11,Americas,CUB,Cuba,Storm,1,,0,0.0,49445.0,1,100.0,,0,0.0,,0,0.0
2008,11.0,2008-11,Americas,CYM,Cayman Islands,Storm,1,,0,0.0,,0,0.0,,0,0.0,,0,0.0
2008,11.0,2008-11,Americas,PAN,Panama,Flood,1,12.0,1,100.0,23292.0,1,100.0,10000000.0,1,100.0,14953000.0,1,100.0
2008,11.0,2008-11,Americas,USA,United States of America,Wildfire,1,,0,0.0,55020.0,1,100.0,2000000000.0,1,100.0,2990611000.0,1,100.0
2008,11.0,2008-11,Americas,VEN,Venezuela (Bolivarian Republic of),Flood,1,8.0,1,100.0,1500.0,1,100.0,,0,0.0,,0,0.0
2008,11.0,2008-11,Asia,CHN,China,Drought,1,,0,0.0,3700000.0,1,100.0,234000000.0,1,100.0,349901000.0,1,100.0
2008,11.0,2008-11,Asia,IDN,Indonesia,Earthquake,1,6.0,1,100.0,10077.0,1,100.0,,0,0.0,,0,0.0
2008,11.0,2008-11,Asia,IDN,Indonesia,Flood,1,33.0,1,100.0,84420.0,1,100.0,,0,0.0,,0,0.0
2008,11.0,2008-11,Asia,IND,India,Flood,1,54.0,1,100.0,803740.0,1,100.0,,0,0.0,,0,0.0
2008,11.0,2008-11,Asia,LKA,Sri Lanka,Flood,1,15.0,1,100.0,360000.0,1,100.0,,0,0.0,,0,0.0
2008,11.0,2008-11,Asia,PHL,Philippines,Flood,1,10.0,1,100.0,239763.0,1,100.0,4088000.0,1,100.0,6113000.0,1,100.0
2008,11.0,2008-11,Asia,PHL,Philippines,Storm,1,19.0,1,100.0,474.0,1,100.0,,0,0.0,,0,0.0
2008,11.0,2008-11,Asia,THA,Thailand,Flood,1,21.0,1,100.0,700000.0,1,100.0,11500000.0,1,100.0,17196000.0,1,100.0
2008,11.0,2008-11,Asia,VNM,Viet Nam,Storm,2,28.0,2,100.0,8828.0,1,50.0,1000000.0,1,50.0,1495000.0,1,50.0
2008,11.0,2008-11,Europe,POL,Poland,Extreme temperature,1,82.0,1,100.0,,0,0.0,,0,0.0,,0,0.0
2008,11.0,2008-11,Oceania,AUS,Australia,Flood,1,4.0,1,100.0,1200.0,1,100.0,275000000.0,1,100.0,411209000.0,1,100.0
2008,11.0,2008-11,Oceania,AUS,Australia,Storm,1,1.0,1,100.0,12000.0,1,100.0,450000000.0,1,100.0,672887000.0,1,100.0
2008,12.0,2008-12,Africa,BFA,Burkina Faso,Epidemic,1,300.0,1,100.0,51000.0,1,100.0,,0,0.0,,0,0.0
2008,12.0,2008-12,Africa,MOZ,Mozambique,Drought,1,,0,0.0,500000.0,1,100.0,,0,0.0,,0,0.0
2008,12.0,2008-12,Africa,MOZ,Mozambique,Flood,1,25.0,1,100.0,3500.0,1,100.0,,0,0.0,,0,0.0
2008,12.0,2008-12,Africa,MWI,Malawi,Flood,1,,0,0.0,16380.0,1,100.0,,0,0.0,,0,0.0
2008,12.0,2008-12,Africa,TGO,Togo,Epidemic,1,6.0,1,100.0,686.0,1,100.0,,0,0.0,,0,0.0
2008,12.0,2008-12,Africa,TZA,United Republic of Tanzania,Storm,2,,0,0.0,677.0,2,100.0,,0,0.0,,0,0.0
2008,12.0,2008-12,Americas,BOL,Bolivia (Plurinational State of),Drought,1,,0,0.0,27500.0,1,100.0,,0,0.0,,0,0.0
2008,12.0,2008-12,Americas,GUY,Guyana,Flood,1,,0,0.0,100000.0,1,100.0,,0,0.0,,0,0.0
2008,12.0,2008-12,Americas,PRY,Paraguay,Epidemic,1,,0,0.0,4104.0,1,100.0,,0,0.0,,0,0.0
2008,12.0,2008-12,Americas,USA,United States of America,Extreme temperature,1,,0,0.0,,0,0.0,,0,0.0,,0,0.0
2008,12.0,2008-12,Americas,USA,United States of America,Flood,1,,0,0.0,30000.0,1,100.0,,0,0.0,,0,0.0
2008,12.0,2008-12,Americas,USA,United States of America,Storm,1,5.0,1,100.0,,0,0.0,360000000.0,1,100.0,538310000.0,1,100.0
2008,12.0,2008-12,Asia,CHN,China,Earthquake,1,,0,0.0,27169.0,1,100.0,,0,0.0,,0,0.0
2008,12.0,2008-12,Asia,IDN,Indonesia,Flood,1,24.0,1,100.0,15000.0,1,100.0,,0,0.0,,0,0.0
2008,12.0,2008-12,Asia,IND,India,Extreme temperature,1,70.0,1,100.0,,0,0.0,,0,0.0,,0,0.0
2008,12.0,2008-12,Asia,MYS,Malaysia,Flood,2,,0,0.0,8000.0,2,100.0,,0,0.0,,0,0.0
2008,12.0,2008-12,Asia,PHL,Philippines,Flood,1,29.0,1,100.0,50000.0,1,100.0,,0,0.0,,0,0.0
2008,12.0,2008-12,Asia,THA,Thailand,Flood,1,,0,0.0,32584.0,1,100.0,344000.0,1,100.0,514000.0,1,100.0
2008,12.0,2008-12,Asia,VNM,Viet Nam,Flood,1,9.0,1,100.0,20000.0,1,100.0,,0,0.0,,0,0.0
2008,12.0,2008-12,Europe,ITA,Italy,Flood,1,3.0,1,100.0,,0,0.0,278000000.0,1,100.0,415695000.0,1,100.0
2008,12.0,2008-12,Oceania,FSM,Micronesia (Federated States of),Flood,1,,0,0.0,,0,0.0,,0,0.0,,0,0.0
2008,12.0,2008-12,Oceania,KIR,Kiribati,Flood,1,,0,0.0,85.0,1,100.0,,0,0.0,,0,0.0
2008,12.0,2008-12,Oceania,MHL,Marshall Islands,Flood,1,,0,0.0,600.0,1,100.0,,0,0.0,,0,0.0
2008,12.0,2008-12,Oceania,PNG,Papua New Guinea,Flood,2,,0,0.0,75300.0,1,50.0,,0,0.0,,0,0.0
2008,12.0,2008-12,Oceania,VUT,Vanuatu,Volcanic activity,1,,0,0.0,9000.0,1,100.0,,0,0.0,,0,0.0
2009,1.0,2009-01,Africa,AGO,Angola,Epidemic,1,107.0,1,100.0,25795.0,1,100.0,,0,0.0,,0,0.0
2009,1.0,2009-01,Africa,CAF,Central African Republic,Storm,1,3.0,1,100.0,2472.0,1,100.0,,0,0.0,,0,0.0
2009,1.0,2009-01,Africa,COD,Democratic Republic of the Congo,Epidemic,2,163.0,2,100.0,15709.0,2,100.0,,0,0.0,,0,0.0
2009,1.0,2009-01,Africa,DZA,Algeria,Flood,1,33.0,1,100.0,2548.0,1,100.0,,0,0.0,,0,0.0
2009,1.0,2009-01,Africa,ETH,Ethiopia,Drought,1,,0,0.0,6200000.0,1,100.0,,0,0.0,,0,0.0
2009,1.0,2009-01,Africa,KEN,Kenya,Epidemic,1,201.0,1,100.0,10048.0,1,100.0,,0,0.0,,0,0.0
2009,1.0,2009-01,Africa,LBR,Liberia,Infestation,1,,0,0.0,500000.0,1,100.0,,0,0.0,,0,0.0
2009,1.0,2009-01,Africa,MDG,Madagascar,Storm,1,12.0,1,100.0,62505.0,1,100.0,,0,0.0,,0,0.0
2009,1.0,2009-01,Africa,MOZ,Mozambique,Epidemic,1,155.0,1,100.0,19310.0,1,100.0,,0,0.0,,0,0.0
2009,1.0,2009-01,Africa,NER,Niger,Epidemic,1,169.0,1,100.0,4513.0,1,100.0,,0,0.0,,0,0.0
2009,1.0,2009-01,Africa,NGA,Nigeria,Epidemic,1,1701.0,1,100.0,35255.0,1,100.0,,0,0.0,,0,0.0
2009,1.0,2009-01,Africa,TCD,Chad,Epidemic,1,102.0,1,100.0,871.0,1,100.0,,0,0.0,,0,0.0
2009,1.0,2009-01,Africa,TZA,United Republic of Tanzania,Storm,1,,0,0.0,605.0,1,100.0,,0,0.0,,0,0.0
2009,1.0,2009-01,Africa,ZAF,South Africa,Storm,1,18.0,1,100.0,,0,0.0,,0,0.0,,0,0.0
2009,1.0,2009-01,Americas,ARG,Argentina,Drought,1,,0,0.0,,0,0.0,,0,0.0,,0,0.0
2009,1.0,2009-01,Americas,BRA,Brazil,Flood,1,16.0,1,100.0,1048.0,1,100.0,,0,0.0,,0,0.0
2009,1.0,2009-01,Americas,CRI,Costa Rica,Earthquake,1,31.0,1,100.0,128618.0,1,100.0,200000000.0,1,100.0,300128000.0,1,100.0
2009,1.0,2009-01,Americas,DOM,Dominican Republic,Epidemic,1,25.0,1,100.0,3270.0,1,100.0,,0,0.0,,0,0.0
2009,1.0,2009-01,Americas,DOM,Dominican Republic,Flood,1,2.0,1,100.0,4565.0,1,100.0,44000000.0,1,100.0,66028000.0,1,100.0
2009,1.0,2009-01,Americas,ECU,Ecuador,Flood,1,3.0,1,100.0,11807.0,1,100.0,,0,0.0,,0,0.0
2009,1.0,2009-01,Americas,GTM,Guatemala,Mass movement (dry),1,36.0,1,100.0,3028.0,1,100.0,,0,0.0,,0,0.0
2009,1.0,2009-01,Americas,HND,Honduras,Epidemic,1,7.0,1,100.0,11771.0,1,100.0,,0,0.0,,0,0.0
2009,1.0,2009-01,Americas,NIC,Nicaragua,Epidemic,1,8.0,1,100.0,2050.0,1,100.0,,0,0.0,,0,0.0
2009,1.0,2009-01,Americas,PER,Peru,Epidemic,1,,0,0.0,14151.0,1,100.0,,0,0.0,,0,0.0
2009,1.0,2009-01,Americas,PRY,Paraguay,Drought,1,,0,0.0,200000.0,1,100.0,,0,0.0,,0,0.0
2009,1.0,2009-01,Americas,PRY,Paraguay,Epidemic,1,8.0,1,100.0,24.0,1,100.0,,0,0.0,,0,0.0
2009,1.0,2009-01,Americas,SLV,El Salvador,Drought,1,,0,0.0,,0,0.0,27000000.0,1,100.0,40517000.0,1,100.0
2009,1.0,2009-01,Americas,SLV,El Salvador,Epidemic,1,7.0,1,100.0,4598.0,1,100.0,,0,0.0,,0,0.0
2009,1.0,2009-01,Americas,USA,United States of America,Extreme temperature,1,58.0,1,100.0,,0,0.0,1100000000.0,1,100.0,1650705000.0,1,100.0
2009,1.0,2009-01,Asia,AFG,Afghanistan,Mass movement (wet),1,10.0,1,100.0,32.0,1,100.0,,0,0.0,,0,0.0
2009,1.0,2009-01,Asia,CHN,China,Earthquake,1,,0,0.0,4549.0,1,100.0,3100000.0,1,100.0,4652000.0,1,100.0
2009,1.0,2009-01,Asia,IDN,Indonesia,Earthquake,1,5.0,1,100.0,4250.0,1,100.0,10000000.0,1,100.0,15006000.0,1,100.0
2009,1.0,2009-01,Asia,IDN,Indonesia,Flood,1,18.0,1,100.0,12000.0,1,100.0,,0,0.0,,0,0.0
2009,1.0,2009-01,Asia,IDN,Indonesia,Mass movement (wet),1,15.0,1,100.0,5.0,1,100.0,,0,0.0,,0,0.0
2009,1.0,2009-01,Asia,IND,India,Epidemic,1,311.0,1,100.0,1521.0,1,100.0,,0,0.0,,0,0.0
2009,1.0,2009-01,Asia,LKA,Sri Lanka,Epidemic,1,346.0,1,100.0,35007.0,1,100.0,,0,0.0,,0,0.0
2009,1.0,2009-01,Asia,PHL,Philippines,Flood,3,33.0,1,33.33,540636.0,3,100.0,6354000.0,1,33.33,9535000.0,1,33.33
2009,1.0,2009-01,Asia,TUR,Türkiye,Mass movement (wet),1,11.0,1,100.0,6.0,1,100.0,,0,0.0,,0,0.0
2009,1.0,2009-01,Europe,BEL,Belgium,Extreme temperature,1,1.0,1,100.0,,0,0.0,,0,0.0,,0,0.0
2009,1.0,2009-01,Europe,BIH,Bosnia and Herzegovina,Extreme temperature,1,1.0,1,100.0,10000.0,1,100.0,,0,0.0,,0,0.0
2009,1.0,2009-01,Europe,DEU,Germany,Extreme temperature,1,1.0,1,100.0,,0,0.0,,0,0.0,,0,0.0
2009,1.0,2009-01,Europe,ESP,Spain,Storm,1,14.0,1,100.0,,0,0.0,1900000000.0,1,100.0,2851217000.0,1,100.0
2009,1.0,2009-01,Europe,FRA,France,Extreme temperature,2,5.0,2,100.0,200.0,1,50.0,,0,0.0,,0,0.0
2009,1.0,2009-01,Europe,FRA,France,Storm,1,11.0,1,100.0,,0,0.0,3200000000.0,1,100.0,4802050000.0,1,100.0
2009,1.0,2009-01,Europe,ITA,Italy,Storm,1,3.0,1,100.0,,0,0.0,,0,0.0,,0,0.0
2009,1.0,2009-01,Europe,PRT,Portugal,Extreme temperature,1,,0,0.0,,0,0.0,,0,0.0,,0,0.0
2009,1.0,2009-01,Europe,ROU,Romania,Extreme temperature,1,43.0,1,100.0,20.0,1,100.0,,0,0.0,,0,0.0
2009,1.0,2009-01,Europe,ROU,Romania,Flood,1,11.0,1,100.0,,0,0.0,,0,0.0,,0,0.0
2009,1.0,2009-01,Europe,SRB,Serbia,Extreme temperature,1,,0,0.0,500.0,1,100.0,,0,0.0,,0,0.0
2009,1.0,2009-01,Europe,UKR,Ukraine,Extreme temperature,1,5.0,1,100.0,,0,0.0,,0,0.0,,0,0.0
2009,1.0,2009-01,Oceania,AUS,Australia,Extreme temperature,1,347.0,1,100.0,2000.0,1,100.0,,0,0.0,,0,0.0
2009,1.0,2009-01,Oceania,AUS,Australia,Flood,1,7.0,1,100.0,9000.0,1,100.0,150000000.0,1,100.0,225096000.0,1,100.0
2009,1.0,2009-01,Oceania,AUS,Australia,Storm,1,,0,0.0,400.0,1,100.0,,0,0.0,,0,0.0
2009,1.0,2009-01,Oceania,FJI,Fiji,Flood,1,12.0,1,100.0,10556.0,1,100.0,43247000.0,1,100.0,64898000.0,1,100.0
2009,1.0,2009-01,Oceania,SLB,Solomon Islands,Flood,1,21.0,1,100.0,7000.0,1,100.0,,0,0.0,,0,0.0
2009,2.0,2009-02,Africa,AGO,Angola,Flood,1,2.0,1,100.0,415.0,1,100.0,,0,0.0,,0,0.0
2009,2.0,2009-02,Africa,BFA,Burkina Faso,Epidemic,1,389.0,1,100.0,2892.0,1,100.0,,0,0.0,,0,0.0
2009,2.0,2009-02,Africa,MAR,Morocco,Flood,1,24.0,1,100.0,2000.0,1,100.0,,0,0.0,,0,0.0
2009,2.0,2009-02,Africa,MOZ,Mozambique,Flood,1,,0,0.0,6925.0,1,100.0,,0,0.0,,0,0.0
2009,2.0,2009-02,Africa,ZAF,South Africa,Flood,1,3.0,1,100.0,300.0,1,100.0,,0,0.0,,0,0.0
2009,2.0,2009-02,Africa,ZMB,Zambia,Flood,1,31.0,1,100.0,614814.0,1,100.0,,0,0.0,,0,0.0
2009,2.0,2009-02,Americas,ARG,Argentina,Mass movement (wet),1,4.0,1,100.0,20000.0,1,100.0,15000000.0,1,100.0,22510000.0,1,100.0
2009,2.0,2009-02,Americas,BOL,Bolivia (Plurinational State of),Flood,1,,0,0.0,63000.0,1,100.0,,0,0.0,,0,0.0
2009,2.0,2009-02,Americas,COL,Colombia,Flood,1,23.0,1,100.0,31250.0,1,100.0,,0,0.0,,0,0.0
2009,2.0,2009-02,Americas,COL,Colombia,Mass movement (wet),1,,0,0.0,593.0,1,100.0,,0,0.0,,0,0.0
2009,2.0,2009-02,Americas,DOM,Dominican Republic,Flood,1,5.0,1,100.0,10000.0,1,100.0,8403000.0,1,100.0,12610000.0,1,100.0
2009,2.0,2009-02,Americas,USA,United States of America,Storm,1,16.0,1,100.0,50.0,1,100.0,2500000000.0,1,100.0,3751602000.0,1,100.0
2009,2.0,2009-02,Asia,IDN,Indonesia,Earthquake,1,,0,0.0,3049.0,1,100.0,9000000.0,1,100.0,13506000.0,1,100.0
2009,2.0,2009-02,Europe,BIH,Bosnia and Herzegovina,Flood,1,,0,0.0,2630.0,1,100.0,,0,0.0,,0,0.0
2009,2.0,2009-02,Oceania,AUS,Australia,Wildfire,1,180.0,1,100.0,9954.0,1,100.0,1300000000.0,1,100.0,1950833000.0,1,100.0
2009,3.0,2009-03,Africa,AGO,Angola,Epidemic,1,9.0,1,100.0,143.0,1,100.0,,0,0.0,,0,0.0
2009,3.0,2009-03,Africa,AGO,Angola,Flood,1,60.0,1,100.0,220000.0,1,100.0,,0,0.0,,0,0.0
2009,3.0,2009-03,Africa,BWA,Botswana,Flood,1,,0,0.0,867.0,1,100.0,,0,0.0,,0,0.0
2009,3.0,2009-03,Africa,CAF,Central African Republic,Storm,1,,0,0.0,10500.0,1,100.0,,0,0.0,,0,0.0
2009,3.0,2009-03,Africa,MDG,Madagascar,Storm,1,,0,0.0,3376.0,1,100.0,,0,0.0,,0,0.0
2009,3.0,2009-03,Africa,MOZ,Mozambique,Storm,1,,0,0.0,7103.0,1,100.0,3000000.0,1,100.0,4502000.0,1,100.0
2009,3.0,2009-03,Africa,NAM,Namibia,Flood,1,92.0,1,100.0,350000.0,1,100.0,,0,0.0,,0,0.0
2009,3.0,2009-03,Africa,UGA,Uganda,Epidemic,1,8.0,1,100.0,368.0,1,100.0,,0,0.0,,0,0.0
2009,3.0,2009-03,Americas,ARG,Argentina,Epidemic,1,6.0,1,100.0,13366.0,1,100.0,,0,0.0,,0,0.0
2009,3.0,2009-03,Americas,GTM,Guatemala,Drought,1,,0,0.0,2500000.0,1,100.0,,0,0.0,,0,0.0
2009,3.0,2009-03,Americas,PER,Peru,Mass movement (wet),1,33.0,1,100.0,,0,0.0,,0,0.0,,0,0.0
2009,3.0,2009-03,Americas,USA,United States of America,Flood,1,2.0,1,100.0,5060.0,1,100.0,166000000.0,1,100.0,249106000.0,1,100.0
2009,3.0,2009-03,Americas,USA,United States of America,Storm,1,6.0,1,100.0,25.0,1,100.0,1500000000.0,1,100.0,2250961000.0,1,100.0
2009,3.0,2009-03,Asia,AFG,Afghanistan,Flood,1,39.0,1,100.0,60016.0,1,100.0,20000000.0,1,100.0,30013000.0,1,100.0
2009,3.0,2009-03,Asia,IDN,Indonesia,Flood,1,64.0,1,100.0,1600.0,1,100.0,,0,0.0,,0,0.0
2009,3.0,2009-03,Asia,IND,India,Storm,1,15.0,1,100.0,9050.0,1,100.0,,0,0.0,,0,0.0
2009,4.0,2009-04,Africa,BDI,Burundi,Flood,1,,0,0.0,8000.0,1,100.0,,0,0.0,,0,0.0
2009,4.0,2009-04,Africa,COM,Comoros,Flood,1,2.0,1,100.0,2500.0,1,100.0,,0,0.0,,0,0.0
2009,4.0,2009-04,Africa,GAB,Gabon,Storm,1,,0,0.0,800.0,1,100.0,,0,0.0,,0,0.0
2009,4.0,2009-04,Africa,MDG,Madagascar,Storm,1,15.0,1,100.0,64918.0,1,100.0,5000000.0,1,100.0,7503000.0,1,100.0
2009,4.0,2009-04,Americas,BRA,Brazil,Flood,1,56.0,1,100.0,1150900.0,1,100.0,550000000.0,1,100.0,825352000.0,1,100.0
2009,4.0,2009-04,Americas,CAN,Canada,Flood,1,,0,0.0,200.0,1,100.0,,0,0.0,,0,0.0
2009,4.0,2009-04,Americas,PER,Peru,Mass movement (wet),1,20.0,1,100.0,1300.0,1,100.0,,0,0.0,,0,0.0
2009,4.0,2009-04,Americas,USA,United States of America,Flood,1,,0,0.0,1000.0,1,100.0,,0,0.0,,0,0.0
2009,4.0,2009-04,Americas,USA,United States of America,Storm,2,15.0,2,100.0,822.0,1,50.0,1940000000.0,2,100.0,2911243000.0,2,100.0
2009,4.0,2009-04,Asia,AFG,Afghanistan,Earthquake,1,22.0,1,100.0,3309.0,1,100.0,,0,0.0,,0,0.0
2009,4.0,2009-04,Asia,AFG,Afghanistan,Flood,1,19.0,1,100.0,2500.0,1,100.0,,0,0.0,,0,0.0
2009,4.0,2009-04,Asia,BGD,Bangladesh,Storm,1,7.0,1,100.0,19209.0,1,100.0,,0,0.0,,0,0.0
2009,4.0,2009-04,Asia,CHN,China,Flood,1,49.0,1,100.0,5630000.0,1,100.0,,0,0.0,,0,0.0
2009,4.0,2009-04,Asia,IND,India,Extreme temperature,1,120.0,1,100.0,25.0,1,100.0,,0,0.0,,0,0.0
2009,4.0,2009-04,Asia,PAK,Pakistan,Flood,1,14.0,1,100.0,10.0,1,100.0,,0,0.0,,0,0.0
2009,4.0,2009-04,Asia,PHL,Philippines,Storm,1,29.0,1,100.0,383465.0,1,100.0,25810000.0,1,100.0,38732000.0,1,100.0
2009,4.0,2009-04,Asia,TJK,Tajikistan,Flood,1,21.0,1,100.0,15000.0,1,100.0,1000000.0,1,100.0,1501000.0,1,100.0
2009,4.0,2009-04,Europe,ITA,Italy,Earthquake,1,300.0,1,100.0,72000.0,1,100.0,2500000000.0,1,100.0,3751602000.0,1,100.0
2009,4.0,2009-04,Oceania,VUT,Vanuatu,Flood,1,,0,0.0,950.0,1,100.0,,0,0.0,,0,0.0
2009,5.0,2009-05,Africa,BEN,Benin,Storm,1,,0,0.0,800.0,1,100.0,,0,0.0,,0,0.0
2009,5.0,2009-05,Africa,BWA,Botswana,Flood,1,,0,0.0,3789.0,1,100.0,,0,0.0,,0,0.0
2009,5.0,2009-05,Africa,MLI,Mali,Flood,1,25.0,1,100.0,20406.0,1,100.0,,0,0.0,,0,0.0
2009,5.0,2009-05,Africa,MOZ,Mozambique,Epidemic,1,43.0,1,100.0,466.0,1,100.0,,0,0.0,,0,0.0
2009,5.0,2009-05,Americas,BRA,Brazil,Flood,1,4.0,1,100.0,2500.0,1,100.0,,0,0.0,,0,0.0
2009,5.0,2009-05,Americas,HND,Honduras,Earthquake,1,7.0,1,100.0,50136.0,1,100.0,100000000.0,1,100.0,150064000.0,1,100.0
2009,5.0,2009-05,Americas,HTI,Haiti,Flood,1,11.0,1,100.0,9910.0,1,100.0,,0,0.0,,0,0.0
2009,5.0,2009-05,Americas,PER,Peru,Extreme temperature,1,274.0,1,100.0,24262.0,1,100.0,,0,0.0,,0,0.0
2009,5.0,2009-05,Americas,PER,Peru,Mass movement (wet),1,33.0,1,100.0,162.0,1,100.0,,0,0.0,,0,0.0
2009,5.0,2009-05,Americas,USA,United States of America,Flood,1,,0,0.0,900.0,1,100.0,,0,0.0,,0,0.0
2009,5.0,2009-05,Americas,USA,United States of America,Storm,1,7.0,1,100.0,,0,0.0,850000000.0,1,100.0,1275545000.0,1,100.0
2009,5.0,2009-05,Americas,USA,United States of America,Wildfire,1,,0,0.0,263.0,1,100.0,100000000.0,1,100.0,150064000.0,1,100.0
2009,5.0,2009-05,Asia,BGD,Bangladesh,Storm,1,190.0,1,100.0,3935341.0,1,100.0,270000000.0,1,100.0,405173000.0,1,100.0
2009,5.0,2009-05,Asia,BTN,Bhutan,Storm,1,12.0,1,100.0,,0,0.0,,0,0.0,,0,0.0
2009,5.0,2009-05,Asia,IND,India,Storm,2,128.0,2,100.0,5100023.0,2,100.0,,0,0.0,,0,0.0
2009,5.0,2009-05,Asia,NPL,Nepal,Epidemic,1,314.0,1,100.0,58874.0,1,100.0,,0,0.0,,0,0.0
2009,5.0,2009-05,Asia,PHL,Philippines,Flood,2,,0,0.0,35040.0,2,100.0,,0,0.0,,0,0.0
2009,5.0,2009-05,Asia,PHL,Philippines,Mass movement (wet),1,10.0,1,100.0,16.0,1,100.0,,0,0.0,,0,0.0
2009,5.0,2009-05,Asia,PHL,Philippines,Storm,2,77.0,1,50.0,401107.0,2,100.0,30347000.0,2,100.0,45540000.0,2,100.0
2009,5.0,2009-05,Oceania,AUS,Australia,Storm,1,1.0,1,100.0,15000.0,1,100.0,60000000.0,1,100.0,90038000.0,1,100.0
2009,5.0,2009-05,Oceania,COK,Cook Islands,Epidemic,1,,0,0.0,1247.0,1,100.0,,0,0.0,,0,0.0
2009,5.0,2009-05,Oceania,PNG,Papua New Guinea,Mass movement (wet),1,19.0,1,100.0,,0,0.0,,0,0.0,,0,0.0
2009,6.0,2009-06,Africa,BEN,Benin,Flood,1,7.0,1,100.0,60238.0,1,100.0,,0,0.0,,0,0.0
2009,6.0,2009-06,Africa,BFA,Burkina Faso,Flood,1,,0,0.0,500.0,1,100.0,,0,0.0,,0,0.0
2009,6.0,2009-06,Africa,CIV,Côte d’Ivoire,Mass movement (wet),1,27.0,1,100.0,10006.0,1,100.0,,0,0.0,,0,0.0
2009,6.0,2009-06,Africa,GHA,Ghana,Flood,1,16.0,1,100.0,19755.0,1,100.0,,0,0.0,,0,0.0
2009,6.0,2009-06,Africa,NGA,Nigeria,Epidemic,1,20.0,1,100.0,,0,0.0,,0,0.0,,0,0.0
2009,6.0,2009-06,Africa,NGA,Nigeria,Flood,1,31.0,1,100.0,,0,0.0,,0,0.0,,0,0.0
2009,6.0,2009-06,Americas,BRA,Brazil,Flood,1,,0,0.0,18000.0,1,100.0,,0,0.0,,0,0.0
2009,6.0,2009-06,Americas,GTM,Guatemala,Flood,1,,0,0.0,10800.0,1,100.0,,0,0.0,,0,0.0
2009,6.0,2009-06,Americas,NIC,Nicaragua,Flood,1,,0,0.0,64.0,1,100.0,,0,0.0,,0,0.0
2009,6.0,2009-06,Americas,USA,United States of America,Storm,1,1.0,1,100.0,2.0,1,100.0,2000000000.0,1,100.0,3001281000.0,1,100.0
2009,6.0,2009-06,Asia,CHN,China,Drought,1,,0,0.0,160000.0,1,100.0,,0,0.0,,0,0.0
2009,6.0,2009-06,Asia,CHN,China,Flood,2,27.0,2,100.0,106000.0,1,50.0,340000000.0,2,100.0,510218000.0,2,100.0
2009,6.0,2009-06,Asia,CHN,China,Mass movement (wet),1,72.0,1,100.0,,0,0.0,,0,0.0,,0,0.0
2009,6.0,2009-06,Asia,CHN,China,Storm,2,67.0,2,100.0,48846.0,2,100.0,691000000.0,2,100.0,1036942000.0,2,100.0
2009,6.0,2009-06,Asia,IND,India,Storm,2,55.0,2,100.0,12.0,1,50.0,,0,0.0,,0,0.0
2009,6.0,2009-06,Europe,AUT,Austria,Flood,1,1.0,1,100.0,,0,0.0,200000000.0,1,100.0,300128000.0,1,100.0
2009,6.0,2009-06,Europe,CZE,Czechia,Flood,1,13.0,1,100.0,14450.0,1,100.0,150000000.0,1,100.0,225096000.0,1,100.0
2009,6.0,2009-06,Europe,DEU,Germany,Flood,1,,0,0.0,,0,0.0,20000000.0,1,100.0,30013000.0,1,100.0
2009,6.0,2009-06,Europe,POL,Poland,Flood,1,1.0,1,100.0,150.0,1,100.0,100000000.0,1,100.0,150064000.0,1,100.0
2009,6.0,2009-06,Europe,ROU,Romania,Flood,1,,0,0.0,4.0,1,100.0,,0,0.0,,0,0.0
2009,7.0,2009-07,Africa,CAF,Central African Republic,Flood,1,1.0,1,100.0,11000.0,1,100.0,,0,0.0,,0,0.0
2009,7.0,2009-07,Africa,COD,Democratic Republic of the Congo,Wildfire,1,,0,0.0,125.0,1,100.0,,0,0.0,,0,0.0
2009,7.0,2009-07,Africa,GMB,Gambia,Storm,1,,0,0.0,2350.0,1,100.0,,0,0.0,,0,0.0
2009,7.0,2009-07,Africa,LBR,Liberia,Flood,1,2.0,1,100.0,584.0,1,100.0,,0,0.0,,0,0.0
2009,7.0,2009-07,Africa,TGO,Togo,Flood,1,,0,0.0,,0,0.0,,0,0.0,,0,0.0
2009,7.0,2009-07,Africa,ZAF,South Africa,Flood,1,11.0,1,100.0,20000.0,1,100.0,,0,0.0,,0,0.0
2009,7.0,2009-07,Americas,COL,Colombia,Mass movement (wet),1,30.0,1,100.0,7.0,1,100.0,,0,0.0,,0,0.0
2009,7.0,2009-07,Americas,MEX,Mexico,Flood,1,11.0,1,100.0,,0,0.0,,0,0.0,,0,0.0
2009,7.0,2009-07,Americas,NIC,Nicaragua,Flood,1,,0,0.0,6821.0,1,100.0,,0,0.0,,0,0.0
2009,7.0,2009-07,Americas,USA,United States of America,Storm,1,1.0,1,100.0,,0,0.0,1000000000.0,1,100.0,1500641000.0,1,100.0
2009,7.0,2009-07,Americas,USA,United States of America,Wildfire,1,2.0,1,100.0,192.0,1,100.0,,0,0.0,,0,0.0
2009,7.0,2009-07,Asia,BGD,Bangladesh,Drought,1,,0,0.0,,0,0.0,,0,0.0,,0,0.0
2009,7.0,2009-07,Asia,BGD,Bangladesh,Flood,2,16.0,2,100.0,500000.0,1,50.0,,0,0.0,,0,0.0
2009,7.0,2009-07,Asia,CHN,China,Earthquake,1,1.0,1,100.0,65336.0,1,100.0,315000000.0,1,100.0,472702000.0,1,100.0
2009,7.0,2009-07,Asia,CHN,China,Flood,3,121.0,3,100.0,39372038.0,2,66.67,1033000000.0,2,66.67,1550162000.0,2,66.67
2009,7.0,2009-07,Asia,CHN,China,Mass movement (wet),2,77.0,2,100.0,10004.0,1,50.0,139000000.0,1,50.0,208589000.0,1,50.0
2009,7.0,2009-07,Asia,IND,India,Drought,1,,0,0.0,,0,0.0,,0,0.0,,0,0.0
2009,7.0,2009-07,Asia,IND,India,Flood,2,1003.0,2,100.0,1886000.0,1,50.0,220000000.0,1,50.0,330141000.0,1,50.0
2009,7.0,2009-07,Asia,JPN,Japan,Extreme temperature,1,16.0,1,100.0,,0,0.0,,0,0.0,,0,0.0
2009,7.0,2009-07,Asia,JPN,Japan,Mass movement (wet),2,44.0,2,100.0,400.0,1,50.0,,0,0.0,,0,0.0
2009,7.0,2009-07,Asia,MMR,Myanmar,Mass movement (wet),1,24.0,1,100.0,1351.0,1,100.0,,0,0.0,,0,0.0
2009,7.0,2009-07,Asia,MNG,Mongolia,Flood,1,26.0,1,100.0,15000.0,1,100.0,94000.0,1,100.0,141000.0,1,100.0
2009,7.0,2009-07,Asia,NPL,Nepal,Flood,1,30.0,1,100.0,,0,0.0,,0,0.0,,0,0.0
2009,7.0,2009-07,Asia,NPL,Nepal,Mass movement (wet),1,10.0,1,100.0,,0,0.0,,0,0.0,,0,0.0
2009,7.0,2009-07,Asia,PAK,Pakistan,Flood,1,52.0,1,100.0,70.0,1,100.0,,0,0.0,,0,0.0
2009,7.0,2009-07,Asia,PHL,Philippines,Flood,2,22.0,1,50.0,506022.0,2,100.0,22960000.0,1,50.0,34455000.0,1,50.0
2009,7.0,2009-07,Asia,PHL,Philippines,Storm,2,21.0,2,100.0,358463.0,2,100.0,4281000.0,1,50.0,6424000.0,1,50.0
2009,7.0,2009-07,Asia,TUR,Türkiye,Flood,1,7.0,1,100.0,111.0,1,100.0,,0,0.0,,0,0.0
2009,7.0,2009-07,Asia,VNM,Viet Nam,Flood,1,20.0,1,100.0,700000.0,1,100.0,,0,0.0,,0,0.0
2009,7.0,2009-07,Europe,AUT,Austria,Flood,1,,0,0.0,,0,0.0,,0,0.0,,0,0.0
2009,7.0,2009-07,Europe,AUT,Austria,Storm,1,,0,0.0,,0,0.0,500000000.0,1,100.0,750320000.0,1,100.0
2009,7.0,2009-07,Europe,BIH,Bosnia and Herzegovina,Flood,1,,0,0.0,1100.0,1,100.0,,0,0.0,,0,0.0
2009,7.0,2009-07,Europe,CHE,Switzerland,Storm,1,,0,0.0,,0,0.0,1000000000.0,1,100.0,1500641000.0,1,100.0
2009,7.0,2009-07,Europe,CZE,Czechia,Storm,1,2.0,1,100.0,12.0,1,100.0,,0,0.0,,0,0.0
2009,7.0,2009-07,Europe,DEU,Germany,Storm,1,1.0,1,100.0,,0,0.0,50000000.0,1,100.0,75032000.0,1,100.0
2009,7.0,2009-07,Europe,ESP,Spain,Wildfire,1,6.0,1,100.0,,0,0.0,,0,0.0,,0,0.0
2009,7.0,2009-07,Europe,FRA,France,Wildfire,1,,0,0.0,,0,0.0,,0,0.0,,0,0.0
2009,7.0,2009-07,Europe,GRC,Greece,Wildfire,1,,0,0.0,,0,0.0,,0,0.0,,0,0.0
2009,7.0,2009-07,Europe,ITA,Italy,Wildfire,1,2.0,1,100.0,,0,0.0,115000000.0,1,100.0,172574000.0,1,100.0
2009,7.0,2009-07,Europe,POL,Poland,Storm,1,8.0,1,100.0,82.0,1,100.0,,0,0.0,,0,0.0
2009,7.0,2009-07,Oceania,PNG,Papua New Guinea,Epidemic,1,47.0,1,100.0,863.0,1,100.0,,0,0.0,,0,0.0
2009,8.0,2009-08,Africa,BEN,Benin,Flood,1,3.0,1,100.0,59419.0,1,100.0,,0,0.0,,0,0.0
2009,8.0,2009-08,Africa,ETH,Ethiopia,Epidemic,1,135.0,1,100.0,13652.0,1,100.0,,0,0.0,,0,0.0
2009,8.0,2009-08,Africa,GIN,Guinea,Flood,1,2.0,1,100.0,40000.0,1,100.0,,0,0.0,,0,0.0
2009,8.0,2009-08,Africa,MRT,Mauritania,Flood,1,1.0,1,100.0,10000.0,1,100.0,,0,0.0,,0,0.0
2009,8.0,2009-08,Africa,SDN,Sudan,Flood,1,20.0,1,100.0,111455.0,1,100.0,,0,0.0,,0,0.0
2009,8.0,2009-08,Africa,SEN,Senegal,Flood,1,6.0,1,100.0,264000.0,1,100.0,,0,0.0,,0,0.0
2009,8.0,2009-08,Africa,SLE,Sierra Leone,Flood,1,103.0,1,100.0,1470.0,1,100.0,,0,0.0,,0,0.0
2009,8.0,2009-08,Africa,TCD,Chad,Flood,1,3.0,1,100.0,8020.0,1,100.0,,0,0.0,,0,0.0
2009,8.0,2009-08,Africa,ZWE,Zimbabwe,Epidemic,1,5.0,1,100.0,146.0,1,100.0,,0,0.0,,0,0.0
2009,8.0,2009-08,Americas,CAN,Canada,Storm,2,2.0,1,50.0,3.0,1,50.0,500000000.0,1,50.0,750320000.0,1,50.0
2009,8.0,2009-08,Americas,USA,United States of America,Storm,1,3.0,1,100.0,9.0,1,100.0,,0,0.0,,0,0.0
2009,8.0,2009-08,Asia,CHN,China,Flood,1,12.0,1,100.0,118000.0,1,100.0,,0,0.0,,0,0.0
2009,8.0,2009-08,Asia,CHN,China,Mass movement (wet),1,31.0,1,100.0,18.0,1,100.0,,0,0.0,,0,0.0
2009,8.0,2009-08,Asia,CHN,China,Storm,4,45.0,4,100.0,11050007.0,3,75.0,1530594000.0,3,75.0,2296871000.0,3,75.0
2009,8.0,2009-08,Asia,IND,India,Flood,1,52.0,1,100.0,,0,0.0,,0,0.0,,0,0.0
2009,8.0,2009-08,Asia,IND,India,Mass movement (wet),1,45.0,1,100.0,,0,0.0,,0,0.0,,0,0.0
2009,8.0,2009-08,Asia,JPN,Japan,Earthquake,1,1.0,1,100.0,25319.0,1,100.0,400000000.0,1,100.0,600256000.0,1,100.0
2009,8.0,2009-08,Asia,JPN,Japan,Storm,1,12.0,1,100.0,2000.0,1,100.0,,0,0.0,,0,0.0
2009,8.0,2009-08,Asia,LAO,Lao People's Democratic Republic,Flood,1,10.0,1,100.0,,0,0.0,,0,0.0,,0,0.0
2009,8.0,2009-08,Asia,LKA,Sri Lanka,Flood,1,,0,0.0,20000.0,1,100.0,,0,0.0,,0,0.0
2009,8.0,2009-08,Asia,PAK,Pakistan,Flood,1,36.0,1,100.0,75000.0,1,100.0,,0,0.0,,0,0.0
2009,8.0,2009-08,Asia,PHL,Philippines,Flood,1,,0,0.0,1578.0,1,100.0,,0,0.0,,0,0.0
2009,8.0,2009-08,Asia,PHL,Philippines,Storm,2,40.0,2,100.0,315651.0,2,100.0,27888000.0,2,100.0,41850000.0,2,100.0
2009,8.0,2009-08,Asia,TWN,Taiwan (Province of China),Storm,1,630.0,1,100.0,2307523.0,1,100.0,250000000.0,1,100.0,375160000.0,1,100.0
2009,8.0,2009-08,Asia,YEM,Yemen,Mass movement (wet),1,11.0,1,100.0,,0,0.0,,0,0.0,,0,0.0
2009,8.0,2009-08,Europe,GRC,Greece,Wildfire,1,,0,0.0,1040.0,1,100.0,,0,0.0,,0,0.0
2009,8.0,2009-08,Oceania,PNG,Papua New Guinea,Epidemic,1,83.0,1,100.0,1611.0,1,100.0,,0,0.0,,0,0.0
2009,9.0,2009-09,Africa,BFA,Burkina Faso,Flood,1,9.0,1,100.0,151000.0,1,100.0,150000000.0,1,100.0,225096000.0,1,100.0
2009,9.0,2009-09,Africa,CMR,Cameroon,Epidemic,1,109.0,1,100.0,1456.0,1,100.0,,0,0.0,,0,0.0
2009,9.0,2009-09,Africa,CPV,Cabo Verde,Epidemic,1,6.0,1,100.0,20147.0,1,100.0,,0,0.0,,0,0.0
2009,9.0,2009-09,Africa,CPV,Cabo Verde,Flood,1,3.0,1,100.0,150.0,1,100.0,,0,0.0,,0,0.0
2009,9.0,2009-09,Africa,DZA,Algeria,Flood,1,15.0,1,100.0,,0,0.0,,0,0.0,,0,0.0
2009,9.0,2009-09,Africa,GHA,Ghana,Flood,1,24.0,1,100.0,139790.0,1,100.0,,0,0.0,,0,0.0
2009,9.0,2009-09,Africa,GMB,Gambia,Flood,1,5.0,1,100.0,14258.0,1,100.0,,0,0.0,,0,0.0
2009,9.0,2009-09,Africa,NER,Niger,Drought,1,,0,0.0,7900000.0,1,100.0,,0,0.0,,0,0.0
2009,9.0,2009-09,Africa,NER,Niger,Flood,1,3.0,1,100.0,79129.0,1,100.0,,0,0.0,,0,0.0
2009,9.0,2009-09,Africa,NGA,Nigeria,Flood,1,,0,0.0,150000.0,1,100.0,,0,0.0,,0,0.0
2009,9.0,2009-09,Africa,TCD,Chad,Flood,1,3.0,1,100.0,4895.0,1,100.0,,0,0.0,,0,0.0
2009,9.0,2009-09,Africa,TUN,Tunisia,Flood,1,17.0,1,100.0,5008.0,1,100.0,,0,0.0,,0,0.0
2009,9.0,2009-09,Americas,ARG,Argentina,Storm,1,10.0,1,100.0,24.0,1,100.0,,0,0.0,,0,0.0
2009,9.0,2009-09,Americas,BRA,Brazil,Storm,1,4.0,1,100.0,2364.0,1,100.0,,0,0.0,,0,0.0
2009,9.0,2009-09,Americas,HTI,Haiti,Flood,1,,0,0.0,296.0,1,100.0,,0,0.0,,0,0.0
2009,9.0,2009-09,Americas,MEX,Mexico,Flood,2,7.0,2,100.0,19500.0,2,100.0,,0,0.0,,0,0.0
2009,9.0,2009-09,Americas,MEX,Mexico,Storm,1,4.0,1,100.0,72000.0,1,100.0,40000000.0,1,100.0,60026000.0,1,100.0
2009,9.0,2009-09,Americas,PRY,Paraguay,Flood,1,,0,0.0,12035.0,1,100.0,820000.0,1,100.0,1231000.0,1,100.0
2009,9.0,2009-09,Americas,PRY,Paraguay,Storm,1,,0,0.0,700.0,1,100.0,,0,0.0,,0,0.0
2009,9.0,2009-09,Americas,USA,United States of America,Flood,1,9.0,1,100.0,3000.0,1,100.0,500000000.0,1,100.0,750320000.0,1,100.0
2009,9.0,2009-09,Asia,AFG,Afghanistan,Flood,1,11.0,1,100.0,,0,0.0,,0,0.0,,0,0.0
2009,9.0,2009-09,Asia,AZE,Azerbaijan,Flood,1,,0,0.0,5000.0,1,100.0,,0,0.0,,0,0.0
2009,9.0,2009-09,Asia,BTN,Bhutan,Earthquake,1,11.0,1,100.0,12.0,1,100.0,,0,0.0,,0,0.0
2009,9.0,2009-09,Asia,CHN,China,Storm,1,13.0,1,100.0,1000058.0,1,100.0,295001000.0,1,100.0,442691000.0,1,100.0
2009,9.0,2009-09,Asia,GEO,Georgia,Earthquake,1,,0,0.0,7306.0,1,100.0,,0,0.0,,0,0.0
2009,9.0,2009-09,Asia,HKG,"China, Hong Kong Special Administrative Region",Storm,1,,0,0.0,350.0,1,100.0,,0,0.0,,0,0.0
2009,9.0,2009-09,Asia,IDN,Indonesia,Earthquake,2,1323.0,2,100.0,2841590.0,2,100.0,2360000000.0,2,100.0,3541513000.0,2,100.0
2009,9.0,2009-09,Asia,IDN,Indonesia,Flood,1,38.0,1,100.0,10000.0,1,100.0,,0,0.0,,0,0.0
2009,9.0,2009-09,Asia,IND,India,Flood,1,355.0,1,100.0,4100000.0,1,100.0,2150000000.0,1,100.0,3226378000.0,1,100.0
2009,9.0,2009-09,Asia,IND,India,Mass movement (wet),1,10.0,1,100.0,,0,0.0,,0,0.0,,0,0.0
2009,9.0,2009-09,Asia,KHM,Cambodia,Storm,1,17.0,1,100.0,178091.0,1,100.0,,0,0.0,,0,0.0
2009,9.0,2009-09,Asia,LAO,Lao People's Democratic Republic,Storm,1,16.0,1,100.0,128887.0,1,100.0,100000000.0,1,100.0,150064000.0,1,100.0
2009,9.0,2009-09,Asia,PHL,Philippines,Earthquake,1,,0,0.0,392.0,1,100.0,90000.0,1,100.0,135000.0,1,100.0
2009,9.0,2009-09,Asia,PHL,Philippines,Storm,5,1032.0,5,100.0,9912660.0,5,100.0,829171000.0,3,60.0,1244289000.0,3,60.0
2009,9.0,2009-09,Asia,TUR,Türkiye,Flood,1,40.0,1,100.0,35020.0,1,100.0,550000000.0,1,100.0,825352000.0,1,100.0
2009,9.0,2009-09,Asia,VNM,Viet Nam,Flood,1,17.0,1,100.0,40000.0,1,100.0,,0,0.0,,0,0.0
2009,9.0,2009-09,Asia,VNM,Viet Nam,Storm,1,182.0,1,100.0,2477315.0,1,100.0,785000000.0,1,100.0,1178003000.0,1,100.0
2009,9.0,2009-09,Europe,ALB,Albania,Earthquake,1,,0,0.0,150.0,1,100.0,,0,0.0,,0,0.0
2009,9.0,2009-09,Oceania,ASM,American Samoa,Earthquake,1,34.0,1,100.0,2500.0,1,100.0,,0,0.0,,0,0.0
2009,9.0,2009-09,Oceania,PNG,Papua New Guinea,Epidemic,1,62.0,1,100.0,4917.0,1,100.0,,0,0.0,,0,0.0
2009,9.0,2009-09,Oceania,TON,Tonga,Earthquake,1,9.0,1,100.0,507.0,1,100.0,9500000.0,1,100.0,14256000.0,1,100.0
2009,9.0,2009-09,Oceania,WSM,Samoa,Earthquake,1,148.0,1,100.0,5584.0,1,100.0,124040000.0,1,100.0,186139000.0,1,100.0
2009,10.0,2009-10,Africa,COD,Democratic Republic of the Congo,Epidemic,1,29.0,1,100.0,100.0,1,100.0,,0,0.0,,0,0.0
2009,10.0,2009-10,Africa,KEN,Kenya,Flood,1,16.0,1,100.0,44850.0,1,100.0,,0,0.0,,0,0.0
2009,10.0,2009-10,Africa,MDG,Madagascar,Epidemic,1,,0,0.0,702.0,1,100.0,,0,0.0,,0,0.0
2009,10.0,2009-10,Africa,SOM,Somalia,Flood,1,,0,0.0,1750.0,1,100.0,,0,0.0,,0,0.0
2009,10.0,2009-10,Africa,TZA,United Republic of Tanzania,Epidemic,1,12.0,1,100.0,600.0,1,100.0,,0,0.0,,0,0.0
2009,10.0,2009-10,Africa,UGA,Uganda,Epidemic,1,9.0,1,100.0,176.0,1,100.0,,0,0.0,,0,0.0
2009,10.0,2009-10,Africa,ZMB,Zambia,Epidemic,1,87.0,1,100.0,5198.0,1,100.0,,0,0.0,,0,0.0
2009,10.0,2009-10,Africa,ZWE,Zimbabwe,Epidemic,1,50.0,1,100.0,1200.0,1,100.0,,0,0.0,,0,0.0
2009,10.0,2009-10,Americas,HTI,Haiti,Flood,1,10.0,1,100.0,2500.0,1,100.0,,0,0.0,,0,0.0
2009,10.0,2009-10,Americas,MEX,Mexico,Epidemic,1,,0,0.0,41687.0,1,100.0,,0,0.0,,0,0.0
2009,10.0,2009-10,Americas,MEX,Mexico,Flood,1,10.0,1,100.0,13014.0,1,100.0,,0,0.0,,0,0.0
2009,10.0,2009-10,Asia,CHN,China,Drought,1,,0,0.0,60000000.0,1,100.0,3600000000.0,1,100.0,5402307000.0,1,100.0
2009,10.0,2009-10,Asia,CHN,China,Storm,1,3.0,1,100.0,,0,0.0,35000000.0,1,100.0,52522000.0,1,100.0
2009,10.0,2009-10,Asia,IDN,Indonesia,Flood,1,,0,0.0,2500.0,1,100.0,,0,0.0,,0,0.0
2009,10.0,2009-10,Asia,IND,India,Flood,1,20.0,1,100.0,,0,0.0,,0,0.0,,0,0.0
2009,10.0,2009-10,Asia,IRQ,Iraq,Flood,1,2.0,1,100.0,3000.0,1,100.0,,0,0.0,,0,0.0
2009,10.0,2009-10,Asia,JPN,Japan,Storm,1,4.0,1,100.0,5119.0,1,100.0,1000000000.0,1,100.0,1500641000.0,1,100.0
2009,10.0,2009-10,Asia,NPL,Nepal,Flood,1,87.0,1,100.0,257786.0,1,100.0,60000000.0,1,100.0,90038000.0,1,100.0
2009,10.0,2009-10,Asia,PHL,Philippines,Storm,1,39.0,1,100.0,802175.0,1,100.0,15194000.0,1,100.0,22801000.0,1,100.0
2009,10.0,2009-10,Asia,VNM,Viet Nam,Storm,1,,0,0.0,,0,0.0,200000.0,1,100.0,300000.0,1,100.0
2009,10.0,2009-10,Europe,ITA,Italy,Flood,1,35.0,1,100.0,5140.0,1,100.0,20000000.0,1,100.0,30013000.0,1,100.0
2009,11.0,2009-11,Africa,COD,Democratic Republic of the Congo,Flood,1,,0,0.0,5000.0,1,100.0,,0,0.0,,0,0.0
2009,11.0,2009-11,Africa,KEN,Kenya,Epidemic,2,50.0,2,100.0,398.0,2,100.0,,0,0.0,,0,0.0
2009,11.0,2009-11,Africa,TZA,United Republic of Tanzania,Flood,1,20.0,1,100.0,,0,0.0,,0,0.0,,0,0.0
2009,11.0,2009-11,Americas,ARG,Argentina,Flood,1,7.0,1,100.0,30618.0,1,100.0,,0,0.0,,0,0.0
2009,11.0,2009-11,Americas,BRA,Brazil,Flood,3,14.0,2,66.67,690200.0,3,100.0,50000000.0,1,33.33,75032000.0,1,33.33
2009,11.0,2009-11,Americas,ECU,Ecuador,Drought,1,,0,0.0,107500.0,1,100.0,1700000.0,1,100.0,2551000.0,1,100.0
2009,11.0,2009-11,Americas,HND,Honduras,Drought,1,,0,0.0,45000.0,1,100.0,,0,0.0,,0,0.0
2009,11.0,2009-11,Americas,MEX,Mexico,Flood,1,,0,0.0,107670.0,1,100.0,,0,0.0,,0,0.0
2009,11.0,2009-11,Americas,MEX,Mexico,Storm,1,,0,0.0,40000.0,1,100.0,,0,0.0,,0,0.0
2009,11.0,2009-11,Americas,NIC,Nicaragua,Storm,1,,0,0.0,19897.0,1,100.0,,0,0.0,,0,0.0
2009,11.0,2009-11,Americas,PAN,Panama,Flood,1,,0,0.0,4248.0,1,100.0,,0,0.0,,0,0.0
2009,11.0,2009-11,Americas,SLV,El Salvador,Storm,1,275.0,1,100.0,90000.0,1,100.0,939000000.0,1,100.0,1409102000.0,1,100.0
2009,11.0,2009-11,Americas,URY,Uruguay,Flood,1,1.0,1,100.0,4000.0,1,100.0,,0,0.0,,0,0.0
2009,11.0,2009-11,Americas,USA,United States of America,Storm,1,6.0,1,100.0,,0,0.0,600000000.0,1,100.0,900384000.0,1,100.0
2009,11.0,2009-11,Americas,VEN,Venezuela (Bolivarian Republic of),Drought,1,,0,0.0,,0,0.0,,0,0.0,,0,0.0
2009,11.0,2009-11,Asia,CHN,China,Mass movement (wet),1,23.0,1,100.0,,0,0.0,,0,0.0,,0,0.0
2009,11.0,2009-11,Asia,CHN,China,Storm,2,41.0,1,50.0,11197895.0,2,100.0,1049857000.0,2,100.0,1575458000.0,2,100.0
2009,11.0,2009-11,Asia,IDN,Indonesia,Earthquake,1,2.0,1,100.0,1510.0,1,100.0,2430000.0,1,100.0,3647000.0,1,100.0
2009,11.0,2009-11,Asia,IDN,Indonesia,Mass movement (wet),1,14.0,1,100.0,,0,0.0,,0,0.0,,0,0.0
2009,11.0,2009-11,Asia,IND,India,Flood,1,70.0,1,100.0,8.0,1,100.0,64000000.0,1,100.0,96041000.0,1,100.0
2009,11.0,2009-11,Asia,IND,India,Storm,1,20.0,1,100.0,,0,0.0,300000000.0,1,100.0,450192000.0,1,100.0
2009,11.0,2009-11,Asia,IRN,Iran (Islamic Republic of),Earthquake,1,,0,0.0,269.0,1,100.0,,0,0.0,,0,0.0
2009,11.0,2009-11,Asia,KHM,Cambodia,Storm,1,2.0,1,100.0,,0,0.0,,0,0.0,,0,0.0
2009,11.0,2009-11,Asia,LKA,Sri Lanka,Flood,1,,0,0.0,60000.0,1,100.0,,0,0.0,,0,0.0
2009,11.0,2009-11,Asia,MYS,Malaysia,Flood,2,,0,0.0,10875.0,2,100.0,,0,0.0,,0,0.0
2009,11.0,2009-11,Asia,PHL,Philippines,Storm,1,4.0,1,100.0,48142.0,1,100.0,12000.0,1,100.0,18000.0,1,100.0
2009,11.0,2009-11,Asia,SAU,Saudi Arabia,Flood,1,161.0,1,100.0,10000.0,1,100.0,900000000.0,1,100.0,1350577000.0,1,100.0
2009,11.0,2009-11,Asia,THA,Thailand,Flood,1,15.0,1,100.0,200000.0,1,100.0,,0,0.0,,0,0.0
2009,11.0,2009-11,Asia,VNM,Viet Nam,Mass movement (wet),1,13.0,1,100.0,1.0,1,100.0,,0,0.0,,0,0.0
2009,11.0,2009-11,Asia,VNM,Viet Nam,Storm,1,124.0,1,100.0,500145.0,1,100.0,280000000.0,1,100.0,420179000.0,1,100.0
2009,11.0,2009-11,Europe,ESP,Spain,Storm,1,,0,0.0,1793.0,1,100.0,,0,0.0,,0,0.0
2009,11.0,2009-11,Europe,GBR,United Kingdom of Great Britain and Northern Ireland,Flood,1,3.0,1,100.0,3900.0,1,100.0,484000000.0,1,100.0,726310000.0,1,100.0
2009,11.0,2009-11,Europe,GBR,United Kingdom of Great Britain and Northern Ireland,Storm,1,2.0,1,100.0,180.0,1,100.0,,0,0.0,,0,0.0
2009,11.0,2009-11,Europe,IRL,Ireland,Flood,1,,0,0.0,6800.0,1,100.0,,0,0.0,,0,0.0
2009,11.0,2009-11,Europe,POL,Poland,Extreme temperature,1,298.0,1,100.0,,0,0.0,,0,0.0,,0,0.0
2009,11.0,2009-11,Europe,SRB,Serbia,Flood,1,,0,0.0,3210.0,1,100.0,,0,0.0,,0,0.0
2009,11.0,2009-11,Oceania,VUT,Vanuatu,Volcanic activity,1,,0,0.0,400.0,1,100.0,,0,0.0,,0,0.0
2009,12.0,2009-12,Africa,AGO,Angola,Flood,1,,0,0.0,4650.0,1,100.0,,0,0.0,,0,0.0
2009,12.0,2009-12,Africa,BDI,Burundi,Drought,1,,0,0.0,180000.0,1,100.0,,0,0.0,,0,0.0
2009,12.0,2009-12,Africa,BWA,Botswana,Storm,1,,0,0.0,400.0,1,100.0,,0,0.0,,0,0.0
2009,12.0,2009-12,Africa,COD,Democratic Republic of the Congo,Epidemic,1,18.0,1,100.0,314.0,1,100.0,,0,0.0,,0,0.0
2009,12.0,2009-12,Africa,KEN,Kenya,Flood,1,40.0,1,100.0,91350.0,1,100.0,,0,0.0,,0,0.0
2009,12.0,2009-12,Africa,MAR,Morocco,Flood,1,5.0,1,100.0,7520.0,1,100.0,,0,0.0,,0,0.0
2009,12.0,2009-12,Africa,MWI,Malawi,Earthquake,2,4.0,2,100.0,20736.0,2,100.0,,0,0.0,,0,0.0
2009,12.0,2009-12,Africa,MWI,Malawi,Epidemic,1,62.0,1,100.0,11461.0,1,100.0,,0,0.0,,0,0.0
2009,12.0,2009-12,Africa,TCD,Chad,Drought,1,,0,0.0,2400000.0,1,100.0,,0,0.0,,0,0.0
2009,12.0,2009-12,Africa,TZA,United Republic of Tanzania,Flood,1,18.0,1,100.0,50000.0,1,100.0,,0,0.0,,0,0.0
2009,12.0,2009-12,Americas,ARG,Argentina,Flood,1,2.0,1,100.0,3510.0,1,100.0,,0,0.0,,0,0.0
2009,12.0,2009-12,Americas,BRA,Brazil,Mass movement (wet),1,74.0,1,100.0,1000.0,1,100.0,145000000.0,1,100.0,217593000.0,1,100.0
2009,12.0,2009-12,Americas,PER,Peru,Flood,1,158.0,1,100.0,236308.0,1,100.0,,0,0.0,,0,0.0
2009,12.0,2009-12,Americas,PER,Peru,Mass movement (wet),1,59.0,1,100.0,1153.0,1,100.0,,0,0.0,,0,0.0
2009,12.0,2009-12,Americas,USA,United States of America,Storm,1,19.0,1,100.0,,0,0.0,,0,0.0,,0,0.0
2009,12.0,2009-12,Asia,BGD,Bangladesh,Extreme temperature,1,135.0,1,100.0,50000.0,1,100.0,,0,0.0,,0,0.0
2009,12.0,2009-12,Asia,IDN,Indonesia,Flood,1,6.0,1,100.0,704.0,1,100.0,,0,0.0,,0,0.0
2009,12.0,2009-12,Asia,LKA,Sri Lanka,Flood,1,3.0,1,100.0,300000.0,1,100.0,,0,0.0,,0,0.0
2009,12.0,2009-12,Asia,MNG,Mongolia,Extreme temperature,1,5.0,1,100.0,769113.0,1,100.0,62000000.0,1,100.0,93040000.0,1,100.0
2009,12.0,2009-12,Asia,NPL,Nepal,Extreme temperature,1,18.0,1,100.0,,0,0.0,,0,0.0,,0,0.0
2009,12.0,2009-12,Asia,PHL,Philippines,Volcanic activity,1,,0,0.0,47137.0,1,100.0,,0,0.0,,0,0.0
2009,12.0,2009-12,Europe,ALB,Albania,Flood,1,,0,0.0,6600.0,1,100.0,,0,0.0,,0,0.0
2009,12.0,2009-12,Europe,AUT,Austria,Extreme temperature,1,2.0,1,100.0,,0,0.0,,0,0.0,,0,0.0
2009,12.0,2009-12,Europe,DEU,Germany,Extreme temperature,1,14.0,1,100.0,,0,0.0,,0,0.0,,0,0.0
2009,12.0,2009-12,Europe,FRA,France,Extreme temperature,1,2.0,1,100.0,,0,0.0,,0,0.0,,0,0.0
2009,12.0,2009-12,Europe,GBR,United Kingdom of Great Britain and Northern Ireland,Extreme temperature,1,3.0,1,100.0,47.0,1,100.0,,0,0.0,,0,0.0
2009,12.0,2009-12,Europe,ITA,Italy,Extreme temperature,1,,0,0.0,,0,0.0,,0,0.0,,0,0.0
2009,12.0,2009-12,Europe,MNE,Montenegro,Flood,1,,0,0.0,1100.0,1,100.0,,0,0.0,,0,0.0
2009,12.0,2009-12,Europe,ROU,Romania,Extreme temperature,1,11.0,1,100.0,,0,0.0,,0,0.0,,0,0.0
2009,12.0,2009-12,Europe,UKR,Ukraine,Extreme temperature,1,27.0,1,100.0,,0,0.0,,0,0.0,,0,0.0
2009,12.0,2009-12,Oceania,AUS,Australia,Flood,1,,0,0.0,200.0,1,100.0,,0,0.0,,0,0.0
2009,12.0,2009-12,Oceania,FJI,Fiji,Storm,1,2.0,1,100.0,3845.0,1,100.0,13300000.0,1,100.0,19959000.0,1,100.0
2010,1.0,2010-01,Africa,BDI,Burundi,Flood,1,,0,0.0,1000.0,1,100.0,,0,0.0,,0,0.0
2010,1.0,2010-01,Africa,BEN,Benin,Epidemic,1,2.0,1,100.0,133.0,1,100.0,,0,0.0,,0,0.0
2010,1.0,2010-01,Africa,BFA,Burkina Faso,Epidemic,1,841.0,1,100.0,5960.0,1,100.0,,0,0.0,,0,0.0
2010,1.0,2010-01,Africa,COD,Democratic Republic of the Congo,Epidemic,2,56.0,2,100.0,4342.0,2,100.0,,0,0.0,,0,0.0
2010,1.0,2010-01,Africa,EGY,Egypt,Flood,1,12.0,1,100.0,3500.0,1,100.0,,0,0.0,,0,0.0
2010,1.0,2010-01,Africa,ETH,Ethiopia,Epidemic,1,16.0,1,100.0,967.0,1,100.0,,0,0.0,,0,0.0
2010,1.0,2010-01,Africa,KEN,Kenya,Epidemic,1,46.0,1,100.0,2834.0,1,100.0,,0,0.0,,0,0.0
2010,1.0,2010-01,Africa,MOZ,Mozambique,Epidemic,1,44.0,1,100.0,3188.0,1,100.0,,0,0.0,,0,0.0
2010,1.0,2010-01,Africa,NER,Niger,Epidemic,1,87.0,1,100.0,977.0,1,100.0,,0,0.0,,0,0.0
2010,1.0,2010-01,Africa,TCD,Chad,Epidemic,2,147.0,2,100.0,3589.0,2,100.0,,0,0.0,,0,0.0
2010,1.0,2010-01,Africa,TGO,Togo,Epidemic,1,60.0,1,100.0,236.0,1,100.0,,0,0.0,,0,0.0
2010,1.0,2010-01,Africa,ZWE,Zimbabwe,Epidemic,1,5.0,1,100.0,138.0,1,100.0,,0,0.0,,0,0.0
2010,1.0,2010-01,Americas,BOL,Bolivia (Plurinational State of),Flood,1,26.0,1,100.0,227860.0,1,100.0,,0,0.0,,0,0.0
2010,1.0,2010-01,Americas,BRB,Barbados,Drought,1,,0,0.0,,0,0.0,,0,0.0,,0,0.0
2010,1.0,2010-01,Americas,COL,Colombia,Wildfire,1,31.0,1,100.0,200.0,1,100.0,,0,0.0,,0,0.0
2010,1.0,2010-01,Americas,ECU,Ecuador,Flood,1,12.0,1,100.0,500.0,1,100.0,,0,0.0,,0,0.0
2010,1.0,2010-01,Americas,GRD,Grenada,Drought,1,,0,0.0,,0,0.0,,0,0.0,,0,0.0
2010,1.0,2010-01,Americas,GUY,Guyana,Drought,1,,0,0.0,,0,0.0,14700000.0,1,100.0,21703000.0,1,100.0
2010,1.0,2010-01,Americas,HND,Honduras,Epidemic,1,67.0,1,100.0,27000.0,1,100.0,,0,0.0,,0,0.0
2010,1.0,2010-01,Americas,HTI,Haiti,Earthquake,1,222570.0,1,100.0,3700000.0,1,100.0,8000000000.0,1,100.0,11811414000.0,1,100.0
2010,1.0,2010-01,Americas,LCA,Saint Lucia,Drought,1,,0,0.0,,0,0.0,,0,0.0,,0,0.0
2010,1.0,2010-01,Americas,MEX,Mexico,Flood,1,41.0,1,100.0,20000.0,1,100.0,16000000.0,1,100.0,23623000.0,1,100.0
2010,1.0,2010-01,Americas,PAN,Panama,Flood,1,,0,0.0,1000.0,1,100.0,,0,0.0,,0,0.0
2010,1.0,2010-01,Americas,TTO,Trinidad and Tobago,Drought,1,,0,0.0,,0,0.0,,0,0.0,,0,0.0
2010,1.0,2010-01,Americas,USA,United States of America,Earthquake,1,,0,0.0,630.0,1,100.0,12500000.0,1,100.0,18455000.0,1,100.0
2010,1.0,2010-01,Americas,VCT,Saint Vincent and the Grenadines,Drought,1,,0,0.0,,0,0.0,,0,0.0,,0,0.0
2010,1.0,2010-01,Asia,CHN,China,Earthquake,1,1.0,1,100.0,10515.0,1,100.0,4400000.0,1,100.0,6496000.0,1,100.0
2010,1.0,2010-01,Asia,CHN,China,Storm,1,30.0,1,100.0,1881100.0,1,100.0,90000000.0,1,100.0,132878000.0,1,100.0
2010,1.0,2010-01,Asia,IDN,Indonesia,Flood,2,15.0,2,100.0,28855.0,2,100.0,,0,0.0,,0,0.0
2010,1.0,2010-01,Asia,IND,India,Extreme temperature,1,100.0,1,100.0,,0,0.0,,0,0.0,,0,0.0
2010,1.0,2010-01,Asia,IRN,Iran (Islamic Republic of),Earthquake,1,,0,0.0,750.0,1,100.0,,0,0.0,,0,0.0
2010,1.0,2010-01,Asia,ISR,Israel,Flood,1,2.0,1,100.0,,0,0.0,,0,0.0,,0,0.0
2010,1.0,2010-01,Asia,PAK,Pakistan,Mass movement (wet),1,19.0,1,100.0,26700.0,1,100.0,18000000.0,1,100.0,26576000.0,1,100.0
2010,1.0,2010-01,Asia,PHL,Philippines,Epidemic,1,737.0,1,100.0,123939.0,1,100.0,,0,0.0,,0,0.0
2010,1.0,2010-01,Asia,PHL,Philippines,Flood,2,3.0,2,100.0,55678.0,2,100.0,22000.0,1,50.0,32000.0,1,50.0
2010,1.0,2010-01,Asia,PHL,Philippines,Mass movement (wet),1,2.0,1,100.0,927.0,1,100.0,78000.0,1,100.0,115000.0,1,100.0
2010,1.0,2010-01,Asia,PSE,State of Palestine,Flood,1,,0,0.0,500.0,1,100.0,,0,0.0,,0,0.0
2010,1.0,2010-01,Asia,TJK,Tajikistan,Earthquake,1,,0,0.0,7840.0,1,100.0,1500000.0,1,100.0,2215000.0,1,100.0
2010,1.0,2010-01,Asia,TJK,Tajikistan,Epidemic,1,21.0,1,100.0,456.0,1,100.0,,0,0.0,,0,0.0
2010,1.0,2010-01,Europe,BGR,Bulgaria,Extreme temperature,1,3.0,1,100.0,,0,0.0,,0,0.0,,0,0.0
2010,1.0,2010-01,Europe,ROU,Romania,Extreme temperature,1,52.0,1,100.0,,0,0.0,,0,0.0,,0,0.0
2010,1.0,2010-01,Europe,RUS,Russian Federation,Extreme temperature,1,13.0,1,100.0,,0,0.0,,0,0.0,,0,0.0
2010,1.0,2010-01,Europe,SRB,Serbia,Extreme temperature,1,3.0,1,100.0,,0,0.0,,0,0.0,,0,0.0
2010,1.0,2010-01,Oceania,SLB,Solomon Islands,Earthquake,1,,0,0.0,1126.0,1,100.0,,0,0.0,,0,0.0
2010,1.0,2010-01,Oceania,SLB,Solomon Islands,Flood,1,2.0,1,100.0,16017.0,1,100.0,,0,0.0,,0,0.0
2010,2.0,2010-02,Africa,BDI,Burundi,Flood,1,,0,0.0,990.0,1,100.0,,0,0.0,,0,0.0
2010,2.0,2010-02,Africa,MOZ,Mozambique,Flood,1,5.0,1,100.0,17000.0,1,100.0,,0,0.0,,0,0.0
2010,2.0,2010-02,Africa,SOM,Somalia,Drought,1,20000.0,1,100.0,4000000.0,1,100.0,,0,0.0,,0,0.0
2010,2.0,2010-02,Africa,UGA,Uganda,Mass movement (wet),1,388.0,1,100.0,12795.0,1,100.0,,0,0.0,,0,0.0
2010,2.0,2010-02,Africa,ZMB,Zambia,Mass movement (wet),1,9.0,1,100.0,150.0,1,100.0,,0,0.0,,0,0.0
2010,2.0,2010-02,Africa,ZWE,Zimbabwe,Epidemic,1,3.0,1,100.0,120.0,1,100.0,,0,0.0,,0,0.0
2010,2.0,2010-02,Americas,BRA,Brazil,Extreme temperature,1,32.0,1,100.0,,0,0.0,,0,0.0,,0,0.0
2010,2.0,2010-02,Americas,CHL,Chile,Earthquake,1,562.0,1,100.0,2671556.0,1,100.0,30000000000.0,1,100.0,44292803000.0,1,100.0
2010,2.0,2010-02,Americas,DOM,Dominican Republic,Flood,1,1.0,1,100.0,25700.0,1,100.0,,0,0.0,,0,0.0
2010,2.0,2010-02,Americas,HTI,Haiti,Flood,2,31.0,2,100.0,22087.0,2,100.0,,0,0.0,,0,0.0
2010,2.0,2010-02,Americas,MTQ,Martinique,Epidemic,1,13.0,1,100.0,29200.0,1,100.0,,0,0.0,,0,0.0
2010,2.0,2010-02,Americas,PER,Peru,Flood,1,20.0,1,100.0,80000.0,1,100.0,,0,0.0,,0,0.0
2010,2.0,2010-02,Americas,USA,United States of America,Storm,2,3.0,2,100.0,,0,0.0,2500000000.0,2,100.0,3691067000.0,2,100.0
2010,2.0,2010-02,Asia,AFG,Afghanistan,Mass movement (wet),1,169.0,1,100.0,130.0,1,100.0,,0,0.0,,0,0.0
2010,2.0,2010-02,Asia,CHN,China,Earthquake,1,,0,0.0,50011.0,1,100.0,,0,0.0,,0,0.0
2010,2.0,2010-02,Asia,IDN,Indonesia,Flood,1,44.0,1,100.0,100.0,1,100.0,,0,0.0,,0,0.0
2010,2.0,2010-02,Asia,IND,India,Mass movement (wet),1,17.0,1,100.0,,0,0.0,,0,0.0,,0,0.0
2010,2.0,2010-02,Asia,KAZ,Kazakhstan,Flood,1,44.0,1,100.0,16200.0,1,100.0,34576000.0,1,100.0,51049000.0,1,100.0
2010,2.0,2010-02,Asia,PAK,Pakistan,Flood,1,22.0,1,100.0,,0,0.0,,0,0.0,,0,0.0
2010,2.0,2010-02,Asia,PAK,Pakistan,Mass movement (wet),1,31.0,1,100.0,3705.0,1,100.0,,0,0.0,,0,0.0
2010,2.0,2010-02,Europe,BEL,Belgium,Storm,1,1.0,1,100.0,,0,0.0,160000000.0,1,100.0,236228000.0,1,100.0
2010,2.0,2010-02,Europe,CHE,Switzerland,Storm,1,,0,0.0,,0,0.0,14000000.0,1,100.0,20670000.0,1,100.0
2010,2.0,2010-02,Europe,DEU,Germany,Storm,1,4.0,1,100.0,,0,0.0,1000000000.0,1,100.0,1476427000.0,1,100.0
2010,2.0,2010-02,Europe,ESP,Spain,Flood,1,,0,0.0,7500.0,1,100.0,,0,0.0,,0,0.0
2010,2.0,2010-02,Europe,ESP,Spain,Storm,1,3.0,1,100.0,,0,0.0,340000000.0,1,100.0,501985000.0,1,100.0
2010,2.0,2010-02,Europe,FRA,France,Storm,1,53.0,1,100.0,500079.0,1,100.0,4230000000.0,1,100.0,6245285000.0,1,100.0
2010,2.0,2010-02,Europe,GBR,United Kingdom of Great Britain and Northern Ireland,Storm,1,1.0,1,100.0,,0,0.0,500000.0,1,100.0,738000.0,1,100.0
2010,2.0,2010-02,Europe,LUX,Luxembourg,Storm,1,,0,0.0,,0,0.0,31000000.0,1,100.0,45769000.0,1,100.0
2010,2.0,2010-02,Europe,NLD,Netherlands (Kingdom of the),Storm,1,,0,0.0,,0,0.0,28000000.0,1,100.0,41340000.0,1,100.0
2010,2.0,2010-02,Europe,PRT,Portugal,Flood,1,43.0,1,100.0,618.0,1,100.0,1350000000.0,1,100.0,1993176000.0,1,100.0
2010,2.0,2010-02,Europe,PRT,Portugal,Storm,1,3.0,1,100.0,,0,0.0,270000000.0,1,100.0,398635000.0,1,100.0
2010,2.0,2010-02,Oceania,AUS,Australia,Flood,2,,0,0.0,,0,0.0,109000000.0,1,50.0,160931000.0,1,50.0
2010,2.0,2010-02,Oceania,COK,Cook Islands,Storm,1,,0,0.0,2202.0,1,100.0,,0,0.0,,0,0.0
2010,2.0,2010-02,Oceania,PYF,French Polynesia,Storm,1,1.0,1,100.0,3411.0,1,100.0,11000000.0,1,100.0,16241000.0,1,100.0
2010,3.0,2010-03,Africa,AGO,Angola,Flood,2,7.0,1,50.0,185886.0,2,100.0,,0,0.0,,0,0.0
2010,3.0,2010-03,Africa,COD,Democratic Republic of the Congo,Flood,1,,0,0.0,67500.0,1,100.0,,0,0.0,,0,0.0
2010,3.0,2010-03,Africa,ETH,Ethiopia,Flood,1,,0,0.0,55700.0,1,100.0,,0,0.0,,0,0.0
2010,3.0,2010-03,Africa,KEN,Kenya,Flood,1,94.0,1,100.0,141164.0,1,100.0,,0,0.0,,0,0.0
2010,3.0,2010-03,Africa,MAR,Morocco,Flood,1,10.0,1,100.0,2006.0,1,100.0,,0,0.0,,0,0.0
2010,3.0,2010-03,Africa,MDG,Madagascar,Storm,1,120.0,1,100.0,192132.0,1,100.0,,0,0.0,,0,0.0
2010,3.0,2010-03,Africa,MOZ,Mozambique,Drought,1,,0,0.0,460000.0,1,100.0,,0,0.0,,0,0.0
2010,3.0,2010-03,Africa,MWI,Malawi,Flood,1,,0,0.0,21290.0,1,100.0,,0,0.0,,0,0.0
2010,3.0,2010-03,Africa,NAM,Namibia,Flood,1,8.0,1,100.0,110000.0,1,100.0,,0,0.0,,0,0.0
2010,3.0,2010-03,Africa,RWA,Rwanda,Mass movement (wet),1,14.0,1,100.0,5937.0,1,100.0,,0,0.0,,0,0.0
2010,3.0,2010-03,Africa,SOM,Somalia,Flood,1,,0,0.0,16000.0,1,100.0,,0,0.0,,0,0.0
2010,3.0,2010-03,Africa,ZMB,Zambia,Flood,1,,0,0.0,1200.0,1,100.0,,0,0.0,,0,0.0
2010,3.0,2010-03,Africa,ZWE,Zimbabwe,Flood,1,,0,0.0,820.0,1,100.0,,0,0.0,,0,0.0
2010,3.0,2010-03,Americas,USA,United States of America,Flood,1,,0,0.0,,0,0.0,,0,0.0,,0,0.0
2010,3.0,2010-03,Americas,USA,United States of America,Storm,1,11.0,1,100.0,,0,0.0,1500000000.0,1,100.0,2214640000.0,1,100.0
2010,3.0,2010-03,Asia,AFG,Afghanistan,Mass movement (wet),1,35.0,1,100.0,,0,0.0,,0,0.0,,0,0.0
2010,3.0,2010-03,Asia,CHN,China,Mass movement (wet),1,28.0,1,100.0,135.0,1,100.0,,0,0.0,,0,0.0
2010,3.0,2010-03,Asia,IND,India,Extreme temperature,1,250.0,1,100.0,,0,0.0,,0,0.0,,0,0.0
2010,3.0,2010-03,Asia,KAZ,Kazakhstan,Flood,1,,0,0.0,13000.0,1,100.0,,0,0.0,,0,0.0
2010,3.0,2010-03,Asia,KGZ,Kyrgyzstan,Epidemic,1,,0,0.0,141.0,1,100.0,,0,0.0,,0,0.0
2010,3.0,2010-03,Asia,THA,Thailand,Drought,1,,0,0.0,6482602.0,1,100.0,,0,0.0,,0,0.0
2010,3.0,2010-03,Asia,TUR,Türkiye,Earthquake,1,51.0,1,100.0,3600.0,1,100.0,,0,0.0,,0,0.0
2010,3.0,2010-03,Asia,TWN,Taiwan (Province of China),Earthquake,1,,0,0.0,96.0,1,100.0,1000000000.0,1,100.0,1476427000.0,1,100.0
2010,3.0,2010-03,Europe,ISL,Iceland,Volcanic activity,1,,0,0.0,,0,0.0,,0,0.0,,0,0.0
2010,3.0,2010-03,Europe,POL,Poland,Storm,1,,0,0.0,1000.0,1,100.0,,0,0.0,,0,0.0
2010,3.0,2010-03,Europe,RUS,Russian Federation,Flood,1,,0,0.0,3250.0,1,100.0,,0,0.0,,0,0.0
2010,3.0,2010-03,Europe,SRB,Serbia,Flood,1,,0,0.0,3150.0,1,100.0,,0,0.0,,0,0.0
2010,3.0,2010-03,Oceania,AUS,Australia,Storm,3,1.0,1,33.33,,0,0.0,2720000000.0,2,66.67,4015881000.0,2,66.67
2010,3.0,2010-03,Oceania,FJI,Fiji,Storm,1,2.0,1,100.0,39101.0,1,100.0,39427000.0,1,100.0,58211000.0,1,100.0
2010,3.0,2010-03,Oceania,SLB,Solomon Islands,Storm,1,,0,0.0,795.0,1,100.0,,0,0.0,,0,0.0
2010,4.0,2010-04,Africa,GAB,Gabon,Epidemic,2,,0,0.0,551.0,2,100.0,,0,0.0,,0,0.0
2010,4.0,2010-04,Africa,GAB,Gabon,Storm,1,,0,0.0,1765.0,1,100.0,,0,0.0,,0,0.0
2010,4.0,2010-04,Africa,KEN,Kenya,Mass movement (wet),1,10.0,1,100.0,,0,0.0,,0,0.0,,0,0.0
2010,4.0,2010-04,Africa,SOM,Somalia,Flood,1,11.0,1,100.0,200.0,1,100.0,,0,0.0,,0,0.0
2010,4.0,2010-04,Americas,BRA,Brazil,Flood,1,256.0,1,100.0,74938.0,1,100.0,200000000.0,1,100.0,295285000.0,1,100.0
2010,4.0,2010-04,Americas,COL,Colombia,Flood,1,418.0,1,100.0,2791999.0,1,100.0,1000000000.0,1,100.0,1476427000.0,1,100.0
2010,4.0,2010-04,Americas,ECU,Ecuador,Flood,1,2.0,1,100.0,6440.0,1,100.0,,0,0.0,,0,0.0
2010,4.0,2010-04,Americas,MEX,Mexico,Earthquake,1,2.0,1,100.0,25232.0,1,100.0,1150000000.0,1,100.0,1697891000.0,1,100.0
2010,4.0,2010-04,Americas,PER,Peru,Mass movement (wet),1,68.0,1,100.0,1054.0,1,100.0,,0,0.0,,0,0.0
2010,4.0,2010-04,Americas,USA,United States of America,Storm,2,42.0,2,100.0,10770.0,2,100.0,2350000000.0,1,50.0,3469603000.0,1,50.0
2010,4.0,2010-04,Asia,AFG,Afghanistan,Earthquake,1,11.0,1,100.0,1070.0,1,100.0,,0,0.0,,0,0.0
2010,4.0,2010-04,Asia,BGD,Bangladesh,Storm,2,11.0,2,100.0,257110.0,2,100.0,,0,0.0,,0,0.0
2010,4.0,2010-04,Asia,CHN,China,Earthquake,1,2968.0,1,100.0,112000.0,1,100.0,500000000.0,1,100.0,738213000.0,1,100.0
2010,4.0,2010-04,Asia,IND,India,Storm,2,142.0,2,100.0,505000.0,2,100.0,,0,0.0,,0,0.0
2010,4.0,2010-04,Asia,MMR,Myanmar,Extreme temperature,1,260.0,1,100.0,1482.0,1,100.0,,0,0.0,,0,0.0
2010,4.0,2010-04,Asia,NPL,Nepal,Epidemic,1,65.0,1,100.0,3972.0,1,100.0,,0,0.0,,0,0.0
2010,4.0,2010-04,Asia,TJK,Tajikistan,Flood,1,2.0,1,100.0,1914.0,1,100.0,,0,0.0,,0,0.0
2010,4.0,2010-04,Europe,RUS,Russian Federation,Drought,1,,0,0.0,,0,0.0,1400000000.0,1,100.0,2066997000.0,1,100.0
2010,5.0,2010-05,Africa,CMR,Cameroon,Epidemic,1,515.0,1,100.0,7869.0,1,100.0,,0,0.0,,0,0.0
2010,5.0,2010-05,Africa,COD,Democratic Republic of the Congo,Mass movement (wet),1,46.0,1,100.0,1167.0,1,100.0,,0,0.0,,0,0.0
2010,5.0,2010-05,Africa,KEN,Kenya,Flood,1,100.0,1,100.0,70000.0,1,100.0,,0,0.0,,0,0.0
2010,5.0,2010-05,Africa,RWA,Rwanda,Mass movement (wet),1,7.0,1,100.0,,0,0.0,,0,0.0,,0,0.0
2010,5.0,2010-05,Africa,ZWE,Zimbabwe,Drought,1,,0,0.0,1667618.0,1,100.0,,0,0.0,,0,0.0
2010,5.0,2010-05,Americas,ECU,Ecuador,Volcanic activity,1,,0,0.0,2500.0,1,100.0,,0,0.0,,0,0.0
2010,5.0,2010-05,Americas,GTM,Guatemala,Storm,1,174.0,1,100.0,397962.0,1,100.0,650000000.0,1,100.0,959677000.0,1,100.0
2010,5.0,2010-05,Americas,GTM,Guatemala,Volcanic activity,1,,0,0.0,1800.0,1,100.0,,0,0.0,,0,0.0
2010,5.0,2010-05,Americas,HND,Honduras,Storm,1,18.0,1,100.0,24675.0,1,100.0,90000000.0,1,100.0,132878000.0,1,100.0
2010,5.0,2010-05,Americas,NIC,Nicaragua,Flood,1,,0,0.0,4860.0,1,100.0,,0,0.0,,0,0.0
2010,5.0,2010-05,Americas,SLV,El Salvador,Storm,1,11.0,1,100.0,11253.0,1,100.0,20000000.0,1,100.0,29529000.0,1,100.0
2010,5.0,2010-05,Americas,USA,United States of America,Storm,2,25.0,2,100.0,58.0,1,50.0,2700000000.0,1,50.0,3986352000.0,1,50.0
2010,5.0,2010-05,Asia,AFG,Afghanistan,Flood,1,70.0,1,100.0,40000.0,1,100.0,,0,0.0,,0,0.0
2010,5.0,2010-05,Asia,AZE,Azerbaijan,Flood,1,3.0,1,100.0,70000.0,1,100.0,,0,0.0,,0,0.0
2010,5.0,2010-05,Asia,BGD,Bangladesh,Storm,1,15.0,1,100.0,50.0,1,100.0,,0,0.0,,0,0.0
2010,5.0,2010-05,Asia,CHN,China,Flood,1,1691.0,1,100.0,134000000.0,1,100.0,18000000000.0,1,100.0,26575682000.0,1,100.0
2010,5.0,2010-05,Asia,CHN,China,Mass movement (wet),1,52.0,1,100.0,2100000.0,1,100.0,,0,0.0,,0,0.0
2010,5.0,2010-05,Asia,CHN,China,Storm,1,29.0,1,100.0,70190.0,1,100.0,62251000.0,1,100.0,91909000.0,1,100.0
2010,5.0,2010-05,Asia,IND,India,Flood,1,27.0,1,100.0,50000.0,1,100.0,,0,0.0,,0,0.0
2010,5.0,2010-05,Asia,IND,India,Storm,3,98.0,3,100.0,2080.0,2,66.67,,0,0.0,,0,0.0
2010,5.0,2010-05,Asia,LKA,Sri Lanka,Flood,1,28.0,1,100.0,606072.0,1,100.0,105000000.0,1,100.0,155025000.0,1,100.0
2010,5.0,2010-05,Asia,PHL,Philippines,Flood,1,27.0,1,100.0,40000.0,1,100.0,,0,0.0,,0,0.0
2010,5.0,2010-05,Asia,TJK,Tajikistan,Flood,1,73.0,1,100.0,6708.0,1,100.0,204000000.0,1,100.0,301191000.0,1,100.0
2010,5.0,2010-05,Asia,YEM,Yemen,Flood,1,7.0,1,100.0,1002.0,1,100.0,,0,0.0,,0,0.0
2010,5.0,2010-05,Europe,CZE,Czechia,Flood,1,1.0,1,100.0,1200.0,1,100.0,190000000.0,1,100.0,280521000.0,1,100.0
2010,5.0,2010-05,Europe,HRV,Croatia,Flood,1,,0,0.0,300.0,1,100.0,80000000.0,1,100.0,118114000.0,1,100.0
2010,5.0,2010-05,Europe,HUN,Hungary,Flood,1,1.0,1,100.0,5000.0,1,100.0,440000000.0,1,100.0,649628000.0,1,100.0
2010,5.0,2010-05,Europe,POL,Poland,Flood,1,16.0,1,100.0,100000.0,1,100.0,3080000000.0,1,100.0,4547394000.0,1,100.0
2010,5.0,2010-05,Europe,SRB,Serbia,Flood,1,2.0,1,100.0,400.0,1,100.0,,0,0.0,,0,0.0
2010,5.0,2010-05,Europe,SVK,Slovakia,Flood,1,1.0,1,100.0,200.0,1,100.0,25000000.0,1,100.0,36911000.0,1,100.0
2010,6.0,2010-06,Africa,CIV,Côte d’Ivoire,Flood,1,8.0,1,100.0,,0,0.0,,0,0.0,,0,0.0
2010,6.0,2010-06,Africa,GHA,Ghana,Flood,1,45.0,1,100.0,7500.0,1,100.0,,0,0.0,,0,0.0
2010,6.0,2010-06,Africa,LBR,Liberia,Flood,1,1.0,1,100.0,15486.0,1,100.0,,0,0.0,,0,0.0
2010,6.0,2010-06,Africa,MLI,Mali,Drought,1,,0,0.0,600000.0,1,100.0,,0,0.0,,0,0.0
2010,6.0,2010-06,Africa,TCD,Chad,Epidemic,1,92.0,1,100.0,1730.0,1,100.0,,0,0.0,,0,0.0
2010,6.0,2010-06,Africa,TGO,Togo,Flood,1,21.0,1,100.0,82000.0,1,100.0,,0,0.0,,0,0.0
2010,6.0,2010-06,Americas,BOL,Bolivia (Plurinational State of),Drought,1,,0,0.0,62500.0,1,100.0,100000000.0,1,100.0,147643000.0,1,100.0
2010,6.0,2010-06,Americas,BRA,Brazil,Flood,1,72.0,1,100.0,157000.0,1,100.0,602000000.0,1,100.0,888809000.0,1,100.0
2010,6.0,2010-06,Americas,GTM,Guatemala,Storm,1,,0,0.0,2180.0,1,100.0,,0,0.0,,0,0.0
2010,6.0,2010-06,Americas,MEX,Mexico,Storm,1,22.0,1,100.0,170000.0,1,100.0,2000000000.0,1,100.0,2952854000.0,1,100.0
2010,6.0,2010-06,Americas,NIC,Nicaragua,Storm,1,5.0,1,100.0,,0,0.0,,0,0.0,,0,0.0
2010,6.0,2010-06,Americas,PAN,Panama,Flood,1,,0,0.0,1035.0,1,100.0,,0,0.0,,0,0.0
2010,6.0,2010-06,Americas,SLV,El Salvador,Storm,1,6.0,1,100.0,500.0,1,100.0,,0,0.0,,0,0.0
2010,6.0,2010-06,Americas,USA,United States of America,Flood,1,20.0,1,100.0,,0,0.0,,0,0.0,,0,0.0
2010,6.0,2010-06,Americas,USA,United States of America,Storm,1,20.0,1,100.0,100.0,1,100.0,,0,0.0,,0,0.0
2010,6.0,2010-06,Asia,BGD,Bangladesh,Flood,1,,0,0.0,75000.0,1,100.0,,0,0.0,,0,0.0
2010,6.0,2010-06,Asia,BGD,Bangladesh,Mass movement (wet),1,66.0,1,100.0,55230.0,1,100.0,,0,0.0,,0,0.0
2010,6.0,2010-06,Asia,CHN,China,Flood,1,152.0,1,100.0,6000000.0,1,100.0,,0,0.0,,0,0.0
2010,6.0,2010-06,Asia,CHN,China,Mass movement (wet),1,99.0,1,100.0,,0,0.0,,0,0.0,,0,0.0
2010,6.0,2010-06,Asia,IDN,Indonesia,Earthquake,1,17.0,1,100.0,4600.0,1,100.0,,0,0.0,,0,0.0
2010,6.0,2010-06,Asia,KGZ,Kyrgyzstan,Mass movement (wet),1,,0,0.0,8350.0,1,100.0,,0,0.0,,0,0.0
2010,6.0,2010-06,Asia,MMR,Myanmar,Mass movement (wet),1,68.0,1,100.0,145000.0,1,100.0,,0,0.0,,0,0.0
2010,6.0,2010-06,Asia,OMN,Oman,Storm,1,16.0,1,100.0,,0,0.0,1000000000.0,1,100.0,1476427000.0,1,100.0
2010,6.0,2010-06,Asia,PAK,Pakistan,Flood,1,46.0,1,100.0,,0,0.0,,0,0.0,,0,0.0
2010,6.0,2010-06,Asia,PAK,Pakistan,Storm,1,23.0,1,100.0,4000.0,1,100.0,80000000.0,1,100.0,118114000.0,1,100.0
2010,6.0,2010-06,Asia,PHL,Philippines,Flood,1,,0,0.0,200000.0,1,100.0,,0,0.0,,0,0.0
2010,6.0,2010-06,Europe,BIH,Bosnia and Herzegovina,Flood,1,,0,0.0,14910.0,1,100.0,87000000.0,1,100.0,128449000.0,1,100.0
2010,6.0,2010-06,Europe,CZE,Czechia,Flood,1,3.0,1,100.0,,0,0.0,,0,0.0,,0,0.0
2010,6.0,2010-06,Europe,FRA,France,Flood,1,26.0,1,100.0,1000.0,1,100.0,1500000000.0,1,100.0,2214640000.0,1,100.0
2010,6.0,2010-06,Europe,ROU,Romania,Flood,1,26.0,1,100.0,12237.0,1,100.0,1111428000.0,1,100.0,1640942000.0,1,100.0
2010,6.0,2010-06,Europe,RUS,Russian Federation,Extreme temperature,1,55736.0,1,100.0,,0,0.0,400000000.0,1,100.0,590571000.0,1,100.0
2010,6.0,2010-06,Europe,SVK,Slovakia,Flood,1,3.0,1,100.0,650.0,1,100.0,,0,0.0,,0,0.0
2010,6.0,2010-06,Europe,UKR,Ukraine,Flood,1,6.0,1,100.0,40059.0,1,100.0,1900000.0,1,100.0,2805000.0,1,100.0
2010,7.0,2010-07,Africa,BEN,Benin,Flood,1,46.0,1,100.0,831000.0,1,100.0,,0,0.0,,0,0.0
2010,7.0,2010-07,Africa,BFA,Burkina Faso,Flood,1,16.0,1,100.0,133362.0,1,100.0,176000.0,1,100.0,260000.0,1,100.0
2010,7.0,2010-07,Africa,CAF,Central African Republic,Flood,1,3.0,1,100.0,1585.0,1,100.0,,0,0.0,,0,0.0
2010,7.0,2010-07,Africa,CMR,Cameroon,Flood,1,13.0,1,100.0,3095.0,1,100.0,,0,0.0,,0,0.0
2010,7.0,2010-07,Africa,COD,Democratic Republic of the Congo,Flood,1,,0,0.0,3000.0,1,100.0,,0,0.0,,0,0.0
2010,7.0,2010-07,Africa,GIN,Guinea,Flood,1,7.0,1,100.0,7615.0,1,100.0,,0,0.0,,0,0.0
2010,7.0,2010-07,Africa,GMB,Gambia,Flood,1,8.0,1,100.0,21194.0,1,100.0,,0,0.0,,0,0.0
2010,7.0,2010-07,Africa,NER,Niger,Flood,1,2.0,1,100.0,6615.0,1,100.0,,0,0.0,,0,0.0
2010,7.0,2010-07,Africa,NGA,Nigeria,Epidemic,1,1716.0,1,100.0,41787.0,1,100.0,,0,0.0,,0,0.0
2010,7.0,2010-07,Africa,SDN,Sudan,Flood,2,36.0,2,100.0,26362.0,2,100.0,,0,0.0,,0,0.0
2010,7.0,2010-07,Africa,SSD,South Sudan,Flood,1,,0,0.0,,0,0.0,,0,0.0,,0,0.0
2010,7.0,2010-07,Americas,ARG,Argentina,Extreme temperature,1,42.0,1,100.0,,0,0.0,,0,0.0,,0,0.0
2010,7.0,2010-07,Americas,BOL,Bolivia (Plurinational State of),Extreme temperature,1,4.0,1,100.0,,0,0.0,,0,0.0,,0,0.0
2010,7.0,2010-07,Americas,CHL,Chile,Extreme temperature,1,,0,0.0,150.0,1,100.0,,0,0.0,,0,0.0
2010,7.0,2010-07,Americas,COL,Colombia,Flood,1,,0,0.0,3761.0,1,100.0,,0,0.0,,0,0.0
2010,7.0,2010-07,Americas,DOM,Dominican Republic,Flood,1,6.0,1,100.0,9500.0,1,100.0,,0,0.0,,0,0.0
2010,7.0,2010-07,Americas,PER,Peru,Extreme temperature,1,409.0,1,100.0,57600.0,1,100.0,,0,0.0,,0,0.0
2010,7.0,2010-07,Americas,PRY,Paraguay,Extreme temperature,1,12.0,1,100.0,,0,0.0,,0,0.0,,0,0.0
2010,7.0,2010-07,Americas,URY,Uruguay,Extreme temperature,1,4.0,1,100.0,,0,0.0,,0,0.0,,0,0.0
2010,7.0,2010-07,Asia,AFG,Afghanistan,Flood,1,65.0,1,100.0,5000.0,1,100.0,,0,0.0,,0,0.0
2010,7.0,2010-07,Asia,CHN,China,Mass movement (wet),1,21.0,1,100.0,,0,0.0,,0,0.0,,0,0.0
2010,7.0,2010-07,Asia,CHN,China,Storm,1,2.0,1,100.0,,0,0.0,500000.0,1,100.0,738000.0,1,100.0
2010,7.0,2010-07,Asia,HKG,"China, Hong Kong Special Administrative Region",Storm,1,1.0,1,100.0,15000.0,1,100.0,,0,0.0,,0,0.0
2010,7.0,2010-07,Asia,IDN,Indonesia,Flood,1,21.0,1,100.0,15007.0,1,100.0,,0,0.0,,0,0.0
2010,7.0,2010-07,Asia,IND,India,Flood,2,64.0,2,100.0,400000.0,1,50.0,447000000.0,1,50.0,659963000.0,1,50.0
2010,7.0,2010-07,Asia,IRN,Iran (Islamic Republic of),Earthquake,1,,0,0.0,274.0,1,100.0,,0,0.0,,0,0.0
2010,7.0,2010-07,Asia,JPN,Japan,Extreme temperature,1,170.0,1,100.0,15000.0,1,100.0,,0,0.0,,0,0.0
2010,7.0,2010-07,Asia,JPN,Japan,Flood,1,10.0,1,100.0,,0,0.0,,0,0.0,,0,0.0
2010,7.0,2010-07,Asia,NPL,Nepal,Epidemic,1,8.0,1,100.0,1400.0,1,100.0,,0,0.0,,0,0.0
2010,7.0,2010-07,Asia,NPL,Nepal,Flood,1,12.0,1,100.0,,0,0.0,,0,0.0,,0,0.0
2010,7.0,2010-07,Asia,PAK,Pakistan,Flood,2,2045.0,2,100.0,20363496.0,2,100.0,9500000000.0,1,50.0,14026054000.0,1,50.0
2010,7.0,2010-07,Asia,PHL,Philippines,Flood,1,,0,0.0,80920.0,1,100.0,,0,0.0,,0,0.0
2010,7.0,2010-07,Asia,PHL,Philippines,Storm,1,146.0,1,100.0,585474.0,1,100.0,8675000.0,1,100.0,12808000.0,1,100.0
2010,7.0,2010-07,Asia,PRK,Democratic People's Republic of Korea,Flood,1,,0,0.0,17000.0,1,100.0,,0,0.0,,0,0.0
2010,7.0,2010-07,Asia,SAU,Saudi Arabia,Flood,2,24.0,2,100.0,85.0,1,50.0,,0,0.0,,0,0.0
2010,7.0,2010-07,Asia,VNM,Viet Nam,Storm,2,21.0,2,100.0,13900.0,2,100.0,500000.0,1,50.0,738000.0,1,50.0
2010,7.0,2010-07,Asia,YEM,Yemen,Flood,1,15.0,1,100.0,,0,0.0,,0,0.0,,0,0.0
2010,7.0,2010-07,Europe,MDA,Republic of Moldova,Flood,1,1.0,1,100.0,12000.0,1,100.0,,0,0.0,,0,0.0
2010,7.0,2010-07,Europe,RUS,Russian Federation,Wildfire,1,53.0,1,100.0,5996.0,1,100.0,1800000000.0,1,100.0,2657568000.0,1,100.0
2010,8.0,2010-08,Africa,CIV,Côte d’Ivoire,Flood,1,10.0,1,100.0,6425.0,1,100.0,,0,0.0,,0,0.0
2010,8.0,2010-08,Africa,COD,Democratic Republic of the Congo,Wildfire,1,8.0,1,100.0,2770.0,1,100.0,,0,0.0,,0,0.0
2010,8.0,2010-08,Africa,ETH,Ethiopia,Flood,1,19.0,1,100.0,25000.0,1,100.0,,0,0.0,,0,0.0
2010,8.0,2010-08,Africa,GNB,Guinea-Bissau,Flood,1,2.0,1,100.0,56792.0,1,100.0,,0,0.0,,0,0.0
2010,8.0,2010-08,Africa,MLI,Mali,Flood,1,,0,0.0,16000.0,1,100.0,,0,0.0,,0,0.0
2010,8.0,2010-08,Africa,NER,Niger,Epidemic,1,16.0,1,100.0,240.0,1,100.0,,0,0.0,,0,0.0
2010,8.0,2010-08,Africa,NER,Niger,Flood,1,3.0,1,100.0,226611.0,1,100.0,,0,0.0,,0,0.0
2010,8.0,2010-08,Africa,SEN,Senegal,Flood,1,2.0,1,100.0,22125.0,1,100.0,,0,0.0,,0,0.0
2010,8.0,2010-08,Africa,SLE,Sierra Leone,Flood,1,,0,0.0,234.0,1,100.0,,0,0.0,,0,0.0
2010,8.0,2010-08,Africa,SLE,Sierra Leone,Mass movement (wet),1,16.0,1,100.0,5.0,1,100.0,,0,0.0,,0,0.0
2010,8.0,2010-08,Africa,SSD,South Sudan,Flood,1,,0,0.0,290000.0,1,100.0,,0,0.0,,0,0.0
2010,8.0,2010-08,Africa,TCD,Chad,Flood,1,24.0,1,100.0,144579.0,1,100.0,,0,0.0,,0,0.0
2010,8.0,2010-08,Americas,ATG,Antigua and Barbuda,Storm,1,,0,0.0,5000.0,1,100.0,12600000.0,1,100.0,18603000.0,1,100.0
2010,8.0,2010-08,Americas,BOL,Bolivia (Plurinational State of),Wildfire,1,,0,0.0,300.0,1,100.0,,0,0.0,,0,0.0
2010,8.0,2010-08,Americas,COL,Colombia,Flood,1,,0,0.0,800.0,1,100.0,,0,0.0,,0,0.0
2010,8.0,2010-08,Americas,GLP,Guadeloupe,Epidemic,1,,0,0.0,33000.0,1,100.0,,0,0.0,,0,0.0
2010,8.0,2010-08,Americas,GTM,Guatemala,Flood,1,,0,0.0,3270.0,1,100.0,,0,0.0,,0,0.0
2010,8.0,2010-08,Americas,HND,Honduras,Flood,2,122.0,2,100.0,5010.0,2,100.0,,0,0.0,,0,0.0
2010,8.0,2010-08,Americas,MEX,Mexico,Storm,1,6.0,1,100.0,154000.0,1,100.0,,0,0.0,,0,0.0
2010,8.0,2010-08,Americas,NIC,Nicaragua,Flood,1,66.0,1,100.0,71000.0,1,100.0,,0,0.0,,0,0.0
2010,8.0,2010-08,Asia,CHN,China,Earthquake,1,,0,0.0,5014.0,1,100.0,,0,0.0,,0,0.0
2010,8.0,2010-08,Asia,CHN,China,Flood,2,64.0,2,100.0,64136.0,1,50.0,,0,0.0,,0,0.0
2010,8.0,2010-08,Asia,CHN,China,Mass movement (wet),3,1889.0,3,100.0,47700.0,2,66.67,759000000.0,1,33.33,1120608000.0,1,33.33
2010,8.0,2010-08,Asia,IDN,Indonesia,Volcanic activity,1,1.0,1,100.0,15060.0,1,100.0,,0,0.0,,0,0.0
2010,8.0,2010-08,Asia,IND,India,Flood,1,196.0,1,100.0,12725.0,1,100.0,,0,0.0,,0,0.0
2010,8.0,2010-08,Asia,IND,India,Storm,1,25.0,1,100.0,,0,0.0,,0,0.0,,0,0.0
2010,8.0,2010-08,Asia,IRN,Iran (Islamic Republic of),Earthquake,1,3.0,1,100.0,3600.0,1,100.0,,0,0.0,,0,0.0
2010,8.0,2010-08,Asia,NPL,Nepal,Flood,1,138.0,1,100.0,8000.0,1,100.0,,0,0.0,,0,0.0
2010,8.0,2010-08,Asia,PHL,Philippines,Flood,1,,0,0.0,505.0,1,100.0,,0,0.0,,0,0.0
2010,8.0,2010-08,Asia,PHL,Philippines,Storm,1,31.0,1,100.0,1045.0,1,100.0,,0,0.0,,0,0.0
2010,8.0,2010-08,Asia,PRK,Democratic People's Republic of Korea,Flood,1,,0,0.0,38785.0,1,100.0,,0,0.0,,0,0.0
2010,8.0,2010-08,Asia,THA,Thailand,Epidemic,1,2.0,1,100.0,880.0,1,100.0,,0,0.0,,0,0.0
2010,8.0,2010-08,Asia,TUR,Türkiye,Mass movement (wet),1,13.0,1,100.0,206.0,1,100.0,,0,0.0,,0,0.0
2010,8.0,2010-08,Asia,VNM,Viet Nam,Storm,1,14.0,1,100.0,20700.0,1,100.0,44000000.0,1,100.0,64963000.0,1,100.0
2010,8.0,2010-08,Europe,CZE,Czechia,Flood,1,7.0,1,100.0,200.0,1,100.0,157560000.0,1,100.0,232626000.0,1,100.0
2010,8.0,2010-08,Europe,DEU,Germany,Flood,1,3.0,1,100.0,1400.0,1,100.0,,0,0.0,,0,0.0
2010,8.0,2010-08,Europe,LTU,Lithuania,Flood,1,4.0,1,100.0,,0,0.0,,0,0.0,,0,0.0
2010,8.0,2010-08,Europe,POL,Poland,Flood,1,3.0,1,100.0,700.0,1,100.0,,0,0.0,,0,0.0
2010,9.0,2010-09,Africa,GHA,Ghana,Flood,1,18.0,1,100.0,9674.0,1,100.0,,0,0.0,,0,0.0
2010,9.0,2010-09,Africa,GIN,Guinea,Flood,1,1.0,1,100.0,40411.0,1,100.0,,0,0.0,,0,0.0
2010,9.0,2010-09,Africa,GMB,Gambia,Flood,1,1.0,1,100.0,17767.0,1,100.0,,0,0.0,,0,0.0
2010,9.0,2010-09,Africa,MRT,Mauritania,Flood,1,,0,0.0,8750.0,1,100.0,,0,0.0,,0,0.0
2010,9.0,2010-09,Africa,NGA,Nigeria,Flood,1,40.0,1,100.0,1500200.0,1,100.0,30000000.0,1,100.0,44293000.0,1,100.0
2010,9.0,2010-09,Africa,TGO,Togo,Flood,1,1.0,1,100.0,29550.0,1,100.0,,0,0.0,,0,0.0
2010,9.0,2010-09,Americas,BLZ,Belize,Storm,1,,0,0.0,,0,0.0,,0,0.0,,0,0.0
2010,9.0,2010-09,Americas,COL,Colombia,Mass movement (wet),1,30.0,1,100.0,,0,0.0,,0,0.0,,0,0.0
2010,9.0,2010-09,Americas,CRI,Costa Rica,Flood,1,3.0,1,100.0,106.0,1,100.0,,0,0.0,,0,0.0
2010,9.0,2010-09,Americas,GTM,Guatemala,Mass movement (wet),1,53.0,1,100.0,50696.0,1,100.0,500000000.0,1,100.0,738213000.0,1,100.0
2010,9.0,2010-09,Americas,GTM,Guatemala,Storm,1,,0,0.0,,0,0.0,,0,0.0,,0,0.0
2010,9.0,2010-09,Americas,HND,Honduras,Storm,1,4.0,1,100.0,,0,0.0,,0,0.0,,0,0.0
2010,9.0,2010-09,Americas,HTI,Haiti,Storm,1,6.0,1,100.0,73122.0,1,100.0,,0,0.0,,0,0.0
2010,9.0,2010-09,Americas,JAM,Jamaica,Storm,1,15.0,1,100.0,2506.0,1,100.0,240000000.0,1,100.0,354342000.0,1,100.0
2010,9.0,2010-09,Americas,MEX,Mexico,Flood,1,25.0,1,100.0,1000000.0,1,100.0,,0,0.0,,0,0.0
2010,9.0,2010-09,Americas,MEX,Mexico,Mass movement (wet),2,71.0,2,100.0,,0,0.0,,0,0.0,,0,0.0
2010,9.0,2010-09,Americas,MEX,Mexico,Storm,2,15.0,2,100.0,231075.0,2,100.0,3900000000.0,1,50.0,5758064000.0,1,50.0
2010,9.0,2010-09,Americas,NIC,Nicaragua,Storm,1,,0,0.0,,0,0.0,,0,0.0,,0,0.0
2010,9.0,2010-09,Americas,SLV,El Salvador,Storm,1,1.0,1,100.0,,0,0.0,,0,0.0,,0,0.0
2010,9.0,2010-09,Americas,USA,United States of America,Storm,2,9.0,2,100.0,,0,0.0,340000000.0,2,100.0,501985000.0,2,100.0
2010,9.0,2010-09,Americas,VEN,Venezuela (Bolivarian Republic of),Storm,1,8.0,1,100.0,,0,0.0,,0,0.0,,0,0.0
2010,9.0,2010-09,Asia,CHN,China,Mass movement (wet),1,48.0,1,100.0,,0,0.0,,0,0.0,,0,0.0
2010,9.0,2010-09,Asia,CHN,China,Storm,2,78.0,2,100.0,1186000.0,2,100.0,298285000.0,1,50.0,440396000.0,1,50.0
2010,9.0,2010-09,Asia,IDN,Indonesia,Flood,1,24.0,1,100.0,,0,0.0,,0,0.0,,0,0.0
2010,9.0,2010-09,Asia,IND,India,Flood,3,200.0,1,33.33,3309683.0,3,100.0,1680000000.0,1,33.33,2480397000.0,1,33.33
2010,9.0,2010-09,Asia,KOR,Republic of Korea,Storm,1,12.0,1,100.0,41500.0,1,100.0,,0,0.0,,0,0.0
2010,9.0,2010-09,Asia,PHL,Philippines,Flood,1,6.0,1,100.0,46713.0,1,100.0,3156000.0,1,100.0,4660000.0,1,100.0
2010,9.0,2010-09,Asia,PRK,Democratic People's Republic of Korea,Storm,1,20.0,1,100.0,40000.0,1,100.0,,0,0.0,,0,0.0
2010,9.0,2010-09,Asia,TWN,Taiwan (Province of China),Storm,1,2.0,1,100.0,100.0,1,100.0,63100000.0,1,100.0,93163000.0,1,100.0
2010,9.0,2010-09,Europe,RUS,Russian Federation,Wildfire,1,8.0,1,100.0,1200.0,1,100.0,,0,0.0,,0,0.0
2010,9.0,2010-09,Europe,SVN,Slovenia,Flood,1,3.0,1,100.0,2000.0,1,100.0,19989000.0,1,100.0,29512000.0,1,100.0
2010,9.0,2010-09,Oceania,AUS,Australia,Flood,1,,0,0.0,10000.0,1,100.0,,0,0.0,,0,0.0
2010,9.0,2010-09,Oceania,NZL,New Zealand,Earthquake,1,,0,0.0,300002.0,1,100.0,6500000000.0,1,100.0,9596774000.0,1,100.0
2010,10.0,2010-10,Africa,AGO,Angola,Flood,1,18.0,1,100.0,3895.0,1,100.0,,0,0.0,,0,0.0
2010,10.0,2010-10,Africa,BDI,Burundi,Storm,1,9.0,1,100.0,1500.0,1,100.0,,0,0.0,,0,0.0
2010,10.0,2010-10,Africa,BEN,Benin,Epidemic,1,7.0,1,100.0,800.0,1,100.0,,0,0.0,,0,0.0
2010,10.0,2010-10,Africa,COG,Congo,Epidemic,1,219.0,1,100.0,524.0,1,100.0,,0,0.0,,0,0.0
2010,10.0,2010-10,Africa,MDG,Madagascar,Infestation,1,,0,0.0,2300000.0,1,100.0,,0,0.0,,0,0.0
2010,10.0,2010-10,Africa,MLI,Mali,Flood,1,,0,0.0,16000.0,1,100.0,,0,0.0,,0,0.0
2010,10.0,2010-10,Africa,SEN,Senegal,Flood,1,,0,0.0,80391.0,1,100.0,,0,0.0,,0,0.0
2010,10.0,2010-10,Americas,BRA,Brazil,Drought,1,,0,0.0,62000.0,1,100.0,,0,0.0,,0,0.0
2010,10.0,2010-10,Americas,BRB,Barbados,Storm,1,,0,0.0,2500.0,1,100.0,,0,0.0,,0,0.0
2010,10.0,2010-10,Americas,DOM,Dominican Republic,Storm,1,,0,0.0,12000.0,1,100.0,,0,0.0,,0,0.0
2010,10.0,2010-10,Americas,HTI,Haiti,Epidemic,1,6908.0,1,100.0,513997.0,1,100.0,,0,0.0,,0,0.0
2010,10.0,2010-10,Americas,HTI,Haiti,Flood,1,13.0,1,100.0,,0,0.0,,0,0.0,,0,0.0
2010,10.0,2010-10,Americas,LCA,Saint Lucia,Flood,1,,0,0.0,2000.0,1,100.0,,0,0.0,,0,0.0
2010,10.0,2010-10,Americas,LCA,Saint Lucia,Storm,1,14.0,1,100.0,181000.0,1,100.0,500000.0,1,100.0,738000.0,1,100.0
2010,10.0,2010-10,Americas,NIC,Nicaragua,Epidemic,1,16.0,1,100.0,395.0,1,100.0,,0,0.0,,0,0.0
2010,10.0,2010-10,Americas,VCT,Saint Vincent and the Grenadines,Storm,1,,0,0.0,6100.0,1,100.0,48000000.0,1,100.0,70868000.0,1,100.0
2010,10.0,2010-10,Asia,BGD,Bangladesh,Flood,1,15.0,1,100.0,500000.0,1,100.0,,0,0.0,,0,0.0
2010,10.0,2010-10,Asia,CHN,China,Flood,1,4.0,1,100.0,130000.0,1,100.0,171000000.0,1,100.0,252469000.0,1,100.0
2010,10.0,2010-10,Asia,CHN,China,Storm,1,,0,0.0,,0,0.0,420000000.0,1,100.0,620099000.0,1,100.0
2010,10.0,2010-10,Asia,IDN,Indonesia,Earthquake,1,530.0,1,100.0,11864.0,1,100.0,,0,0.0,,0,0.0
2010,10.0,2010-10,Asia,IDN,Indonesia,Flood,1,291.0,1,100.0,12428.0,1,100.0,78000000.0,1,100.0,115161000.0,1,100.0
2010,10.0,2010-10,Asia,IDN,Indonesia,Mass movement (wet),1,13.0,1,100.0,18.0,1,100.0,,0,0.0,,0,0.0
2010,10.0,2010-10,Asia,IDN,Indonesia,Volcanic activity,1,322.0,1,100.0,137140.0,1,100.0,,0,0.0,,0,0.0
2010,10.0,2010-10,Asia,IND,India,Storm,1,22.0,1,100.0,,0,0.0,,0,0.0,,0,0.0
2010,10.0,2010-10,Asia,KHM,Cambodia,Flood,1,8.0,1,100.0,,0,0.0,70000000.0,1,100.0,103350000.0,1,100.0
2010,10.0,2010-10,Asia,MMR,Myanmar,Storm,1,45.0,1,100.0,260049.0,1,100.0,57000000.0,1,100.0,84156000.0,1,100.0
2010,10.0,2010-10,Asia,PHL,Philippines,Storm,1,35.0,1,100.0,2009026.0,1,100.0,275745000.0,1,100.0,407117000.0,1,100.0
2010,10.0,2010-10,Asia,THA,Thailand,Flood,1,258.0,1,100.0,8970653.0,1,100.0,332000000.0,1,100.0,490174000.0,1,100.0
2010,10.0,2010-10,Asia,TWN,Taiwan (Province of China),Storm,1,32.0,1,100.0,,0,0.0,10000000.0,1,100.0,14764000.0,1,100.0
2010,10.0,2010-10,Asia,VNM,Viet Nam,Flood,3,136.0,3,100.0,1479833.0,3,100.0,404200000.0,3,100.0,596772000.0,3,100.0
2010,10.0,2010-10,Europe,ITA,Italy,Storm,1,3.0,1,100.0,30805.0,1,100.0,872000000.0,1,100.0,1287444000.0,1,100.0
2010,10.0,2010-10,Europe,RUS,Russian Federation,Flood,1,23.0,1,100.0,45214.0,1,100.0,66000000.0,1,100.0,97444000.0,1,100.0
2010,11.0,2010-11,Africa,DJI,Djibouti,Drought,1,,0,0.0,200258.0,1,100.0,,0,0.0,,0,0.0
2010,11.0,2010-11,Africa,MAR,Morocco,Flood,1,32.0,1,100.0,75003.0,1,100.0,29000000.0,1,100.0,42816000.0,1,100.0
2010,11.0,2010-11,Africa,UGA,Uganda,Epidemic,1,48.0,1,100.0,190.0,1,100.0,,0,0.0,,0,0.0
2010,11.0,2010-11,Americas,BOL,Bolivia (Plurinational State of),Epidemic,1,29.0,1,100.0,25236.0,1,100.0,,0,0.0,,0,0.0
2010,11.0,2010-11,Americas,BRA,Brazil,Flood,1,35.0,1,100.0,13000.0,1,100.0,,0,0.0,,0,0.0
2010,11.0,2010-11,Americas,CRI,Costa Rica,Flood,1,24.0,1,100.0,3000.0,1,100.0,,0,0.0,,0,0.0
2010,11.0,2010-11,Americas,HTI,Haiti,Storm,1,21.0,1,100.0,5020.0,1,100.0,,0,0.0,,0,0.0
2010,11.0,2010-11,Americas,PAN,Panama,Flood,1,2.0,1,100.0,6296.0,1,100.0,,0,0.0,,0,0.0
2010,11.0,2010-11,Americas,VEN,Venezuela (Bolivarian Republic of),Flood,1,41.0,1,100.0,94800.0,1,100.0,170000000.0,1,100.0,250993000.0,1,100.0
2010,11.0,2010-11,Asia,IDN,Indonesia,Flood,1,16.0,1,100.0,200.0,1,100.0,,0,0.0,,0,0.0
2010,11.0,2010-11,Asia,IND,India,Flood,1,203.0,1,100.0,,0,0.0,22000000.0,1,100.0,32481000.0,1,100.0
2010,11.0,2010-11,Asia,IRN,Iran (Islamic Republic of),Earthquake,1,,0,0.0,104.0,1,100.0,,0,0.0,,0,0.0
2010,11.0,2010-11,Asia,LKA,Sri Lanka,Flood,1,7.0,1,100.0,164193.0,1,100.0,,0,0.0,,0,0.0
2010,11.0,2010-11,Asia,PHL,Philippines,Flood,1,16.0,1,100.0,450673.0,1,100.0,,0,0.0,,0,0.0
2010,11.0,2010-11,Asia,PHL,Philippines,Volcanic activity,1,,0,0.0,14161.0,1,100.0,,0,0.0,,0,0.0
2010,11.0,2010-11,Asia,VNM,Viet Nam,Flood,1,50.0,1,100.0,10000.0,1,100.0,256000000.0,1,100.0,377965000.0,1,100.0
2010,11.0,2010-11,Europe,ALB,Albania,Flood,1,,0,0.0,14000.0,1,100.0,,0,0.0,,0,0.0
2010,11.0,2010-11,Europe,BEL,Belgium,Flood,1,3.0,1,100.0,690.0,1,100.0,238146000.0,1,100.0,351605000.0,1,100.0
2010,11.0,2010-11,Europe,CHE,Switzerland,Extreme temperature,1,,0,0.0,,0,0.0,,0,0.0,,0,0.0
2010,11.0,2010-11,Europe,CZE,Czechia,Extreme temperature,1,12.0,1,100.0,,0,0.0,,0,0.0,,0,0.0
2010,11.0,2010-11,Europe,DEU,Germany,Extreme temperature,1,1.0,1,100.0,,0,0.0,,0,0.0,,0,0.0
2010,11.0,2010-11,Europe,FRA,France,Extreme temperature,1,3.0,1,100.0,,0,0.0,,0,0.0,,0,0.0
2010,11.0,2010-11,Europe,GBR,United Kingdom of Great Britain and Northern Ireland,Extreme temperature,1,,0,0.0,,0,0.0,,0,0.0,,0,0.0
2010,11.0,2010-11,Europe,GBR,United Kingdom of Great Britain and Northern Ireland,Flood,1,,0,0.0,400.0,1,100.0,,0,0.0,,0,0.0
2010,11.0,2010-11,Europe,ITA,Italy,Flood,1,,0,0.0,300.0,1,100.0,,0,0.0,,0,0.0
2010,11.0,2010-11,Europe,LTU,Lithuania,Extreme temperature,1,5.0,1,100.0,,0,0.0,,0,0.0,,0,0.0
2010,11.0,2010-11,Europe,MNE,Montenegro,Flood,1,,0,0.0,1350.0,1,100.0,,0,0.0,,0,0.0
2010,11.0,2010-11,Europe,POL,Poland,Extreme temperature,1,200.0,1,100.0,,0,0.0,,0,0.0,,0,0.0
2010,11.0,2010-11,Europe,SRB,Serbia,Earthquake,1,2.0,1,100.0,27030.0,1,100.0,132260000.0,1,100.0,195272000.0,1,100.0
2010,11.0,2010-11,Europe,SVK,Slovakia,Extreme temperature,1,122.0,1,100.0,,0,0.0,,0,0.0,,0,0.0
2010,11.0,2010-11,Oceania,AUS,Australia,Flood,1,,0,0.0,1000.0,1,100.0,,0,0.0,,0,0.0
2010,12.0,2010-12,Africa,EGY,Egypt,Flood,1,15.0,1,100.0,,0,0.0,,0,0.0,,0,0.0
2010,12.0,2010-12,Africa,EGY,Egypt,Storm,1,31.0,1,100.0,40.0,1,100.0,,0,0.0,,0,0.0
2010,12.0,2010-12,Africa,GAB,Gabon,Storm,1,,0,0.0,1765.0,1,100.0,,0,0.0,,0,0.0
2010,12.0,2010-12,Africa,KEN,Kenya,Epidemic,1,11.0,1,100.0,1046.0,1,100.0,,0,0.0,,0,0.0
2010,12.0,2010-12,Africa,ZAF,South Africa,Storm,1,40.0,1,100.0,6000.0,1,100.0,,0,0.0,,0,0.0
2010,12.0,2010-12,Americas,COL,Colombia,Mass movement (wet),1,145.0,1,100.0,,0,0.0,,0,0.0,,0,0.0
2010,12.0,2010-12,Americas,DOM,Dominican Republic,Epidemic,1,130.0,1,100.0,17321.0,1,100.0,,0,0.0,,0,0.0
2010,12.0,2010-12,Americas,PAN,Panama,Flood,1,13.0,1,100.0,24610.0,1,100.0,,0,0.0,,0,0.0
2010,12.0,2010-12,Americas,PER,Peru,Epidemic,1,13.0,1,100.0,31703.0,1,100.0,,0,0.0,,0,0.0
2010,12.0,2010-12,Americas,USA,United States of America,Flood,1,,0,0.0,1000.0,1,100.0,,0,0.0,,0,0.0
2010,12.0,2010-12,Americas,USA,United States of America,Storm,1,8.0,1,100.0,13.0,1,100.0,,0,0.0,,0,0.0
2010,12.0,2010-12,Asia,CHN,China,Drought,1,,0,0.0,35000000.0,1,100.0,2370000000.0,1,100.0,3499131000.0,1,100.0
2010,12.0,2010-12,Asia,CHN,China,Wildfire,1,22.0,1,100.0,3.0,1,100.0,,0,0.0,,0,0.0
2010,12.0,2010-12,Asia,IRN,Iran (Islamic Republic of),Earthquake,1,7.0,1,100.0,25.0,1,100.0,,0,0.0,,0,0.0
2010,12.0,2010-12,Asia,ISR,Israel,Wildfire,1,44.0,1,100.0,20022.0,1,100.0,270000000.0,1,100.0,398635000.0,1,100.0
2010,12.0,2010-12,Asia,PHL,Philippines,Flood,1,110.0,1,100.0,1972446.0,1,100.0,47411000.0,1,100.0,69999000.0,1,100.0
2010,12.0,2010-12,Europe,BEL,Belgium,Storm,1,,0,0.0,,0,0.0,,0,0.0,,0,0.0
2010,12.0,2010-12,Europe,BGR,Bulgaria,Flood,1,,0,0.0,90.0,1,100.0,,0,0.0,,0,0.0
2010,12.0,2010-12,Europe,BIH,Bosnia and Herzegovina,Flood,1,3.0,1,100.0,20000.0,1,100.0,,0,0.0,,0,0.0
2010,12.0,2010-12,Europe,DEU,Germany,Storm,1,,0,0.0,,0,0.0,,0,0.0,,0,0.0
2010,12.0,2010-12,Europe,DNK,Denmark,Storm,1,,0,0.0,,0,0.0,,0,0.0,,0,0.0
2010,12.0,2010-12,Europe,ESP,Spain,Flood,1,2.0,1,100.0,6500.0,1,100.0,,0,0.0,,0,0.0
2010,12.0,2010-12,Europe,FRA,France,Storm,1,,0,0.0,,0,0.0,,0,0.0,,0,0.0
2010,12.0,2010-12,Europe,GRC,Greece,Flood,1,1.0,1,100.0,150.0,1,100.0,,0,0.0,,0,0.0
2010,12.0,2010-12,Europe,HRV,Croatia,Flood,1,,0,0.0,810.0,1,100.0,,0,0.0,,0,0.0
2010,12.0,2010-12,Europe,ITA,Italy,Extreme temperature,1,,0,0.0,,0,0.0,,0,0.0,,0,0.0
2010,12.0,2010-12,Europe,MNE,Montenegro,Flood,1,,0,0.0,5000.0,1,100.0,,0,0.0,,0,0.0
2010,12.0,2010-12,Europe,PRT,Portugal,Extreme temperature,1,,0,0.0,,0,0.0,,0,0.0,,0,0.0
2010,12.0,2010-12,Europe,RUS,Russian Federation,Extreme temperature,1,11.0,1,100.0,11.0,1,100.0,,0,0.0,,0,0.0
2010,12.0,2010-12,Europe,SRB,Serbia,Flood,1,,0,0.0,1750.0,1,100.0,,0,0.0,,0,0.0
2010,12.0,2010-12,Oceania,AUS,Australia,Flood,1,35.0,1,100.0,175000.0,1,100.0,7300000000.0,1,100.0,10777915000.0,1,100.0
2011,1.0,2011-01,Africa,AGO,Angola,Flood,1,17.0,1,100.0,,0,0.0,,0,0.0,,0,0.0
2011,1.0,2011-01,Africa,CMR,Cameroon,Epidemic,1,639.0,1,100.0,16706.0,1,100.0,,0,0.0,,0,0.0
2011,1.0,2011-01,Africa,COD,Democratic Republic of the Congo,Epidemic,2,636.0,2,100.0,28757.0,2,100.0,,0,0.0,,0,0.0
2011,1.0,2011-01,Africa,ETH,Ethiopia,Drought,1,,0,0.0,4805679.0,1,100.0,,0,0.0,,0,0.0
2011,1.0,2011-01,Africa,KEN,Kenya,Drought,1,,0,0.0,4300000.0,1,100.0,,0,0.0,,0,0.0
2011,1.0,2011-01,Africa,MOZ,Mozambique,Epidemic,1,13.0,1,100.0,325.0,1,100.0,,0,0.0,,0,0.0
2011,1.0,2011-01,Africa,MOZ,Mozambique,Flood,1,11.0,1,100.0,30000.0,1,100.0,,0,0.0,,0,0.0
2011,1.0,2011-01,Africa,MOZ,Mozambique,Storm,1,12.0,1,100.0,,0,0.0,,0,0.0,,0,0.0
2011,1.0,2011-01,Africa,ZAF,South Africa,Flood,1,40.0,1,100.0,200321.0,1,100.0,211000000.0,1,100.0,301993000.0,1,100.0
2011,1.0,2011-01,Africa,ZWE,Zimbabwe,Epidemic,1,45.0,1,100.0,1140.0,1,100.0,,0,0.0,,0,0.0
2011,1.0,2011-01,Americas,BRA,Brazil,Epidemic,1,,0,0.0,942153.0,1,100.0,,0,0.0,,0,0.0
2011,1.0,2011-01,Americas,BRA,Brazil,Flood,1,900.0,1,100.0,45000.0,1,100.0,1000000000.0,1,100.0,1431245000.0,1,100.0
2011,1.0,2011-01,Americas,PER,Peru,Flood,1,6.0,1,100.0,10000.0,1,100.0,,0,0.0,,0,0.0
2011,1.0,2011-01,Americas,PER,Peru,Storm,1,16.0,1,100.0,,0,0.0,,0,0.0,,0,0.0
2011,1.0,2011-01,Americas,PRY,Paraguay,Epidemic,2,44.0,1,50.0,29945.0,2,100.0,,0,0.0,,0,0.0
2011,1.0,2011-01,Americas,USA,United States of America,Drought,1,,0,0.0,,0,0.0,8000000000.0,1,100.0,11449956000.0,1,100.0
2011,1.0,2011-01,Americas,USA,United States of America,Storm,3,60.0,3,100.0,,0,0.0,1900000000.0,1,33.33,2719365000.0,1,33.33
2011,1.0,2011-01,Americas,VEN,Venezuela (Bolivarian Republic of),Epidemic,1,,0,0.0,118.0,1,100.0,,0,0.0,,0,0.0
2011,1.0,2011-01,Asia,AFG,Afghanistan,Drought,1,,0,0.0,1750000.0,1,100.0,142000000.0,1,100.0,203237000.0,1,100.0
2011,1.0,2011-01,Asia,BGD,Bangladesh,Extreme temperature,1,50.0,1,100.0,100000.0,1,100.0,,0,0.0,,0,0.0
2011,1.0,2011-01,Asia,CHN,China,Extreme temperature,1,2.0,1,100.0,4033472.0,1,100.0,281000000.0,1,100.0,402180000.0,1,100.0
2011,1.0,2011-01,Asia,IDN,Indonesia,Flood,1,,0,0.0,12000.0,1,100.0,,0,0.0,,0,0.0
2011,1.0,2011-01,Asia,IND,India,Extreme temperature,1,80.0,1,100.0,,0,0.0,,0,0.0,,0,0.0
2011,1.0,2011-01,Asia,LKA,Sri Lanka,Epidemic,1,167.0,1,100.0,26343.0,1,100.0,,0,0.0,,0,0.0
2011,1.0,2011-01,Asia,LKA,Sri Lanka,Flood,1,47.0,1,100.0,1060324.0,1,100.0,200000000.0,1,100.0,286249000.0,1,100.0
2011,1.0,2011-01,Asia,MYS,Malaysia,Flood,1,2.0,1,100.0,20000.0,1,100.0,,0,0.0,,0,0.0
2011,1.0,2011-01,Asia,NPL,Nepal,Extreme temperature,1,42.0,1,100.0,,0,0.0,123000.0,1,100.0,176000.0,1,100.0
2011,1.0,2011-01,Asia,PAK,Pakistan,Earthquake,1,2.0,1,100.0,1000.0,1,100.0,,0,0.0,,0,0.0
2011,1.0,2011-01,Asia,PHL,Philippines,Epidemic,1,33.0,1,100.0,6778.0,1,100.0,,0,0.0,,0,0.0
2011,1.0,2011-01,Asia,PHL,Philippines,Flood,1,23.0,1,100.0,638418.0,1,100.0,12411000.0,1,100.0,17763000.0,1,100.0
2011,1.0,2011-01,Asia,SAU,Saudi Arabia,Flood,1,11.0,1,100.0,,0,0.0,300000000.0,1,100.0,429373000.0,1,100.0
2011,1.0,2011-01,Oceania,TON,Tonga,Storm,1,3.0,1,100.0,7600.0,1,100.0,3000000.0,1,100.0,4294000.0,1,100.0
2011,1.0,2011-01,Oceania,VUT,Vanuatu,Storm,2,,0,0.0,32000.0,1,50.0,,0,0.0,,0,0.0
2011,2.0,2011-02,Africa,BDI,Burundi,Storm,1,12.0,1,100.0,50.0,1,100.0,,0,0.0,,0,0.0
2011,2.0,2011-02,Africa,LSO,Lesotho,Flood,1,26.0,1,100.0,5000.0,1,100.0,,0,0.0,,0,0.0
2011,2.0,2011-02,Africa,MDG,Madagascar,Storm,1,35.0,1,100.0,115215.0,1,100.0,,0,0.0,,0,0.0
2011,2.0,2011-02,Americas,BOL,Bolivia (Plurinational State of),Flood,1,52.0,1,100.0,88825.0,1,100.0,20000000.0,1,100.0,28625000.0,1,100.0
2011,2.0,2011-02,Americas,BOL,Bolivia (Plurinational State of),Mass movement (wet),1,,0,0.0,4000.0,1,100.0,,0,0.0,,0,0.0
2011,2.0,2011-02,Americas,CHL,Chile,Wildfire,1,,0,0.0,400.0,1,100.0,,0,0.0,,0,0.0
2011,2.0,2011-02,Americas,ECU,Ecuador,Flood,1,,0,0.0,3600.0,1,100.0,,0,0.0,,0,0.0
2011,2.0,2011-02,Americas,MEX,Mexico,Extreme temperature,1,3.0,1,100.0,120000.0,1,100.0,500000000.0,1,100.0,715622000.0,1,100.0
2011,2.0,2011-02,Asia,AFG,Afghanistan,Flood,1,25.0,1,100.0,3065.0,1,100.0,,0,0.0,,0,0.0
2011,2.0,2011-02,Asia,AFG,Afghanistan,Storm,1,21.0,1,100.0,5.0,1,100.0,,0,0.0,,0,0.0
2011,2.0,2011-02,Asia,CHN,China,Earthquake,1,,0,0.0,64501.0,1,100.0,,0,0.0,,0,0.0
2011,2.0,2011-02,Asia,IDN,Indonesia,Flood,1,,0,0.0,1060.0,1,100.0,,0,0.0,,0,0.0
2011,2.0,2011-02,Asia,LKA,Sri Lanka,Flood,1,18.0,1,100.0,225000.0,1,100.0,300000000.0,1,100.0,429373000.0,1,100.0
2011,2.0,2011-02,Asia,PHL,Philippines,Flood,1,11.0,1,100.0,2000.0,1,100.0,,0,0.0,,0,0.0
2011,2.0,2011-02,Asia,PHL,Philippines,Volcanic activity,1,,0,0.0,32616.0,1,100.0,,0,0.0,,0,0.0
2011,2.0,2011-02,Oceania,AUS,Australia,Storm,1,1.0,1,100.0,7300.0,1,100.0,2500000000.0,1,100.0,3578111000.0,1,100.0
2011,2.0,2011-02,Oceania,NZL,New Zealand,Earthquake,1,181.0,1,100.0,301500.0,1,100.0,15000000000.0,1,100.0,21468668000.0,1,100.0
2011,2.0,2011-02,Oceania,PNG,Papua New Guinea,Storm,1,,0,0.0,,0,0.0,,0,0.0,,0,0.0
2011,2.0,2011-02,Oceania,SLB,Solomon Islands,Storm,1,,0,0.0,,0,0.0,,0,0.0,,0,0.0
2011,3.0,2011-03,Africa,AGO,Angola,Flood,1,113.0,1,100.0,65084.0,1,100.0,,0,0.0,,0,0.0
2011,3.0,2011-03,Africa,BDI,Burundi,Flood,1,,0,0.0,685.0,1,100.0,,0,0.0,,0,0.0
2011,3.0,2011-03,Africa,BWA,Botswana,Flood,1,,0,0.0,,0,0.0,,0,0.0,,0,0.0
2011,3.0,2011-03,Africa,LSO,Lesotho,Flood,1,,0,0.0,,0,0.0,,0,0.0,,0,0.0
2011,3.0,2011-03,Africa,MOZ,Mozambique,Flood,1,,0,0.0,33946.0,1,100.0,,0,0.0,,0,0.0
2011,3.0,2011-03,Africa,MWI,Malawi,Flood,1,,0,0.0,33946.0,1,100.0,,0,0.0,,0,0.0
2011,3.0,2011-03,Africa,NAM,Namibia,Flood,1,108.0,1,100.0,500000.0,1,100.0,12000000.0,1,100.0,17175000.0,1,100.0
2011,3.0,2011-03,Africa,TCD,Chad,Epidemic,1,124.0,1,100.0,2085.0,1,100.0,,0,0.0,,0,0.0
2011,3.0,2011-03,Africa,UGA,Uganda,Drought,1,,0,0.0,669000.0,1,100.0,,0,0.0,,0,0.0
2011,3.0,2011-03,Africa,ZMB,Zambia,Flood,1,,0,0.0,1375.0,1,100.0,,0,0.0,,0,0.0
2011,3.0,2011-03,Africa,ZWE,Zimbabwe,Flood,1,,0,0.0,,0,0.0,,0,0.0,,0,0.0
2011,3.0,2011-03,Americas,BRA,Brazil,Flood,1,10.0,1,100.0,31000.0,1,100.0,,0,0.0,,0,0.0
2011,3.0,2011-03,Americas,MEX,Mexico,Wildfire,1,,0,0.0,,0,0.0,,0,0.0,,0,0.0
2011,3.0,2011-03,Asia,CHN,China,Earthquake,2,25.0,1,50.0,14948.0,2,100.0,290000000.0,1,50.0,415061000.0,1,50.0
2011,3.0,2011-03,Asia,IDN,Indonesia,Earthquake,1,1.0,1,100.0,95.0,1,100.0,,0,0.0,,0,0.0
2011,3.0,2011-03,Asia,IDN,Indonesia,Flood,2,34.0,2,100.0,3750.0,2,100.0,,0,0.0,,0,0.0
2011,3.0,2011-03,Asia,JPN,Japan,Earthquake,1,19846.0,1,100.0,368820.0,1,100.0,210000000000.0,1,100.0,300561348000.0,1,100.0
2011,3.0,2011-03,Asia,MMR,Myanmar,Earthquake,1,74.0,1,100.0,21277.0,1,100.0,3600000.0,1,100.0,5152000.0,1,100.0
2011,3.0,2011-03,Asia,PHL,Philippines,Epidemic,1,20.0,1,100.0,563.0,1,100.0,,0,0.0,,0,0.0
2011,3.0,2011-03,Asia,PHL,Philippines,Flood,2,18.0,2,100.0,242648.0,2,100.0,280000.0,1,50.0,401000.0,1,50.0
2011,3.0,2011-03,Asia,PHL,Philippines,Volcanic activity,1,,0,0.0,1315.0,1,100.0,,0,0.0,,0,0.0
2011,3.0,2011-03,Asia,THA,Thailand,Earthquake,1,1.0,1,100.0,16.0,1,100.0,,0,0.0,,0,0.0
2011,3.0,2011-03,Asia,THA,Thailand,Flood,1,64.0,1,100.0,716110.0,1,100.0,317000000.0,1,100.0,453705000.0,1,100.0
2011,3.0,2011-03,Oceania,AUS,Australia,Flood,1,,0,0.0,217.0,1,100.0,,0,0.0,,0,0.0
2011,4.0,2011-04,Africa,MWI,Malawi,Flood,1,4.0,1,100.0,23291.0,1,100.0,,0,0.0,,0,0.0
2011,4.0,2011-04,Africa,RWA,Rwanda,Flood,1,14.0,1,100.0,3608.0,1,100.0,,0,0.0,,0,0.0
2011,4.0,2011-04,Africa,TZA,United Republic of Tanzania,Flood,1,8.0,1,100.0,9000.0,1,100.0,,0,0.0,,0,0.0
2011,4.0,2011-04,Americas,BRA,Brazil,Flood,1,12.0,1,100.0,31600.0,1,100.0,,0,0.0,,0,0.0
2011,4.0,2011-04,Americas,CAN,Canada,Flood,1,5.0,1,100.0,2000.0,1,100.0,800000000.0,1,100.0,1144996000.0,1,100.0
2011,4.0,2011-04,Americas,COL,Colombia,Flood,1,138.0,1,100.0,988599.0,1,100.0,1030000000.0,1,100.0,1474182000.0,1,100.0
2011,4.0,2011-04,Americas,USA,United States of America,Flood,1,9.0,1,100.0,,0,0.0,4600000000.0,1,100.0,6583725000.0,1,100.0
2011,4.0,2011-04,Americas,USA,United States of America,Storm,3,409.0,3,100.0,17243.0,2,66.67,16500000000.0,3,100.0,23615535000.0,3,100.0
2011,4.0,2011-04,Americas,USA,United States of America,Wildfire,1,2.0,1,100.0,1305.0,1,100.0,183000000.0,1,100.0,261918000.0,1,100.0
2011,4.0,2011-04,Americas,VCT,Saint Vincent and the Grenadines,Flood,1,,0,0.0,275.0,1,100.0,31100000.0,1,100.0,44512000.0,1,100.0
2011,4.0,2011-04,Americas,VEN,Venezuela (Bolivarian Republic of),Flood,1,9.0,1,100.0,,0,0.0,,0,0.0,,0,0.0
2011,4.0,2011-04,Asia,BGD,Bangladesh,Storm,1,13.0,1,100.0,121.0,1,100.0,,0,0.0,,0,0.0
2011,4.0,2011-04,Asia,CHN,China,Storm,1,18.0,1,100.0,22000150.0,1,100.0,15000000.0,1,100.0,21469000.0,1,100.0
2011,4.0,2011-04,Asia,IDN,Indonesia,Flood,1,18.0,1,100.0,3000.0,1,100.0,,0,0.0,,0,0.0
2011,4.0,2011-04,Asia,IND,India,Storm,1,17.0,1,100.0,,0,0.0,,0,0.0,,0,0.0
2011,4.0,2011-04,Asia,IRQ,Iraq,Flood,1,6.0,1,100.0,2001.0,1,100.0,,0,0.0,,0,0.0
2011,4.0,2011-04,Asia,JPN,Japan,Earthquake,1,2.0,1,100.0,132.0,1,100.0,,0,0.0,,0,0.0
2011,4.0,2011-04,Asia,KAZ,Kazakhstan,Flood,1,2.0,1,100.0,16000.0,1,100.0,67000000.0,1,100.0,95893000.0,1,100.0
2011,4.0,2011-04,Asia,PHL,Philippines,Mass movement (wet),1,24.0,1,100.0,574.0,1,100.0,,0,0.0,,0,0.0
2011,5.0,2011-05,Africa,COG,Congo,Epidemic,1,,0,0.0,9424.0,1,100.0,,0,0.0,,0,0.0
2011,5.0,2011-05,Americas,BRA,Brazil,Flood,1,2.0,1,100.0,13000.0,1,100.0,,0,0.0,,0,0.0
2011,5.0,2011-05,Americas,CAN,Canada,Wildfire,1,1.0,1,100.0,7000.0,1,100.0,1500000000.0,1,100.0,2146867000.0,1,100.0
2011,5.0,2011-05,Americas,PER,Peru,Extreme temperature,1,20.0,1,100.0,13440.0,1,100.0,,0,0.0,,0,0.0
2011,5.0,2011-05,Americas,PER,Peru,Flood,1,1.0,1,100.0,3000.0,1,100.0,,0,0.0,,0,0.0
2011,5.0,2011-05,Americas,USA,United States of America,Flood,2,6.0,2,100.0,36000.0,2,100.0,2000000000.0,1,50.0,2862489000.0,1,50.0
2011,5.0,2011-05,Americas,USA,United States of America,Storm,3,190.0,3,100.0,1350.0,2,66.67,14000000000.0,1,33.33,20037423000.0,1,33.33
2011,5.0,2011-05,Americas,USA,United States of America,Wildfire,1,2.0,1,100.0,,0,0.0,200000000.0,1,100.0,286249000.0,1,100.0
2011,5.0,2011-05,Asia,AFG,Afghanistan,Flood,1,37.0,1,100.0,9745.0,1,100.0,,0,0.0,,0,0.0
2011,5.0,2011-05,Asia,CHN,China,Mass movement (wet),1,22.0,1,100.0,,0,0.0,,0,0.0,,0,0.0
2011,5.0,2011-05,Asia,IDN,Indonesia,Mass movement (wet),1,19.0,1,100.0,4.0,1,100.0,,0,0.0,,0,0.0
2011,5.0,2011-05,Asia,IND,India,Storm,1,42.0,1,100.0,50.0,1,100.0,,0,0.0,,0,0.0
2011,5.0,2011-05,Asia,LKA,Sri Lanka,Flood,1,,0,0.0,8600.0,1,100.0,,0,0.0,,0,0.0
2011,5.0,2011-05,Asia,MYS,Malaysia,Mass movement (wet),1,16.0,1,100.0,6.0,1,100.0,,0,0.0,,0,0.0
2011,5.0,2011-05,Asia,PHL,Philippines,Flood,2,12.0,1,50.0,975639.0,2,100.0,10666000.0,1,50.0,15266000.0,1,50.0
2011,5.0,2011-05,Asia,PHL,Philippines,Storm,2,37.0,1,50.0,876999.0,2,100.0,31690000.0,2,100.0,45356000.0,2,100.0
2011,5.0,2011-05,Asia,TUR,Türkiye,Earthquake,1,3.0,1,100.0,10121.0,1,100.0,244000000.0,1,100.0,349224000.0,1,100.0
2011,5.0,2011-05,Europe,ESP,Spain,Earthquake,1,10.0,1,100.0,15300.0,1,100.0,200000000.0,1,100.0,286249000.0,1,100.0
2011,5.0,2011-05,Europe,RUS,Russian Federation,Flood,1,,0,0.0,10669.0,1,100.0,21015000.0,1,100.0,30078000.0,1,100.0
2011,5.0,2011-05,Europe,SRB,Serbia,Flood,1,,0,0.0,5000.0,1,100.0,,0,0.0,,0,0.0
2011,6.0,2011-06,Africa,BEN,Benin,Flood,1,,0,0.0,5840.0,1,100.0,,0,0.0,,0,0.0
2011,6.0,2011-06,Africa,CAF,Central African Republic,Storm,1,1.0,1,100.0,1831.0,1,100.0,,0,0.0,,0,0.0
2011,6.0,2011-06,Africa,COG,Congo,Epidemic,2,65.0,2,100.0,1395.0,2,100.0,,0,0.0,,0,0.0
2011,6.0,2011-06,Africa,NGA,Nigeria,Epidemic,1,694.0,1,100.0,21382.0,1,100.0,,0,0.0,,0,0.0
2011,6.0,2011-06,Africa,NGA,Nigeria,Flood,1,24.0,1,100.0,950.0,1,100.0,4500000.0,1,100.0,6441000.0,1,100.0
2011,6.0,2011-06,Africa,UGA,Uganda,Storm,1,23.0,1,100.0,47.0,1,100.0,,0,0.0,,0,0.0
2011,6.0,2011-06,Americas,ARG,Argentina,Volcanic activity,1,,0,0.0,3000.0,1,100.0,104000000.0,1,100.0,148849000.0,1,100.0
2011,6.0,2011-06,Americas,CHL,Chile,Volcanic activity,1,,0,0.0,3500.0,1,100.0,,0,0.0,,0,0.0
2011,6.0,2011-06,Americas,DOM,Dominican Republic,Flood,1,4.0,1,100.0,11200.0,1,100.0,,0,0.0,,0,0.0
2011,6.0,2011-06,Americas,HTI,Haiti,Flood,1,34.0,1,100.0,2358.0,1,100.0,,0,0.0,,0,0.0
2011,6.0,2011-06,Americas,MEX,Mexico,Storm,2,25.0,2,100.0,300450.0,2,100.0,70000000.0,1,50.0,100187000.0,1,50.0
2011,6.0,2011-06,Asia,CHN,China,Earthquake,1,,0,0.0,258.0,1,100.0,,0,0.0,,0,0.0
2011,6.0,2011-06,Asia,CHN,China,Flood,2,483.0,2,100.0,67960000.0,2,100.0,6400000000.0,1,50.0,9159965000.0,1,50.0
2011,6.0,2011-06,Asia,CHN,China,Storm,2,23.0,1,50.0,,0,0.0,,0,0.0,,0,0.0
2011,6.0,2011-06,Asia,GEO,Georgia,Flood,1,7.0,1,100.0,1750.0,1,100.0,,0,0.0,,0,0.0
2011,6.0,2011-06,Asia,IND,India,Flood,1,50.0,1,100.0,,0,0.0,20000000.0,1,100.0,28625000.0,1,100.0
2011,6.0,2011-06,Asia,LAO,Lao People's Democratic Republic,Flood,1,14.0,1,100.0,37000.0,1,100.0,,0,0.0,,0,0.0
2011,6.0,2011-06,Asia,MDV,Maldives,Epidemic,1,4.0,1,100.0,1289.0,1,100.0,,0,0.0,,0,0.0
2011,6.0,2011-06,Asia,NPL,Nepal,Flood,1,89.0,1,100.0,1858.0,1,100.0,,0,0.0,,0,0.0
2011,6.0,2011-06,Asia,PHL,Philippines,Flood,1,31.0,1,100.0,121005.0,1,100.0,251000.0,1,100.0,359000.0,1,100.0
2011,6.0,2011-06,Asia,PHL,Philippines,Storm,3,29.0,2,66.67,1701241.0,2,66.67,12869000.0,1,33.33,18419000.0,1,33.33
2011,6.0,2011-06,Asia,PRK,Democratic People's Republic of Korea,Flood,1,30.0,1,100.0,21160.0,1,100.0,,0,0.0,,0,0.0
2011,6.0,2011-06,Asia,TJK,Tajikistan,Flood,1,,0,0.0,2130.0,1,100.0,,0,0.0,,0,0.0
2011,6.0,2011-06,Asia,VNM,Viet Nam,Storm,2,16.0,1,50.0,63.0,1,50.0,,0,0.0,,0,0.0
2011,6.0,2011-06,Oceania,NZL,New Zealand,Earthquake,1,1.0,1,100.0,345.0,1,100.0,3000000000.0,1,100.0,4293734000.0,1,100.0
2011,7.0,2011-07,Africa,GHA,Ghana,Flood,1,6.0,1,100.0,12571.0,1,100.0,,0,0.0,,0,0.0
2011,7.0,2011-07,Africa,NGA,Nigeria,Flood,1,20.0,1,100.0,26965.0,1,100.0,,0,0.0,,0,0.0
2011,7.0,2011-07,Africa,NGA,Nigeria,Storm,1,11.0,1,100.0,12.0,1,100.0,,0,0.0,,0,0.0
2011,7.0,2011-07,Americas,BRA,Brazil,Flood,2,18.0,2,100.0,81000.0,2,100.0,,0,0.0,,0,0.0
2011,7.0,2011-07,Americas,CHL,Chile,Extreme temperature,1,,0,0.0,25475.0,1,100.0,,0,0.0,,0,0.0
2011,7.0,2011-07,Americas,ECU,Ecuador,Mass movement (wet),1,7.0,1,100.0,150.0,1,100.0,,0,0.0,,0,0.0
2011,7.0,2011-07,Americas,GTM,Guatemala,Flood,1,5.0,1,100.0,,0,0.0,,0,0.0,,0,0.0
2011,7.0,2011-07,Americas,GTM,Guatemala,Storm,1,5.0,1,100.0,,0,0.0,,0,0.0,,0,0.0
2011,7.0,2011-07,Americas,MEX,Mexico,Flood,1,3.0,1,100.0,190000.0,1,100.0,,0,0.0,,0,0.0
2011,7.0,2011-07,Americas,MEX,Mexico,Storm,1,3.0,1,100.0,200000.0,1,100.0,,0,0.0,,0,0.0
2011,7.0,2011-07,Americas,USA,United States of America,Extreme temperature,1,22.0,1,100.0,,0,0.0,,0,0.0,,0,0.0
2011,7.0,2011-07,Asia,BGD,Bangladesh,Flood,1,10.0,1,100.0,1570559.0,1,100.0,,0,0.0,,0,0.0
2011,7.0,2011-07,Asia,BGD,Bangladesh,Mass movement (wet),1,17.0,1,100.0,,0,0.0,,0,0.0,,0,0.0
2011,7.0,2011-07,Asia,CHN,China,Flood,1,6.0,1,100.0,1600000.0,1,100.0,54130000.0,1,100.0,77473000.0,1,100.0
2011,7.0,2011-07,Asia,CHN,China,Mass movement (wet),1,18.0,1,100.0,2.0,1,100.0,,0,0.0,,0,0.0
2011,7.0,2011-07,Asia,IDN,Indonesia,Volcanic activity,1,,0,0.0,6000.0,1,100.0,,0,0.0,,0,0.0
2011,7.0,2011-07,Asia,IND,India,Flood,1,19.0,1,100.0,200000.0,1,100.0,,0,0.0,,0,0.0
2011,7.0,2011-07,Asia,JPN,Japan,Extreme temperature,1,36.0,1,100.0,22000.0,1,100.0,,0,0.0,,0,0.0
2011,7.0,2011-07,Asia,JPN,Japan,Flood,1,6.0,1,100.0,2000.0,1,100.0,,0,0.0,,0,0.0
2011,7.0,2011-07,Asia,JPN,Japan,Storm,1,5.0,1,100.0,55.0,1,100.0,50000000.0,1,100.0,71562000.0,1,100.0
2011,7.0,2011-07,Asia,KGZ,Kyrgyzstan,Earthquake,1,,0,0.0,,0,0.0,,0,0.0,,0,0.0
2011,7.0,2011-07,Asia,KOR,Republic of Korea,Flood,2,62.0,2,100.0,29000.0,1,50.0,52000000.0,1,50.0,74425000.0,1,50.0
2011,7.0,2011-07,Asia,KOR,Republic of Korea,Mass movement (wet),1,59.0,1,100.0,2026.0,1,100.0,,0,0.0,,0,0.0
2011,7.0,2011-07,Asia,NPL,Nepal,Flood,1,15.0,1,100.0,,0,0.0,,0,0.0,,0,0.0
2011,7.0,2011-07,Asia,NPL,Nepal,Mass movement (wet),2,29.0,2,100.0,,0,0.0,,0,0.0,,0,0.0
2011,7.0,2011-07,Asia,PHL,Philippines,Flood,1,,0,0.0,469.0,1,100.0,,0,0.0,,0,0.0
2011,7.0,2011-07,Asia,PHL,Philippines,Mass movement (wet),1,5.0,1,100.0,5.0,1,100.0,,0,0.0,,0,0.0
2011,7.0,2011-07,Asia,PHL,Philippines,Storm,1,84.0,1,100.0,1108224.0,1,100.0,63258000.0,1,100.0,90538000.0,1,100.0
2011,7.0,2011-07,Asia,PRK,Democratic People's Republic of Korea,Flood,1,34.0,1,100.0,29933.0,1,100.0,,0,0.0,,0,0.0
2011,7.0,2011-07,Asia,TJK,Tajikistan,Earthquake,1,,0,0.0,,0,0.0,,0,0.0,,0,0.0
2011,7.0,2011-07,Asia,UZB,Uzbekistan,Earthquake,1,13.0,1,100.0,86.0,1,100.0,,0,0.0,,0,0.0
2011,7.0,2011-07,Europe,RUS,Russian Federation,Storm,1,1.0,1,100.0,14.0,1,100.0,3000000.0,1,100.0,4294000.0,1,100.0
2011,8.0,2011-08,Africa,BDI,Burundi,Epidemic,1,12.0,1,100.0,600.0,1,100.0,,0,0.0,,0,0.0
2011,8.0,2011-08,Africa,KEN,Kenya,Flood,1,8.0,1,100.0,4000.0,1,100.0,,0,0.0,,0,0.0
2011,8.0,2011-08,Africa,MLI,Mali,Flood,1,1.0,1,100.0,15415.0,1,100.0,,0,0.0,,0,0.0
2011,8.0,2011-08,Africa,NER,Niger,Flood,2,16.0,2,100.0,41175.0,2,100.0,,0,0.0,,0,0.0
2011,8.0,2011-08,Africa,NGA,Nigeria,Flood,1,120.0,1,100.0,3000.0,1,100.0,,0,0.0,,0,0.0
2011,8.0,2011-08,Africa,SDN,Sudan,Storm,1,20.0,1,100.0,30.0,1,100.0,,0,0.0,,0,0.0
2011,8.0,2011-08,Africa,SEN,Senegal,Flood,1,,0,0.0,5220.0,1,100.0,,0,0.0,,0,0.0
2011,8.0,2011-08,Africa,SLE,Sierra Leone,Flood,1,21.0,1,100.0,,0,0.0,,0,0.0,,0,0.0
2011,8.0,2011-08,Africa,TCD,Chad,Epidemic,1,433.0,1,100.0,16038.0,1,100.0,,0,0.0,,0,0.0
2011,8.0,2011-08,Africa,TZA,United Republic of Tanzania,Drought,1,,0,0.0,1000000.0,1,100.0,,0,0.0,,0,0.0
2011,8.0,2011-08,Africa,UGA,Uganda,Flood,1,27.0,1,100.0,63075.0,1,100.0,,0,0.0,,0,0.0
2011,8.0,2011-08,Americas,BHS,Bahamas,Storm,1,,0,0.0,10000.0,1,100.0,40000000.0,1,100.0,57250000.0,1,100.0
2011,8.0,2011-08,Americas,CAN,Canada,Storm,1,1.0,1,100.0,,0,0.0,,0,0.0,,0,0.0
2011,8.0,2011-08,Americas,DOM,Dominican Republic,Storm,2,7.0,2,100.0,44000.0,2,100.0,30000000.0,1,50.0,42937000.0,1,50.0
2011,8.0,2011-08,Americas,GTM,Guatemala,Flood,1,11.0,1,100.0,6075.0,1,100.0,,0,0.0,,0,0.0
2011,8.0,2011-08,Americas,HTI,Haiti,Storm,2,3.0,2,100.0,3044.0,2,100.0,,0,0.0,,0,0.0
2011,8.0,2011-08,Americas,MEX,Mexico,Flood,1,74.0,1,100.0,40000.0,1,100.0,,0,0.0,,0,0.0
2011,8.0,2011-08,Americas,MTQ,Martinique,Storm,1,1.0,1,100.0,,0,0.0,,0,0.0,,0,0.0
2011,8.0,2011-08,Americas,PRI,Puerto Rico,Storm,2,1.0,1,50.0,2271.0,1,50.0,500000000.0,1,50.0,715622000.0,1,50.0
2011,8.0,2011-08,Americas,PRY,Paraguay,Storm,1,,0,0.0,2000.0,1,100.0,,0,0.0,,0,0.0
2011,8.0,2011-08,Americas,USA,United States of America,Flood,1,2.0,1,100.0,100.0,1,100.0,,0,0.0,,0,0.0
2011,8.0,2011-08,Americas,USA,United States of America,Storm,2,53.0,2,100.0,370000.0,1,50.0,7300000000.0,1,50.0,10448085000.0,1,50.0
2011,8.0,2011-08,Asia,CHN,China,Earthquake,1,,0,0.0,1616.0,1,100.0,,0,0.0,,0,0.0
2011,8.0,2011-08,Asia,CHN,China,Flood,1,22.0,1,100.0,3800000.0,1,100.0,,0,0.0,,0,0.0
2011,8.0,2011-08,Asia,CHN,China,Storm,1,,0,0.0,3649800.0,1,100.0,482585000.0,1,100.0,690697000.0,1,100.0
2011,8.0,2011-08,Asia,IND,India,Flood,3,258.0,3,100.0,6260080.0,3,100.0,275000000.0,1,33.33,393592000.0,1,33.33
2011,8.0,2011-08,Asia,KHM,Cambodia,Flood,1,247.0,1,100.0,1640023.0,1,100.0,521000000.0,1,100.0,745678000.0,1,100.0
2011,8.0,2011-08,Asia,LAO,Lao People's Democratic Republic,Flood,1,34.0,1,100.0,430000.0,1,100.0,,0,0.0,,0,0.0
2011,8.0,2011-08,Asia,PAK,Pakistan,Flood,1,509.0,1,100.0,5400755.0,1,100.0,2500000000.0,1,100.0,3578111000.0,1,100.0
2011,8.0,2011-08,Asia,PHL,Philippines,Flood,1,,0,0.0,2060.0,1,100.0,,0,0.0,,0,0.0
2011,8.0,2011-08,Asia,PHL,Philippines,Mass movement (wet),1,,0,0.0,310.0,1,100.0,,0,0.0,,0,0.0
2011,8.0,2011-08,Asia,PHL,Philippines,Storm,2,54.0,2,100.0,411653.0,2,100.0,34511000.0,2,100.0,49393000.0,2,100.0
2011,8.0,2011-08,Asia,PRK,Democratic People's Republic of Korea,Storm,1,10.0,1,100.0,6499.0,1,100.0,,0,0.0,,0,0.0
2011,8.0,2011-08,Asia,THA,Thailand,Flood,1,813.0,1,100.0,9500000.0,1,100.0,40000000000.0,1,100.0,57249781000.0,1,100.0
2011,8.0,2011-08,Asia,THA,Thailand,Storm,1,18.0,1,100.0,1000000.0,1,100.0,,0,0.0,,0,0.0
2011,8.0,2011-08,Europe,BEL,Belgium,Storm,1,5.0,1,100.0,71.0,1,100.0,99000000.0,1,100.0,141693000.0,1,100.0
2011,8.0,2011-08,Europe,ITA,Italy,Extreme temperature,1,10.0,1,100.0,,0,0.0,,0,0.0,,0,0.0
2011,8.0,2011-08,Europe,RUS,Russian Federation,Flood,1,,0,0.0,3500.0,1,100.0,,0,0.0,,0,0.0
2011,8.0,2011-08,Oceania,AUS,Australia,Wildfire,1,,0,0.0,120.0,1,100.0,54000000.0,1,100.0,77287000.0,1,100.0
2011,9.0,2011-09,Africa,CAF,Central African Republic,Epidemic,1,16.0,1,100.0,172.0,1,100.0,,0,0.0,,0,0.0
2011,9.0,2011-09,Africa,GHA,Ghana,Epidemic,1,101.0,1,100.0,10002.0,1,100.0,,0,0.0,,0,0.0
2011,9.0,2011-09,Africa,GIN,Guinea,Flood,1,,0,0.0,20143.0,1,100.0,,0,0.0,,0,0.0
2011,9.0,2011-09,Africa,MLI,Mali,Epidemic,1,49.0,1,100.0,1190.0,1,100.0,,0,0.0,,0,0.0
2011,9.0,2011-09,Africa,NER,Niger,Epidemic,1,48.0,1,100.0,2130.0,1,100.0,,0,0.0,,0,0.0
2011,9.0,2011-09,Americas,BRA,Brazil,Flood,1,3.0,1,100.0,1000000.0,1,100.0,,0,0.0,,0,0.0
2011,9.0,2011-09,Americas,COL,Colombia,Flood,1,135.0,1,100.0,498924.0,1,100.0,1290000000.0,1,100.0,1846305000.0,1,100.0
2011,9.0,2011-09,Americas,DMA,Dominica,Storm,1,,0,0.0,240.0,1,100.0,,0,0.0,,0,0.0
2011,9.0,2011-09,Americas,GTM,Guatemala,Earthquake,1,3.0,1,100.0,400.0,1,100.0,,0,0.0,,0,0.0
2011,9.0,2011-09,Americas,GTM,Guatemala,Mass movement (wet),1,16.0,1,100.0,,0,0.0,,0,0.0,,0,0.0
2011,9.0,2011-09,Americas,MEX,Mexico,Drought,1,,0,0.0,2500000.0,1,100.0,,0,0.0,,0,0.0
2011,9.0,2011-09,Americas,MEX,Mexico,Storm,1,10.0,1,100.0,,0,0.0,,0,0.0,,0,0.0
2011,9.0,2011-09,Americas,SLV,El Salvador,Flood,1,35.0,1,100.0,300000.0,1,100.0,1000000000.0,1,100.0,1431245000.0,1,100.0
2011,9.0,2011-09,Americas,USA,United States of America,Storm,1,15.0,1,100.0,600.0,1,100.0,750000000.0,1,100.0,1073433000.0,1,100.0
2011,9.0,2011-09,Americas,USA,United States of America,Wildfire,1,4.0,1,100.0,4800.0,1,100.0,1000000000.0,1,100.0,1431245000.0,1,100.0
2011,9.0,2011-09,Asia,BTN,Bhutan,Earthquake,1,1.0,1,100.0,20016.0,1,100.0,,0,0.0,,0,0.0
2011,9.0,2011-09,Asia,CHN,China,Earthquake,1,7.0,1,100.0,5136.0,1,100.0,,0,0.0,,0,0.0
2011,9.0,2011-09,Asia,CHN,China,Flood,1,117.0,1,100.0,20000000.0,1,100.0,4250000000.0,1,100.0,6082789000.0,1,100.0
2011,9.0,2011-09,Asia,CHN,China,Storm,1,3.0,1,100.0,1000000.0,1,100.0,219000000.0,1,100.0,313443000.0,1,100.0
2011,9.0,2011-09,Asia,IDN,Indonesia,Earthquake,1,10.0,1,100.0,,0,0.0,5850000.0,1,100.0,8373000.0,1,100.0
2011,9.0,2011-09,Asia,IND,India,Earthquake,1,112.0,1,100.0,575200.0,1,100.0,,0,0.0,,0,0.0
2011,9.0,2011-09,Asia,IND,India,Flood,2,281.0,2,100.0,5543989.0,2,100.0,1362000000.0,2,100.0,1949355000.0,2,100.0
2011,9.0,2011-09,Asia,JPN,Japan,Storm,2,81.0,2,100.0,1608.0,2,100.0,2470000000.0,2,100.0,3535174000.0,2,100.0
2011,9.0,2011-09,Asia,NPL,Nepal,Earthquake,1,7.0,1,100.0,167949.0,1,100.0,,0,0.0,,0,0.0
2011,9.0,2011-09,Asia,PHL,Philippines,Flood,1,,0,0.0,274.0,1,100.0,115000.0,1,100.0,165000.0,1,100.0
2011,9.0,2011-09,Asia,PHL,Philippines,Storm,1,103.0,1,100.0,3030846.0,1,100.0,344173000.0,1,100.0,492596000.0,1,100.0
2011,9.0,2011-09,Asia,THA,Thailand,Epidemic,1,27.0,1,100.0,37728.0,1,100.0,,0,0.0,,0,0.0
2011,9.0,2011-09,Asia,VNM,Viet Nam,Flood,2,109.0,2,100.0,900000.0,2,100.0,219002000.0,2,100.0,313446000.0,2,100.0
2011,9.0,2011-09,Oceania,TUV,Tuvalu,Drought,1,,0,0.0,,0,0.0,,0,0.0,,0,0.0
2011,10.0,2011-10,Africa,CAF,Central African Republic,Flood,1,,0,0.0,2935.0,1,100.0,,0,0.0,,0,0.0
2011,10.0,2011-10,Africa,DZA,Algeria,Flood,1,10.0,1,100.0,793.0,1,100.0,779000000.0,1,100.0,1114939000.0,1,100.0
2011,10.0,2011-10,Africa,GHA,Ghana,Flood,1,14.0,1,100.0,81473.0,1,100.0,,0,0.0,,0,0.0
2011,10.0,2011-10,Africa,NGA,Nigeria,Flood,1,10.0,1,100.0,,0,0.0,,0,0.0,,0,0.0
2011,10.0,2011-10,Africa,ZAF,South Africa,Storm,1,1.0,1,100.0,2773.0,1,100.0,,0,0.0,,0,0.0
2011,10.0,2011-10,Americas,CRI,Costa Rica,Flood,1,4.0,1,100.0,46695.0,1,100.0,,0,0.0,,0,0.0
2011,10.0,2011-10,Americas,GTM,Guatemala,Flood,1,43.0,1,100.0,528753.0,1,100.0,61913000.0,1,100.0,88613000.0,1,100.0
2011,10.0,2011-10,Americas,HND,Honduras,Flood,1,33.0,1,100.0,69798.0,1,100.0,,0,0.0,,0,0.0
2011,10.0,2011-10,Americas,HTI,Haiti,Flood,1,2.0,1,100.0,2080.0,1,100.0,,0,0.0,,0,0.0
2011,10.0,2011-10,Americas,MEX,Mexico,Flood,1,,0,0.0,250000.0,1,100.0,,0,0.0,,0,0.0
2011,10.0,2011-10,Americas,MEX,Mexico,Storm,1,5.0,1,100.0,50000.0,1,100.0,27700000.0,1,100.0,39645000.0,1,100.0
2011,10.0,2011-10,Americas,NIC,Nicaragua,Flood,1,17.0,1,100.0,143018.0,1,100.0,,0,0.0,,0,0.0
2011,10.0,2011-10,Americas,PAN,Panama,Flood,1,,0,0.0,2000.0,1,100.0,,0,0.0,,0,0.0
2011,10.0,2011-10,Americas,PER,Peru,Earthquake,1,1.0,1,100.0,2681.0,1,100.0,,0,0.0,,0,0.0
2011,10.0,2011-10,Americas,USA,United States of America,Storm,1,29.0,1,100.0,,0,0.0,3000000000.0,1,100.0,4293734000.0,1,100.0
2011,10.0,2011-10,Asia,MMR,Myanmar,Flood,1,151.0,1,100.0,35734.0,1,100.0,1700000.0,1,100.0,2433000.0,1,100.0
2011,10.0,2011-10,Asia,PHL,Philippines,Epidemic,1,3.0,1,100.0,254.0,1,100.0,,0,0.0,,0,0.0
2011,10.0,2011-10,Asia,PHL,Philippines,Flood,1,,0,0.0,185.0,1,100.0,,0,0.0,,0,0.0
2011,10.0,2011-10,Asia,PHL,Philippines,Storm,2,36.0,2,100.0,1189413.0,2,100.0,2655000.0,1,50.0,3800000.0,1,50.0
2011,10.0,2011-10,Asia,TUR,Türkiye,Earthquake,1,604.0,1,100.0,32938.0,1,100.0,1500000000.0,1,100.0,2146867000.0,1,100.0
2011,10.0,2011-10,Asia,VNM,Viet Nam,Flood,1,13.0,1,100.0,461584.0,1,100.0,,0,0.0,,0,0.0
2011,10.0,2011-10,Europe,IRL,Ireland,Flood,1,2.0,1,100.0,600.0,1,100.0,325000000.0,1,100.0,465154000.0,1,100.0
2011,10.0,2011-10,Europe,ITA,Italy,Flood,1,10.0,1,100.0,,0,0.0,545000000.0,1,100.0,780028000.0,1,100.0
2011,11.0,2011-11,Africa,ETH,Ethiopia,Flood,1,,0,0.0,40200.0,1,100.0,,0,0.0,,0,0.0
2011,11.0,2011-11,Africa,KEN,Kenya,Flood,2,25.0,1,50.0,96692.0,2,100.0,,0,0.0,,0,0.0
2011,11.0,2011-11,Africa,SOM,Somalia,Flood,1,,0,0.0,2800.0,1,100.0,,0,0.0,,0,0.0
2011,11.0,2011-11,Americas,COL,Colombia,Mass movement (wet),1,40.0,1,100.0,175.0,1,100.0,,0,0.0,,0,0.0
2011,11.0,2011-11,Americas,PAN,Panama,Flood,1,,0,0.0,2000.0,1,100.0,,0,0.0,,0,0.0
2011,11.0,2011-11,Asia,CHN,China,Earthquake,1,,0,0.0,143000.0,1,100.0,56400000.0,1,100.0,80722000.0,1,100.0
2011,11.0,2011-11,Asia,IDN,Indonesia,Mass movement (wet),1,34.0,1,100.0,,0,0.0,,0,0.0,,0,0.0
2011,11.0,2011-11,Asia,LKA,Sri Lanka,Storm,1,22.0,1,100.0,35041.0,1,100.0,,0,0.0,,0,0.0
2011,11.0,2011-11,Asia,OMN,Oman,Storm,1,14.0,1,100.0,200.0,1,100.0,,0,0.0,,0,0.0
2011,11.0,2011-11,Asia,PHL,Philippines,Earthquake,1,,0,0.0,28.0,1,100.0,,0,0.0,,0,0.0
2011,11.0,2011-11,Asia,PHL,Philippines,Flood,2,5.0,1,50.0,24801.0,2,100.0,179064000.0,2,100.0,256284000.0,2,100.0
2011,11.0,2011-11,Asia,TUR,Türkiye,Earthquake,1,40.0,1,100.0,105.0,1,100.0,,0,0.0,,0,0.0
2011,11.0,2011-11,Europe,ESP,Spain,Flood,1,1.0,1,100.0,2400.0,1,100.0,,0,0.0,,0,0.0
2011,11.0,2011-11,Europe,EST,Estonia,Storm,1,,0,0.0,6500.0,1,100.0,,0,0.0,,0,0.0
2011,11.0,2011-11,Europe,FRA,France,Flood,1,6.0,1,100.0,2300.0,1,100.0,,0,0.0,,0,0.0
2011,11.0,2011-11,Europe,GBR,United Kingdom of Great Britain and Northern Ireland,Storm,1,1.0,1,100.0,,0,0.0,,0,0.0,,0,0.0
2011,11.0,2011-11,Europe,ITA,Italy,Flood,1,6.0,1,100.0,,0,0.0,,0,0.0,,0,0.0
2011,11.0,2011-11,Europe,NOR,Norway,Storm,1,4.0,1,100.0,500.0,1,100.0,,0,0.0,,0,0.0
2011,11.0,2011-11,Europe,POL,Poland,Extreme temperature,1,26.0,1,100.0,,0,0.0,,0,0.0,,0,0.0
2011,12.0,2011-12,Africa,AGO,Angola,Flood,2,,0,0.0,25600.0,2,100.0,,0,0.0,,0,0.0
2011,12.0,2011-12,Africa,BFA,Burkina Faso,Drought,1,,0,0.0,2850000.0,1,100.0,,0,0.0,,0,0.0
2011,12.0,2011-12,Africa,COD,Democratic Republic of the Congo,Flood,2,,0,0.0,8000.0,2,100.0,,0,0.0,,0,0.0
2011,12.0,2011-12,Africa,LSO,Lesotho,Drought,1,,0,0.0,725515.0,1,100.0,,0,0.0,,0,0.0
2011,12.0,2011-12,Africa,MWI,Malawi,Flood,1,,0,0.0,26350.0,1,100.0,,0,0.0,,0,0.0
2011,12.0,2011-12,Africa,SEN,Senegal,Drought,1,,0,0.0,850000.0,1,100.0,,0,0.0,,0,0.0
2011,12.0,2011-12,Africa,TZA,United Republic of Tanzania,Flood,2,29.0,2,100.0,56976.0,2,100.0,,0,0.0,,0,0.0
2011,12.0,2011-12,Africa,ZAF,South Africa,Storm,1,5.0,1,100.0,3550.0,1,100.0,10000000.0,1,100.0,14312000.0,1,100.0
2011,12.0,2011-12,Americas,BRA,Brazil,Flood,1,33.0,1,100.0,14000.0,1,100.0,2000000.0,1,100.0,2862000.0,1,100.0
2011,12.0,2011-12,Americas,CHL,Chile,Wildfire,1,1.0,1,100.0,1082.0,1,100.0,200000000.0,1,100.0,286249000.0,1,100.0
2011,12.0,2011-12,Americas,DOM,Dominican Republic,Epidemic,1,1.0,1,100.0,220.0,1,100.0,,0,0.0,,0,0.0
2011,12.0,2011-12,Americas,GTM,Guatemala,Extreme temperature,1,,0,0.0,2643.0,1,100.0,,0,0.0,,0,0.0
2011,12.0,2011-12,Americas,MEX,Mexico,Earthquake,1,2.0,1,100.0,152.0,1,100.0,,0,0.0,,0,0.0
2011,12.0,2011-12,Americas,PER,Peru,Flood,1,65.0,1,100.0,809945.0,1,100.0,,0,0.0,,0,0.0
2011,12.0,2011-12,Americas,VEN,Venezuela (Bolivarian Republic of),Flood,2,8.0,1,50.0,3668.0,2,100.0,16000000.0,1,50.0,22900000.0,1,50.0
2011,12.0,2011-12,Asia,BGD,Bangladesh,Extreme temperature,1,12.0,1,100.0,2000.0,1,100.0,,0,0.0,,0,0.0
2011,12.0,2011-12,Asia,IDN,Indonesia,Flood,1,10.0,1,100.0,54.0,1,100.0,,0,0.0,,0,0.0
2011,12.0,2011-12,Asia,IDN,Indonesia,Volcanic activity,1,3.0,1,100.0,2373.0,1,100.0,,0,0.0,,0,0.0
2011,12.0,2011-12,Asia,IND,India,Extreme temperature,1,132.0,1,100.0,,0,0.0,,0,0.0,,0,0.0
2011,12.0,2011-12,Asia,IND,India,Storm,1,47.0,1,100.0,250000.0,1,100.0,375625000.0,1,100.0,537611000.0,1,100.0
2011,12.0,2011-12,Asia,NPL,Nepal,Extreme temperature,1,,0,0.0,25000.0,1,100.0,,0,0.0,,0,0.0
2011,12.0,2011-12,Asia,PHL,Philippines,Flood,2,22.0,2,100.0,211329.0,2,100.0,,0,0.0,,0,0.0
2011,12.0,2011-12,Asia,PHL,Philippines,Storm,1,1439.0,1,100.0,1150300.0,1,100.0,38082000.0,1,100.0,54505000.0,1,100.0
2012,1.0,2012-01,Africa,COD,Democratic Republic of the Congo,Epidemic,1,512.0,1,100.0,22792.0,1,100.0,,0,0.0,,0,0.0
2012,1.0,2012-01,Africa,COD,Democratic Republic of the Congo,Flood,1,1.0,1,100.0,4535.0,1,100.0,,0,0.0,,0,0.0
2012,1.0,2012-01,Africa,GHA,Ghana,Epidemic,2,76.0,2,100.0,5441.0,2,100.0,,0,0.0,,0,0.0
2012,1.0,2012-01,Africa,MDG,Madagascar,Storm,1,,0,0.0,300.0,1,100.0,,0,0.0,,0,0.0
2012,1.0,2012-01,Africa,MOZ,Mozambique,Storm,2,30.0,2,100.0,105042.0,2,100.0,,0,0.0,,0,0.0
2012,1.0,2012-01,Africa,MWI,Malawi,Storm,1,,0,0.0,6000.0,1,100.0,,0,0.0,,0,0.0
2012,1.0,2012-01,Africa,NAM,Namibia,Flood,1,,0,0.0,650.0,1,100.0,,0,0.0,,0,0.0
2012,1.0,2012-01,Africa,NER,Niger,Epidemic,1,81.0,1,100.0,4433.0,1,100.0,,0,0.0,,0,0.0
2012,1.0,2012-01,Africa,NGA,Nigeria,Epidemic,1,10.0,1,100.0,29.0,1,100.0,,0,0.0,,0,0.0
2012,1.0,2012-01,Africa,SLE,Sierra Leone,Epidemic,1,300.0,1,100.0,23009.0,1,100.0,,0,0.0,,0,0.0
2012,1.0,2012-01,Africa,TCD,Chad,Epidemic,1,88.0,1,100.0,1708.0,1,100.0,,0,0.0,,0,0.0
2012,1.0,2012-01,Africa,UGA,Uganda,Epidemic,1,118.0,1,100.0,5279.0,1,100.0,,0,0.0,,0,0.0
2012,1.0,2012-01,Africa,ZAF,South Africa,Storm,1,,0,0.0,1350.0,1,100.0,,0,0.0,,0,0.0
2012,1.0,2012-01,Americas,BOL,Bolivia (Plurinational State of),Flood,1,13.0,1,100.0,69085.0,1,100.0,,0,0.0,,0,0.0
2012,1.0,2012-01,Americas,CHL,Chile,Wildfire,1,7.0,1,100.0,1082.0,1,100.0,200000000.0,1,100.0,280446000.0,1,100.0
2012,1.0,2012-01,Americas,ECU,Ecuador,Flood,1,29.0,1,100.0,71860.0,1,100.0,,0,0.0,,0,0.0
2012,1.0,2012-01,Americas,PER,Peru,Earthquake,1,,0,0.0,4435.0,1,100.0,,0,0.0,,0,0.0
2012,1.0,2012-01,Americas,PRY,Paraguay,Drought,1,,0,0.0,1391900.0,1,100.0,,0,0.0,,0,0.0
2012,1.0,2012-01,Americas,USA,United States of America,Storm,2,5.0,2,100.0,101.0,2,100.0,275000000.0,2,100.0,385613000.0,2,100.0
2012,1.0,2012-01,Asia,AFG,Afghanistan,Extreme temperature,1,45.0,1,100.0,68.0,1,100.0,,0,0.0,,0,0.0
2012,1.0,2012-01,Asia,AFG,Afghanistan,Mass movement (wet),1,29.0,1,100.0,40.0,1,100.0,,0,0.0,,0,0.0
2012,1.0,2012-01,Asia,IDN,Indonesia,Storm,1,16.0,1,100.0,10060.0,1,100.0,1000000.0,1,100.0,1402000.0,1,100.0
2012,1.0,2012-01,Asia,IND,India,Extreme temperature,1,15.0,1,100.0,,0,0.0,,0,0.0,,0,0.0
2012,1.0,2012-01,Asia,IRN,Iran (Islamic Republic of),Earthquake,1,,0,0.0,238.0,1,100.0,,0,0.0,,0,0.0
2012,1.0,2012-01,Asia,JPN,Japan,Storm,1,134.0,1,100.0,7766.0,1,100.0,158000000.0,1,100.0,221552000.0,1,100.0
2012,1.0,2012-01,Asia,LKA,Sri Lanka,Drought,1,,0,0.0,1800000.0,1,100.0,,0,0.0,,0,0.0
2012,1.0,2012-01,Asia,PHL,Philippines,Epidemic,1,30.0,1,100.0,3158.0,1,100.0,,0,0.0,,0,0.0
2012,1.0,2012-01,Asia,PHL,Philippines,Flood,1,4.0,1,100.0,88570.0,1,100.0,,0,0.0,,0,0.0
2012,1.0,2012-01,Asia,PHL,Philippines,Mass movement (wet),1,75.0,1,100.0,23.0,1,100.0,,0,0.0,,0,0.0
2012,1.0,2012-01,Europe,ALB,Albania,Extreme temperature,1,5.0,1,100.0,230000.0,1,100.0,,0,0.0,,0,0.0
2012,1.0,2012-01,Europe,BGR,Bulgaria,Extreme temperature,1,30.0,1,100.0,,0,0.0,,0,0.0,,0,0.0
2012,1.0,2012-01,Europe,BLR,Belarus,Extreme temperature,1,,0,0.0,130.0,1,100.0,,0,0.0,,0,0.0
2012,1.0,2012-01,Europe,CZE,Czechia,Extreme temperature,1,25.0,1,100.0,,0,0.0,,0,0.0,,0,0.0
2012,1.0,2012-01,Europe,LTU,Lithuania,Extreme temperature,1,24.0,1,100.0,,0,0.0,,0,0.0,,0,0.0
2012,1.0,2012-01,Europe,MDA,Republic of Moldova,Extreme temperature,1,10.0,1,100.0,7374.0,1,100.0,,0,0.0,,0,0.0
2012,1.0,2012-01,Europe,MKD,North Macedonia,Extreme temperature,1,1.0,1,100.0,5100.0,1,100.0,,0,0.0,,0,0.0
2012,1.0,2012-01,Europe,POL,Poland,Extreme temperature,1,82.0,1,100.0,,0,0.0,,0,0.0,,0,0.0
2012,1.0,2012-01,Europe,ROU,Romania,Extreme temperature,1,86.0,1,100.0,7539.0,1,100.0,,0,0.0,,0,0.0
2012,1.0,2012-01,Europe,RUS,Russian Federation,Extreme temperature,1,64.0,1,100.0,,0,0.0,,0,0.0,,0,0.0
2012,1.0,2012-01,Europe,SRB,Serbia,Extreme temperature,2,19.0,2,100.0,88234.0,2,100.0,,0,0.0,,0,0.0
2012,1.0,2012-01,Europe,SVK,Slovakia,Extreme temperature,1,5.0,1,100.0,,0,0.0,,0,0.0,,0,0.0
2012,1.0,2012-01,Europe,UKR,Ukraine,Extreme temperature,1,112.0,1,100.0,87500.0,1,100.0,,0,0.0,,0,0.0
2012,1.0,2012-01,Oceania,AUS,Australia,Flood,1,2.0,1,100.0,13000.0,1,100.0,225000000.0,1,100.0,315501000.0,1,100.0
2012,1.0,2012-01,Oceania,FJI,Fiji,Flood,1,10.0,1,100.0,4561.0,1,100.0,17000000.0,1,100.0,23838000.0,1,100.0
2012,1.0,2012-01,Oceania,PNG,Papua New Guinea,Mass movement (wet),1,60.0,1,100.0,,0,0.0,,0,0.0,,0,0.0
2012,2.0,2012-02,Africa,CAF,Central African Republic,Storm,1,,0,0.0,1943.0,1,100.0,,0,0.0,,0,0.0
2012,2.0,2012-02,Africa,DZA,Algeria,Flood,1,49.0,1,100.0,45.0,1,100.0,,0,0.0,,0,0.0
2012,2.0,2012-02,Africa,GIN,Guinea,Epidemic,1,105.0,1,100.0,5523.0,1,100.0,,0,0.0,,0,0.0
2012,2.0,2012-02,Africa,MAR,Morocco,Extreme temperature,1,,0,0.0,7500.0,1,100.0,,0,0.0,,0,0.0
2012,2.0,2012-02,Africa,MDG,Madagascar,Storm,2,112.0,2,100.0,335299.0,2,100.0,100000000.0,1,50.0,140223000.0,1,50.0
2012,2.0,2012-02,Africa,NGA,Nigeria,Storm,1,15.0,1,100.0,15000.0,1,100.0,1000000.0,1,100.0,1402000.0,1,100.0
2012,2.0,2012-02,Americas,BRA,Brazil,Flood,1,3.0,1,100.0,89000.0,1,100.0,,0,0.0,,0,0.0
2012,2.0,2012-02,Americas,PER,Peru,Flood,1,14.0,1,100.0,50029.0,1,100.0,,0,0.0,,0,0.0
2012,2.0,2012-02,Americas,USA,United States of America,Storm,1,14.0,1,100.0,200.0,1,100.0,500000000.0,1,100.0,701114000.0,1,100.0
2012,2.0,2012-02,Asia,AZE,Azerbaijan,Extreme temperature,1,5.0,1,100.0,,0,0.0,,0,0.0,,0,0.0
2012,2.0,2012-02,Asia,CHN,China,Extreme temperature,1,,0,0.0,50650.0,1,100.0,20200000.0,1,100.0,28325000.0,1,100.0
2012,2.0,2012-02,Asia,IDN,Indonesia,Storm,1,5.0,1,100.0,490.0,1,100.0,,0,0.0,,0,0.0
2012,2.0,2012-02,Asia,IND,India,Mass movement (dry),1,16.0,1,100.0,,0,0.0,,0,0.0,,0,0.0
2012,2.0,2012-02,Asia,KAZ,Kazakhstan,Flood,1,,0,0.0,9400.0,1,100.0,,0,0.0,,0,0.0
2012,2.0,2012-02,Asia,PHL,Philippines,Earthquake,1,113.0,1,100.0,320277.0,1,100.0,8900000.0,1,100.0,12480000.0,1,100.0
2012,2.0,2012-02,Asia,PHL,Philippines,Flood,2,,0,0.0,25569.0,2,100.0,,0,0.0,,0,0.0
2012,2.0,2012-02,Asia,PSE,State of Palestine,Flood,1,,0,0.0,1500.0,1,100.0,,0,0.0,,0,0.0
2012,2.0,2012-02,Asia,TJK,Tajikistan,Extreme temperature,1,1.0,1,100.0,,0,0.0,,0,0.0,,0,0.0
2012,2.0,2012-02,Asia,TJK,Tajikistan,Flood,1,,0,0.0,5556.0,1,100.0,760000.0,1,100.0,1066000.0,1,100.0
2012,2.0,2012-02,Europe,AUT,Austria,Extreme temperature,1,5.0,1,100.0,,0,0.0,,0,0.0,,0,0.0
2012,2.0,2012-02,Europe,BEL,Belgium,Extreme temperature,1,3.0,1,100.0,,0,0.0,,0,0.0,,0,0.0
2012,2.0,2012-02,Europe,BGR,Bulgaria,Flood,1,5.0,1,100.0,37950.0,1,100.0,4400000.0,1,100.0,6170000.0,1,100.0
2012,2.0,2012-02,Europe,BIH,Bosnia and Herzegovina,Extreme temperature,1,4.0,1,100.0,10347.0,1,100.0,,0,0.0,,0,0.0
2012,2.0,2012-02,Europe,CHE,Switzerland,Extreme temperature,1,,0,0.0,,0,0.0,,0,0.0,,0,0.0
2012,2.0,2012-02,Europe,DEU,Germany,Extreme temperature,1,4.0,1,100.0,,0,0.0,,0,0.0,,0,0.0
2012,2.0,2012-02,Europe,EST,Estonia,Extreme temperature,1,1.0,1,100.0,,0,0.0,,0,0.0,,0,0.0
2012,2.0,2012-02,Europe,FRA,France,Extreme temperature,1,12.0,1,100.0,,0,0.0,,0,0.0,,0,0.0
2012,2.0,2012-02,Europe,GRC,Greece,Extreme temperature,1,5.0,1,100.0,,0,0.0,,0,0.0,,0,0.0
2012,2.0,2012-02,Europe,GRC,Greece,Flood,1,2.0,1,100.0,200.0,1,100.0,,0,0.0,,0,0.0
2012,2.0,2012-02,Europe,HRV,Croatia,Extreme temperature,1,3.0,1,100.0,,0,0.0,,0,0.0,,0,0.0
2012,2.0,2012-02,Europe,HUN,Hungary,Extreme temperature,1,16.0,1,100.0,,0,0.0,,0,0.0,,0,0.0
2012,2.0,2012-02,Europe,ITA,Italy,Extreme temperature,1,45.0,1,100.0,,0,0.0,132601000.0,1,100.0,185937000.0,1,100.0
2012,2.0,2012-02,Europe,LVA,Latvia,Extreme temperature,1,10.0,1,100.0,,0,0.0,,0,0.0,,0,0.0
2012,2.0,2012-02,Europe,MNE,Montenegro,Extreme temperature,1,1.0,1,100.0,4500.0,1,100.0,,0,0.0,,0,0.0
2012,2.0,2012-02,Europe,NLD,Netherlands (Kingdom of the),Extreme temperature,1,1.0,1,100.0,,0,0.0,,0,0.0,,0,0.0
2012,2.0,2012-02,Oceania,AUS,Australia,Flood,1,2.0,1,100.0,3000.0,1,100.0,363000000.0,1,100.0,509009000.0,1,100.0
2012,2.0,2012-02,Oceania,SLB,Solomon Islands,Flood,1,,0,0.0,4836.0,1,100.0,,0,0.0,,0,0.0
2012,3.0,2012-03,Africa,AGO,Angola,Drought,1,,0,0.0,1833900.0,1,100.0,,0,0.0,,0,0.0
2012,3.0,2012-03,Africa,COD,Democratic Republic of the Congo,Epidemic,1,40.0,1,100.0,600.0,1,100.0,,0,0.0,,0,0.0
2012,3.0,2012-03,Africa,GMB,Gambia,Drought,1,,0,0.0,428000.0,1,100.0,,0,0.0,,0,0.0
2012,3.0,2012-03,Africa,MOZ,Mozambique,Storm,1,3.0,1,100.0,4958.0,1,100.0,,0,0.0,,0,0.0
2012,3.0,2012-03,Africa,MWI,Malawi,Flood,1,,0,0.0,26350.0,1,100.0,,0,0.0,,0,0.0
2012,3.0,2012-03,Africa,TZA,United Republic of Tanzania,Flood,1,10.0,1,100.0,,0,0.0,,0,0.0,,0,0.0
2012,3.0,2012-03,Americas,CAN,Canada,Flood,1,,0,0.0,1500.0,1,100.0,34000000.0,1,100.0,47676000.0,1,100.0
2012,3.0,2012-03,Americas,CHL,Chile,Earthquake,1,1.0,1,100.0,24297.0,1,100.0,100000000.0,1,100.0,140223000.0,1,100.0
2012,3.0,2012-03,Americas,CHL,Chile,Flood,1,,0,0.0,4300.0,1,100.0,3100000.0,1,100.0,4347000.0,1,100.0
2012,3.0,2012-03,Americas,COL,Colombia,Flood,1,48.0,1,100.0,8000.0,1,100.0,62000000.0,1,100.0,86938000.0,1,100.0
2012,3.0,2012-03,Americas,MEX,Mexico,Earthquake,1,2.0,1,100.0,49011.0,1,100.0,320000000.0,1,100.0,448713000.0,1,100.0
2012,3.0,2012-03,Americas,PRY,Paraguay,Flood,1,,0,0.0,78945.0,1,100.0,4000000.0,1,100.0,5609000.0,1,100.0
2012,3.0,2012-03,Americas,USA,United States of America,Storm,1,41.0,1,100.0,400.0,1,100.0,5000000000.0,1,100.0,7011139000.0,1,100.0
2012,3.0,2012-03,Asia,AFG,Afghanistan,Mass movement (wet),2,82.0,2,100.0,6.0,1,50.0,,0,0.0,,0,0.0
2012,3.0,2012-03,Asia,CHN,China,Earthquake,1,,0,0.0,36641.0,1,100.0,84000000.0,1,100.0,117787000.0,1,100.0
2012,3.0,2012-03,Asia,PHL,Philippines,Flood,1,11.0,1,100.0,4835.0,1,100.0,2000000.0,1,100.0,2804000.0,1,100.0
2012,3.0,2012-03,Oceania,FJI,Fiji,Flood,1,5.0,1,100.0,14984.0,1,100.0,72000000.0,1,100.0,100960000.0,1,100.0
2012,4.0,2012-04,Africa,COM,Comoros,Flood,1,4.0,1,100.0,65137.0,1,100.0,5000000.0,1,100.0,7011000.0,1,100.0
2012,4.0,2012-04,Africa,KEN,Kenya,Flood,1,73.0,1,100.0,280670.0,1,100.0,100000000.0,1,100.0,140223000.0,1,100.0
2012,4.0,2012-04,Africa,RWA,Rwanda,Flood,1,5.0,1,100.0,11160.0,1,100.0,,0,0.0,,0,0.0
2012,4.0,2012-04,Americas,ARG,Argentina,Storm,1,18.0,1,100.0,2020.0,1,100.0,10000000.0,1,100.0,14022000.0,1,100.0
2012,4.0,2012-04,Americas,COL,Colombia,Epidemic,1,,0,0.0,23235.0,1,100.0,,0,0.0,,0,0.0
2012,4.0,2012-04,Americas,COL,Colombia,Flood,1,17.0,1,100.0,56000.0,1,100.0,40000000.0,1,100.0,56089000.0,1,100.0
2012,4.0,2012-04,Americas,DOM,Dominican Republic,Epidemic,1,167.0,1,100.0,26090.0,1,100.0,,0,0.0,,0,0.0
2012,4.0,2012-04,Americas,DOM,Dominican Republic,Flood,1,,0,0.0,11500.0,1,100.0,,0,0.0,,0,0.0
2012,4.0,2012-04,Americas,ECU,Ecuador,Epidemic,1,11.0,1,100.0,6967.0,1,100.0,,0,0.0,,0,0.0
2012,4.0,2012-04,Americas,HTI,Haiti,Flood,1,9.0,1,100.0,11000.0,1,100.0,,0,0.0,,0,0.0
2012,4.0,2012-04,Americas,USA,United States of America,Storm,3,7.0,2,66.67,3697.0,3,100.0,7850000000.0,3,100.0,11007488000.0,3,100.0
2012,4.0,2012-04,Asia,AFG,Afghanistan,Flood,2,20.0,1,50.0,5930.0,2,100.0,,0,0.0,,0,0.0
2012,4.0,2012-04,Asia,BGD,Bangladesh,Storm,1,25.0,1,100.0,55121.0,1,100.0,,0,0.0,,0,0.0
2012,4.0,2012-04,Asia,CHN,China,Flood,1,132.0,1,100.0,13119000.0,1,100.0,2500000000.0,1,100.0,3505570000.0,1,100.0
2012,4.0,2012-04,Asia,CHN,China,Storm,2,12.0,1,50.0,227000.0,2,100.0,204000000.0,2,100.0,286054000.0,2,100.0
2012,4.0,2012-04,Asia,IDN,Indonesia,Earthquake,1,7.0,1,100.0,107.0,1,100.0,,0,0.0,,0,0.0
2012,4.0,2012-04,Asia,JPN,Japan,Storm,1,4.0,1,100.0,372.0,1,100.0,,0,0.0,,0,0.0
2012,4.0,2012-04,Asia,KGZ,Kyrgyzstan,Flood,1,,0,0.0,11000.0,1,100.0,,0,0.0,,0,0.0
2012,4.0,2012-04,Asia,PAK,Pakistan,Mass movement (wet),1,135.0,1,100.0,,0,0.0,,0,0.0,,0,0.0
2012,4.0,2012-04,Asia,PRK,Democratic People's Republic of Korea,Drought,1,,0,0.0,3000000.0,1,100.0,,0,0.0,,0,0.0
2012,4.0,2012-04,Asia,SAU,Saudi Arabia,Flood,1,19.0,1,100.0,,0,0.0,,0,0.0,,0,0.0
2012,4.0,2012-04,Asia,THA,Thailand,Drought,1,,0,0.0,12000000.0,1,100.0,1200000.0,1,100.0,1683000.0,1,100.0
2012,4.0,2012-04,Europe,RUS,Russian Federation,Flood,2,,0,0.0,14277.0,2,100.0,17000000.0,1,50.0,23838000.0,1,50.0
2012,4.0,2012-04,Europe,RUS,Russian Federation,Wildfire,1,2.0,1,100.0,598.0,1,100.0,,0,0.0,,0,0.0
2012,4.0,2012-04,Europe,UKR,Ukraine,Drought,1,,0,0.0,,0,0.0,1690000000.0,1,100.0,2369765000.0,1,100.0
2012,5.0,2012-05,Africa,CAF,Central African Republic,Storm,1,,0,0.0,1950.0,1,100.0,,0,0.0,,0,0.0
2012,5.0,2012-05,Americas,BRA,Brazil,Drought,1,,0,0.0,4000000.0,1,100.0,1460000000.0,1,100.0,2047253000.0,1,100.0
2012,5.0,2012-05,Americas,BRA,Brazil,Flood,1,,0,0.0,210000.0,1,100.0,171000000.0,1,100.0,239781000.0,1,100.0
2012,5.0,2012-05,Americas,CUB,Cuba,Flood,1,2.0,1,100.0,3000.0,1,100.0,,0,0.0,,0,0.0
2012,5.0,2012-05,Americas,DOM,Dominican Republic,Flood,1,,0,0.0,3070.0,1,100.0,,0,0.0,,0,0.0
2012,5.0,2012-05,Americas,ECU,Ecuador,Wildfire,1,5.0,1,100.0,1945.0,1,100.0,,0,0.0,,0,0.0
2012,5.0,2012-05,Americas,HTI,Haiti,Flood,1,16.0,1,100.0,7600.0,1,100.0,,0,0.0,,0,0.0
2012,5.0,2012-05,Americas,NIC,Nicaragua,Flood,1,9.0,1,100.0,29500.0,1,100.0,,0,0.0,,0,0.0
2012,5.0,2012-05,Americas,USA,United States of America,Storm,1,,0,0.0,,0,0.0,3400000000.0,1,100.0,4767575000.0,1,100.0
2012,5.0,2012-05,Americas,VEN,Venezuela (Bolivarian Republic of),Flood,1,,0,0.0,11000.0,1,100.0,93000000.0,1,100.0,130407000.0,1,100.0
2012,5.0,2012-05,Asia,AFG,Afghanistan,Flood,3,94.0,2,66.67,40920.0,2,66.67,,0,0.0,,0,0.0
2012,5.0,2012-05,Asia,AZE,Azerbaijan,Earthquake,2,,0,0.0,22499.0,2,100.0,,0,0.0,,0,0.0
2012,5.0,2012-05,Asia,CHN,China,Flood,2,69.0,2,100.0,310000.0,2,100.0,694333000.0,2,100.0,973613000.0,2,100.0
2012,5.0,2012-05,Asia,GEO,Georgia,Flood,1,5.0,1,100.0,100018.0,1,100.0,3000000.0,1,100.0,4207000.0,1,100.0
2012,5.0,2012-05,Asia,IDN,Indonesia,Flood,1,5.0,1,100.0,1020.0,1,100.0,,0,0.0,,0,0.0
2012,5.0,2012-05,Asia,IDN,Indonesia,Mass movement (wet),2,32.0,2,100.0,215.0,1,50.0,,0,0.0,,0,0.0
2012,5.0,2012-05,Asia,JPN,Japan,Storm,1,3.0,1,100.0,2540.0,1,100.0,,0,0.0,,0,0.0
2012,5.0,2012-05,Asia,NPL,Nepal,Flood,1,72.0,1,100.0,5.0,1,100.0,1000000.0,1,100.0,1402000.0,1,100.0
2012,5.0,2012-05,Asia,TJK,Tajikistan,Earthquake,1,2.0,1,100.0,2531.0,1,100.0,,0,0.0,,0,0.0
2012,5.0,2012-05,Europe,BGR,Bulgaria,Earthquake,1,,0,0.0,210.0,1,100.0,,0,0.0,,0,0.0
2012,5.0,2012-05,Europe,ITA,Italy,Earthquake,2,24.0,2,100.0,25400.0,2,100.0,15800000000.0,1,50.0,22155200000.0,1,50.0
2012,6.0,2012-06,Africa,BFA,Burkina Faso,Flood,1,18.0,1,100.0,21000.0,1,100.0,,0,0.0,,0,0.0
2012,6.0,2012-06,Africa,CMR,Cameroon,Drought,1,,0,0.0,12000.0,1,100.0,,0,0.0,,0,0.0
2012,6.0,2012-06,Africa,GAB,Gabon,Flood,1,1.0,1,100.0,77845.0,1,100.0,,0,0.0,,0,0.0
2012,6.0,2012-06,Africa,TCD,Chad,Drought,1,,0,0.0,1600000.0,1,100.0,,0,0.0,,0,0.0
2012,6.0,2012-06,Africa,UGA,Uganda,Mass movement (wet),1,18.0,1,100.0,3432.0,1,100.0,,0,0.0,,0,0.0
2012,6.0,2012-06,Americas,GTM,Guatemala,Drought,1,,0,0.0,266485.0,1,100.0,,0,0.0,,0,0.0
2012,6.0,2012-06,Americas,MEX,Mexico,Storm,1,7.0,1,100.0,87000.0,1,100.0,555000000.0,1,100.0,778236000.0,1,100.0
2012,6.0,2012-06,Americas,PER,Peru,Extreme temperature,1,252.0,1,100.0,30113.0,1,100.0,,0,0.0,,0,0.0
2012,6.0,2012-06,Americas,USA,United States of America,Drought,2,,0,0.0,,0,0.0,20000000000.0,1,50.0,28044556000.0,1,50.0
2012,6.0,2012-06,Americas,USA,United States of America,Extreme temperature,1,123.0,1,100.0,,0,0.0,,0,0.0,,0,0.0
2012,6.0,2012-06,Americas,USA,United States of America,Flood,1,2.0,1,100.0,300.0,1,100.0,174000000.0,1,100.0,243988000.0,1,100.0
2012,6.0,2012-06,Americas,USA,United States of America,Storm,5,38.0,3,60.0,26006.0,3,60.0,7510000000.0,4,80.0,10530731000.0,4,80.0
2012,6.0,2012-06,Americas,USA,United States of America,Wildfire,1,2.0,1,100.0,1038.0,1,100.0,600000000.0,1,100.0,841337000.0,1,100.0
2012,6.0,2012-06,Asia,AFG,Afghanistan,Earthquake,1,75.0,1,100.0,3548.0,1,100.0,,0,0.0,,0,0.0
2012,6.0,2012-06,Asia,AFG,Afghanistan,Flood,1,35.0,1,100.0,4300.0,1,100.0,,0,0.0,,0,0.0
2012,6.0,2012-06,Asia,BGD,Bangladesh,Flood,1,139.0,1,100.0,5148475.0,1,100.0,,0,0.0,,0,0.0
2012,6.0,2012-06,Asia,CHN,China,Earthquake,2,4.0,1,50.0,189286.0,2,100.0,368000000.0,2,100.0,516019000.0,2,100.0
2012,6.0,2012-06,Asia,CHN,China,Flood,1,91.0,1,100.0,17440000.0,1,100.0,1200000000.0,1,100.0,1682673000.0,1,100.0
2012,6.0,2012-06,Asia,IND,India,Flood,1,120.0,1,100.0,2200000.0,1,100.0,,0,0.0,,0,0.0
2012,6.0,2012-06,Asia,PHL,Philippines,Flood,3,30.0,2,66.67,43929.0,3,100.0,1000000.0,1,33.33,1402000.0,1,33.33
2012,6.0,2012-06,Asia,TWN,Taiwan (Province of China),Flood,1,6.0,1,100.0,35000.0,1,100.0,16900000.0,1,100.0,23698000.0,1,100.0
2012,6.0,2012-06,Europe,GBR,United Kingdom of Great Britain and Northern Ireland,Flood,1,1.0,1,100.0,,0,0.0,1600000000.0,1,100.0,2243565000.0,1,100.0
2012,6.0,2012-06,Europe,ITA,Italy,Drought,1,,0,0.0,,0,0.0,1190000000.0,1,100.0,1668651000.0,1,100.0
2012,6.0,2012-06,Europe,RUS,Russian Federation,Drought,1,,0,0.0,,0,0.0,1140000000.0,1,100.0,1598540000.0,1,100.0
2012,7.0,2012-07,Africa,COD,Democratic Republic of the Congo,Epidemic,1,20.0,1,100.0,201.0,1,100.0,,0,0.0,,0,0.0
2012,7.0,2012-07,Africa,NER,Niger,Flood,1,91.0,1,100.0,530952.0,1,100.0,184115000.0,1,100.0,258171000.0,1,100.0
2012,7.0,2012-07,Africa,NGA,Nigeria,Flood,1,363.0,1,100.0,7000867.0,1,100.0,500000000.0,1,100.0,701114000.0,1,100.0
2012,7.0,2012-07,Africa,TCD,Chad,Flood,1,20.0,1,100.0,594831.0,1,100.0,10000000.0,1,100.0,14022000.0,1,100.0
2012,7.0,2012-07,Americas,CRI,Costa Rica,Flood,1,6.0,1,100.0,9523.0,1,100.0,,0,0.0,,0,0.0
2012,7.0,2012-07,Americas,PAN,Panama,Flood,1,1.0,1,100.0,4330.0,1,100.0,,0,0.0,,0,0.0
2012,7.0,2012-07,Americas,USA,United States of America,Storm,1,1.0,1,100.0,,0,0.0,700000000.0,1,100.0,981559000.0,1,100.0
2012,7.0,2012-07,Asia,CHN,China,Earthquake,1,1.0,1,100.0,2610.0,1,100.0,,0,0.0,,0,0.0
2012,7.0,2012-07,Asia,CHN,China,Flood,5,279.0,3,60.0,1913000.0,5,100.0,9400000000.0,3,60.0,13180942000.0,3,60.0
2012,7.0,2012-07,Asia,CHN,China,Storm,1,8.0,1,100.0,58500.0,1,100.0,329000000.0,1,100.0,461333000.0,1,100.0
2012,7.0,2012-07,Asia,GEO,Georgia,Storm,1,,0,0.0,6018.0,1,100.0,91000000.0,1,100.0,127603000.0,1,100.0
2012,7.0,2012-07,Asia,IDN,Indonesia,Flood,2,16.0,2,100.0,4395.0,2,100.0,,0,0.0,,0,0.0
2012,7.0,2012-07,Asia,JPN,Japan,Flood,1,30.0,1,100.0,48135.0,1,100.0,1400000000.0,1,100.0,1963119000.0,1,100.0
2012,7.0,2012-07,Asia,MMR,Myanmar,Flood,1,2.0,1,100.0,85000.0,1,100.0,,0,0.0,,0,0.0
2012,7.0,2012-07,Asia,PHL,Philippines,Storm,1,58.0,1,100.0,949086.0,1,100.0,9821000.0,1,100.0,13771000.0,1,100.0
2012,7.0,2012-07,Asia,PRK,Democratic People's Republic of Korea,Flood,1,88.0,1,100.0,93089.0,1,100.0,11400000.0,1,100.0,15985000.0,1,100.0
2012,7.0,2012-07,Asia,TUR,Türkiye,Flood,1,13.0,1,100.0,,0,0.0,,0,0.0,,0,0.0
2012,7.0,2012-07,Asia,VNM,Viet Nam,Storm,1,10.0,1,100.0,3.0,1,100.0,,0,0.0,,0,0.0
2012,7.0,2012-07,Europe,ESP,Spain,Wildfire,1,4.0,1,100.0,6.0,1,100.0,,0,0.0,,0,0.0
2012,7.0,2012-07,Europe,POL,Poland,Storm,1,1.0,1,100.0,310.0,1,100.0,5900000.0,1,100.0,8273000.0,1,100.0
2012,7.0,2012-07,Europe,RUS,Russian Federation,Flood,1,172.0,1,100.0,31410.0,1,100.0,600000000.0,1,100.0,841337000.0,1,100.0
2012,8.0,2012-08,Africa,CMR,Cameroon,Flood,2,25.0,2,100.0,51980.0,2,100.0,2000000.0,1,50.0,2804000.0,1,50.0
2012,8.0,2012-08,Africa,COD,Democratic Republic of the Congo,Epidemic,1,36.0,1,100.0,33.0,1,100.0,,0,0.0,,0,0.0
2012,8.0,2012-08,Africa,DZA,Algeria,Flood,1,20.0,1,100.0,56.0,1,100.0,,0,0.0,,0,0.0
2012,8.0,2012-08,Africa,MWI,Malawi,Drought,1,,0,0.0,1900000.0,1,100.0,,0,0.0,,0,0.0
2012,8.0,2012-08,Africa,SDN,Sudan,Flood,1,35.0,1,100.0,135135.0,1,100.0,,0,0.0,,0,0.0
2012,8.0,2012-08,Africa,SEN,Senegal,Flood,1,19.0,1,100.0,57000.0,1,100.0,10000000.0,1,100.0,14022000.0,1,100.0
2012,8.0,2012-08,Africa,SSD,South Sudan,Flood,1,32.0,1,100.0,154000.0,1,100.0,,0,0.0,,0,0.0
2012,8.0,2012-08,Africa,UGA,Uganda,Epidemic,1,35.0,1,100.0,116.0,1,100.0,,0,0.0,,0,0.0
2012,8.0,2012-08,Africa,UGA,Uganda,Flood,1,,0,0.0,15000.0,1,100.0,,0,0.0,,0,0.0
2012,8.0,2012-08,Africa,ZMB,Zambia,Epidemic,1,2.0,1,100.0,153.0,1,100.0,,0,0.0,,0,0.0
2012,8.0,2012-08,Americas,CAN,Canada,Storm,1,,0,0.0,,0,0.0,1050000000.0,1,100.0,1472339000.0,1,100.0
2012,8.0,2012-08,Americas,CUB,Cuba,Storm,1,1.0,1,100.0,45496.0,1,100.0,,0,0.0,,0,0.0
2012,8.0,2012-08,Americas,DOM,Dominican Republic,Storm,1,5.0,1,100.0,20515.0,1,100.0,,0,0.0,,0,0.0
2012,8.0,2012-08,Americas,HTI,Haiti,Storm,1,13.0,1,100.0,8007.0,1,100.0,,0,0.0,,0,0.0
2012,8.0,2012-08,Americas,MEX,Mexico,Storm,1,12.0,1,100.0,,0,0.0,300000000.0,1,100.0,420668000.0,1,100.0
2012,8.0,2012-08,Americas,PRI,Puerto Rico,Storm,1,,0,0.0,,0,0.0,,0,0.0,,0,0.0
2012,8.0,2012-08,Americas,USA,United States of America,Storm,1,1.0,1,100.0,60000.0,1,100.0,2000000000.0,1,100.0,2804456000.0,1,100.0
2012,8.0,2012-08,Americas,USA,United States of America,Wildfire,1,1.0,1,100.0,1809.0,1,100.0,200000000.0,1,100.0,280446000.0,1,100.0
2012,8.0,2012-08,Asia,CHN,China,Flood,2,30.0,2,100.0,210000.0,1,50.0,676000000.0,2,100.0,947906000.0,2,100.0
2012,8.0,2012-08,Asia,CHN,China,Storm,4,54.0,4,100.0,10129677.0,4,100.0,2486000000.0,4,100.0,3485939000.0,4,100.0
2012,8.0,2012-08,Asia,IDN,Indonesia,Earthquake,1,6.0,1,100.0,7883.0,1,100.0,,0,0.0,,0,0.0
2012,8.0,2012-08,Asia,IDN,Indonesia,Flood,1,4.0,1,100.0,1045.0,1,100.0,,0,0.0,,0,0.0
2012,8.0,2012-08,Asia,IND,India,Flood,3,93.0,3,100.0,48160.0,3,100.0,126000000.0,2,66.67,176681000.0,2,66.67
2012,8.0,2012-08,Asia,IRN,Iran (Islamic Republic of),Earthquake,1,306.0,1,100.0,61546.0,1,100.0,500000000.0,1,100.0,701114000.0,1,100.0
2012,8.0,2012-08,Asia,JPN,Japan,Storm,1,,0,0.0,,0,0.0,86000000.0,1,100.0,120592000.0,1,100.0
2012,8.0,2012-08,Asia,KOR,Republic of Korea,Storm,2,22.0,2,100.0,,0,0.0,450000000.0,1,50.0,631003000.0,1,50.0
2012,8.0,2012-08,Asia,PAK,Pakistan,Flood,2,506.0,2,100.0,5050564.0,2,100.0,2500000000.0,1,50.0,3505570000.0,1,50.0
2012,8.0,2012-08,Asia,PHL,Philippines,Earthquake,1,1.0,1,100.0,28879.0,1,100.0,3244000.0,1,100.0,4549000.0,1,100.0
2012,8.0,2012-08,Asia,PHL,Philippines,Flood,1,112.0,1,100.0,4451725.0,1,100.0,72330000.0,1,100.0,101423000.0,1,100.0
2012,8.0,2012-08,Asia,PHL,Philippines,Storm,2,15.0,2,100.0,5607.0,1,50.0,3099000.0,2,100.0,4346000.0,2,100.0
2012,8.0,2012-08,Asia,PRK,Democratic People's Republic of Korea,Storm,1,59.0,1,100.0,44461.0,1,100.0,,0,0.0,,0,0.0
2012,8.0,2012-08,Asia,THA,Thailand,Flood,1,,0,0.0,235545.0,1,100.0,,0,0.0,,0,0.0
2012,8.0,2012-08,Asia,TWN,Taiwan (Province of China),Storm,2,14.0,2,100.0,,0,0.0,35300000.0,2,100.0,49498000.0,2,100.0
2012,8.0,2012-08,Asia,VNM,Viet Nam,Storm,1,17.0,1,100.0,60479.0,1,100.0,6800000.0,1,100.0,9535000.0,1,100.0
2012,9.0,2012-09,Africa,BEN,Benin,Flood,1,4.0,1,100.0,55000.0,1,100.0,,0,0.0,,0,0.0
2012,9.0,2012-09,Africa,SDN,Sudan,Epidemic,1,171.0,1,100.0,678.0,1,100.0,,0,0.0,,0,0.0
2012,9.0,2012-09,Africa,SOM,Somalia,Flood,1,25.0,1,100.0,20000.0,1,100.0,,0,0.0,,0,0.0
2012,9.0,2012-09,Africa,SSD,South Sudan,Flood,1,15.0,1,100.0,3000.0,1,100.0,,0,0.0,,0,0.0
2012,9.0,2012-09,Africa,TCD,Chad,Flood,1,,0,0.0,18800.0,1,100.0,,0,0.0,,0,0.0
2012,9.0,2012-09,Americas,CRI,Costa Rica,Earthquake,1,2.0,1,100.0,762.0,1,100.0,45000000.0,1,100.0,63100000.0,1,100.0
2012,9.0,2012-09,Americas,GTM,Guatemala,Volcanic activity,1,,0,0.0,10000.0,1,100.0,,0,0.0,,0,0.0
2012,9.0,2012-09,Americas,HND,Honduras,Drought,1,,0,0.0,125000.0,1,100.0,,0,0.0,,0,0.0
2012,9.0,2012-09,Americas,PRY,Paraguay,Storm,1,5.0,1,100.0,25100.0,1,100.0,2000000.0,1,100.0,2804000.0,1,100.0
2012,9.0,2012-09,Americas,USA,United States of America,Storm,1,5.0,1,100.0,,0,0.0,210000000.0,1,100.0,294468000.0,1,100.0
2012,9.0,2012-09,Asia,BGD,Bangladesh,Flood,1,,0,0.0,250000.0,1,100.0,,0,0.0,,0,0.0
2012,9.0,2012-09,Asia,CHN,China,Earthquake,1,81.0,1,100.0,744821.0,1,100.0,1000000000.0,1,100.0,1402228000.0,1,100.0
2012,9.0,2012-09,Asia,CHN,China,Flood,1,21.0,1,100.0,,0,0.0,500000000.0,1,100.0,701114000.0,1,100.0
2012,9.0,2012-09,Asia,IDN,Indonesia,Flood,1,,0,0.0,1150.0,1,100.0,,0,0.0,,0,0.0
2012,9.0,2012-09,Asia,IND,India,Flood,2,66.0,2,100.0,2000200.0,2,100.0,118000000.0,2,100.0,165463000.0,2,100.0
2012,9.0,2012-09,Asia,JPN,Japan,Storm,2,2.0,1,50.0,43475.0,2,100.0,58400000.0,2,100.0,81890000.0,2,100.0
2012,9.0,2012-09,Asia,KHM,Cambodia,Flood,1,14.0,1,100.0,71500.0,1,100.0,,0,0.0,,0,0.0
2012,9.0,2012-09,Asia,KOR,Republic of Korea,Storm,1,,0,0.0,3120.0,1,100.0,349000000.0,1,100.0,489378000.0,1,100.0
2012,9.0,2012-09,Asia,NPL,Nepal,Mass movement (wet),1,11.0,1,100.0,,0,0.0,,0,0.0,,0,0.0
2012,9.0,2012-09,Asia,PAK,Pakistan,Flood,1,12.0,1,100.0,,0,0.0,,0,0.0,,0,0.0
2012,9.0,2012-09,Asia,PHL,Philippines,Earthquake,1,,0,0.0,4001.0,1,100.0,,0,0.0,,0,0.0
2012,9.0,2012-09,Asia,PHL,Philippines,Storm,2,5.0,2,100.0,9155.0,2,100.0,,0,0.0,,0,0.0
2012,9.0,2012-09,Asia,VNM,Viet Nam,Flood,1,34.0,1,100.0,17540.0,1,100.0,30000000.0,1,100.0,42067000.0,1,100.0
2012,9.0,2012-09,Europe,ESP,Spain,Flood,1,10.0,1,100.0,635.0,1,100.0,395000000.0,1,100.0,553880000.0,1,100.0
2012,9.0,2012-09,Europe,GBR,United Kingdom of Great Britain and Northern Ireland,Flood,1,3.0,1,100.0,1710.0,1,100.0,81000000.0,1,100.0,113580000.0,1,100.0
2012,9.0,2012-09,Oceania,PNG,Papua New Guinea,Flood,1,5.0,1,100.0,200000.0,1,100.0,27000000.0,1,100.0,37860000.0,1,100.0
2012,10.0,2012-10,Africa,NER,Niger,Epidemic,1,16.0,1,100.0,441.0,1,100.0,,0,0.0,,0,0.0
2012,10.0,2012-10,Africa,UGA,Uganda,Epidemic,1,3.0,1,100.0,585.0,1,100.0,,0,0.0,,0,0.0
2012,10.0,2012-10,Africa,ZAF,South Africa,Flood,1,13.0,1,100.0,125000.0,1,100.0,200000000.0,1,100.0,280446000.0,1,100.0
2012,10.0,2012-10,Americas,ARG,Argentina,Storm,1,1.0,1,100.0,7510.0,1,100.0,2000000.0,1,100.0,2804000.0,1,100.0
2012,10.0,2012-10,Americas,BHS,Bahamas,Storm,1,2.0,1,100.0,,0,0.0,700000000.0,1,100.0,981559000.0,1,100.0
2012,10.0,2012-10,Americas,CAN,Canada,Storm,1,2.0,1,100.0,,0,0.0,100000000.0,1,100.0,140223000.0,1,100.0
2012,10.0,2012-10,Americas,COL,Colombia,Flood,1,12.0,1,100.0,17518.0,1,100.0,,0,0.0,,0,0.0
2012,10.0,2012-10,Americas,CUB,Cuba,Storm,1,11.0,1,100.0,162605.0,1,100.0,2000000000.0,1,100.0,2804456000.0,1,100.0
2012,10.0,2012-10,Americas,DOM,Dominican Republic,Storm,1,3.0,1,100.0,22000.0,1,100.0,30000000.0,1,100.0,42067000.0,1,100.0
2012,10.0,2012-10,Americas,HTI,Haiti,Epidemic,2,50.0,2,100.0,5817.0,2,100.0,,0,0.0,,0,0.0
2012,10.0,2012-10,Americas,HTI,Haiti,Storm,1,75.0,1,100.0,201850.0,1,100.0,254000000.0,1,100.0,356166000.0,1,100.0
2012,10.0,2012-10,Americas,JAM,Jamaica,Storm,1,2.0,1,100.0,218850.0,1,100.0,100000000.0,1,100.0,140223000.0,1,100.0
2012,10.0,2012-10,Americas,PER,Peru,Epidemic,1,11.0,1,100.0,20106.0,1,100.0,,0,0.0,,0,0.0
2012,10.0,2012-10,Americas,PER,Peru,Mass movement (wet),1,22.0,1,100.0,,0,0.0,,0,0.0,,0,0.0
2012,10.0,2012-10,Americas,USA,United States of America,Storm,1,158.0,1,100.0,,0,0.0,50000000000.0,1,100.0,70111391000.0,1,100.0
2012,10.0,2012-10,Asia,BGD,Bangladesh,Storm,1,108.0,1,100.0,129558.0,1,100.0,,0,0.0,,0,0.0
2012,10.0,2012-10,Asia,CHN,China,Mass movement (wet),1,19.0,1,100.0,,0,0.0,,0,0.0,,0,0.0
2012,10.0,2012-10,Asia,CHN,China,Storm,1,1.0,1,100.0,126000.0,1,100.0,197000000.0,1,100.0,276239000.0,1,100.0
2012,10.0,2012-10,Asia,IRN,Iran (Islamic Republic of),Flood,1,7.0,1,100.0,1000.0,1,100.0,,0,0.0,,0,0.0
2012,10.0,2012-10,Asia,LKA,Sri Lanka,Storm,1,,0,0.0,69000.0,1,100.0,57000000.0,1,100.0,79927000.0,1,100.0
2012,10.0,2012-10,Asia,PHL,Philippines,Storm,2,36.0,1,50.0,108362.0,2,100.0,1339000.0,1,50.0,1878000.0,1,50.0
2012,10.0,2012-10,Asia,VNM,Viet Nam,Storm,1,11.0,1,100.0,278490.0,1,100.0,336000000.0,1,100.0,471149000.0,1,100.0
2012,10.0,2012-10,Europe,POL,Poland,Extreme temperature,1,14.0,1,100.0,,0,0.0,,0,0.0,,0,0.0
2012,10.0,2012-10,Europe,RUS,Russian Federation,Flood,1,7.0,1,100.0,1120.0,1,100.0,,0,0.0,,0,0.0
2012,11.0,2012-11,Africa,COG,Congo,Flood,1,5.0,1,100.0,2025.0,1,100.0,,0,0.0,,0,0.0
2012,11.0,2012-11,Africa,SOM,Somalia,Flood,1,6.0,1,100.0,12200.0,1,100.0,,0,0.0,,0,0.0
2012,11.0,2012-11,Americas,ARG,Argentina,Flood,1,6.0,1,100.0,10000.0,1,100.0,,0,0.0,,0,0.0
2012,11.0,2012-11,Americas,GTM,Guatemala,Earthquake,1,44.0,1,100.0,1321742.0,1,100.0,210000000.0,1,100.0,294468000.0,1,100.0
2012,11.0,2012-11,Americas,HTI,Haiti,Flood,1,17.0,1,100.0,7865.0,1,100.0,,0,0.0,,0,0.0
2012,11.0,2012-11,Americas,PAN,Panama,Flood,1,5.0,1,100.0,5118.0,1,100.0,2000000.0,1,100.0,2804000.0,1,100.0
2012,11.0,2012-11,Asia,IDN,Indonesia,Flood,1,13.0,1,100.0,15210.0,1,100.0,,0,0.0,,0,0.0
2012,11.0,2012-11,Asia,IND,India,Storm,1,40.0,1,100.0,70000.0,1,100.0,,0,0.0,,0,0.0
2012,11.0,2012-11,Asia,MMR,Myanmar,Earthquake,1,38.0,1,100.0,1486.0,1,100.0,1170000.0,1,100.0,1641000.0,1,100.0
2012,11.0,2012-11,Asia,PAK,Pakistan,Mass movement (wet),1,18.0,1,100.0,,0,0.0,,0,0.0,,0,0.0
2012,11.0,2012-11,Europe,ESP,Spain,Flood,1,1.0,1,100.0,120.0,1,100.0,,0,0.0,,0,0.0
2012,11.0,2012-11,Europe,GBR,United Kingdom of Great Britain and Northern Ireland,Flood,1,4.0,1,100.0,1700.0,1,100.0,1630000000.0,1,100.0,2285631000.0,1,100.0
2012,11.0,2012-11,Europe,HRV,Croatia,Flood,1,,0,0.0,1500.0,1,100.0,,0,0.0,,0,0.0
2012,11.0,2012-11,Europe,ITA,Italy,Flood,1,6.0,1,100.0,20000.0,1,100.0,15000000.0,1,100.0,21033000.0,1,100.0
2012,11.0,2012-11,Europe,MDA,Republic of Moldova,Drought,1,,0,0.0,5800.0,1,100.0,,0,0.0,,0,0.0
2012,11.0,2012-11,Europe,SVN,Slovenia,Flood,1,,0,0.0,12000.0,1,100.0,265000000.0,1,100.0,371590000.0,1,100.0
2012,12.0,2012-12,Africa,COG,Congo,Flood,1,14.0,1,100.0,7589.0,1,100.0,,0,0.0,,0,0.0
2012,12.0,2012-12,Africa,MWI,Malawi,Flood,1,4.0,1,100.0,64385.0,1,100.0,,0,0.0,,0,0.0
2012,12.0,2012-12,Americas,CAN,Canada,Storm,1,,0,0.0,,0,0.0,,0,0.0,,0,0.0
2012,12.0,2012-12,Americas,USA,United States of America,Storm,2,24.0,2,100.0,,0,0.0,102000000.0,2,100.0,143027000.0,2,100.0
2012,12.0,2012-12,Asia,BGD,Bangladesh,Extreme temperature,1,72.0,1,100.0,75000.0,1,100.0,,0,0.0,,0,0.0
2012,12.0,2012-12,Asia,CHN,China,Earthquake,1,,0,0.0,5500.0,1,100.0,96000000.0,1,100.0,134614000.0,1,100.0
2012,12.0,2012-12,Asia,IDN,Indonesia,Flood,1,3.0,1,100.0,10500.0,1,100.0,,0,0.0,,0,0.0
2012,12.0,2012-12,Asia,IND,India,Extreme temperature,1,249.0,1,100.0,,0,0.0,,0,0.0,,0,0.0
2012,12.0,2012-12,Asia,IRN,Iran (Islamic Republic of),Earthquake,1,6.0,1,100.0,5523.0,1,100.0,,0,0.0,,0,0.0
2012,12.0,2012-12,Asia,IRQ,Iraq,Flood,1,4.0,1,100.0,,0,0.0,,0,0.0,,0,0.0
2012,12.0,2012-12,Asia,KAZ,Kazakhstan,Extreme temperature,1,,0,0.0,5000.0,1,100.0,,0,0.0,,0,0.0
2012,12.0,2012-12,Asia,KGZ,Kyrgyzstan,Extreme temperature,1,16.0,1,100.0,50.0,1,100.0,,0,0.0,,0,0.0
2012,12.0,2012-12,Asia,LKA,Sri Lanka,Flood,1,53.0,1,100.0,447021.0,1,100.0,1200000.0,1,100.0,1683000.0,1,100.0
2012,12.0,2012-12,Asia,PHL,Philippines,Storm,2,1925.0,2,100.0,6488270.0,2,100.0,903878000.0,2,100.0,1267443000.0,2,100.0
2012,12.0,2012-12,Europe,BGR,Bulgaria,Extreme temperature,1,3.0,1,100.0,,0,0.0,,0,0.0,,0,0.0
2012,12.0,2012-12,Europe,CHE,Switzerland,Extreme temperature,1,11.0,1,100.0,,0,0.0,,0,0.0,,0,0.0
2012,12.0,2012-12,Europe,CZE,Czechia,Extreme temperature,1,7.0,1,100.0,,0,0.0,,0,0.0,,0,0.0
2012,12.0,2012-12,Europe,DEU,Germany,Extreme temperature,1,2.0,1,100.0,,0,0.0,,0,0.0,,0,0.0
2012,12.0,2012-12,Europe,GBR,United Kingdom of Great Britain and Northern Ireland,Flood,1,,0,0.0,585.0,1,100.0,,0,0.0,,0,0.0
2012,12.0,2012-12,Europe,HRV,Croatia,Extreme temperature,1,4.0,1,100.0,,0,0.0,,0,0.0,,0,0.0
2012,12.0,2012-12,Europe,LTU,Lithuania,Extreme temperature,1,6.0,1,100.0,,0,0.0,,0,0.0,,0,0.0
2012,12.0,2012-12,Europe,POL,Poland,Extreme temperature,1,177.0,1,100.0,,0,0.0,,0,0.0,,0,0.0
2012,12.0,2012-12,Europe,RUS,Russian Federation,Extreme temperature,1,170.0,1,100.0,1594.0,1,100.0,,0,0.0,,0,0.0
2012,12.0,2012-12,Europe,SRB,Serbia,Extreme temperature,1,6.0,1,100.0,,0,0.0,,0,0.0,,0,0.0
2012,12.0,2012-12,Europe,UKR,Ukraine,Extreme temperature,1,83.0,1,100.0,526.0,1,100.0,,0,0.0,,0,0.0
2012,12.0,2012-12,Oceania,FJI,Fiji,Storm,1,2.0,1,100.0,8400.0,1,100.0,8400000.0,1,100.0,11779000.0,1,100.0
2012,12.0,2012-12,Oceania,NZL,New Zealand,Storm,1,3.0,1,100.0,457.0,1,100.0,9100000.0,1,100.0,12760000.0,1,100.0
2012,12.0,2012-12,Oceania,PLW,Palau,Storm,1,,0,0.0,1250.0,1,100.0,,0,0.0,,0,0.0
2012,12.0,2012-12,Oceania,WLF,Wallis and Futuna Islands,Storm,1,,0,0.0,1252.0,1,100.0,,0,0.0,,0,0.0
2012,12.0,2012-12,Oceania,WSM,Samoa,Storm,1,12.0,1,100.0,12703.0,1,100.0,133000000.0,1,100.0,186496000.0,1,100.0
2013,1.0,2013-01,Africa,BEN,Benin,Wildfire,1,1.0,1,100.0,2759.0,1,100.0,,0,0.0,,0,0.0
2013,1.0,2013-01,Africa,BWA,Botswana,Flood,1,12.0,1,100.0,4210.0,1,100.0,,0,0.0,,0,0.0
2013,1.0,2013-01,Africa,GHA,Ghana,Epidemic,1,18.0,1,100.0,560.0,1,100.0,,0,0.0,,0,0.0
2013,1.0,2013-01,Africa,KEN,Kenya,Flood,1,18.0,1,100.0,10780.0,1,100.0,,0,0.0,,0,0.0
2013,1.0,2013-01,Africa,MDG,Madagascar,Storm,1,9.0,1,100.0,4598.0,1,100.0,,0,0.0,,0,0.0
2013,1.0,2013-01,Africa,MOZ,Mozambique,Epidemic,1,2.0,1,100.0,317.0,1,100.0,,0,0.0,,0,0.0
2013,1.0,2013-01,Africa,MOZ,Mozambique,Flood,1,119.0,1,100.0,240000.0,1,100.0,30000000.0,1,100.0,41460000.0,1,100.0
2013,1.0,2013-01,Africa,MWI,Malawi,Flood,1,3.0,1,100.0,33000.0,1,100.0,,0,0.0,,0,0.0
2013,1.0,2013-01,Africa,NAM,Namibia,Drought,1,,0,0.0,780000.0,1,100.0,64000000.0,1,100.0,88447000.0,1,100.0
2013,1.0,2013-01,Africa,NAM,Namibia,Flood,1,,0,0.0,14500.0,1,100.0,,0,0.0,,0,0.0
2013,1.0,2013-01,Africa,SLE,Sierra Leone,Wildfire,1,,0,0.0,2257.0,1,100.0,,0,0.0,,0,0.0
2013,1.0,2013-01,Africa,UGA,Uganda,Epidemic,2,9.0,2,100.0,217841.0,2,100.0,,0,0.0,,0,0.0
2013,1.0,2013-01,Africa,ZMB,Zambia,Flood,1,,0,0.0,1800.0,1,100.0,,0,0.0,,0,0.0
2013,1.0,2013-01,Africa,ZWE,Zimbabwe,Drought,1,,0,0.0,4300000.0,1,100.0,500000000.0,1,100.0,690992000.0,1,100.0
2013,1.0,2013-01,Africa,ZWE,Zimbabwe,Flood,1,125.0,1,100.0,9700.0,1,100.0,,0,0.0,,0,0.0
2013,1.0,2013-01,Americas,BOL,Bolivia (Plurinational State of),Drought,1,,0,0.0,340355.0,1,100.0,,0,0.0,,0,0.0
2013,1.0,2013-01,Americas,BOL,Bolivia (Plurinational State of),Flood,1,25.0,1,100.0,145000.0,1,100.0,2500000.0,1,100.0,3455000.0,1,100.0
2013,1.0,2013-01,Americas,BRA,Brazil,Flood,1,4.0,1,100.0,200000.0,1,100.0,2000000.0,1,100.0,2764000.0,1,100.0
2013,1.0,2013-01,Americas,ECU,Ecuador,Flood,1,,0,0.0,25567.0,1,100.0,,0,0.0,,0,0.0
2013,1.0,2013-01,Americas,ECU,Ecuador,Mass movement (wet),1,10.0,1,100.0,,0,0.0,,0,0.0,,0,0.0
2013,1.0,2013-01,Americas,PAN,Panama,Drought,1,,0,0.0,,0,0.0,200000000.0,1,100.0,276397000.0,1,100.0
2013,1.0,2013-01,Americas,PER,Peru,Flood,1,67.0,1,100.0,180766.0,1,100.0,,0,0.0,,0,0.0
2013,1.0,2013-01,Americas,USA,United States of America,Storm,1,3.0,1,100.0,1107.0,1,100.0,300000000.0,1,100.0,414595000.0,1,100.0
2013,1.0,2013-01,Asia,CHN,China,Drought,1,,0,0.0,5000000.0,1,100.0,,0,0.0,,0,0.0
2013,1.0,2013-01,Asia,CHN,China,Mass movement (dry),1,46.0,1,100.0,2.0,1,100.0,8000000.0,1,100.0,11056000.0,1,100.0
2013,1.0,2013-01,Asia,IDN,Indonesia,Earthquake,1,1.0,1,100.0,515.0,1,100.0,,0,0.0,,0,0.0
2013,1.0,2013-01,Asia,IDN,Indonesia,Flood,2,42.0,2,100.0,249846.0,2,100.0,3000000000.0,1,50.0,4145952000.0,1,50.0
2013,1.0,2013-01,Asia,IDN,Indonesia,Mass movement (wet),1,21.0,1,100.0,3.0,1,100.0,,0,0.0,,0,0.0
2013,1.0,2013-01,Asia,JPN,Japan,Storm,1,2.0,1,100.0,1569.0,1,100.0,,0,0.0,,0,0.0
2013,1.0,2013-01,Asia,LAO,Lao People's Democratic Republic,Epidemic,1,77.0,1,100.0,36000.0,1,100.0,,0,0.0,,0,0.0
2013,1.0,2013-01,Asia,LKA,Sri Lanka,Flood,1,52.0,1,100.0,56747.0,1,100.0,,0,0.0,,0,0.0
2013,1.0,2013-01,Asia,NPL,Nepal,Extreme temperature,1,49.0,1,100.0,,0,0.0,,0,0.0,,0,0.0
2013,1.0,2013-01,Asia,PHL,Philippines,Flood,1,10.0,1,100.0,507769.0,1,100.0,2800000.0,1,100.0,3870000.0,1,100.0
2013,1.0,2013-01,Asia,PHL,Philippines,Storm,1,1.0,1,100.0,10597.0,1,100.0,,0,0.0,,0,0.0
2013,1.0,2013-01,Asia,PSE,State of Palestine,Flood,1,5.0,1,100.0,12500.0,1,100.0,,0,0.0,,0,0.0
2013,1.0,2013-01,Asia,TJK,Tajikistan,Extreme temperature,1,,0,0.0,2500.0,1,100.0,,0,0.0,,0,0.0
2013,1.0,2013-01,Europe,BLR,Belarus,Extreme temperature,1,4.0,1,100.0,11325.0,1,100.0,,0,0.0,,0,0.0
2013,1.0,2013-01,Europe,PRT,Portugal,Storm,1,1.0,1,100.0,3967.0,1,100.0,,0,0.0,,0,0.0
2013,1.0,2013-01,Europe,PRT,Portugal,Wildfire,1,9.0,1,100.0,,0,0.0,,0,0.0,,0,0.0
2013,1.0,2013-01,Oceania,AUS,Australia,Storm,1,6.0,1,100.0,7500.0,1,100.0,2000000000.0,1,100.0,2763968000.0,1,100.0
2013,1.0,2013-01,Oceania,AUS,Australia,Wildfire,1,1.0,1,100.0,450.0,1,100.0,98000000.0,1,100.0,135434000.0,1,100.0
2013,1.0,2013-01,Oceania,NZL,New Zealand,Drought,1,,0,0.0,,0,0.0,823000000.0,1,100.0,1137373000.0,1,100.0
2013,1.0,2013-01,Oceania,PNG,Papua New Guinea,Flood,1,,0,0.0,35000.0,1,100.0,,0,0.0,,0,0.0
2013,1.0,2013-01,Oceania,SLB,Solomon Islands,Epidemic,1,8.0,1,100.0,6700.0,1,100.0,,0,0.0,,0,0.0
2013,2.0,2013-02,Africa,MDG,Madagascar,Storm,1,42.0,1,100.0,40281.0,1,100.0,25000000.0,1,100.0,34550000.0,1,100.0
2013,2.0,2013-02,Africa,SYC,Seychelles,Storm,1,,0,0.0,3000.0,1,100.0,9300000.0,1,100.0,12852000.0,1,100.0
2013,2.0,2013-02,Americas,COL,Colombia,Earthquake,1,,0,0.0,10015.0,1,100.0,4000000.0,1,100.0,5528000.0,1,100.0
2013,2.0,2013-02,Americas,ECU,Ecuador,Drought,1,,0,0.0,3165.0,1,100.0,,0,0.0,,0,0.0
2013,2.0,2013-02,Americas,USA,United States of America,Storm,3,17.0,3,100.0,4882.0,1,33.33,1300000000.0,3,100.0,1796578000.0,3,100.0
2013,2.0,2013-02,Asia,AFG,Afghanistan,Flood,1,10.0,1,100.0,5000.0,1,100.0,,0,0.0,,0,0.0
2013,2.0,2013-02,Asia,CHN,China,Storm,1,2.0,1,100.0,13500.0,1,100.0,124000000.0,1,100.0,171366000.0,1,100.0
2013,2.0,2013-02,Asia,IDN,Indonesia,Flood,2,20.0,2,100.0,71900.0,2,100.0,2000000.0,1,50.0,2764000.0,1,50.0
2013,2.0,2013-02,Asia,JPN,Japan,Storm,1,9.0,1,100.0,1152.0,1,100.0,14200000.0,1,100.0,19624000.0,1,100.0
2013,2.0,2013-02,Asia,PAK,Pakistan,Flood,1,34.0,1,100.0,57.0,1,100.0,,0,0.0,,0,0.0
2013,2.0,2013-02,Asia,PHL,Philippines,Storm,1,6.0,1,100.0,262884.0,1,100.0,1680000.0,1,100.0,2322000.0,1,100.0
2013,2.0,2013-02,Europe,MKD,North Macedonia,Flood,1,1.0,1,100.0,4864.0,1,100.0,,0,0.0,,0,0.0
2013,2.0,2013-02,Europe,RUS,Russian Federation,Flood,1,4.0,1,100.0,1500.0,1,100.0,,0,0.0,,0,0.0
2013,2.0,2013-02,Europe,RUS,Russian Federation,Impact,1,,0,0.0,301491.0,1,100.0,33000000.0,1,100.0,45605000.0,1,100.0
2013,2.0,2013-02,Europe,SRB,Serbia,Flood,1,,0,0.0,330.0,1,100.0,,0,0.0,,0,0.0
2013,2.0,2013-02,Oceania,SLB,Solomon Islands,Earthquake,1,10.0,1,100.0,3329.0,1,100.0,2000000.0,1,100.0,2764000.0,1,100.0
2013,3.0,2013-03,Africa,CAF,Central African Republic,Storm,1,,0,0.0,8744.0,1,100.0,,0,0.0,,0,0.0
2013,3.0,2013-03,Africa,GHA,Ghana,Flood,1,5.0,1,100.0,25000.0,1,100.0,,0,0.0,,0,0.0
2013,3.0,2013-03,Africa,KEN,Kenya,Flood,1,96.0,1,100.0,100020.0,1,100.0,36000000.0,1,100.0,49751000.0,1,100.0
2013,3.0,2013-03,Africa,MUS,Mauritius,Flood,1,11.0,1,100.0,82.0,1,100.0,2000000.0,1,100.0,2764000.0,1,100.0
2013,3.0,2013-03,Americas,BRA,Brazil,Flood,1,30.0,1,100.0,1510.0,1,100.0,1500000.0,1,100.0,2073000.0,1,100.0
2013,3.0,2013-03,Americas,USA,United States of America,Storm,1,2.0,1,100.0,,0,0.0,2200000000.0,1,100.0,3040365000.0,1,100.0
2013,3.0,2013-03,Asia,BGD,Bangladesh,Storm,2,33.0,2,100.0,33563.0,2,100.0,20000000.0,1,50.0,27640000.0,1,50.0
2013,3.0,2013-03,Asia,CHN,China,Earthquake,1,,0,0.0,427740.0,1,100.0,56000000.0,1,100.0,77391000.0,1,100.0
2013,3.0,2013-03,Asia,CHN,China,Mass movement (wet),1,83.0,1,100.0,,0,0.0,,0,0.0,,0,0.0
2013,3.0,2013-03,Asia,CHN,China,Storm,2,28.0,2,100.0,1423324.0,2,100.0,285000000.0,2,100.0,393866000.0,2,100.0
2013,3.0,2013-03,Asia,GEO,Georgia,Storm,1,,0,0.0,1750.0,1,100.0,,0,0.0,,0,0.0
2013,3.0,2013-03,Asia,IDN,Indonesia,Mass movement (wet),1,13.0,1,100.0,,0,0.0,,0,0.0,,0,0.0
2013,3.0,2013-03,Asia,IND,India,Storm,1,9.0,1,100.0,,0,0.0,,0,0.0,,0,0.0
2013,3.0,2013-03,Asia,TWN,Taiwan (Province of China),Earthquake,1,1.0,1,100.0,97.0,1,100.0,1000000.0,1,100.0,1382000.0,1,100.0
2013,3.0,2013-03,Europe,ALB,Albania,Flood,1,,0,0.0,2800.0,1,100.0,,0,0.0,,0,0.0
2013,3.0,2013-03,Europe,FRA,France,Flood,1,1.0,1,100.0,1200.0,1,100.0,,0,0.0,,0,0.0
2013,3.0,2013-03,Europe,HUN,Hungary,Storm,1,,0,0.0,14000.0,1,100.0,,0,0.0,,0,0.0
2013,3.0,2013-03,Europe,POL,Poland,Extreme temperature,1,25.0,1,100.0,,0,0.0,,0,0.0,,0,0.0
2013,3.0,2013-03,Europe,SRB,Serbia,Flood,1,,0,0.0,2670.0,1,100.0,,0,0.0,,0,0.0
2013,4.0,2013-04,Africa,AGO,Angola,Flood,1,9.0,1,100.0,1000.0,1,100.0,,0,0.0,,0,0.0
2013,4.0,2013-04,Africa,COG,Congo,Epidemic,1,16.0,1,100.0,1071.0,1,100.0,,0,0.0,,0,0.0
2013,4.0,2013-04,Africa,ETH,Ethiopia,Flood,1,,0,0.0,51500.0,1,100.0,2200000.0,1,100.0,3040000.0,1,100.0
2013,4.0,2013-04,Africa,NGA,Nigeria,Flood,1,19.0,1,100.0,81506.0,1,100.0,,0,0.0,,0,0.0
2013,4.0,2013-04,Americas,ARG,Argentina,Flood,1,52.0,1,100.0,350000.0,1,100.0,1300000000.0,1,100.0,1796579000.0,1,100.0
2013,4.0,2013-04,Americas,ECU,Ecuador,Mass movement (wet),1,14.0,1,100.0,,0,0.0,,0,0.0,,0,0.0
2013,4.0,2013-04,Americas,USA,United States of America,Flood,1,5.0,1,100.0,300.0,1,100.0,325000000.0,1,100.0,449145000.0,1,100.0
2013,4.0,2013-04,Americas,USA,United States of America,Storm,2,7.0,2,100.0,,0,0.0,2700000000.0,2,100.0,3731356000.0,2,100.0
2013,4.0,2013-04,Asia,AFG,Afghanistan,Earthquake,1,18.0,1,100.0,3531.0,1,100.0,,0,0.0,,0,0.0
2013,4.0,2013-04,Asia,AFG,Afghanistan,Flood,1,20.0,1,100.0,9500.0,1,100.0,,0,0.0,,0,0.0
2013,4.0,2013-04,Asia,CHN,China,Earthquake,2,198.0,1,50.0,2279340.0,2,100.0,6838000000.0,2,100.0,9450006000.0,2,100.0
2013,4.0,2013-04,Asia,CHN,China,Mass movement (wet),1,11.0,1,100.0,2.0,1,100.0,,0,0.0,,0,0.0
2013,4.0,2013-04,Asia,CHN,China,Storm,1,12.0,1,100.0,217000.0,1,100.0,154000000.0,1,100.0,212826000.0,1,100.0
2013,4.0,2013-04,Asia,IDN,Indonesia,Flood,1,11.0,1,100.0,115000.0,1,100.0,,0,0.0,,0,0.0
2013,4.0,2013-04,Asia,IND,India,Extreme temperature,1,557.0,1,100.0,,0,0.0,,0,0.0,,0,0.0
2013,4.0,2013-04,Asia,IRN,Iran (Islamic Republic of),Earthquake,2,37.0,1,50.0,4377.0,2,100.0,600000000.0,1,50.0,829190000.0,1,50.0
2013,4.0,2013-04,Asia,JPN,Japan,Earthquake,1,,0,0.0,8438.0,1,100.0,,0,0.0,,0,0.0
2013,4.0,2013-04,Asia,PAK,Pakistan,Earthquake,1,41.0,1,100.0,15175.0,1,100.0,,0,0.0,,0,0.0
2013,4.0,2013-04,Europe,HUN,Hungary,Earthquake,1,,0,0.0,1800.0,1,100.0,,0,0.0,,0,0.0
2013,5.0,2013-05,Africa,SOM,Somalia,Flood,1,7.0,1,100.0,50000.0,1,100.0,,0,0.0,,0,0.0
2013,5.0,2013-05,Africa,UGA,Uganda,Flood,1,13.0,1,100.0,25445.0,1,100.0,3100000.0,1,100.0,4284000.0,1,100.0
2013,5.0,2013-05,Americas,BHS,Bahamas,Flood,1,,0,0.0,1000.0,1,100.0,45000000.0,1,100.0,62189000.0,1,100.0
2013,5.0,2013-05,Americas,MEX,Mexico,Storm,1,4.0,1,100.0,12000.0,1,100.0,,0,0.0,,0,0.0
2013,5.0,2013-05,Americas,NIC,Nicaragua,Flood,1,27.0,1,100.0,14149.0,1,100.0,,0,0.0,,0,0.0
2013,5.0,2013-05,Americas,USA,United States of America,Flood,1,3.0,1,100.0,300.0,1,100.0,2000000.0,1,100.0,2764000.0,1,100.0
2013,5.0,2013-05,Americas,USA,United States of America,Storm,3,62.0,3,100.0,171300.0,3,100.0,5500000000.0,3,100.0,7600911000.0,3,100.0
2013,5.0,2013-05,Americas,USA,United States of America,Wildfire,1,,0,0.0,110.0,1,100.0,21400000.0,1,100.0,29574000.0,1,100.0
2013,5.0,2013-05,Asia,ARM,Armenia,Storm,1,,0,0.0,64000.0,1,100.0,60000000.0,1,100.0,82919000.0,1,100.0
2013,5.0,2013-05,Asia,BGD,Bangladesh,Storm,1,17.0,1,100.0,1498644.0,1,100.0,,0,0.0,,0,0.0
2013,5.0,2013-05,Asia,CHN,China,Flood,4,99.0,4,100.0,855000.0,4,100.0,1604000000.0,4,100.0,2216702000.0,4,100.0
2013,5.0,2013-05,Asia,IND,India,Earthquake,1,3.0,1,100.0,59350.0,1,100.0,120000000.0,1,100.0,165838000.0,1,100.0
2013,5.0,2013-05,Asia,IND,India,Storm,1,8.0,1,100.0,4.0,1,100.0,,0,0.0,,0,0.0
2013,5.0,2013-05,Asia,JPN,Japan,Extreme temperature,1,338.0,1,100.0,54000.0,1,100.0,,0,0.0,,0,0.0
2013,5.0,2013-05,Asia,LKA,Sri Lanka,Storm,1,7.0,1,100.0,7339.0,1,100.0,,0,0.0,,0,0.0
2013,5.0,2013-05,Asia,MMR,Myanmar,Mass movement (wet),1,16.0,1,100.0,,0,0.0,,0,0.0,,0,0.0
2013,5.0,2013-05,Asia,NPL,Nepal,Flood,1,76.0,1,100.0,12503.0,1,100.0,,0,0.0,,0,0.0
2013,5.0,2013-05,Asia,SAU,Saudi Arabia,Flood,1,24.0,1,100.0,900.0,1,100.0,,0,0.0,,0,0.0
2013,5.0,2013-05,Europe,CZE,Czechia,Flood,1,15.0,1,100.0,1300000.0,1,100.0,828552000.0,1,100.0,1145046000.0,1,100.0
2013,5.0,2013-05,Europe,DEU,Germany,Flood,1,4.0,1,100.0,6350.0,1,100.0,12900000000.0,1,100.0,17827594000.0,1,100.0
2013,5.0,2013-05,Europe,NOR,Norway,Flood,1,,0,0.0,500.0,1,100.0,,0,0.0,,0,0.0
2013,5.0,2013-05,Oceania,MHL,Marshall Islands,Drought,1,,0,0.0,6384.0,1,100.0,,0,0.0,,0,0.0
2013,6.0,2013-06,Africa,ZAF,South Africa,Storm,1,3.0,1,100.0,2870.0,1,100.0,,0,0.0,,0,0.0
2013,6.0,2013-06,Americas,CAN,Canada,Flood,1,4.0,1,100.0,100000.0,1,100.0,5700000000.0,1,100.0,7877309000.0,1,100.0
2013,6.0,2013-06,Americas,HTI,Haiti,Flood,1,6.0,1,100.0,33265.0,1,100.0,,0,0.0,,0,0.0
2013,6.0,2013-06,Americas,PRY,Paraguay,Flood,1,,0,0.0,61400.0,1,100.0,,0,0.0,,0,0.0
2013,6.0,2013-06,Americas,USA,United States of America,Storm,1,4.0,1,100.0,,0,0.0,900000000.0,1,100.0,1243786000.0,1,100.0
2013,6.0,2013-06,Americas,USA,United States of America,Wildfire,2,21.0,2,100.0,2004.0,2,100.0,502000000.0,2,100.0,693756000.0,2,100.0
2013,6.0,2013-06,Asia,CHN,China,Flood,3,81.0,3,100.0,915500.0,3,100.0,2232000000.0,3,100.0,3084589000.0,3,100.0
2013,6.0,2013-06,Asia,CHN,China,Storm,1,11.0,1,100.0,50000.0,1,100.0,118000000.0,1,100.0,163074000.0,1,100.0
2013,6.0,2013-06,Asia,IND,India,Flood,2,6134.0,2,100.0,2504473.0,2,100.0,1100000000.0,1,50.0,1520182000.0,1,50.0
2013,6.0,2013-06,Asia,LAO,Lao People's Democratic Republic,Flood,1,20.0,1,100.0,350077.0,1,100.0,60000000.0,1,100.0,82919000.0,1,100.0
2013,6.0,2013-06,Asia,LKA,Sri Lanka,Flood,1,58.0,1,100.0,17214.0,1,100.0,2000000.0,1,100.0,2764000.0,1,100.0
2013,6.0,2013-06,Asia,PHL,Philippines,Storm,1,7.0,1,100.0,3596.0,1,100.0,1000000.0,1,100.0,1382000.0,1,100.0
2013,6.0,2013-06,Asia,TWN,Taiwan (Province of China),Earthquake,1,4.0,1,100.0,1519.0,1,100.0,1100000.0,1,100.0,1520000.0,1,100.0
2013,6.0,2013-06,Europe,AUT,Austria,Flood,1,4.0,1,100.0,200.0,1,100.0,1000000000.0,1,100.0,1381984000.0,1,100.0
2013,6.0,2013-06,Europe,CHE,Switzerland,Storm,1,,0,0.0,84.0,1,100.0,250000000.0,1,100.0,345496000.0,1,100.0
2013,6.0,2013-06,Europe,ESP,Spain,Flood,1,,0,0.0,600.0,1,100.0,,0,0.0,,0,0.0
2013,6.0,2013-06,Europe,FRA,France,Flood,1,2.0,1,100.0,2000.0,1,100.0,655000000.0,1,100.0,905200000.0,1,100.0
2013,6.0,2013-06,Europe,HUN,Hungary,Flood,1,,0,0.0,48565.0,1,100.0,,0,0.0,,0,0.0
2013,6.0,2013-06,Europe,SVK,Slovakia,Flood,1,1.0,1,100.0,,0,0.0,,0,0.0,,0,0.0
2013,7.0,2013-07,Africa,ETH,Ethiopia,Epidemic,2,110.0,2,100.0,282.0,2,100.0,,0,0.0,,0,0.0
2013,7.0,2013-07,Africa,NER,Niger,Flood,1,32.0,1,100.0,165943.0,1,100.0,64724000.0,1,100.0,89448000.0,1,100.0
2013,7.0,2013-07,Americas,CAN,Canada,Storm,1,,0,0.0,,0,0.0,1410000000.0,1,100.0,1948597000.0,1,100.0
2013,7.0,2013-07,Americas,COL,Colombia,Epidemic,1,91.0,1,100.0,1171.0,1,100.0,,0,0.0,,0,0.0
2013,7.0,2013-07,Americas,CRI,Costa Rica,Epidemic,1,3.0,1,100.0,12000.0,1,100.0,,0,0.0,,0,0.0
2013,7.0,2013-07,Americas,GTM,Guatemala,Epidemic,1,8.0,1,100.0,1977.0,1,100.0,,0,0.0,,0,0.0
2013,7.0,2013-07,Americas,HND,Honduras,Epidemic,1,27.0,1,100.0,34128.0,1,100.0,,0,0.0,,0,0.0
2013,7.0,2013-07,Americas,NIC,Nicaragua,Epidemic,1,3.0,1,100.0,1310.0,1,100.0,,0,0.0,,0,0.0
2013,7.0,2013-07,Americas,USA,United States of America,Flood,1,2.0,1,100.0,1425.0,1,100.0,25000000.0,1,100.0,34550000.0,1,100.0
2013,7.0,2013-07,Asia,CHN,China,Earthquake,1,95.0,1,100.0,123887.0,1,100.0,1000000000.0,1,100.0,1381984000.0,1,100.0
2013,7.0,2013-07,Asia,CHN,China,Extreme temperature,1,40.0,1,100.0,,0,0.0,,0,0.0,,0,0.0
2013,7.0,2013-07,Asia,CHN,China,Flood,3,279.0,3,100.0,4343500.0,3,100.0,6592600000.0,3,100.0,9110868000.0,3,100.0
2013,7.0,2013-07,Asia,CHN,China,Mass movement (wet),1,17.0,1,100.0,,0,0.0,,0,0.0,,0,0.0
2013,7.0,2013-07,Asia,CHN,China,Storm,3,17.0,3,100.0,414150.0,3,100.0,890000000.0,3,100.0,1229966000.0,3,100.0
2013,7.0,2013-07,Asia,GEO,Georgia,Flood,1,,0,0.0,24000.0,1,100.0,,0,0.0,,0,0.0
2013,7.0,2013-07,Asia,IDN,Indonesia,Earthquake,1,48.0,1,100.0,55935.0,1,100.0,130000000.0,1,100.0,179658000.0,1,100.0
2013,7.0,2013-07,Asia,IDN,Indonesia,Flood,1,12.0,1,100.0,8140.0,1,100.0,,0,0.0,,0,0.0
2013,7.0,2013-07,Asia,IND,India,Flood,1,174.0,1,100.0,500000.0,1,100.0,2000000.0,1,100.0,2764000.0,1,100.0
2013,7.0,2013-07,Asia,JPN,Japan,Flood,1,5.0,1,100.0,3633.0,1,100.0,2000000.0,1,100.0,2764000.0,1,100.0
2013,7.0,2013-07,Asia,MMR,Myanmar,Flood,1,7.0,1,100.0,73300.0,1,100.0,,0,0.0,,0,0.0
2013,7.0,2013-07,Asia,NPL,Nepal,Flood,1,119.0,1,100.0,4320.0,1,100.0,,0,0.0,,0,0.0
2013,7.0,2013-07,Asia,PRK,Democratic People's Republic of Korea,Flood,1,51.0,1,100.0,848690.0,1,100.0,,0,0.0,,0,0.0
2013,7.0,2013-07,Asia,THA,Thailand,Flood,1,,0,0.0,,0,0.0,97000000.0,1,100.0,134052000.0,1,100.0
2013,7.0,2013-07,Asia,TWN,Taiwan (Province of China),Storm,1,3.0,1,100.0,54.0,1,100.0,43500000.0,1,100.0,60116000.0,1,100.0
2013,7.0,2013-07,Asia,VNM,Viet Nam,Flood,1,5.0,1,100.0,5000.0,1,100.0,6500000.0,1,100.0,8983000.0,1,100.0
2013,7.0,2013-07,Europe,DEU,Germany,Storm,1,,0,0.0,,0,0.0,4800000000.0,1,100.0,6633523000.0,1,100.0
2013,7.0,2013-07,Europe,GBR,United Kingdom of Great Britain and Northern Ireland,Extreme temperature,1,760.0,1,100.0,,0,0.0,,0,0.0,,0,0.0
2013,7.0,2013-07,Oceania,NZL,New Zealand,Earthquake,1,,0,0.0,13840.0,1,100.0,50000000.0,1,100.0,69099000.0,1,100.0
2013,8.0,2013-08,Africa,BEN,Benin,Epidemic,1,6.0,1,100.0,486.0,1,100.0,,0,0.0,,0,0.0
2013,8.0,2013-08,Africa,BFA,Burkina Faso,Flood,1,2.0,1,100.0,11396.0,1,100.0,,0,0.0,,0,0.0
2013,8.0,2013-08,Africa,GIN,Guinea,Flood,1,,0,0.0,11106.0,1,100.0,,0,0.0,,0,0.0
2013,8.0,2013-08,Africa,GMB,Gambia,Flood,1,2.0,1,100.0,3300.0,1,100.0,,0,0.0,,0,0.0
2013,8.0,2013-08,Africa,KEN,Kenya,Flood,1,,0,0.0,5000.0,1,100.0,,0,0.0,,0,0.0
2013,8.0,2013-08,Africa,MLI,Mali,Flood,2,37.0,1,50.0,46000.0,2,100.0,,0,0.0,,0,0.0
2013,8.0,2013-08,Africa,MRT,Mauritania,Flood,1,8.0,1,100.0,6530.0,1,100.0,2000000.0,1,100.0,2764000.0,1,100.0
2013,8.0,2013-08,Africa,SDN,Sudan,Flood,1,76.0,1,100.0,500133.0,1,100.0,7000000.0,1,100.0,9674000.0,1,100.0
2013,8.0,2013-08,Africa,SOM,Somalia,Flood,1,,0,0.0,55000.0,1,100.0,,0,0.0,,0,0.0
2013,8.0,2013-08,Africa,SSD,South Sudan,Flood,1,98.0,1,100.0,425000.0,1,100.0,,0,0.0,,0,0.0
2013,8.0,2013-08,Africa,TGO,Togo,Epidemic,1,7.0,1,100.0,168.0,1,100.0,,0,0.0,,0,0.0
2013,8.0,2013-08,Americas,BOL,Bolivia (Plurinational State of),Extreme temperature,1,18.0,1,100.0,17490.0,1,100.0,,0,0.0,,0,0.0
2013,8.0,2013-08,Americas,MEX,Mexico,Storm,1,14.0,1,100.0,5000.0,1,100.0,2000000.0,1,100.0,2764000.0,1,100.0
2013,8.0,2013-08,Americas,PER,Peru,Extreme temperature,1,1.0,1,100.0,92701.0,1,100.0,,0,0.0,,0,0.0
2013,8.0,2013-08,Americas,USA,United States of America,Flood,1,3.0,1,100.0,6000.0,1,100.0,25000000.0,1,100.0,34550000.0,1,100.0
2013,8.0,2013-08,Americas,USA,United States of America,Storm,1,,0,0.0,,0,0.0,300000000.0,1,100.0,414595000.0,1,100.0
2013,8.0,2013-08,Americas,USA,United States of America,Wildfire,1,,0,0.0,36.0,1,100.0,175000000.0,1,100.0,241847000.0,1,100.0
2013,8.0,2013-08,Asia,AFG,Afghanistan,Flood,2,83.0,2,100.0,2597.0,1,50.0,,0,0.0,,0,0.0
2013,8.0,2013-08,Asia,CHN,China,Earthquake,1,3.0,1,100.0,538050.0,1,100.0,155000000.0,1,100.0,214208000.0,1,100.0
2013,8.0,2013-08,Asia,CHN,China,Flood,2,161.0,2,100.0,1330000.0,2,100.0,5417000000.0,2,100.0,7486208000.0,2,100.0
2013,8.0,2013-08,Asia,CHN,China,Storm,3,88.0,1,33.33,8194800.0,3,100.0,2516000000.0,3,100.0,3477072000.0,3,100.0
2013,8.0,2013-08,Asia,GEO,Georgia,Flood,1,,0,0.0,1000.0,1,100.0,,0,0.0,,0,0.0
2013,8.0,2013-08,Asia,IND,India,Flood,1,73.0,1,100.0,40000.0,1,100.0,,0,0.0,,0,0.0
2013,8.0,2013-08,Asia,PAK,Pakistan,Flood,1,234.0,1,100.0,1497725.0,1,100.0,1500000000.0,1,100.0,2072976000.0,1,100.0
2013,8.0,2013-08,Asia,PHL,Philippines,Flood,2,42.0,2,100.0,3196443.0,2,100.0,2226000000.0,2,100.0,3076296000.0,2,100.0
2013,8.0,2013-08,Asia,PHL,Philippines,Storm,1,18.0,1,100.0,395730.0,1,100.0,32431000.0,1,100.0,44819000.0,1,100.0
2013,8.0,2013-08,Asia,TWN,Taiwan (Province of China),Storm,1,2.0,1,100.0,,0,0.0,12000000.0,1,100.0,16584000.0,1,100.0
2013,8.0,2013-08,Asia,VNM,Viet Nam,Storm,1,7.0,1,100.0,5011.0,1,100.0,1000000.0,1,100.0,1382000.0,1,100.0
2013,8.0,2013-08,Asia,YEM,Yemen,Flood,1,40.0,1,100.0,49092.0,1,100.0,,0,0.0,,0,0.0
2013,8.0,2013-08,Europe,RUS,Russian Federation,Flood,1,,0,0.0,34135.0,1,100.0,1000000000.0,1,100.0,1381984000.0,1,100.0
2013,8.0,2013-08,Oceania,SLB,Solomon Islands,Flood,1,,0,0.0,10227.0,1,100.0,2000000.0,1,100.0,2764000.0,1,100.0
2013,9.0,2013-09,Africa,BEN,Benin,Flood,1,,0,0.0,32735.0,1,100.0,,0,0.0,,0,0.0
2013,9.0,2013-09,Africa,CAF,Central African Republic,Flood,1,,0,0.0,32993.0,1,100.0,,0,0.0,,0,0.0
2013,9.0,2013-09,Africa,CMR,Cameroon,Flood,1,,0,0.0,805.0,1,100.0,,0,0.0,,0,0.0
2013,9.0,2013-09,Africa,SEN,Senegal,Flood,1,8.0,1,100.0,163306.0,1,100.0,,0,0.0,,0,0.0
2013,9.0,2013-09,Americas,BOL,Bolivia (Plurinational State of),Mass movement (wet),1,19.0,1,100.0,29.0,1,100.0,,0,0.0,,0,0.0
2013,9.0,2013-09,Americas,BRA,Brazil,Storm,1,2.0,1,100.0,13864.0,1,100.0,90000000.0,1,100.0,124379000.0,1,100.0
2013,9.0,2013-09,Americas,CHL,Chile,Extreme temperature,1,,0,0.0,,0,0.0,1000000000.0,1,100.0,1381984000.0,1,100.0
2013,9.0,2013-09,Americas,COL,Colombia,Flood,1,7.0,1,100.0,51781.0,1,100.0,2000000.0,1,100.0,2764000.0,1,100.0
2013,9.0,2013-09,Americas,GTM,Guatemala,Earthquake,1,1.0,1,100.0,572.0,1,100.0,2000000.0,1,100.0,2764000.0,1,100.0
2013,9.0,2013-09,Americas,MEX,Mexico,Flood,1,13.0,1,100.0,,0,0.0,,0,0.0,,0,0.0
2013,9.0,2013-09,Americas,MEX,Mexico,Storm,2,192.0,2,100.0,155000.0,2,100.0,5700000000.0,2,100.0,7877309000.0,2,100.0
2013,9.0,2013-09,Americas,PER,Peru,Earthquake,1,,0,0.0,7084.0,1,100.0,,0,0.0,,0,0.0
2013,9.0,2013-09,Americas,PER,Peru,Volcanic activity,1,,0,0.0,1040.0,1,100.0,,0,0.0,,0,0.0
2013,9.0,2013-09,Americas,PRY,Paraguay,Drought,1,,0,0.0,75000.0,1,100.0,,0,0.0,,0,0.0
2013,9.0,2013-09,Americas,PRY,Paraguay,Storm,1,,0,0.0,50000.0,1,100.0,25000000.0,1,100.0,34550000.0,1,100.0
2013,9.0,2013-09,Americas,USA,United States of America,Flood,1,9.0,1,100.0,21900.0,1,100.0,1900000000.0,1,100.0,2625770000.0,1,100.0
2013,9.0,2013-09,Americas,USA,United States of America,Wildfire,1,1.0,1,100.0,225.0,1,100.0,10000000.0,1,100.0,13820000.0,1,100.0
2013,9.0,2013-09,Asia,AFG,Afghanistan,Mass movement (wet),1,24.0,1,100.0,1000.0,1,100.0,,0,0.0,,0,0.0
2013,9.0,2013-09,Asia,CHN,China,Flood,1,17.0,1,100.0,150030.0,1,100.0,343000000.0,1,100.0,474021000.0,1,100.0
2013,9.0,2013-09,Asia,CHN,China,Storm,2,94.0,2,100.0,506000.0,1,50.0,,0,0.0,,0,0.0
2013,9.0,2013-09,Asia,IDN,Indonesia,Flood,1,,0,0.0,23640.0,1,100.0,,0,0.0,,0,0.0
2013,9.0,2013-09,Asia,IDN,Indonesia,Volcanic activity,1,,0,0.0,29727.0,1,100.0,,0,0.0,,0,0.0
2013,9.0,2013-09,Asia,JPN,Japan,Storm,3,7.0,2,66.67,38555.0,3,100.0,6000000.0,3,100.0,8292000.0,3,100.0
2013,9.0,2013-09,Asia,KHM,Cambodia,Flood,1,200.0,1,100.0,1500000.0,1,100.0,500000000.0,1,100.0,690992000.0,1,100.0
2013,9.0,2013-09,Asia,LAO,Lao People's Democratic Republic,Flood,1,3.0,1,100.0,224176.0,1,100.0,61000000.0,1,100.0,84301000.0,1,100.0
2013,9.0,2013-09,Asia,PAK,Pakistan,Earthquake,2,421.0,2,100.0,185799.0,2,100.0,100000000.0,1,50.0,138198000.0,1,50.0
2013,9.0,2013-09,Asia,PHL,Philippines,Flood,1,33.0,1,100.0,588155.0,1,100.0,4000000.0,1,100.0,5528000.0,1,100.0
2013,9.0,2013-09,Asia,PHL,Philippines,Storm,1,5.0,1,100.0,72696.0,1,100.0,,0,0.0,,0,0.0
2013,9.0,2013-09,Asia,THA,Thailand,Flood,1,61.0,1,100.0,3500000.0,1,100.0,482000000.0,1,100.0,666116000.0,1,100.0
2013,9.0,2013-09,Asia,TWN,Taiwan (Province of China),Storm,1,,0,0.0,,0,0.0,6100000.0,1,100.0,8430000.0,1,100.0
2013,9.0,2013-09,Asia,VNM,Viet Nam,Flood,4,89.0,4,100.0,26000.0,2,50.0,,0,0.0,,0,0.0
2013,9.0,2013-09,Asia,VNM,Viet Nam,Storm,1,31.0,1,100.0,1835585.0,1,100.0,663230000.0,1,100.0,916573000.0,1,100.0
2013,9.0,2013-09,Europe,ROU,Romania,Flood,1,9.0,1,100.0,6901.0,1,100.0,11000000.0,1,100.0,15202000.0,1,100.0
2013,9.0,2013-09,Europe,UKR,Ukraine,Flood,1,2.0,1,100.0,2260.0,1,100.0,21000000.0,1,100.0,29022000.0,1,100.0
2013,9.0,2013-09,Oceania,NZL,New Zealand,Storm,1,,0,0.0,,0,0.0,20000000.0,1,100.0,27640000.0,1,100.0
2013,10.0,2013-10,Africa,ETH,Ethiopia,Epidemic,1,,0,0.0,6.0,1,100.0,,0,0.0,,0,0.0
2013,10.0,2013-10,Africa,MDG,Madagascar,Epidemic,1,113.0,1,100.0,660.0,1,100.0,,0,0.0,,0,0.0
2013,10.0,2013-10,Africa,SSD,South Sudan,Epidemic,1,,0,0.0,3.0,1,100.0,,0,0.0,,0,0.0
2013,10.0,2013-10,Africa,SSD,South Sudan,Flood,1,1.0,1,100.0,156000.0,1,100.0,,0,0.0,,0,0.0
2013,10.0,2013-10,Africa,UGA,Uganda,Epidemic,1,19.0,1,100.0,656.0,1,100.0,,0,0.0,,0,0.0
2013,10.0,2013-10,Americas,BOL,Bolivia (Plurinational State of),Flood,1,74.0,1,100.0,338995.0,1,100.0,,0,0.0,,0,0.0
2013,10.0,2013-10,Americas,PER,Peru,Flood,1,1.0,1,100.0,355.0,1,100.0,,0,0.0,,0,0.0
2013,10.0,2013-10,Americas,USA,United States of America,Flood,1,4.0,1,100.0,4800.0,1,100.0,,0,0.0,,0,0.0
2013,10.0,2013-10,Asia,CHN,China,Storm,1,8.0,1,100.0,475000.0,1,100.0,6700000000.0,1,100.0,9259293000.0,1,100.0
2013,10.0,2013-10,Asia,IDN,Indonesia,Earthquake,1,1.0,1,100.0,2738.0,1,100.0,,0,0.0,,0,0.0
2013,10.0,2013-10,Asia,IDN,Indonesia,Flood,1,,0,0.0,16000.0,1,100.0,,0,0.0,,0,0.0
2013,10.0,2013-10,Asia,IND,India,Flood,1,72.0,1,100.0,375000.0,1,100.0,260000000.0,1,100.0,359316000.0,1,100.0
2013,10.0,2013-10,Asia,IND,India,Storm,2,79.0,2,100.0,13230000.0,1,50.0,633471000.0,1,50.0,875447000.0,1,50.0
2013,10.0,2013-10,Asia,JPN,Japan,Storm,2,39.0,1,50.0,23681.0,2,100.0,200000000.0,1,50.0,276397000.0,1,50.0
2013,10.0,2013-10,Asia,PHL,Philippines,Earthquake,1,230.0,1,100.0,3222224.0,1,100.0,51459000.0,1,100.0,71116000.0,1,100.0
2013,10.0,2013-10,Asia,PHL,Philippines,Flood,1,20.0,1,100.0,207971.0,1,100.0,1988000.0,1,100.0,2747000.0,1,100.0
2013,10.0,2013-10,Asia,PHL,Philippines,Storm,2,24.0,2,100.0,1092198.0,2,100.0,101452000.0,2,100.0,140205000.0,2,100.0
2013,10.0,2013-10,Asia,VNM,Viet Nam,Storm,1,20.0,1,100.0,109754.0,1,100.0,76000000.0,1,100.0,105031000.0,1,100.0
2013,10.0,2013-10,Europe,DEU,Germany,Storm,1,7.0,1,100.0,2.0,1,100.0,,0,0.0,,0,0.0
2013,10.0,2013-10,Europe,DNK,Denmark,Storm,1,1.0,1,100.0,,0,0.0,,0,0.0,,0,0.0
2013,10.0,2013-10,Europe,EST,Estonia,Storm,1,,0,0.0,,0,0.0,,0,0.0,,0,0.0
2013,10.0,2013-10,Europe,FRA,France,Storm,1,1.0,1,100.0,,0,0.0,,0,0.0,,0,0.0
2013,10.0,2013-10,Europe,GBR,United Kingdom of Great Britain and Northern Ireland,Storm,1,4.0,1,100.0,,0,0.0,,0,0.0,,0,0.0
2013,10.0,2013-10,Europe,LVA,Latvia,Storm,1,,0,0.0,,0,0.0,,0,0.0,,0,0.0
2013,10.0,2013-10,Europe,NLD,Netherlands (Kingdom of the),Storm,1,2.0,1,100.0,,0,0.0,,0,0.0,,0,0.0
2013,10.0,2013-10,Europe,SWE,Sweden,Storm,1,,0,0.0,,0,0.0,,0,0.0,,0,0.0
2013,10.0,2013-10,Oceania,AUS,Australia,Wildfire,1,2.0,1,100.0,990.0,1,100.0,268000000.0,1,100.0,370372000.0,1,100.0
2013,11.0,2013-11,Africa,LBY,Libya,Flood,1,16.0,1,100.0,2000.0,1,100.0,,0,0.0,,0,0.0
2013,11.0,2013-11,Africa,NAM,Namibia,Epidemic,1,17.0,1,100.0,518.0,1,100.0,,0,0.0,,0,0.0
2013,11.0,2013-11,Africa,NER,Niger,Flood,1,,0,0.0,15086.0,1,100.0,,0,0.0,,0,0.0
2013,11.0,2013-11,Africa,SOM,Somalia,Storm,1,162.0,1,100.0,142380.0,1,100.0,2000000.0,1,100.0,2764000.0,1,100.0
2013,11.0,2013-11,Americas,USA,United States of America,Storm,2,25.0,2,100.0,185.0,1,50.0,1302000000.0,2,100.0,1799343000.0,2,100.0
2013,11.0,2013-11,Asia,CHN,China,Earthquake,1,,0,0.0,58300.0,1,100.0,,0,0.0,,0,0.0
2013,11.0,2013-11,Asia,CHN,China,Storm,1,5.0,1,100.0,51800.0,1,100.0,,0,0.0,,0,0.0
2013,11.0,2013-11,Asia,IND,India,Storm,1,10.0,1,100.0,,0,0.0,262000000.0,1,100.0,362080000.0,1,100.0
2013,11.0,2013-11,Asia,IRN,Iran (Islamic Republic of),Earthquake,1,8.0,1,100.0,1620.0,1,100.0,,0,0.0,,0,0.0
2013,11.0,2013-11,Asia,IRQ,Iraq,Flood,1,11.0,1,100.0,,0,0.0,,0,0.0,,0,0.0
2013,11.0,2013-11,Asia,PHL,Philippines,Storm,1,7354.0,1,100.0,16106870.0,1,100.0,10000000000.0,1,100.0,13819840000.0,1,100.0
2013,11.0,2013-11,Asia,SAU,Saudi Arabia,Flood,1,15.0,1,100.0,121.0,1,100.0,,0,0.0,,0,0.0
2013,11.0,2013-11,Asia,THA,Thailand,Flood,1,23.0,1,100.0,15254.0,1,100.0,,0,0.0,,0,0.0
2013,11.0,2013-11,Asia,VNM,Viet Nam,Flood,1,47.0,1,100.0,2130001.0,1,100.0,72000000.0,1,100.0,99503000.0,1,100.0
2013,11.0,2013-11,Asia,VNM,Viet Nam,Storm,1,16.0,1,100.0,13094.0,1,100.0,734000000.0,1,100.0,1014376000.0,1,100.0
2013,11.0,2013-11,Europe,ITA,Italy,Flood,1,18.0,1,100.0,2700.0,1,100.0,780000000.0,1,100.0,1077948000.0,1,100.0
2013,11.0,2013-11,Oceania,PLW,Palau,Storm,1,,0,0.0,,0,0.0,,0,0.0,,0,0.0
2013,12.0,2013-12,Africa,GIN,Guinea,Epidemic,1,,0,0.0,143.0,1,100.0,,0,0.0,,0,0.0
2013,12.0,2013-12,Africa,KEN,Kenya,Flood,1,14.0,1,100.0,,0,0.0,,0,0.0,,0,0.0
2013,12.0,2013-12,Americas,ARG,Argentina,Storm,1,4.0,1,100.0,12.0,1,100.0,2000000.0,1,100.0,2764000.0,1,100.0
2013,12.0,2013-12,Americas,BRA,Brazil,Flood,3,85.0,3,100.0,45900.0,3,100.0,542000000.0,2,66.67,749035000.0,2,66.67
2013,12.0,2013-12,Americas,CAN,Canada,Extreme temperature,1,10.0,1,100.0,,0,0.0,200000000.0,1,100.0,276397000.0,1,100.0
2013,12.0,2013-12,Americas,CUB,Cuba,Flood,1,2.0,1,100.0,227.0,1,100.0,,0,0.0,,0,0.0
2013,12.0,2013-12,Americas,DOM,Dominican Republic,Flood,1,,0,0.0,,0,0.0,102000.0,1,100.0,141000.0,1,100.0
2013,12.0,2013-12,Americas,LCA,Saint Lucia,Flood,1,6.0,1,100.0,19984.0,1,100.0,,0,0.0,,0,0.0
2013,12.0,2013-12,Americas,SLV,El Salvador,Volcanic activity,1,,0,0.0,63079.0,1,100.0,,0,0.0,,0,0.0
2013,12.0,2013-12,Americas,USA,United States of America,Extreme temperature,1,19.0,1,100.0,,0,0.0,200000000.0,1,100.0,276397000.0,1,100.0
2013,12.0,2013-12,Americas,USA,United States of America,Flood,1,5.0,1,100.0,,0,0.0,,0,0.0,,0,0.0
2013,12.0,2013-12,Americas,USA,United States of America,Storm,1,20.0,1,100.0,,0,0.0,100000000.0,1,100.0,138198000.0,1,100.0
2013,12.0,2013-12,Americas,VCT,Saint Vincent and the Grenadines,Flood,1,12.0,1,100.0,17422.0,1,100.0,108000000.0,1,100.0,149254000.0,1,100.0
2013,12.0,2013-12,Asia,ARM,Armenia,Extreme temperature,1,,0,0.0,12000.0,1,100.0,,0,0.0,,0,0.0
2013,12.0,2013-12,Asia,CHN,China,Earthquake,2,,0,0.0,92500.0,2,100.0,6300000.0,1,50.0,8706000.0,1,50.0
2013,12.0,2013-12,Asia,CHN,China,Flood,1,,0,0.0,90000.0,1,100.0,410000000.0,1,100.0,566613000.0,1,100.0
2013,12.0,2013-12,Asia,IDN,Indonesia,Flood,2,4.0,1,50.0,106750.0,2,100.0,4000000.0,2,100.0,5528000.0,2,100.0
2013,12.0,2013-12,Asia,ISR,Israel,Storm,1,4.0,1,100.0,2003000.0,1,100.0,,0,0.0,,0,0.0
2013,12.0,2013-12,Asia,MYS,Malaysia,Flood,1,4.0,1,100.0,75000.0,1,100.0,2000000.0,1,100.0,2764000.0,1,100.0
2013,12.0,2013-12,Asia,PSE,State of Palestine,Storm,1,1.0,1,100.0,50071.0,1,100.0,,0,0.0,,0,0.0
2013,12.0,2013-12,Europe,BEL,Belgium,Storm,2,,0,0.0,,0,0.0,,0,0.0,,0,0.0
2013,12.0,2013-12,Europe,CHE,Switzerland,Storm,1,,0,0.0,,0,0.0,,0,0.0,,0,0.0
2013,12.0,2013-12,Europe,DEU,Germany,Storm,1,,0,0.0,,0,0.0,,0,0.0,,0,0.0
2013,12.0,2013-12,Europe,DNK,Denmark,Storm,1,1.0,1,100.0,,0,0.0,,0,0.0,,0,0.0
2013,12.0,2013-12,Europe,ESP,Spain,Storm,1,,0,0.0,,0,0.0,,0,0.0,,0,0.0
2013,12.0,2013-12,Europe,FRA,France,Storm,1,1.0,1,100.0,,0,0.0,,0,0.0,,0,0.0
2013,12.0,2013-12,Europe,GBR,United Kingdom of Great Britain and Northern Ireland,Flood,1,2.0,1,100.0,600.0,1,100.0,1500000000.0,1,100.0,2072976000.0,1,100.0
2013,12.0,2013-12,Europe,GBR,United Kingdom of Great Britain and Northern Ireland,Storm,2,7.0,2,100.0,4200.0,1,50.0,,0,0.0,,0,0.0
2013,12.0,2013-12,Europe,NLD,Netherlands (Kingdom of the),Storm,2,,0,0.0,,0,0.0,10000000.0,1,50.0,13820000.0,1,50.0
2013,12.0,2013-12,Europe,POL,Poland,Storm,1,4.0,1,100.0,53.0,1,100.0,,0,0.0,,0,0.0
2013,12.0,2013-12,Europe,PRT,Portugal,Storm,1,,0,0.0,,0,0.0,,0,0.0,,0,0.0
2013,12.0,2013-12,Europe,SWE,Sweden,Storm,1,7.0,1,100.0,,0,0.0,,0,0.0,,0,0.0
2014,1.0,2014-01,Africa,COD,Democratic Republic of the Congo,Mass movement (wet),1,11.0,1,100.0,,0,0.0,,0,0.0,,0,0.0
2014,1.0,2014-01,Africa,KEN,Kenya,Drought,1,,0,0.0,1600000.0,1,100.0,,0,0.0,,0,0.0
2014,1.0,2014-01,Africa,MAR,Morocco,Storm,1,,0,0.0,,0,0.0,,0,0.0,,0,0.0
2014,1.0,2014-01,Africa,MOZ,Mozambique,Flood,1,17.0,1,100.0,75986.0,1,100.0,,0,0.0,,0,0.0
2014,1.0,2014-01,Africa,REU,Réunion,Storm,1,1.0,1,100.0,265.0,1,100.0,85000000.0,1,100.0,115593000.0,1,100.0
2014,1.0,2014-01,Africa,SYC,Seychelles,Flood,1,,0,0.0,4435.0,1,100.0,,0,0.0,,0,0.0
2014,1.0,2014-01,Africa,TZA,United Republic of Tanzania,Flood,1,3.0,1,100.0,20000.0,1,100.0,2000000.0,1,100.0,2720000.0,1,100.0
2014,1.0,2014-01,Africa,ZWE,Zimbabwe,Flood,1,3.0,1,100.0,1002.0,1,100.0,20000000.0,1,100.0,27198000.0,1,100.0
2014,1.0,2014-01,Americas,ARG,Argentina,Mass movement (wet),1,24.0,1,100.0,350.0,1,100.0,,0,0.0,,0,0.0
2014,1.0,2014-01,Americas,BOL,Bolivia (Plurinational State of),Mass movement (wet),1,74.0,1,100.0,11400.0,1,100.0,200000000.0,1,100.0,271985000.0,1,100.0
2014,1.0,2014-01,Americas,BRA,Brazil,Drought,1,,0,0.0,27000000.0,1,100.0,5000000000.0,1,100.0,6799615000.0,1,100.0
2014,1.0,2014-01,Americas,BRA,Brazil,Flood,1,20.0,1,100.0,600.0,1,100.0,,0,0.0,,0,0.0
2014,1.0,2014-01,Americas,CAN,Canada,Extreme temperature,1,,0,0.0,,0,0.0,,0,0.0,,0,0.0
2014,1.0,2014-01,Americas,COL,Colombia,Flood,1,,0,0.0,8978.0,1,100.0,,0,0.0,,0,0.0
2014,1.0,2014-01,Americas,HND,Honduras,Flood,1,,0,0.0,20000.0,1,100.0,,0,0.0,,0,0.0
2014,1.0,2014-01,Americas,HTI,Haiti,Drought,1,,0,0.0,1000000.0,1,100.0,2000000.0,1,100.0,2720000.0,1,100.0
2014,1.0,2014-01,Americas,JAM,Jamaica,Drought,1,,0,0.0,91545.0,1,100.0,10000000.0,1,100.0,13599000.0,1,100.0
2014,1.0,2014-01,Americas,PER,Peru,Flood,2,21.0,1,50.0,9000.0,1,50.0,,0,0.0,,0,0.0
2014,1.0,2014-01,Americas,USA,United States of America,Drought,1,,0,0.0,,0,0.0,2200000000.0,1,100.0,2991831000.0,1,100.0
2014,1.0,2014-01,Americas,USA,United States of America,Extreme temperature,1,21.0,1,100.0,,0,0.0,2500000000.0,1,100.0,3399807000.0,1,100.0
2014,1.0,2014-01,Americas,USA,United States of America,Storm,2,29.0,2,100.0,,0,0.0,460000000.0,2,100.0,625565000.0,2,100.0
2014,1.0,2014-01,Asia,IDN,Indonesia,Flood,4,63.0,3,75.0,412532.0,4,100.0,928000000.0,4,100.0,1262009000.0,4,100.0
2014,1.0,2014-01,Asia,IDN,Indonesia,Mass movement (wet),1,19.0,1,100.0,,0,0.0,,0,0.0,,0,0.0
2014,1.0,2014-01,Asia,IND,India,Extreme temperature,1,24.0,1,100.0,,0,0.0,,0,0.0,,0,0.0
2014,1.0,2014-01,Asia,IRN,Iran (Islamic Republic of),Earthquake,1,1.0,1,100.0,330.0,1,100.0,2000000.0,1,100.0,2720000.0,1,100.0
2014,1.0,2014-01,Asia,LKA,Sri Lanka,Drought,1,,0,0.0,1800000.0,1,100.0,25000000.0,1,100.0,33998000.0,1,100.0
2014,1.0,2014-01,Asia,PAK,Pakistan,Extreme temperature,1,139.0,1,100.0,,0,0.0,18000000.0,1,100.0,24479000.0,1,100.0
2014,1.0,2014-01,Asia,PHL,Philippines,Storm,2,85.0,2,100.0,1196447.0,2,100.0,15791000.0,2,100.0,21475000.0,2,100.0
2014,1.0,2014-01,Asia,THA,Thailand,Extreme temperature,1,63.0,1,100.0,1000000.0,1,100.0,,0,0.0,,0,0.0
2014,1.0,2014-01,Asia,TLS,Timor-Leste,Epidemic,1,2.0,1,100.0,197.0,1,100.0,,0,0.0,,0,0.0
2014,1.0,2014-01,Europe,BLR,Belarus,Extreme temperature,1,2.0,1,100.0,31500.0,1,100.0,,0,0.0,,0,0.0
2014,1.0,2014-01,Europe,ESP,Spain,Storm,1,3.0,1,100.0,,0,0.0,,0,0.0,,0,0.0
2014,1.0,2014-01,Europe,FRA,France,Flood,1,4.0,1,100.0,1000.0,1,100.0,,0,0.0,,0,0.0
2014,1.0,2014-01,Europe,FRA,France,Storm,1,2.0,1,100.0,,0,0.0,,0,0.0,,0,0.0
2014,1.0,2014-01,Europe,GBR,United Kingdom of Great Britain and Northern Ireland,Flood,1,2.0,1,100.0,1000.0,1,100.0,624000000.0,1,100.0,848592000.0,1,100.0
2014,1.0,2014-01,Europe,GRC,Greece,Earthquake,1,,0,0.0,2023.0,1,100.0,178000000.0,1,100.0,242066000.0,1,100.0
2014,1.0,2014-01,Europe,ITA,Italy,Flood,2,6.0,2,100.0,1681.0,2,100.0,414000000.0,2,100.0,563008000.0,2,100.0
2014,1.0,2014-01,Europe,POL,Poland,Extreme temperature,1,78.0,1,100.0,,0,0.0,,0,0.0,,0,0.0
2014,1.0,2014-01,Europe,PRT,Portugal,Storm,1,,0,0.0,54.0,1,100.0,,0,0.0,,0,0.0
2014,1.0,2014-01,Europe,ROU,Romania,Extreme temperature,1,13.0,1,100.0,,0,0.0,,0,0.0,,0,0.0
2014,1.0,2014-01,Europe,SRB,Serbia,Extreme temperature,1,,0,0.0,3000.0,1,100.0,,0,0.0,,0,0.0
2014,1.0,2014-01,Europe,SVN,Slovenia,Extreme temperature,1,1.0,1,100.0,50000.0,1,100.0,,0,0.0,,0,0.0
2014,1.0,2014-01,Oceania,AUS,Australia,Extreme temperature,1,139.0,1,100.0,,0,0.0,,0,0.0,,0,0.0
2014,1.0,2014-01,Oceania,AUS,Australia,Wildfire,1,2.0,1,100.0,168.0,1,100.0,25000000.0,1,100.0,33998000.0,1,100.0
2014,1.0,2014-01,Oceania,TON,Tonga,Storm,1,1.0,1,100.0,4014.0,1,100.0,31000000.0,1,100.0,42158000.0,1,100.0
2014,2.0,2014-02,Africa,BDI,Burundi,Flood,1,96.0,1,100.0,12682.0,1,100.0,2000000.0,1,100.0,2720000.0,1,100.0
2014,2.0,2014-02,Africa,GIN,Guinea,Epidemic,1,2544.0,1,100.0,3814.0,1,100.0,,0,0.0,,0,0.0
2014,2.0,2014-02,Africa,GMB,Gambia,Epidemic,1,,0,0.0,,0,0.0,,0,0.0,,0,0.0
2014,2.0,2014-02,Americas,BRA,Brazil,Flood,1,,0,0.0,67500.0,1,100.0,200000000.0,1,100.0,271985000.0,1,100.0
2014,2.0,2014-02,Americas,PRY,Paraguay,Flood,1,,0,0.0,2000.0,1,100.0,,0,0.0,,0,0.0
2014,2.0,2014-02,Americas,USA,United States of America,Storm,3,46.0,3,100.0,,0,0.0,1002000000.0,3,100.0,1362643000.0,3,100.0
2014,2.0,2014-02,Asia,AFG,Afghanistan,Storm,1,63.0,1,100.0,,0,0.0,,0,0.0,,0,0.0
2014,2.0,2014-02,Asia,CHN,China,Earthquake,1,,0,0.0,450000.0,1,100.0,174000000.0,1,100.0,236627000.0,1,100.0
2014,2.0,2014-02,Asia,CHN,China,Storm,1,10.0,1,100.0,100090.0,1,100.0,675000000.0,1,100.0,917948000.0,1,100.0
2014,2.0,2014-02,Asia,IDN,Indonesia,Flood,1,13.0,1,100.0,275.0,1,100.0,,0,0.0,,0,0.0
2014,2.0,2014-02,Asia,IDN,Indonesia,Volcanic activity,2,39.0,2,100.0,115160.0,2,100.0,186000000.0,2,100.0,252946000.0,2,100.0
2014,2.0,2014-02,Asia,JPN,Japan,Storm,2,61.0,2,100.0,4400.0,2,100.0,6085000000.0,2,100.0,8275131000.0,2,100.0
2014,2.0,2014-02,Asia,KGZ,Kyrgyzstan,Storm,1,,0,0.0,,0,0.0,,0,0.0,,0,0.0
2014,2.0,2014-02,Asia,KOR,Republic of Korea,Storm,1,10.0,1,100.0,101.0,1,100.0,11000000.0,1,100.0,14959000.0,1,100.0
2014,2.0,2014-02,Asia,LKA,Sri Lanka,Flood,1,27.0,1,100.0,,0,0.0,,0,0.0,,0,0.0
2014,2.0,2014-02,Europe,FRA,France,Storm,1,,0,0.0,,0,0.0,,0,0.0,,0,0.0
2014,2.0,2014-02,Europe,GBR,United Kingdom of Great Britain and Northern Ireland,Storm,1,5.0,1,100.0,18000.0,1,100.0,100000000.0,1,100.0,135992000.0,1,100.0
2014,2.0,2014-02,Europe,IRL,Ireland,Storm,1,1.0,1,100.0,,0,0.0,,0,0.0,,0,0.0
2014,2.0,2014-02,Europe,PRT,Portugal,Storm,1,1.0,1,100.0,,0,0.0,,0,0.0,,0,0.0
2014,2.0,2014-02,Oceania,AUS,Australia,Wildfire,1,,0,0.0,122.0,1,100.0,100000000.0,1,100.0,135992000.0,1,100.0
2014,3.0,2014-03,Africa,COM,Comoros,Earthquake,1,,0,0.0,10000.0,1,100.0,,0,0.0,,0,0.0
2014,3.0,2014-03,Africa,COM,Comoros,Storm,1,,0,0.0,9511.0,1,100.0,,0,0.0,,0,0.0
2014,3.0,2014-03,Africa,LBR,Liberia,Epidemic,1,4810.0,1,100.0,10682.0,1,100.0,,0,0.0,,0,0.0
2014,3.0,2014-03,Africa,MDG,Madagascar,Storm,1,17.0,1,100.0,1736.0,1,100.0,,0,0.0,,0,0.0
2014,3.0,2014-03,Africa,NGA,Nigeria,Epidemic,1,8.0,1,100.0,21.0,1,100.0,,0,0.0,,0,0.0
2014,3.0,2014-03,Africa,SEN,Senegal,Epidemic,1,,0,0.0,1.0,1,100.0,,0,0.0,,0,0.0
2014,3.0,2014-03,Africa,SLE,Sierra Leone,Epidemic,1,3956.0,1,100.0,14124.0,1,100.0,,0,0.0,,0,0.0
2014,3.0,2014-03,Africa,ZAF,South Africa,Flood,1,32.0,1,100.0,7185.0,1,100.0,85000000.0,1,100.0,115593000.0,1,100.0
2014,3.0,2014-03,Americas,COL,Colombia,Flood,1,33.0,1,100.0,41151.0,1,100.0,,0,0.0,,0,0.0
2014,3.0,2014-03,Americas,PRY,Paraguay,Flood,1,,0,0.0,231360.0,1,100.0,,0,0.0,,0,0.0
2014,3.0,2014-03,Americas,USA,United States of America,Mass movement (wet),1,43.0,1,100.0,150.0,1,100.0,20000000.0,1,100.0,27198000.0,1,100.0
2014,3.0,2014-03,Asia,CHN,China,Storm,2,22.0,2,100.0,410000.0,2,100.0,205000000.0,2,100.0,278784000.0,2,100.0
2014,3.0,2014-03,Asia,IND,India,Storm,2,24.0,2,100.0,11538.0,2,100.0,,0,0.0,,0,0.0
2014,3.0,2014-03,Asia,KAZ,Kazakhstan,Flood,1,5.0,1,100.0,2709.0,1,100.0,,0,0.0,,0,0.0
2014,3.0,2014-03,Asia,MYS,Malaysia,Drought,1,,0,0.0,2200000.0,1,100.0,,0,0.0,,0,0.0
2014,3.0,2014-03,Asia,THA,Thailand,Drought,1,,0,0.0,,0,0.0,,0,0.0,,0,0.0
2014,3.0,2014-03,Asia,THA,Thailand,Storm,1,,0,0.0,2000.0,1,100.0,,0,0.0,,0,0.0
2014,3.0,2014-03,Oceania,KIR,Kiribati,Flood,1,,0,0.0,220.0,1,100.0,,0,0.0,,0,0.0
2014,3.0,2014-03,Oceania,MHL,Marshall Islands,Flood,1,,0,0.0,360.0,1,100.0,,0,0.0,,0,0.0
2014,3.0,2014-03,Oceania,VUT,Vanuatu,Storm,1,12.0,1,100.0,20006.0,1,100.0,2000000.0,1,100.0,2720000.0,1,100.0
2014,4.0,2014-04,Africa,CMR,Cameroon,Epidemic,1,77.0,1,100.0,1680.0,1,100.0,,0,0.0,,0,0.0
2014,4.0,2014-04,Africa,NGA,Nigeria,Epidemic,1,755.0,1,100.0,35996.0,1,100.0,,0,0.0,,0,0.0
2014,4.0,2014-04,Africa,SSD,South Sudan,Epidemic,2,149.0,2,100.0,6486.0,2,100.0,,0,0.0,,0,0.0
2014,4.0,2014-04,Africa,TZA,United Republic of Tanzania,Flood,1,28.0,1,100.0,20000.0,1,100.0,,0,0.0,,0,0.0
2014,4.0,2014-04,Americas,ARG,Argentina,Flood,1,,0,0.0,2000.0,1,100.0,,0,0.0,,0,0.0
2014,4.0,2014-04,Americas,CHL,Chile,Earthquake,1,6.0,1,100.0,513387.0,1,100.0,100000000.0,1,100.0,135992000.0,1,100.0
2014,4.0,2014-04,Americas,CHL,Chile,Wildfire,1,12.0,1,100.0,13000.0,1,100.0,34000000.0,1,100.0,46237000.0,1,100.0
2014,4.0,2014-04,Americas,HND,Honduras,Drought,1,,0,0.0,2023000.0,1,100.0,,0,0.0,,0,0.0
2014,4.0,2014-04,Americas,MEX,Mexico,Earthquake,1,,0,0.0,381.0,1,100.0,,0,0.0,,0,0.0
2014,4.0,2014-04,Americas,NIC,Nicaragua,Earthquake,1,2.0,1,100.0,12281.0,1,100.0,3000000.0,1,100.0,4080000.0,1,100.0
2014,4.0,2014-04,Americas,PER,Peru,Extreme temperature,1,505.0,1,100.0,109257.0,1,100.0,,0,0.0,,0,0.0
2014,4.0,2014-04,Americas,USA,United States of America,Storm,1,40.0,1,100.0,15.0,1,100.0,2000000000.0,1,100.0,2719846000.0,1,100.0
2014,4.0,2014-04,Asia,AFG,Afghanistan,Flood,1,431.0,1,100.0,140100.0,1,100.0,,0,0.0,,0,0.0
2014,4.0,2014-04,Asia,BGD,Bangladesh,Storm,1,16.0,1,100.0,4012.0,1,100.0,,0,0.0,,0,0.0
2014,4.0,2014-04,Asia,CHN,China,Earthquake,1,,0,0.0,75021.0,1,100.0,80000000.0,1,100.0,108794000.0,1,100.0
2014,4.0,2014-04,Asia,CHN,China,Storm,3,140.0,3,100.0,125000.0,2,66.67,712000000.0,3,100.0,968265000.0,3,100.0
2014,4.0,2014-04,Asia,IND,India,Storm,1,27.0,1,100.0,,0,0.0,,0,0.0,,0,0.0
2014,4.0,2014-04,Asia,NPL,Nepal,Mass movement (wet),1,16.0,1,100.0,,0,0.0,,0,0.0,,0,0.0
2014,4.0,2014-04,Asia,TJK,Tajikistan,Flood,1,20.0,1,100.0,7438.0,1,100.0,2000000.0,1,100.0,2720000.0,1,100.0
2014,4.0,2014-04,Europe,BGR,Bulgaria,Flood,1,,0,0.0,,0,0.0,,0,0.0,,0,0.0
2014,4.0,2014-04,Europe,BIH,Bosnia and Herzegovina,Flood,1,,0,0.0,,0,0.0,,0,0.0,,0,0.0
2014,4.0,2014-04,Europe,ROU,Romania,Flood,1,,0,0.0,525.0,1,100.0,,0,0.0,,0,0.0
2014,4.0,2014-04,Europe,SRB,Serbia,Flood,1,,0,0.0,3000.0,1,100.0,,0,0.0,,0,0.0
2014,4.0,2014-04,Oceania,PNG,Papua New Guinea,Storm,1,,0,0.0,12346.0,1,100.0,,0,0.0,,0,0.0
2014,4.0,2014-04,Oceania,SLB,Solomon Islands,Flood,1,47.0,1,100.0,52000.0,1,100.0,24000000.0,1,100.0,32638000.0,1,100.0
2014,5.0,2014-05,Africa,BFA,Burkina Faso,Drought,1,,0,0.0,4000000.0,1,100.0,,0,0.0,,0,0.0
2014,5.0,2014-05,Americas,GTM,Guatemala,Storm,1,5.0,1,100.0,100000.0,1,100.0,,0,0.0,,0,0.0
2014,5.0,2014-05,Americas,HTI,Haiti,Epidemic,1,,0,0.0,39343.0,1,100.0,,0,0.0,,0,0.0
2014,5.0,2014-05,Americas,MEX,Mexico,Storm,1,,0,0.0,,0,0.0,,0,0.0,,0,0.0
2014,5.0,2014-05,Americas,USA,United States of America,Storm,1,,0,0.0,,0,0.0,3900000000.0,1,100.0,5303700000.0,1,100.0
2014,5.0,2014-05,Americas,USA,United States of America,Wildfire,1,2.0,1,100.0,429.0,1,100.0,100000000.0,1,100.0,135992000.0,1,100.0
2014,5.0,2014-05,Asia,CHN,China,Earthquake,2,,0,0.0,409738.0,2,100.0,62000000.0,2,100.0,84315000.0,2,100.0
2014,5.0,2014-05,Asia,CHN,China,Flood,2,90.0,2,100.0,5500000.0,1,50.0,1700000000.0,2,100.0,2311869000.0,2,100.0
2014,5.0,2014-05,Asia,IND,India,Storm,1,15.0,1,100.0,26.0,1,100.0,,0,0.0,,0,0.0
2014,5.0,2014-05,Asia,THA,Thailand,Earthquake,1,1.0,1,100.0,17523.0,1,100.0,62000000.0,1,100.0,84315000.0,1,100.0
2014,5.0,2014-05,Asia,TJK,Tajikistan,Flood,1,,0,0.0,5785.0,1,100.0,,0,0.0,,0,0.0
2014,5.0,2014-05,Asia,TUR,Türkiye,Earthquake,1,,0,0.0,324.0,1,100.0,,0,0.0,,0,0.0
2014,5.0,2014-05,Europe,BIH,Bosnia and Herzegovina,Flood,1,25.0,1,100.0,1000000.0,1,100.0,436580000.0,1,100.0,593715000.0,1,100.0
2014,5.0,2014-05,Europe,GRC,Greece,Earthquake,1,3.0,1,100.0,75002.0,1,100.0,450000000.0,1,100.0,611965000.0,1,100.0
2014,5.0,2014-05,Europe,HRV,Croatia,Flood,1,3.0,1,100.0,7116.0,1,100.0,,0,0.0,,0,0.0
2014,5.0,2014-05,Europe,ITA,Italy,Flood,1,3.0,1,100.0,8010.0,1,100.0,120000000.0,1,100.0,163191000.0,1,100.0
2014,5.0,2014-05,Europe,RUS,Russian Federation,Flood,1,6.0,1,100.0,24545.0,1,100.0,8000000.0,1,100.0,10879000.0,1,100.0
2014,5.0,2014-05,Europe,SRB,Serbia,Flood,1,51.0,1,100.0,49600.0,1,100.0,2048262000.0,1,100.0,2785479000.0,1,100.0
2014,6.0,2014-06,Africa,CIV,Côte d’Ivoire,Flood,2,46.0,2,100.0,,0,0.0,,0,0.0,,0,0.0
2014,6.0,2014-06,Africa,GHA,Ghana,Epidemic,1,249.0,1,100.0,56469.0,1,100.0,,0,0.0,,0,0.0
2014,6.0,2014-06,Africa,NER,Niger,Flood,1,36.0,1,100.0,165578.0,1,100.0,2000000.0,1,100.0,2720000.0,1,100.0
2014,6.0,2014-06,Africa,NGA,Nigeria,Flood,1,15.0,1,100.0,10000.0,1,100.0,,0,0.0,,0,0.0
2014,6.0,2014-06,Americas,ARG,Argentina,Flood,1,,0,0.0,,0,0.0,62000000.0,1,100.0,84315000.0,1,100.0
2014,6.0,2014-06,Americas,BRA,Brazil,Flood,1,11.0,1,100.0,500052.0,1,100.0,,0,0.0,,0,0.0
2014,6.0,2014-06,Americas,CHL,Chile,Flood,1,,0,0.0,12555.0,1,100.0,,0,0.0,,0,0.0
2014,6.0,2014-06,Americas,COL,Colombia,Flood,1,,0,0.0,4085.0,1,100.0,,0,0.0,,0,0.0
2014,6.0,2014-06,Americas,USA,United States of America,Storm,1,2.0,1,100.0,36.0,1,100.0,1600000000.0,1,100.0,2175877000.0,1,100.0
2014,6.0,2014-06,Asia,AFG,Afghanistan,Flood,1,81.0,1,100.0,1955.0,1,100.0,3000000.0,1,100.0,4080000.0,1,100.0
2014,6.0,2014-06,Asia,BGD,Bangladesh,Storm,1,4.0,1,100.0,1250.0,1,100.0,,0,0.0,,0,0.0
2014,6.0,2014-06,Asia,CHN,China,Drought,1,,0,0.0,226000.0,1,100.0,1180000000.0,1,100.0,1604709000.0,1,100.0
2014,6.0,2014-06,Asia,CHN,China,Flood,4,118.0,4,100.0,16320000.0,4,100.0,3160000000.0,4,100.0,4297357000.0,4,100.0
2014,6.0,2014-06,Asia,CHN,China,Storm,2,11.0,1,50.0,30000.0,2,100.0,225000000.0,2,100.0,305983000.0,2,100.0
2014,6.0,2014-06,Asia,IND,India,Flood,1,27.0,1,100.0,18500.0,1,100.0,2000000.0,1,100.0,2720000.0,1,100.0
2014,6.0,2014-06,Asia,IRN,Iran (Islamic Republic of),Flood,1,37.0,1,100.0,440000.0,1,100.0,49000000.0,1,100.0,66636000.0,1,100.0
2014,6.0,2014-06,Asia,LKA,Sri Lanka,Flood,1,27.0,1,100.0,104009.0,1,100.0,2000000.0,1,100.0,2720000.0,1,100.0
2014,6.0,2014-06,Asia,PHL,Philippines,Flood,1,,0,0.0,99185.0,1,100.0,791000.0,1,100.0,1076000.0,1,100.0
2014,6.0,2014-06,Europe,BEL,Belgium,Storm,1,,0,0.0,,0,0.0,,0,0.0,,0,0.0
2014,6.0,2014-06,Europe,BGR,Bulgaria,Flood,1,15.0,1,100.0,1260.0,1,100.0,377000000.0,1,100.0,512691000.0,1,100.0
2014,6.0,2014-06,Europe,DEU,Germany,Storm,1,6.0,1,100.0,,0,0.0,,0,0.0,,0,0.0
2014,6.0,2014-06,Europe,FRA,France,Storm,1,,0,0.0,,0,0.0,,0,0.0,,0,0.0
2014,6.0,2014-06,Oceania,PNG,Papua New Guinea,Flood,1,,0,0.0,27000.0,1,100.0,,0,0.0,,0,0.0
2014,7.0,2014-07,Africa,SDN,Sudan,Flood,1,39.0,1,100.0,266204.0,1,100.0,,0,0.0,,0,0.0
2014,7.0,2014-07,Africa,SOM,Somalia,Drought,1,,0,0.0,535624.0,1,100.0,,0,0.0,,0,0.0
2014,7.0,2014-07,Americas,BRA,Brazil,Flood,1,10.0,1,100.0,50000.0,1,100.0,,0,0.0,,0,0.0
2014,7.0,2014-07,Americas,GTM,Guatemala,Earthquake,1,1.0,1,100.0,94783.0,1,100.0,,0,0.0,,0,0.0
2014,7.0,2014-07,Americas,MEX,Mexico,Earthquake,1,3.0,1,100.0,27000.0,1,100.0,,0,0.0,,0,0.0
2014,7.0,2014-07,Americas,USA,United States of America,Storm,1,,0,0.0,300.0,1,100.0,270000000.0,1,100.0,367179000.0,1,100.0
2014,7.0,2014-07,Asia,CHN,China,Flood,3,113.0,3,100.0,196500.0,3,100.0,1750000000.0,2,66.67,2379865000.0,2,66.67
2014,7.0,2014-07,Asia,CHN,China,Storm,3,90.0,3,100.0,10010099.0,2,66.67,5006973000.0,3,100.0,6809097000.0,3,100.0
2014,7.0,2014-07,Asia,IND,India,Flood,1,26.0,1,100.0,,0,0.0,,0,0.0,,0,0.0
2014,7.0,2014-07,Asia,IND,India,Mass movement (wet),1,151.0,1,100.0,200.0,1,100.0,,0,0.0,,0,0.0
2014,7.0,2014-07,Asia,JPN,Japan,Extreme temperature,1,27.0,1,100.0,17000.0,1,100.0,,0,0.0,,0,0.0
2014,7.0,2014-07,Asia,JPN,Japan,Storm,1,7.0,1,100.0,666.0,1,100.0,156000000.0,1,100.0,212148000.0,1,100.0
2014,7.0,2014-07,Asia,KHM,Cambodia,Flood,1,45.0,1,100.0,530450.0,1,100.0,2000000.0,1,100.0,2720000.0,1,100.0
2014,7.0,2014-07,Asia,NPL,Nepal,Flood,2,24.0,2,100.0,2400.0,1,50.0,,0,0.0,,0,0.0
2014,7.0,2014-07,Asia,PHL,Philippines,Storm,2,113.0,2,100.0,4655649.0,2,100.0,820576000.0,1,50.0,1115920000.0,1,50.0
2014,7.0,2014-07,Asia,TWN,Taiwan (Province of China),Storm,1,,0,0.0,,0,0.0,20000000.0,1,100.0,27198000.0,1,100.0
2014,7.0,2014-07,Asia,VNM,Viet Nam,Storm,1,27.0,1,100.0,36000.0,1,100.0,6200000.0,1,100.0,8432000.0,1,100.0
2014,7.0,2014-07,Europe,BGR,Bulgaria,Flood,1,2.0,1,100.0,7247.0,1,100.0,,0,0.0,,0,0.0
2014,7.0,2014-07,Europe,BGR,Bulgaria,Storm,1,1.0,1,100.0,40.0,1,100.0,545000000.0,1,100.0,741158000.0,1,100.0
2014,7.0,2014-07,Europe,DEU,Germany,Storm,1,2.0,1,100.0,1.0,1,100.0,400000000.0,1,100.0,543969000.0,1,100.0
2014,7.0,2014-07,Europe,ROU,Romania,Flood,1,2.0,1,100.0,2000.0,1,100.0,,0,0.0,,0,0.0
2014,8.0,2014-08,Africa,CMR,Cameroon,Epidemic,1,34.0,1,100.0,376.0,1,100.0,,0,0.0,,0,0.0
2014,8.0,2014-08,Africa,CMR,Cameroon,Flood,1,,0,0.0,250000.0,1,100.0,,0,0.0,,0,0.0
2014,8.0,2014-08,Africa,COD,Democratic Republic of the Congo,Epidemic,1,49.0,1,100.0,17.0,1,100.0,,0,0.0,,0,0.0
2014,8.0,2014-08,Africa,DZA,Algeria,Earthquake,1,6.0,1,100.0,420.0,1,100.0,,0,0.0,,0,0.0
2014,8.0,2014-08,Africa,ZAF,South Africa,Earthquake,1,1.0,1,100.0,2002.0,1,100.0,,0,0.0,,0,0.0
2014,8.0,2014-08,Americas,CAN,Canada,Flood,1,,0,0.0,6904.0,1,100.0,129000000.0,1,100.0,175430000.0,1,100.0
2014,8.0,2014-08,Americas,GTM,Guatemala,Drought,1,,0,0.0,1300000.0,1,100.0,58000000.0,1,100.0,78876000.0,1,100.0
2014,8.0,2014-08,Americas,MEX,Mexico,Storm,1,3.0,1,100.0,30000.0,1,100.0,14000000.0,1,100.0,19039000.0,1,100.0
2014,8.0,2014-08,Americas,NIC,Nicaragua,Drought,1,,0,0.0,460000.0,1,100.0,,0,0.0,,0,0.0
2014,8.0,2014-08,Americas,PAN,Panama,Flood,1,9.0,1,100.0,116.0,1,100.0,,0,0.0,,0,0.0
2014,8.0,2014-08,Americas,USA,United States of America,Earthquake,1,1.0,1,100.0,3250.0,1,100.0,700000000.0,1,100.0,951946000.0,1,100.0
2014,8.0,2014-08,Americas,USA,United States of America,Flood,1,2.0,1,100.0,102000.0,1,100.0,1600000000.0,1,100.0,2175877000.0,1,100.0
2014,8.0,2014-08,Americas,USA,United States of America,Storm,1,1.0,1,100.0,834.0,1,100.0,66000000.0,1,100.0,89755000.0,1,100.0
2014,8.0,2014-08,Asia,BGD,Bangladesh,Flood,1,59.0,1,100.0,2800447.0,1,100.0,160000000.0,1,100.0,217588000.0,1,100.0
2014,8.0,2014-08,Asia,CHN,China,Drought,1,,0,0.0,27500000.0,1,100.0,2500000000.0,1,100.0,3399807000.0,1,100.0
2014,8.0,2014-08,Asia,CHN,China,Earthquake,1,731.0,1,100.0,1120513.0,1,100.0,5000000000.0,1,100.0,6799615000.0,1,100.0
2014,8.0,2014-08,Asia,CHN,China,Flood,2,37.0,2,100.0,200000.0,2,100.0,1087000000.0,2,100.0,1478236000.0,2,100.0
2014,8.0,2014-08,Asia,CHN,China,Mass movement (wet),1,25.0,1,100.0,407.0,1,100.0,,0,0.0,,0,0.0
2014,8.0,2014-08,Asia,CHN,China,Storm,1,20.0,1,100.0,,0,0.0,31000000.0,1,100.0,42158000.0,1,100.0
2014,8.0,2014-08,Asia,IND,India,Flood,3,176.0,3,100.0,4279000.0,3,100.0,300000000.0,2,66.67,407977000.0,2,66.67
2014,8.0,2014-08,Asia,IRN,Iran (Islamic Republic of),Earthquake,1,,0,0.0,12250.0,1,100.0,43000000.0,1,100.0,58477000.0,1,100.0
2014,8.0,2014-08,Asia,JPN,Japan,Mass movement (wet),1,82.0,1,100.0,67.0,1,100.0,38000000.0,1,100.0,51677000.0,1,100.0
2014,8.0,2014-08,Asia,JPN,Japan,Storm,2,10.0,1,50.0,26151.0,2,100.0,200000000.0,1,50.0,271985000.0,1,50.0
2014,8.0,2014-08,Asia,KOR,Republic of Korea,Flood,1,17.0,1,100.0,,0,0.0,2000000.0,1,100.0,2720000.0,1,100.0
2014,8.0,2014-08,Asia,KOR,Republic of Korea,Storm,1,14.0,1,100.0,,0,0.0,,0,0.0,,0,0.0
2014,8.0,2014-08,Asia,LAO,Lao People's Democratic Republic,Flood,1,,0,0.0,750.0,1,100.0,,0,0.0,,0,0.0
2014,8.0,2014-08,Asia,MMR,Myanmar,Flood,1,,0,0.0,35400.0,1,100.0,,0,0.0,,0,0.0
2014,8.0,2014-08,Asia,NPL,Nepal,Flood,1,294.0,1,100.0,184894.0,1,100.0,,0,0.0,,0,0.0
2014,8.0,2014-08,Asia,NPL,Nepal,Mass movement (wet),1,156.0,1,100.0,476.0,1,100.0,15000000.0,1,100.0,20399000.0,1,100.0
2014,8.0,2014-08,Asia,PAK,Pakistan,Storm,1,16.0,1,100.0,82.0,1,100.0,,0,0.0,,0,0.0
2014,8.0,2014-08,Asia,PHL,Philippines,Flood,2,5.0,2,100.0,45945.0,2,100.0,,0,0.0,,0,0.0
2014,8.0,2014-08,Europe,BIH,Bosnia and Herzegovina,Flood,1,1.0,1,100.0,600.0,1,100.0,,0,0.0,,0,0.0
2014,8.0,2014-08,Europe,SRB,Serbia,Flood,1,1.0,1,100.0,,0,0.0,,0,0.0,,0,0.0
2014,8.0,2014-08,Oceania,PNG,Papua New Guinea,Volcanic activity,1,,0,0.0,1380.0,1,100.0,,0,0.0,,0,0.0
2014,9.0,2014-09,Africa,SEN,Senegal,Drought,1,,0,0.0,639702.0,1,100.0,,0,0.0,,0,0.0
2014,9.0,2014-09,Americas,MEX,Mexico,Storm,3,10.0,3,100.0,84135.0,3,100.0,2525500000.0,3,100.0,3434485000.0,3,100.0
2014,9.0,2014-09,Americas,PER,Peru,Earthquake,1,8.0,1,100.0,604.0,1,100.0,,0,0.0,,0,0.0
2014,9.0,2014-09,Asia,BGD,Bangladesh,Flood,1,,0,0.0,400000.0,1,100.0,,0,0.0,,0,0.0
2014,9.0,2014-09,Asia,CHN,China,Flood,2,115.0,2,100.0,1365000.0,2,100.0,1970000000.0,2,100.0,2679048000.0,2,100.0
2014,9.0,2014-09,Asia,CHN,China,Mass movement (wet),1,10.0,1,100.0,,0,0.0,,0,0.0,,0,0.0
2014,9.0,2014-09,Asia,CHN,China,Storm,3,36.0,2,66.67,531505.0,3,100.0,2900000000.0,1,33.33,3943777000.0,1,33.33
2014,9.0,2014-09,Asia,GEO,Georgia,Flood,1,,0,0.0,12000.0,1,100.0,,0,0.0,,0,0.0
2014,9.0,2014-09,Asia,IND,India,Flood,2,393.0,2,100.0,925000.0,2,100.0,16163000000.0,2,100.0,21980434000.0,2,100.0
2014,9.0,2014-09,Asia,JPN,Japan,Volcanic activity,1,63.0,1,100.0,69.0,1,100.0,,0,0.0,,0,0.0
2014,9.0,2014-09,Asia,MMR,Myanmar,Flood,1,,0,0.0,4600.0,1,100.0,,0,0.0,,0,0.0
2014,9.0,2014-09,Asia,PAK,Pakistan,Flood,1,255.0,1,100.0,2530673.0,1,100.0,2000000000.0,1,100.0,2719846000.0,1,100.0
2014,9.0,2014-09,Asia,PHL,Philippines,Storm,2,26.0,2,100.0,2483243.0,2,100.0,94966000.0,2,100.0,129146000.0,2,100.0
2014,9.0,2014-09,Asia,PHL,Philippines,Volcanic activity,1,,0,0.0,60545.0,1,100.0,,0,0.0,,0,0.0
2014,9.0,2014-09,Asia,THA,Thailand,Flood,1,10.0,1,100.0,73260.0,1,100.0,10000000.0,1,100.0,13599000.0,1,100.0
2014,9.0,2014-09,Asia,TWN,Taiwan (Province of China),Storm,1,,0,0.0,,0,0.0,400000000.0,1,100.0,543969000.0,1,100.0
2014,9.0,2014-09,Asia,VNM,Viet Nam,Storm,1,11.0,1,100.0,11325.0,1,100.0,4500000.0,1,100.0,6120000.0,1,100.0
2014,9.0,2014-09,Europe,BGR,Bulgaria,Flood,1,3.0,1,100.0,,0,0.0,10000000.0,1,100.0,13599000.0,1,100.0
2014,9.0,2014-09,Europe,BIH,Bosnia and Herzegovina,Flood,1,,0,0.0,,0,0.0,,0,0.0,,0,0.0
2014,9.0,2014-09,Europe,FRA,France,Storm,1,6.0,1,100.0,,0,0.0,182000000.0,1,100.0,247506000.0,1,100.0
2014,9.0,2014-09,Europe,HRV,Croatia,Flood,1,,0,0.0,2000.0,1,100.0,,0,0.0,,0,0.0
2014,9.0,2014-09,Europe,HUN,Hungary,Flood,1,,0,0.0,6500.0,1,100.0,,0,0.0,,0,0.0
2014,9.0,2014-09,Europe,SRB,Serbia,Flood,1,4.0,1,100.0,7000.0,1,100.0,,0,0.0,,0,0.0
2014,9.0,2014-09,Europe,SVN,Slovenia,Flood,1,2.0,1,100.0,4400.0,1,100.0,,0,0.0,,0,0.0
2014,10.0,2014-10,Africa,COD,Democratic Republic of the Congo,Flood,1,154.0,1,100.0,4750.0,1,100.0,15000000.0,1,100.0,20399000.0,1,100.0
2014,10.0,2014-10,Africa,LSO,Lesotho,Storm,1,,0,0.0,2600.0,1,100.0,,0,0.0,,0,0.0
2014,10.0,2014-10,Africa,MLI,Mali,Epidemic,1,6.0,1,100.0,7.0,1,100.0,,0,0.0,,0,0.0
2014,10.0,2014-10,Africa,SOM,Somalia,Flood,1,,0,0.0,90000.0,1,100.0,,0,0.0,,0,0.0
2014,10.0,2014-10,Americas,ARG,Argentina,Flood,1,3.0,1,100.0,5203.0,1,100.0,,0,0.0,,0,0.0
2014,10.0,2014-10,Americas,BOL,Bolivia (Plurinational State of),Drought,1,,0,0.0,51180.0,1,100.0,,0,0.0,,0,0.0
2014,10.0,2014-10,Americas,BOL,Bolivia (Plurinational State of),Flood,1,38.0,1,100.0,185120.0,1,100.0,,0,0.0,,0,0.0
2014,10.0,2014-10,Americas,COL,Colombia,Storm,1,11.0,1,100.0,18.0,1,100.0,,0,0.0,,0,0.0
2014,10.0,2014-10,Americas,GTM,Guatemala,Flood,1,6.0,1,100.0,87500.0,1,100.0,,0,0.0,,0,0.0
2014,10.0,2014-10,Americas,HND,Honduras,Flood,1,4.0,1,100.0,3000.0,1,100.0,1400000.0,1,100.0,1904000.0,1,100.0
2014,10.0,2014-10,Americas,MEX,Mexico,Storm,1,6.0,1,100.0,30000.0,1,100.0,2000000.0,1,100.0,2720000.0,1,100.0
2014,10.0,2014-10,Americas,NIC,Nicaragua,Flood,1,,0,0.0,60345.0,1,100.0,,0,0.0,,0,0.0
2014,10.0,2014-10,Americas,PER,Peru,Flood,1,20.0,1,100.0,83878.0,1,100.0,,0,0.0,,0,0.0
2014,10.0,2014-10,Americas,USA,United States of America,Storm,1,2.0,1,100.0,,0,0.0,170000000.0,1,100.0,231187000.0,1,100.0
2014,10.0,2014-10,Asia,CHN,China,Earthquake,1,1.0,1,100.0,255324.0,1,100.0,274000000.0,1,100.0,372619000.0,1,100.0
2014,10.0,2014-10,Asia,IND,India,Storm,1,53.0,1,100.0,920000.0,1,100.0,7000000000.0,1,100.0,9519461000.0,1,100.0
2014,10.0,2014-10,Asia,JPN,Japan,Storm,2,16.0,2,100.0,9964.0,2,100.0,200000000.0,2,100.0,271984000.0,2,100.0
2014,10.0,2014-10,Asia,LKA,Sri Lanka,Mass movement (wet),3,241.0,3,100.0,1797.0,3,100.0,,0,0.0,,0,0.0
2014,10.0,2014-10,Asia,NPL,Nepal,Storm,1,83.0,1,100.0,175.0,1,100.0,,0,0.0,,0,0.0
2014,10.0,2014-10,Europe,GRC,Greece,Flood,1,,0,0.0,2320.0,1,100.0,,0,0.0,,0,0.0
2014,10.0,2014-10,Europe,ITA,Italy,Flood,1,1.0,1,100.0,,0,0.0,303000000.0,1,100.0,412057000.0,1,100.0
2014,11.0,2014-11,Africa,CPV,Cabo Verde,Volcanic activity,1,,0,0.0,2500.0,1,100.0,,0,0.0,,0,0.0
2014,11.0,2014-11,Africa,MAR,Morocco,Flood,1,11.0,1,100.0,,0,0.0,,0,0.0,,0,0.0
2014,11.0,2014-11,Africa,MAR,Morocco,Storm,1,49.0,1,100.0,117000.0,1,100.0,300000000.0,1,100.0,407977000.0,1,100.0
2014,11.0,2014-11,Africa,MDG,Madagascar,Drought,1,,0,0.0,20000.0,1,100.0,,0,0.0,,0,0.0
2014,11.0,2014-11,Africa,NER,Niger,Animal incident,1,12.0,1,100.0,5.0,1,100.0,,0,0.0,,0,0.0
2014,11.0,2014-11,Americas,COL,Colombia,Flood,1,44.0,1,100.0,18000.0,1,100.0,8000000.0,1,100.0,10879000.0,1,100.0
2014,11.0,2014-11,Americas,DOM,Dominican Republic,Flood,1,1.0,1,100.0,300.0,1,100.0,,0,0.0,,0,0.0
2014,11.0,2014-11,Americas,GTM,Guatemala,Extreme temperature,1,,0,0.0,8141.0,1,100.0,,0,0.0,,0,0.0
2014,11.0,2014-11,Americas,HTI,Haiti,Flood,1,12.0,1,100.0,30000.0,1,100.0,,0,0.0,,0,0.0
2014,11.0,2014-11,Americas,PRI,Puerto Rico,Flood,1,1.0,1,100.0,,0,0.0,,0,0.0,,0,0.0
2014,11.0,2014-11,Americas,USA,United States of America,Storm,1,13.0,1,100.0,,0,0.0,100000000.0,1,100.0,135992000.0,1,100.0
2014,11.0,2014-11,Asia,CHN,China,Earthquake,1,5.0,1,100.0,82355.0,1,100.0,50000000.0,1,100.0,67996000.0,1,100.0
2014,11.0,2014-11,Asia,IDN,Indonesia,Flood,1,1.0,1,100.0,10420.0,1,100.0,,0,0.0,,0,0.0
2014,11.0,2014-11,Asia,JPN,Japan,Earthquake,1,,0,0.0,2657.0,1,100.0,2000000.0,1,100.0,2720000.0,1,100.0
2014,11.0,2014-11,Asia,PHL,Philippines,Storm,1,12.0,1,100.0,4695.0,1,100.0,,0,0.0,,0,0.0
2014,11.0,2014-11,Asia,THA,Thailand,Flood,1,,0,0.0,12000.0,1,100.0,,0,0.0,,0,0.0
2014,11.0,2014-11,Asia,VNM,Viet Nam,Storm,1,,0,0.0,750.0,1,100.0,,0,0.0,,0,0.0
2014,11.0,2014-11,Europe,CHE,Switzerland,Storm,1,2.0,1,100.0,,0,0.0,,0,0.0,,0,0.0
2014,11.0,2014-11,Europe,FRA,France,Flood,2,10.0,2,100.0,3000.0,1,50.0,303000000.0,1,50.0,412057000.0,1,50.0
2014,11.0,2014-11,Europe,ITA,Italy,Storm,1,5.0,1,100.0,,0,0.0,250000000.0,1,100.0,339981000.0,1,100.0
2014,11.0,2014-11,Oceania,AUS,Australia,Storm,1,,0,0.0,52539.0,1,100.0,1000000000.0,1,100.0,1359923000.0,1,100.0
2014,12.0,2014-12,Africa,KEN,Kenya,Epidemic,1,72.0,1,100.0,3459.0,1,100.0,,0,0.0,,0,0.0
2014,12.0,2014-12,Africa,MOZ,Mozambique,Epidemic,1,43.0,1,100.0,5118.0,1,100.0,,0,0.0,,0,0.0
2014,12.0,2014-12,Africa,MOZ,Mozambique,Flood,1,5.0,1,100.0,300.0,1,100.0,,0,0.0,,0,0.0
2014,12.0,2014-12,Africa,NER,Niger,Epidemic,2,153.0,2,100.0,1639.0,2,100.0,,0,0.0,,0,0.0
2014,12.0,2014-12,Africa,SWZ,Eswatini,Flood,1,11.0,1,100.0,400.0,1,100.0,,0,0.0,,0,0.0
2014,12.0,2014-12,Africa,ZWE,Zimbabwe,Flood,1,11.0,1,100.0,1500.0,1,100.0,,0,0.0,,0,0.0
2014,12.0,2014-12,Americas,USA,United States of America,Flood,1,,0,0.0,40.0,1,100.0,90000000.0,1,100.0,122393000.0,1,100.0
2014,12.0,2014-12,Americas,USA,United States of America,Storm,1,3.0,1,100.0,30.0,1,100.0,,0,0.0,,0,0.0
2014,12.0,2014-12,Asia,CHN,China,Earthquake,1,1.0,1,100.0,2022.0,1,100.0,,0,0.0,,0,0.0
2014,12.0,2014-12,Asia,CHN,China,Storm,1,,0,0.0,3000.0,1,100.0,315000000.0,1,100.0,428376000.0,1,100.0
2014,12.0,2014-12,Asia,IDN,Indonesia,Mass movement (wet),1,108.0,1,100.0,3900.0,1,100.0,,0,0.0,,0,0.0
2014,12.0,2014-12,Asia,IND,India,Extreme temperature,2,156.0,2,100.0,,0,0.0,,0,0.0,,0,0.0
2014,12.0,2014-12,Asia,JPN,Japan,Storm,2,35.0,2,100.0,101.0,1,50.0,,0,0.0,,0,0.0
2014,12.0,2014-12,Asia,LKA,Sri Lanka,Flood,1,41.0,1,100.0,1100020.0,1,100.0,,0,0.0,,0,0.0
2014,12.0,2014-12,Asia,MYS,Malaysia,Flood,1,17.0,1,100.0,230000.0,1,100.0,284000000.0,1,100.0,386218000.0,1,100.0
2014,12.0,2014-12,Asia,PHL,Philippines,Storm,2,90.0,2,100.0,4728949.0,2,100.0,131566000.0,2,100.0,178919000.0,2,100.0
2014,12.0,2014-12,Asia,THA,Thailand,Flood,2,19.0,2,100.0,46028.0,2,100.0,,0,0.0,,0,0.0
2014,12.0,2014-12,Europe,MKD,North Macedonia,Extreme temperature,1,,0,0.0,8800.0,1,100.0,,0,0.0,,0,0.0
2015,1.0,2015-01,Africa,CMR,Cameroon,Epidemic,1,,0,0.0,858.0,1,100.0,,0,0.0,,0,0.0
2015,1.0,2015-01,Africa,GMB,Gambia,Drought,1,,0,0.0,63100.0,1,100.0,,0,0.0,,0,0.0
2015,1.0,2015-01,Africa,MDG,Madagascar,Storm,1,89.0,1,100.0,174007.0,1,100.0,36000000.0,1,100.0,48899000.0,1,100.0
2015,1.0,2015-01,Africa,MOZ,Mozambique,Flood,1,160.0,1,100.0,177645.0,1,100.0,,0,0.0,,0,0.0
2015,1.0,2015-01,Africa,MWI,Malawi,Flood,1,278.0,1,100.0,638645.0,1,100.0,390000000.0,1,100.0,529742000.0,1,100.0
2015,1.0,2015-01,Africa,MWI,Malawi,Storm,1,5.0,1,100.0,350.0,1,100.0,,0,0.0,,0,0.0
2015,1.0,2015-01,Africa,NAM,Namibia,Drought,1,,0,0.0,580000.0,1,100.0,60000000.0,1,100.0,81499000.0,1,100.0
2015,1.0,2015-01,Africa,NGA,Nigeria,Epidemic,1,97.0,1,100.0,2108.0,1,100.0,,0,0.0,,0,0.0
2015,1.0,2015-01,Africa,ZAF,South Africa,Drought,1,,0,0.0,2700000.0,1,100.0,250000000.0,1,100.0,339578000.0,1,100.0
2015,1.0,2015-01,Africa,ZWE,Zimbabwe,Storm,1,10.0,1,100.0,475.0,1,100.0,,0,0.0,,0,0.0
2015,1.0,2015-01,Americas,BOL,Bolivia (Plurinational State of),Flood,1,25.0,1,100.0,92890.0,1,100.0,,0,0.0,,0,0.0
2015,1.0,2015-01,Americas,GTM,Guatemala,Epidemic,1,,0,0.0,15211.0,1,100.0,,0,0.0,,0,0.0
2015,1.0,2015-01,Americas,USA,United States of America,Drought,1,,0,0.0,,0,0.0,4500000000.0,1,100.0,6112403000.0,1,100.0
2015,1.0,2015-01,Americas,USA,United States of America,Storm,3,39.0,3,100.0,,0,0.0,330000000.0,3,100.0,448243000.0,3,100.0
2015,1.0,2015-01,Asia,IDN,Indonesia,Flood,2,3.0,2,100.0,33259.0,2,100.0,,0,0.0,,0,0.0
2015,1.0,2015-01,Asia,IND,India,Drought,1,,0,0.0,330000000.0,1,100.0,3000000000.0,1,100.0,4074935000.0,1,100.0
2015,1.0,2015-01,Asia,LBN,Lebanon,Storm,1,2.0,1,100.0,1000000.0,1,100.0,,0,0.0,,0,0.0
2015,1.0,2015-01,Asia,MYS,Malaysia,Flood,1,1.0,1,100.0,3000.0,1,100.0,,0,0.0,,0,0.0
2015,1.0,2015-01,Asia,OMN,Oman,Storm,1,,0,0.0,6000.0,1,100.0,221000000.0,1,100.0,300187000.0,1,100.0
2015,1.0,2015-01,Asia,PHL,Philippines,Storm,1,2.0,1,100.0,21687.0,1,100.0,1000000.0,1,100.0,1358000.0,1,100.0
2015,1.0,2015-01,Asia,PSE,State of Palestine,Storm,1,4.0,1,100.0,30000.0,1,100.0,,0,0.0,,0,0.0
2015,1.0,2015-01,Asia,SYR,Syrian Arab Republic,Storm,1,4.0,1,100.0,,0,0.0,,0,0.0,,0,0.0
2015,1.0,2015-01,Asia,THA,Thailand,Drought,1,,0,0.0,,0,0.0,3300000000.0,1,100.0,4482429000.0,1,100.0
2015,1.0,2015-01,Asia,TUR,Türkiye,Flood,1,8.0,1,100.0,6500.0,1,100.0,,0,0.0,,0,0.0
2015,1.0,2015-01,Europe,ALB,Albania,Flood,1,,0,0.0,42000.0,1,100.0,,0,0.0,,0,0.0
2015,1.0,2015-01,Europe,GRC,Greece,Flood,1,3.0,1,100.0,500.0,1,100.0,,0,0.0,,0,0.0
2015,1.0,2015-01,Europe,MKD,North Macedonia,Flood,1,,0,0.0,100000.0,1,100.0,,0,0.0,,0,0.0
2015,1.0,2015-01,Europe,POL,Poland,Extreme temperature,1,77.0,1,100.0,,0,0.0,,0,0.0,,0,0.0
2015,1.0,2015-01,Oceania,AUS,Australia,Wildfire,1,,0,0.0,134.0,1,100.0,51000000.0,1,100.0,69274000.0,1,100.0
2015,2.0,2015-02,Africa,AGO,Angola,Flood,1,5.0,1,100.0,2000.0,1,100.0,,0,0.0,,0,0.0
2015,2.0,2015-02,Africa,MDG,Madagascar,Flood,1,26.0,1,100.0,24000.0,1,100.0,,0,0.0,,0,0.0
2015,2.0,2015-02,Africa,MDG,Madagascar,Storm,1,6.0,1,100.0,36880.0,1,100.0,10000000.0,1,100.0,13583000.0,1,100.0
2015,2.0,2015-02,Africa,MWI,Malawi,Epidemic,1,11.0,1,100.0,693.0,1,100.0,,0,0.0,,0,0.0
2015,2.0,2015-02,Africa,ZWE,Zimbabwe,Epidemic,1,,0,0.0,11.0,1,100.0,,0,0.0,,0,0.0
2015,2.0,2015-02,Americas,ARG,Argentina,Storm,1,8.0,1,100.0,4500.0,1,100.0,17200000.0,1,100.0,23363000.0,1,100.0
2015,2.0,2015-02,Americas,BOL,Bolivia (Plurinational State of),Flood,1,,0,0.0,4000.0,1,100.0,,0,0.0,,0,0.0
2015,2.0,2015-02,Americas,DOM,Dominican Republic,Flood,1,2.0,1,100.0,20950.0,1,100.0,,0,0.0,,0,0.0
2015,2.0,2015-02,Americas,USA,United States of America,Storm,2,40.0,2,100.0,,0,0.0,3100000000.0,2,100.0,4210766000.0,2,100.0
2015,2.0,2015-02,Asia,AFG,Afghanistan,Mass movement (wet),3,272.0,3,100.0,33207.0,3,100.0,3000000.0,1,33.33,4075000.0,1,33.33
2015,2.0,2015-02,Asia,CHN,China,Earthquake,1,,0,0.0,8640.0,1,100.0,14650000.0,1,100.0,19899000.0,1,100.0
2015,2.0,2015-02,Asia,IDN,Indonesia,Flood,2,6.0,1,50.0,300.0,1,50.0,235000000.0,1,50.0,319203000.0,1,50.0
2015,2.0,2015-02,Asia,LBN,Lebanon,Storm,1,,0,0.0,942.0,1,100.0,,0,0.0,,0,0.0
2015,2.0,2015-02,Asia,PAK,Pakistan,Flood,1,32.0,1,100.0,,0,0.0,,0,0.0,,0,0.0
2015,2.0,2015-02,Asia,PSE,State of Palestine,Storm,1,,0,0.0,1050.0,1,100.0,,0,0.0,,0,0.0
2015,2.0,2015-02,Europe,BGR,Bulgaria,Flood,1,5.0,1,100.0,,0,0.0,5800000.0,1,100.0,7878000.0,1,100.0
2015,2.0,2015-02,Europe,ESP,Spain,Flood,1,,0,0.0,1600.0,1,100.0,,0,0.0,,0,0.0
2015,2.0,2015-02,Oceania,AUS,Australia,Storm,2,1.0,1,50.0,6438.0,2,100.0,624000000.0,2,100.0,847586000.0,2,100.0
2015,3.0,2015-03,Africa,AGO,Angola,Flood,2,70.0,2,100.0,3000.0,2,100.0,,0,0.0,,0,0.0
2015,3.0,2015-03,Africa,BDI,Burundi,Mass movement (wet),1,20.0,1,100.0,3000.0,1,100.0,,0,0.0,,0,0.0
2015,3.0,2015-03,Africa,SOM,Somalia,Flood,1,,0,0.0,16296.0,1,100.0,,0,0.0,,0,0.0
2015,3.0,2015-03,Africa,TZA,United Republic of Tanzania,Storm,1,47.0,1,100.0,5112.0,1,100.0,,0,0.0,,0,0.0
2015,3.0,2015-03,Americas,ARG,Argentina,Flood,1,2.0,1,100.0,15000.0,1,100.0,,0,0.0,,0,0.0
2015,3.0,2015-03,Americas,CHL,Chile,Flood,1,178.0,1,100.0,193881.0,1,100.0,1500000000.0,1,100.0,2037468000.0,1,100.0
2015,3.0,2015-03,Americas,CHL,Chile,Volcanic activity,1,,0,0.0,3600.0,1,100.0,,0,0.0,,0,0.0
2015,3.0,2015-03,Americas,CHL,Chile,Wildfire,1,1.0,1,100.0,32.0,1,100.0,,0,0.0,,0,0.0
2015,3.0,2015-03,Americas,COL,Colombia,Earthquake,1,,0,0.0,41236.0,1,100.0,,0,0.0,,0,0.0
2015,3.0,2015-03,Americas,CRI,Costa Rica,Volcanic activity,1,,0,0.0,18450.0,1,100.0,,0,0.0,,0,0.0
2015,3.0,2015-03,Americas,ECU,Ecuador,Flood,1,12.0,1,100.0,1185.0,1,100.0,,0,0.0,,0,0.0
2015,3.0,2015-03,Americas,MEX,Mexico,Flood,1,,0,0.0,3000.0,1,100.0,,0,0.0,,0,0.0
2015,3.0,2015-03,Americas,MEX,Mexico,Storm,1,14.0,1,100.0,1471.0,1,100.0,2000000.0,1,100.0,2717000.0,1,100.0
2015,3.0,2015-03,Americas,PER,Peru,Flood,1,9.0,1,100.0,3235.0,1,100.0,,0,0.0,,0,0.0
2015,3.0,2015-03,Americas,USA,United States of America,Storm,2,14.0,2,100.0,3312.0,1,50.0,670000000.0,2,100.0,910069000.0,2,100.0
2015,3.0,2015-03,Asia,CHN,China,Earthquake,1,,0,0.0,2032.0,1,100.0,15000000.0,1,100.0,20375000.0,1,100.0
2015,3.0,2015-03,Asia,CHN,China,Storm,2,34.0,1,50.0,10148.0,2,100.0,333000000.0,2,100.0,452318000.0,2,100.0
2015,3.0,2015-03,Asia,IDN,Indonesia,Flood,1,,0,0.0,8000.0,1,100.0,,0,0.0,,0,0.0
2015,3.0,2015-03,Asia,IDN,Indonesia,Mass movement (wet),1,12.0,1,100.0,55.0,1,100.0,,0,0.0,,0,0.0
2015,3.0,2015-03,Asia,IND,India,Flood,1,44.0,1,100.0,2122.0,1,100.0,76000000.0,1,100.0,103232000.0,1,100.0
2015,3.0,2015-03,Asia,IND,India,Storm,1,27.0,1,100.0,,0,0.0,906000000.0,1,100.0,1230630000.0,1,100.0
2015,3.0,2015-03,Asia,IRN,Iran (Islamic Republic of),Flood,2,6.0,2,100.0,4700.0,2,100.0,120000000.0,2,100.0,162998000.0,2,100.0
2015,3.0,2015-03,Asia,SAU,Saudi Arabia,Flood,1,11.0,1,100.0,,0,0.0,2000000.0,1,100.0,2717000.0,1,100.0
2015,3.0,2015-03,Asia,YEM,Yemen,Epidemic,1,3.0,1,100.0,3026.0,1,100.0,,0,0.0,,0,0.0
2015,3.0,2015-03,Europe,ITA,Italy,Storm,1,3.0,1,100.0,,0,0.0,869000000.0,1,100.0,1180373000.0,1,100.0
2015,3.0,2015-03,Oceania,AUS,Australia,Storm,1,,0,0.0,600.0,1,100.0,57000000.0,1,100.0,77424000.0,1,100.0
2015,3.0,2015-03,Oceania,FSM,Micronesia (Federated States of),Storm,1,5.0,1,100.0,35000.0,1,100.0,11000000.0,1,100.0,14941000.0,1,100.0
2015,3.0,2015-03,Oceania,KIR,Kiribati,Storm,1,,0,0.0,1500.0,1,100.0,,0,0.0,,0,0.0
2015,3.0,2015-03,Oceania,PNG,Papua New Guinea,Flood,1,,0,0.0,20000.0,1,100.0,,0,0.0,,0,0.0
2015,3.0,2015-03,Oceania,PNG,Papua New Guinea,Storm,1,,0,0.0,9199.0,1,100.0,,0,0.0,,0,0.0
2015,3.0,2015-03,Oceania,SLB,Solomon Islands,Storm,1,,0,0.0,44096.0,1,100.0,,0,0.0,,0,0.0
2015,3.0,2015-03,Oceania,TUV,Tuvalu,Storm,1,,0,0.0,4613.0,1,100.0,,0,0.0,,0,0.0
2015,3.0,2015-03,Oceania,VUT,Vanuatu,Storm,1,11.0,1,100.0,188000.0,1,100.0,449400000.0,1,100.0,610425000.0,1,100.0
2015,4.0,2015-04,Africa,CAF,Central African Republic,Storm,1,1.0,1,100.0,1116.0,1,100.0,,0,0.0,,0,0.0
2015,4.0,2015-04,Africa,KEN,Kenya,Flood,2,26.0,2,100.0,4500.0,2,100.0,,0,0.0,,0,0.0
2015,4.0,2015-04,Africa,NER,Niger,Drought,1,,0,0.0,2588128.0,1,100.0,,0,0.0,,0,0.0
2015,4.0,2015-04,Africa,NER,Niger,Epidemic,1,6.0,1,100.0,3370.0,1,100.0,,0,0.0,,0,0.0
2015,4.0,2015-04,Africa,RWA,Rwanda,Flood,1,2.0,1,100.0,3431.0,1,100.0,,0,0.0,,0,0.0
2015,4.0,2015-04,Americas,ARG,Argentina,Volcanic activity,1,,0,0.0,,0,0.0,,0,0.0,,0,0.0
2015,4.0,2015-04,Americas,BRA,Brazil,Flood,1,5.0,1,100.0,1000.0,1,100.0,,0,0.0,,0,0.0
2015,4.0,2015-04,Americas,BRA,Brazil,Mass movement (wet),1,15.0,1,100.0,,0,0.0,,0,0.0,,0,0.0
2015,4.0,2015-04,Americas,BRA,Brazil,Storm,1,2.0,1,100.0,11037.0,1,100.0,2000000.0,1,100.0,2717000.0,1,100.0
2015,4.0,2015-04,Americas,CHL,Chile,Volcanic activity,1,,0,0.0,4000.0,1,100.0,600000000.0,1,100.0,814987000.0,1,100.0
2015,4.0,2015-04,Americas,CUB,Cuba,Flood,1,3.0,1,100.0,10089.0,1,100.0,,0,0.0,,0,0.0
2015,4.0,2015-04,Americas,HTI,Haiti,Flood,1,6.0,1,100.0,45000.0,1,100.0,,0,0.0,,0,0.0
2015,4.0,2015-04,Americas,PER,Peru,Flood,1,,0,0.0,147405.0,1,100.0,,0,0.0,,0,0.0
2015,4.0,2015-04,Americas,PRY,Paraguay,Storm,1,2.0,1,100.0,10025.0,1,100.0,,0,0.0,,0,0.0
2015,4.0,2015-04,Americas,SLV,El Salvador,Drought,1,,0,0.0,700000.0,1,100.0,100000000.0,1,100.0,135831000.0,1,100.0
2015,4.0,2015-04,Americas,USA,United States of America,Storm,2,7.0,2,100.0,24.0,2,100.0,2350000000.0,2,100.0,3192032000.0,2,100.0
2015,4.0,2015-04,Asia,AFG,Afghanistan,Mass movement (wet),1,52.0,1,100.0,500.0,1,100.0,,0,0.0,,0,0.0
2015,4.0,2015-04,Asia,BGD,Bangladesh,Earthquake,1,4.0,1,100.0,200.0,1,100.0,,0,0.0,,0,0.0
2015,4.0,2015-04,Asia,BGD,Bangladesh,Storm,1,53.0,1,100.0,20200.0,1,100.0,4000000.0,1,100.0,5433000.0,1,100.0
2015,4.0,2015-04,Asia,CHN,China,Earthquake,1,29.0,1,100.0,207883.0,1,100.0,,0,0.0,,0,0.0
2015,4.0,2015-04,Asia,CHN,China,Storm,4,16.0,4,100.0,49537.0,4,100.0,609000000.0,4,100.0,827212000.0,4,100.0
2015,4.0,2015-04,Asia,IND,India,Earthquake,1,78.0,1,100.0,560.0,1,100.0,,0,0.0,,0,0.0
2015,4.0,2015-04,Asia,IND,India,Storm,2,101.0,2,100.0,135100.0,2,100.0,163000000.0,2,100.0,221405000.0,2,100.0
2015,4.0,2015-04,Asia,KAZ,Kazakhstan,Flood,1,2.0,1,100.0,12670.0,1,100.0,5300000.0,1,100.0,7199000.0,1,100.0
2015,4.0,2015-04,Asia,MMR,Myanmar,Storm,1,3.0,1,100.0,,0,0.0,,0,0.0,,0,0.0
2015,4.0,2015-04,Asia,NPL,Nepal,Earthquake,1,8831.0,1,100.0,5639722.0,1,100.0,5174000000.0,1,100.0,7027905000.0,1,100.0
2015,4.0,2015-04,Asia,PAK,Pakistan,Flood,1,49.0,1,100.0,5067.0,1,100.0,1000000.0,1,100.0,1358000.0,1,100.0
2015,4.0,2015-04,Asia,PHL,Philippines,Storm,1,,0,0.0,2761.0,1,100.0,,0,0.0,,0,0.0
2015,4.0,2015-04,Asia,TJK,Tajikistan,Mass movement (wet),1,10.0,1,100.0,,0,0.0,,0,0.0,,0,0.0
2015,4.0,2015-04,Europe,RUS,Russian Federation,Wildfire,1,30.0,1,100.0,5977.0,1,100.0,136820000.0,1,100.0,185844000.0,1,100.0
2015,4.0,2015-04,Oceania,AUS,Australia,Flood,1,6.0,1,100.0,,0,0.0,400000000.0,1,100.0,543325000.0,1,100.0
2015,4.0,2015-04,Oceania,AUS,Australia,Storm,1,7.0,1,100.0,1000.0,1,100.0,1300000000.0,1,100.0,1765805000.0,1,100.0
2015,5.0,2015-05,Africa,SSD,South Sudan,Epidemic,1,47.0,1,100.0,1818.0,1,100.0,,0,0.0,,0,0.0
2015,5.0,2015-05,Africa,TZA,United Republic of Tanzania,Epidemic,1,40.0,1,100.0,4833.0,1,100.0,,0,0.0,,0,0.0
2015,5.0,2015-05,Africa,TZA,United Republic of Tanzania,Flood,1,12.0,1,100.0,5000.0,1,100.0,,0,0.0,,0,0.0
2015,5.0,2015-05,Americas,CHL,Chile,Flood,1,,0,0.0,116.0,1,100.0,,0,0.0,,0,0.0
2015,5.0,2015-05,Americas,COL,Colombia,Mass movement (wet),1,93.0,1,100.0,348.0,1,100.0,,0,0.0,,0,0.0
2015,5.0,2015-05,Americas,CUB,Cuba,Drought,1,,0,0.0,100000.0,1,100.0,,0,0.0,,0,0.0
2015,5.0,2015-05,Americas,MEX,Mexico,Storm,1,14.0,1,100.0,2320.0,1,100.0,,0,0.0,,0,0.0
2015,5.0,2015-05,Americas,PER,Peru,Extreme temperature,1,21.0,1,100.0,200620.0,1,100.0,94000000.0,1,100.0,127681000.0,1,100.0
2015,5.0,2015-05,Americas,SLV,El Salvador,Storm,1,12.0,1,100.0,20000.0,1,100.0,,0,0.0,,0,0.0
2015,5.0,2015-05,Americas,USA,United States of America,Flood,2,48.0,2,100.0,24000.0,2,100.0,2700000000.0,1,50.0,3667442000.0,1,50.0
2015,5.0,2015-05,Americas,USA,United States of America,Storm,3,11.0,3,100.0,40.0,1,33.33,2560000000.0,3,100.0,3477278000.0,3,100.0
2015,5.0,2015-05,Asia,AFG,Afghanistan,Flood,1,7.0,1,100.0,3010.0,1,100.0,,0,0.0,,0,0.0
2015,5.0,2015-05,Asia,BGD,Bangladesh,Storm,2,19.0,2,100.0,40050.0,1,50.0,,0,0.0,,0,0.0
2015,5.0,2015-05,Asia,CHN,China,Drought,1,,0,0.0,,0,0.0,2464000000.0,1,100.0,3346880000.0,1,100.0
2015,5.0,2015-05,Asia,CHN,China,Earthquake,1,1.0,1,100.0,,0,0.0,,0,0.0,,0,0.0
2015,5.0,2015-05,Asia,CHN,China,Flood,3,95.0,3,100.0,202021.0,3,100.0,1554000000.0,3,100.0,2110816000.0,3,100.0
2015,5.0,2015-05,Asia,CHN,China,Storm,1,7.0,1,100.0,79800.0,1,100.0,461000000.0,1,100.0,626182000.0,1,100.0
2015,5.0,2015-05,Asia,IDN,Indonesia,Mass movement (wet),1,13.0,1,100.0,,0,0.0,,0,0.0,,0,0.0
2015,5.0,2015-05,Asia,IND,India,Earthquake,1,20.0,1,100.0,,0,0.0,,0,0.0,,0,0.0
2015,5.0,2015-05,Asia,IND,India,Extreme temperature,1,2248.0,1,100.0,,0,0.0,,0,0.0,,0,0.0
2015,5.0,2015-05,Asia,IND,India,Flood,1,8.0,1,100.0,200.0,1,100.0,,0,0.0,,0,0.0
2015,5.0,2015-05,Asia,IND,India,Storm,1,23.0,1,100.0,,0,0.0,,0,0.0,,0,0.0
2015,5.0,2015-05,Asia,JPN,Japan,Extreme temperature,1,2.0,1,100.0,480.0,1,100.0,,0,0.0,,0,0.0
2015,5.0,2015-05,Asia,JPN,Japan,Storm,1,,0,0.0,45.0,1,100.0,23200000.0,1,100.0,31513000.0,1,100.0
2015,5.0,2015-05,Asia,KOR,Republic of Korea,Epidemic,1,36.0,1,100.0,185.0,1,100.0,,0,0.0,,0,0.0
2015,5.0,2015-05,Asia,NPL,Nepal,Earthquake,1,138.0,1,100.0,2428.0,1,100.0,,0,0.0,,0,0.0
2015,5.0,2015-05,Asia,PHL,Philippines,Storm,1,2.0,1,100.0,523.0,1,100.0,348000.0,1,100.0,473000.0,1,100.0
2015,5.0,2015-05,Asia,TJK,Tajikistan,Flood,1,,0,0.0,5401.0,1,100.0,,0,0.0,,0,0.0
2015,5.0,2015-05,Europe,ROU,Romania,Flood,1,1.0,1,100.0,2000.0,1,100.0,,0,0.0,,0,0.0
2015,5.0,2015-05,Oceania,NZL,New Zealand,Flood,1,1.0,1,100.0,100.0,1,100.0,100000000.0,1,100.0,135831000.0,1,100.0
2015,5.0,2015-05,Oceania,PNG,Papua New Guinea,Drought,1,24.0,1,100.0,2520000.0,1,100.0,60000000.0,1,100.0,81499000.0,1,100.0
2015,6.0,2015-06,Africa,CIV,Côte d’Ivoire,Flood,1,16.0,1,100.0,,0,0.0,,0,0.0,,0,0.0
2015,6.0,2015-06,Africa,CMR,Cameroon,Flood,1,4.0,1,100.0,30000.0,1,100.0,,0,0.0,,0,0.0
2015,6.0,2015-06,Africa,GHA,Ghana,Flood,1,25.0,1,100.0,5000.0,1,100.0,12000000.0,1,100.0,16300000.0,1,100.0
2015,6.0,2015-06,Americas,CRI,Costa Rica,Flood,1,,0,0.0,9666.0,1,100.0,,0,0.0,,0,0.0
2015,6.0,2015-06,Americas,USA,United States of America,Storm,1,,0,0.0,,0,0.0,650000000.0,1,100.0,882903000.0,1,100.0
2015,6.0,2015-06,Americas,VEN,Venezuela (Bolivarian Republic of),Flood,1,,0,0.0,45297.0,1,100.0,,0,0.0,,0,0.0
2015,6.0,2015-06,Asia,BGD,Bangladesh,Flood,1,20.0,1,100.0,1401901.0,1,100.0,40000000.0,1,100.0,54332000.0,1,100.0
2015,6.0,2015-06,Asia,CHN,China,Flood,4,75.0,4,100.0,267300.0,4,100.0,3470000000.0,4,100.0,4713341000.0,4,100.0
2015,6.0,2015-06,Asia,CHN,China,Storm,2,,0,0.0,193300.0,2,100.0,156000000.0,2,100.0,211896000.0,2,100.0
2015,6.0,2015-06,Asia,GEO,Georgia,Flood,1,40.0,1,100.0,10320.0,1,100.0,23000000.0,1,100.0,31241000.0,1,100.0
2015,6.0,2015-06,Asia,IND,India,Flood,2,121.0,2,100.0,10000.0,2,100.0,604000000.0,1,50.0,820420000.0,1,50.0
2015,6.0,2015-06,Asia,IND,India,Mass movement (wet),1,3.0,1,100.0,9000.0,1,100.0,,0,0.0,,0,0.0
2015,6.0,2015-06,Asia,MMR,Myanmar,Flood,1,7.0,1,100.0,14000.0,1,100.0,,0,0.0,,0,0.0
2015,6.0,2015-06,Asia,MYS,Malaysia,Earthquake,1,24.0,1,100.0,10.0,1,100.0,2000.0,1,100.0,3000.0,1,100.0
2015,6.0,2015-06,Asia,NPL,Nepal,Mass movement (wet),1,36.0,1,100.0,18.0,1,100.0,,0,0.0,,0,0.0
2015,6.0,2015-06,Asia,PAK,Pakistan,Extreme temperature,1,1229.0,1,100.0,80000.0,1,100.0,,0,0.0,,0,0.0
2015,6.0,2015-06,Asia,PAK,Pakistan,Flood,2,30.0,2,100.0,,0,0.0,,0,0.0,,0,0.0
2015,6.0,2015-06,Asia,PRK,Democratic People's Republic of Korea,Drought,1,,0,0.0,18000000.0,1,100.0,,0,0.0,,0,0.0
2015,6.0,2015-06,Asia,VNM,Viet Nam,Storm,1,7.0,1,100.0,115.0,1,100.0,,0,0.0,,0,0.0
2015,6.0,2015-06,Europe,BEL,Belgium,Extreme temperature,1,410.0,1,100.0,,0,0.0,,0,0.0,,0,0.0
2015,6.0,2015-06,Europe,FRA,France,Extreme temperature,1,3275.0,1,100.0,,0,0.0,,0,0.0,,0,0.0
2015,6.0,2015-06,Europe,RUS,Russian Federation,Flood,1,1.0,1,100.0,1500.0,1,100.0,,0,0.0,,0,0.0
2015,6.0,2015-06,Oceania,NZL,New Zealand,Flood,1,,0,0.0,400.0,1,100.0,171000000.0,1,100.0,232271000.0,1,100.0
2015,6.0,2015-06,Oceania,WSM,Samoa,Drought,1,,0,0.0,,0,0.0,,0,0.0,,0,0.0
2015,7.0,2015-07,Africa,BWA,Botswana,Drought,1,,0,0.0,,0,0.0,44000000.0,1,100.0,59766000.0,1,100.0
2015,7.0,2015-07,Africa,GIN,Guinea,Flood,1,9.0,1,100.0,29628.0,1,100.0,,0,0.0,,0,0.0
2015,7.0,2015-07,Africa,NER,Niger,Flood,1,27.0,1,100.0,87037.0,1,100.0,,0,0.0,,0,0.0
2015,7.0,2015-07,Americas,BRA,Brazil,Flood,1,3.0,1,100.0,283140.0,1,100.0,,0,0.0,,0,0.0
2015,7.0,2015-07,Americas,CAN,Canada,Wildfire,1,,0,0.0,13036.0,1,100.0,,0,0.0,,0,0.0
2015,7.0,2015-07,Americas,COL,Colombia,Flood,1,,0,0.0,8105.0,1,100.0,,0,0.0,,0,0.0
2015,7.0,2015-07,Americas,COL,Colombia,Wildfire,1,11.0,1,100.0,119000.0,1,100.0,,0,0.0,,0,0.0
2015,7.0,2015-07,Americas,GUY,Guyana,Flood,1,,0,0.0,199000.0,1,100.0,,0,0.0,,0,0.0
2015,7.0,2015-07,Americas,PRY,Paraguay,Flood,1,,0,0.0,3700.0,1,100.0,,0,0.0,,0,0.0
2015,7.0,2015-07,Americas,USA,United States of America,Flood,1,,0,0.0,600.0,1,100.0,100000000.0,1,100.0,135831000.0,1,100.0
2015,7.0,2015-07,Americas,USA,United States of America,Storm,1,4.0,1,100.0,,0,0.0,700000000.0,1,100.0,950818000.0,1,100.0
2015,7.0,2015-07,Americas,USA,United States of America,Wildfire,1,1.0,1,100.0,129.0,1,100.0,2000000.0,1,100.0,2717000.0,1,100.0
2015,7.0,2015-07,Asia,BGD,Bangladesh,Flood,1,11.0,1,100.0,10000.0,1,100.0,,0,0.0,,0,0.0
2015,7.0,2015-07,Asia,BGD,Bangladesh,Mass movement (wet),1,7.0,1,100.0,1003.0,1,100.0,,0,0.0,,0,0.0
2015,7.0,2015-07,Asia,BGD,Bangladesh,Storm,1,45.0,1,100.0,2600000.0,1,100.0,40000000.0,1,100.0,54332000.0,1,100.0
2015,7.0,2015-07,Asia,CHN,China,Earthquake,1,4.0,1,100.0,3048.0,1,100.0,3200000.0,1,100.0,4347000.0,1,100.0
2015,7.0,2015-07,Asia,CHN,China,Flood,1,28.0,1,100.0,128610.0,1,100.0,1200000000.0,1,100.0,1629974000.0,1,100.0
2015,7.0,2015-07,Asia,CHN,China,Storm,3,6.0,1,33.33,179800.0,3,100.0,1238000000.0,3,100.0,1681589000.0,3,100.0
2015,7.0,2015-07,Asia,IDN,Indonesia,Drought,1,11.0,1,100.0,,0,0.0,,0,0.0,,0,0.0
2015,7.0,2015-07,Asia,IDN,Indonesia,Flood,1,,0,0.0,25750.0,1,100.0,,0,0.0,,0,0.0
2015,7.0,2015-07,Asia,IND,India,Flood,3,318.0,2,66.67,13795137.0,2,66.67,,0,0.0,,0,0.0
2015,7.0,2015-07,Asia,IRN,Iran (Islamic Republic of),Flood,1,23.0,1,100.0,4030.0,1,100.0,,0,0.0,,0,0.0
2015,7.0,2015-07,Asia,JPN,Japan,Extreme temperature,1,5.0,1,100.0,3200.0,1,100.0,,0,0.0,,0,0.0
2015,7.0,2015-07,Asia,JPN,Japan,Storm,2,3.0,2,100.0,872.0,2,100.0,207000000.0,1,50.0,281171000.0,1,50.0
2015,7.0,2015-07,Asia,MMR,Myanmar,Flood,1,149.0,1,100.0,1621703.0,1,100.0,119000000.0,1,100.0,161639000.0,1,100.0
2015,7.0,2015-07,Asia,NPL,Nepal,Mass movement (wet),1,29.0,1,100.0,18.0,1,100.0,,0,0.0,,0,0.0
2015,7.0,2015-07,Asia,PAK,Pakistan,Flood,2,256.0,2,100.0,1572423.0,1,50.0,,0,0.0,,0,0.0
2015,7.0,2015-07,Asia,PHL,Philippines,Flood,4,44.0,4,100.0,230429.0,4,100.0,200000.0,2,50.0,272000.0,2,50.0
2015,7.0,2015-07,Asia,PHL,Philippines,Storm,2,5.0,1,50.0,69667.0,2,100.0,1502218000.0,2,100.0,2040481000.0,2,100.0
2015,7.0,2015-07,Asia,TJK,Tajikistan,Flood,1,,0,0.0,5401.0,1,100.0,,0,0.0,,0,0.0
2015,7.0,2015-07,Asia,TWN,Taiwan (Province of China),Storm,1,,0,0.0,6.0,1,100.0,,0,0.0,,0,0.0
2015,7.0,2015-07,Asia,VNM,Viet Nam,Flood,1,32.0,1,100.0,15000.0,1,100.0,204000000.0,1,100.0,277096000.0,1,100.0
2015,7.0,2015-07,Europe,POL,Poland,Storm,1,1.0,1,100.0,1217.0,1,100.0,,0,0.0,,0,0.0
2015,7.0,2015-07,Oceania,SLB,Solomon Islands,Storm,1,9.0,1,100.0,400.0,1,100.0,2000000.0,1,100.0,2717000.0,1,100.0
2015,8.0,2015-08,Africa,BFA,Burkina Faso,Flood,1,8.0,1,100.0,28925.0,1,100.0,31000000.0,1,100.0,42108000.0,1,100.0
2015,8.0,2015-08,Africa,COD,Democratic Republic of the Congo,Earthquake,1,3.0,1,100.0,390.0,1,100.0,,0,0.0,,0,0.0
2015,8.0,2015-08,Africa,COD,Democratic Republic of the Congo,Wildfire,1,3.0,1,100.0,57003.0,1,100.0,,0,0.0,,0,0.0
2015,8.0,2015-08,Africa,CPV,Cabo Verde,Storm,1,9.0,1,100.0,,0,0.0,1100000.0,1,100.0,1494000.0,1,100.0
2015,8.0,2015-08,Africa,EGY,Egypt,Extreme temperature,1,110.0,1,100.0,66.0,1,100.0,,0,0.0,,0,0.0
2015,8.0,2015-08,Africa,MLI,Mali,Flood,1,5.0,1,100.0,2000.0,1,100.0,,0,0.0,,0,0.0
2015,8.0,2015-08,Africa,SDN,Sudan,Drought,1,,0,0.0,800000.0,1,100.0,,0,0.0,,0,0.0
2015,8.0,2015-08,Africa,SDN,Sudan,Extreme temperature,1,16.0,1,100.0,,0,0.0,,0,0.0,,0,0.0
2015,8.0,2015-08,Africa,SDN,Sudan,Flood,1,20.0,1,100.0,,0,0.0,,0,0.0,,0,0.0
2015,8.0,2015-08,Africa,SOM,Somalia,Drought,1,,0,0.0,6700000.0,1,100.0,,0,0.0,,0,0.0
2015,8.0,2015-08,Africa,TZA,United Republic of Tanzania,Epidemic,1,542.0,1,100.0,32879.0,1,100.0,,0,0.0,,0,0.0
2015,8.0,2015-08,Americas,ARG,Argentina,Flood,1,3.0,1,100.0,50000.0,1,100.0,,0,0.0,,0,0.0
2015,8.0,2015-08,Americas,CHL,Chile,Storm,1,6.0,1,100.0,938.0,1,100.0,,0,0.0,,0,0.0
2015,8.0,2015-08,Americas,CRI,Costa Rica,Drought,1,,0,0.0,,0,0.0,,0,0.0,,0,0.0
2015,8.0,2015-08,Americas,DMA,Dominica,Storm,1,30.0,1,100.0,28594.0,1,100.0,482810000.0,1,100.0,655806000.0,1,100.0
2015,8.0,2015-08,Americas,DOM,Dominican Republic,Storm,1,,0,0.0,2133.0,1,100.0,,0,0.0,,0,0.0
2015,8.0,2015-08,Americas,ECU,Ecuador,Volcanic activity,1,,0,0.0,800000.0,1,100.0,,0,0.0,,0,0.0
2015,8.0,2015-08,Americas,GTM,Guatemala,Flood,1,6.0,1,100.0,8291.0,1,100.0,,0,0.0,,0,0.0
2015,8.0,2015-08,Americas,HTI,Haiti,Storm,1,5.0,1,100.0,1969.0,1,100.0,,0,0.0,,0,0.0
2015,8.0,2015-08,Americas,PAN,Panama,Drought,1,,0,0.0,,0,0.0,,0,0.0,,0,0.0
2015,8.0,2015-08,Americas,URY,Uruguay,Flood,1,,0,0.0,2326.0,1,100.0,,0,0.0,,0,0.0
2015,8.0,2015-08,Americas,USA,United States of America,Storm,1,4.0,1,100.0,40.0,1,100.0,950000000.0,1,100.0,1290396000.0,1,100.0
2015,8.0,2015-08,Americas,USA,United States of America,Wildfire,1,4.0,1,100.0,4508.0,1,100.0,150000000.0,1,100.0,203747000.0,1,100.0
2015,8.0,2015-08,Asia,CHN,China,Flood,2,60.0,2,100.0,122440.0,2,100.0,638000000.0,2,100.0,866603000.0,2,100.0
2015,8.0,2015-08,Asia,CHN,China,Storm,1,18.0,1,100.0,1580000.0,1,100.0,1282690000.0,1,100.0,1742293000.0,1,100.0
2015,8.0,2015-08,Asia,IND,India,Flood,2,23.0,2,100.0,805000.0,2,100.0,,0,0.0,,0,0.0
2015,8.0,2015-08,Asia,JPN,Japan,Extreme temperature,1,32.0,1,100.0,11187.0,1,100.0,,0,0.0,,0,0.0
2015,8.0,2015-08,Asia,JPN,Japan,Storm,1,,0,0.0,70.0,1,100.0,,0,0.0,,0,0.0
2015,8.0,2015-08,Asia,LAO,Lao People's Democratic Republic,Flood,1,,0,0.0,47800.0,1,100.0,10000000.0,1,100.0,13583000.0,1,100.0
2015,8.0,2015-08,Asia,PHL,Philippines,Drought,1,,0,0.0,181687.0,1,100.0,84399000.0,1,100.0,114640000.0,1,100.0
2015,8.0,2015-08,Asia,PHL,Philippines,Flood,1,9.0,1,100.0,880.0,1,100.0,,0,0.0,,0,0.0
2015,8.0,2015-08,Asia,PHL,Philippines,Storm,2,40.0,1,50.0,322226.0,2,100.0,30299000.0,1,50.0,41155000.0,1,50.0
2015,8.0,2015-08,Asia,PRK,Democratic People's Republic of Korea,Flood,1,33.0,1,100.0,3541.0,1,100.0,,0,0.0,,0,0.0
2015,8.0,2015-08,Asia,TWN,Taiwan (Province of China),Storm,1,6.0,1,100.0,380.0,1,100.0,,0,0.0,,0,0.0
2015,8.0,2015-08,Europe,ITA,Italy,Flood,1,,0,0.0,500.0,1,100.0,111000000.0,1,100.0,150773000.0,1,100.0
2015,8.0,2015-08,Europe,MKD,North Macedonia,Flood,1,7.0,1,100.0,5030.0,1,100.0,87000000.0,1,100.0,118173000.0,1,100.0
2015,8.0,2015-08,Oceania,MNP,Northern Mariana Islands,Storm,1,,0,0.0,360.0,1,100.0,,0,0.0,,0,0.0
2015,8.0,2015-08,Oceania,TON,Tonga,Drought,1,,0,0.0,,0,0.0,,0,0.0,,0,0.0
2015,9.0,2015-09,Africa,DZA,Algeria,Flood,1,12.0,1,100.0,,0,0.0,,0,0.0,,0,0.0
2015,9.0,2015-09,Africa,ETH,Ethiopia,Drought,1,,0,0.0,10200000.0,1,100.0,1400000000.0,1,100.0,1901636000.0,1,100.0
2015,9.0,2015-09,Africa,GIN,Guinea,Mass movement (wet),1,7.0,1,100.0,492.0,1,100.0,,0,0.0,,0,0.0
2015,9.0,2015-09,Africa,NGA,Nigeria,Flood,1,53.0,1,100.0,100420.0,1,100.0,25000000.0,1,100.0,33958000.0,1,100.0
2015,9.0,2015-09,Africa,SLE,Sierra Leone,Flood,1,10.0,1,100.0,24303.0,1,100.0,,0,0.0,,0,0.0
2015,9.0,2015-09,Americas,CHL,Chile,Earthquake,1,19.0,1,100.0,681499.0,1,100.0,800000000.0,1,100.0,1086649000.0,1,100.0
2015,9.0,2015-09,Americas,DOM,Dominican Republic,Flood,1,,0,0.0,250.0,1,100.0,,0,0.0,,0,0.0
2015,9.0,2015-09,Americas,GTM,Guatemala,Flood,1,2.0,1,100.0,56845.0,1,100.0,,0,0.0,,0,0.0
2015,9.0,2015-09,Americas,NIC,Nicaragua,Flood,1,2.0,1,100.0,3750.0,1,100.0,,0,0.0,,0,0.0
2015,9.0,2015-09,Americas,PAN,Panama,Flood,1,,0,0.0,3500.0,1,100.0,,0,0.0,,0,0.0
2015,9.0,2015-09,Americas,SLV,El Salvador,Flood,1,1.0,1,100.0,,0,0.0,,0,0.0,,0,0.0
2015,9.0,2015-09,Americas,USA,United States of America,Flood,1,19.0,1,100.0,,0,0.0,2000000.0,1,100.0,2717000.0,1,100.0
2015,9.0,2015-09,Americas,USA,United States of America,Wildfire,2,7.0,2,100.0,8727.0,2,100.0,1800000000.0,2,100.0,2444961000.0,2,100.0
2015,9.0,2015-09,Asia,CHN,China,Flood,1,14.0,1,100.0,15000.0,1,100.0,,0,0.0,,0,0.0
2015,9.0,2015-09,Asia,CHN,China,Storm,1,,0,0.0,,0,0.0,661000000.0,1,100.0,897844000.0,1,100.0
2015,9.0,2015-09,Asia,IDN,Indonesia,Earthquake,1,,0,0.0,12247.0,1,100.0,,0,0.0,,0,0.0
2015,9.0,2015-09,Asia,IDN,Indonesia,Wildfire,1,19.0,1,100.0,409664.0,1,100.0,1000000000.0,1,100.0,1358312000.0,1,100.0
2015,9.0,2015-09,Asia,IND,India,Storm,1,32.0,1,100.0,,0,0.0,,0,0.0,,0,0.0
2015,9.0,2015-09,Asia,IRN,Iran (Islamic Republic of),Flood,1,14.0,1,100.0,,0,0.0,,0,0.0,,0,0.0
2015,9.0,2015-09,Asia,IRQ,Iraq,Epidemic,1,,0,0.0,2217.0,1,100.0,,0,0.0,,0,0.0
2015,9.0,2015-09,Asia,ISR,Israel,Storm,1,,0,0.0,200.0,1,100.0,,0,0.0,,0,0.0
2015,9.0,2015-09,Asia,JPN,Japan,Flood,1,21.0,1,100.0,45046.0,1,100.0,1400000000.0,1,100.0,1901636000.0,1,100.0
2015,9.0,2015-09,Asia,JPN,Japan,Storm,2,8.0,1,50.0,60046.0,1,50.0,,0,0.0,,0,0.0
2015,9.0,2015-09,Asia,KHM,Cambodia,Flood,1,,0,0.0,22000.0,1,100.0,,0,0.0,,0,0.0
2015,9.0,2015-09,Asia,KHM,Cambodia,Storm,1,,0,0.0,6300.0,1,100.0,,0,0.0,,0,0.0
2015,9.0,2015-09,Asia,LAO,Lao People's Democratic Republic,Flood,1,4.0,1,100.0,140.0,1,100.0,,0,0.0,,0,0.0
2015,9.0,2015-09,Asia,LBN,Lebanon,Storm,1,3.0,1,100.0,750.0,1,100.0,,0,0.0,,0,0.0
2015,9.0,2015-09,Asia,LKA,Sri Lanka,Flood,1,8.0,1,100.0,7309.0,1,100.0,,0,0.0,,0,0.0
2015,9.0,2015-09,Asia,SYR,Syrian Arab Republic,Storm,1,9.0,1,100.0,3500.0,1,100.0,,0,0.0,,0,0.0
2015,9.0,2015-09,Asia,THA,Thailand,Storm,1,3.0,1,100.0,1440.0,1,100.0,561000.0,1,100.0,762000.0,1,100.0
2015,9.0,2015-09,Asia,TWN,Taiwan (Province of China),Storm,1,3.0,1,100.0,376.0,1,100.0,26000000.0,1,100.0,35316000.0,1,100.0
2015,9.0,2015-09,Asia,VNM,Viet Nam,Flood,1,2.0,1,100.0,100.0,1,100.0,,0,0.0,,0,0.0
2015,9.0,2015-09,Asia,VNM,Viet Nam,Storm,1,11.0,1,100.0,,0,0.0,218000.0,1,100.0,296000.0,1,100.0
2015,9.0,2015-09,Europe,ESP,Spain,Flood,1,4.0,1,100.0,150.0,1,100.0,2000000.0,1,100.0,2717000.0,1,100.0
2015,9.0,2015-09,Europe,FRA,France,Storm,1,3.0,1,100.0,750.0,1,100.0,,0,0.0,,0,0.0
2015,9.0,2015-09,Oceania,FJI,Fiji,Drought,1,,0,0.0,67000.0,1,100.0,,0,0.0,,0,0.0
2015,10.0,2015-10,Africa,DZA,Algeria,Flood,1,,0,0.0,35000.0,1,100.0,,0,0.0,,0,0.0
2015,10.0,2015-10,Africa,MWI,Malawi,Drought,1,,0,0.0,6700000.0,1,100.0,,0,0.0,,0,0.0
2015,10.0,2015-10,Africa,SOM,Somalia,Flood,1,,0,0.0,900000.0,1,100.0,,0,0.0,,0,0.0
2015,10.0,2015-10,Americas,BHS,Bahamas,Storm,1,33.0,1,100.0,6710.0,1,100.0,90000000.0,1,100.0,122248000.0,1,100.0
2015,10.0,2015-10,Americas,BLZ,Belize,Flood,1,,0,0.0,20000.0,1,100.0,,0,0.0,,0,0.0
2015,10.0,2015-10,Americas,BRA,Brazil,Flood,1,3.0,1,100.0,5370.0,1,100.0,2000000.0,1,100.0,2717000.0,1,100.0
2015,10.0,2015-10,Americas,COL,Colombia,Drought,1,,0,0.0,,0,0.0,,0,0.0,,0,0.0
2015,10.0,2015-10,Americas,GTM,Guatemala,Mass movement (wet),1,350.0,1,100.0,1112.0,1,100.0,5000000.0,1,100.0,6792000.0,1,100.0
2015,10.0,2015-10,Americas,MEX,Mexico,Storm,1,14.0,1,100.0,15000.0,1,100.0,823000000.0,1,100.0,1117891000.0,1,100.0
2015,10.0,2015-10,Americas,URY,Uruguay,Flood,1,,0,0.0,10000.0,1,100.0,,0,0.0,,0,0.0
2015,10.0,2015-10,Americas,USA,United States of America,Storm,2,31.0,2,100.0,800.0,1,50.0,2270000000.0,2,100.0,3083367000.0,2,100.0
2015,10.0,2015-10,Asia,AFG,Afghanistan,Earthquake,1,115.0,1,100.0,92725.0,1,100.0,,0,0.0,,0,0.0
2015,10.0,2015-10,Asia,CHN,China,Storm,2,34.0,2,100.0,93900.0,2,100.0,4243000000.0,2,100.0,5763316000.0,2,100.0
2015,10.0,2015-10,Asia,IND,India,Earthquake,1,,0,0.0,10.0,1,100.0,,0,0.0,,0,0.0
2015,10.0,2015-10,Asia,IND,India,Storm,1,29.0,1,100.0,,0,0.0,,0,0.0,,0,0.0
2015,10.0,2015-10,Asia,IRQ,Iraq,Flood,1,58.0,1,100.0,65000.0,1,100.0,,0,0.0,,0,0.0
2015,10.0,2015-10,Asia,MMR,Myanmar,Flood,1,16.0,1,100.0,,0,0.0,,0,0.0,,0,0.0
2015,10.0,2015-10,Asia,MMR,Myanmar,Mass movement (wet),2,38.0,2,100.0,1200.0,2,100.0,,0,0.0,,0,0.0
2015,10.0,2015-10,Asia,PAK,Pakistan,Earthquake,1,280.0,1,100.0,502590.0,1,100.0,,0,0.0,,0,0.0
2015,10.0,2015-10,Asia,PAK,Pakistan,Mass movement (dry),1,13.0,1,100.0,,0,0.0,,0,0.0,,0,0.0
2015,10.0,2015-10,Asia,PHL,Philippines,Storm,2,53.0,2,100.0,2902090.0,2,100.0,212285000.0,2,100.0,288349000.0,2,100.0
2015,10.0,2015-10,Europe,BIH,Bosnia and Herzegovina,Flood,1,,0,0.0,,0,0.0,,0,0.0,,0,0.0
2015,10.0,2015-10,Europe,FRA,France,Flood,1,20.0,1,100.0,,0,0.0,924000000.0,1,100.0,1255080000.0,1,100.0
2015,10.0,2015-10,Europe,HRV,Croatia,Flood,1,,0,0.0,1200.0,1,100.0,,0,0.0,,0,0.0
2015,10.0,2015-10,Europe,ITA,Italy,Flood,1,4.0,1,100.0,50.0,1,100.0,163000000.0,1,100.0,221405000.0,1,100.0
2015,10.0,2015-10,Oceania,PLW,Palau,Drought,1,,0,0.0,14200.0,1,100.0,,0,0.0,,0,0.0
2015,11.0,2015-11,Africa,BDI,Burundi,Flood,1,52.0,1,100.0,4179.0,1,100.0,13000000.0,1,100.0,17658000.0,1,100.0
2015,11.0,2015-11,Africa,COD,Democratic Republic of the Congo,Flood,2,31.0,1,50.0,190560.0,2,100.0,,0,0.0,,0,0.0
2015,11.0,2015-11,Africa,EGY,Egypt,Storm,1,25.0,1,100.0,135.0,1,100.0,,0,0.0,,0,0.0
2015,11.0,2015-11,Africa,ETH,Ethiopia,Flood,1,,0,0.0,210600.0,1,100.0,,0,0.0,,0,0.0
2015,11.0,2015-11,Africa,SOM,Somalia,Storm,2,,0,0.0,4000.0,1,50.0,,0,0.0,,0,0.0
2015,11.0,2015-11,Americas,ECU,Ecuador,Volcanic activity,1,,0,0.0,130042.0,1,100.0,,0,0.0,,0,0.0
2015,11.0,2015-11,Americas,PRY,Paraguay,Flood,1,12.0,1,100.0,136450.0,1,100.0,,0,0.0,,0,0.0
2015,11.0,2015-11,Americas,USA,United States of America,Storm,1,18.0,1,100.0,300.0,1,100.0,140000000.0,1,100.0,190164000.0,1,100.0
2015,11.0,2015-11,Asia,CHN,China,Flood,1,38.0,1,100.0,639000.0,1,100.0,130000000.0,1,100.0,176581000.0,1,100.0
2015,11.0,2015-11,Asia,CHN,China,Mass movement (wet),1,38.0,1,100.0,300.0,1,100.0,,0,0.0,,0,0.0
2015,11.0,2015-11,Asia,CHN,China,Storm,1,4.0,1,100.0,3000.0,1,100.0,,0,0.0,,0,0.0
2015,11.0,2015-11,Asia,IND,India,Flood,1,325.0,1,100.0,1801000.0,1,100.0,2200000000.0,1,100.0,2988286000.0,1,100.0
2015,11.0,2015-11,Asia,IRN,Iran (Islamic Republic of),Flood,1,9.0,1,100.0,17700.0,1,100.0,516000000.0,1,100.0,700889000.0,1,100.0
2015,11.0,2015-11,Asia,KGZ,Kyrgyzstan,Earthquake,1,,0,0.0,16780.0,1,100.0,12000000.0,1,100.0,16300000.0,1,100.0
2015,11.0,2015-11,Asia,LKA,Sri Lanka,Flood,1,2.0,1,100.0,20000.0,1,100.0,,0,0.0,,0,0.0
2015,11.0,2015-11,Asia,MNG,Mongolia,Extreme temperature,1,,0,0.0,965000.0,1,100.0,,0,0.0,,0,0.0
2015,11.0,2015-11,Asia,SAU,Saudi Arabia,Flood,1,12.0,1,100.0,,0,0.0,,0,0.0,,0,0.0
2015,11.0,2015-11,Asia,TLS,Timor-Leste,Earthquake,1,,0,0.0,2003.0,1,100.0,4000000.0,1,100.0,5433000.0,1,100.0
2015,11.0,2015-11,Asia,YEM,Yemen,Storm,2,26.0,2,100.0,125065.0,2,100.0,200000000.0,1,50.0,271662000.0,1,50.0
2015,11.0,2015-11,Europe,ALB,Albania,Flood,1,1.0,1,100.0,300.0,1,100.0,,0,0.0,,0,0.0
2015,11.0,2015-11,Oceania,AUS,Australia,Wildfire,1,2.0,1,100.0,261.0,1,100.0,200000000.0,1,100.0,271662000.0,1,100.0
2015,12.0,2015-12,Africa,AGO,Angola,Epidemic,1,384.0,1,100.0,4599.0,1,100.0,,0,0.0,,0,0.0
2015,12.0,2015-12,Africa,COD,Democratic Republic of the Congo,Flood,1,18.0,1,100.0,,0,0.0,,0,0.0,,0,0.0
2015,12.0,2015-12,Africa,GHA,Ghana,Epidemic,1,85.0,1,100.0,465.0,1,100.0,,0,0.0,,0,0.0
2015,12.0,2015-12,Africa,KEN,Kenya,Flood,1,112.0,1,100.0,240799.0,1,100.0,,0,0.0,,0,0.0
2015,12.0,2015-12,Africa,TGO,Togo,Epidemic,1,24.0,1,100.0,324.0,1,100.0,,0,0.0,,0,0.0
2015,12.0,2015-12,Americas,ARG,Argentina,Flood,1,6.0,1,100.0,76133.0,1,100.0,,0,0.0,,0,0.0
2015,12.0,2015-12,Americas,BRA,Brazil,Flood,1,,0,0.0,9000.0,1,100.0,,0,0.0,,0,0.0
2015,12.0,2015-12,Americas,URY,Uruguay,Flood,1,2.0,1,100.0,23000.0,1,100.0,,0,0.0,,0,0.0
2015,12.0,2015-12,Americas,USA,United States of America,Flood,1,31.0,1,100.0,4050.0,1,100.0,600000000.0,1,100.0,814987000.0,1,100.0
2015,12.0,2015-12,Americas,USA,United States of America,Storm,1,50.0,1,100.0,60.0,1,100.0,2000000000.0,1,100.0,2716623000.0,1,100.0
2015,12.0,2015-12,Asia,AFG,Afghanistan,Earthquake,1,,0,0.0,407.0,1,100.0,,0,0.0,,0,0.0
2015,12.0,2015-12,Asia,IDN,Indonesia,Mass movement (wet),1,20.0,1,100.0,105.0,1,100.0,,0,0.0,,0,0.0
2015,12.0,2015-12,Asia,PAK,Pakistan,Earthquake,1,3.0,1,100.0,85.0,1,100.0,,0,0.0,,0,0.0
2015,12.0,2015-12,Asia,PHL,Philippines,Storm,1,46.0,1,100.0,287251.0,1,100.0,135217000.0,1,100.0,183667000.0,1,100.0
2015,12.0,2015-12,Asia,TJK,Tajikistan,Earthquake,1,2.0,1,100.0,7976.0,1,100.0,5000000.0,1,100.0,6792000.0,1,100.0
2015,12.0,2015-12,Asia,VNM,Viet Nam,Drought,1,,0,0.0,1750000.0,1,100.0,6750000000.0,1,100.0,9168604000.0,1,100.0
2015,12.0,2015-12,Europe,GBR,United Kingdom of Great Britain and Northern Ireland,Flood,1,,0,0.0,48000.0,1,100.0,1200000000.0,1,100.0,1629974000.0,1,100.0
2015,12.0,2015-12,Europe,GBR,United Kingdom of Great Britain and Northern Ireland,Storm,1,3.0,1,100.0,15600.0,1,100.0,1200000000.0,1,100.0,1629974000.0,1,100.0
2015,12.0,2015-12,Europe,IRL,Ireland,Storm,1,1.0,1,100.0,,0,0.0,,0,0.0,,0,0.0
2015,12.0,2015-12,Oceania,AUS,Australia,Wildfire,1,,0,0.0,348.0,1,100.0,100000000.0,1,100.0,135831000.0,1,100.0
2016,1.0,2016-01,Africa,COD,Democratic Republic of the Congo,Epidemic,1,,0,0.0,551.0,1,100.0,,0,0.0,,0,0.0
2016,1.0,2016-01,Africa,MDG,Madagascar,Drought,1,,0,0.0,1140000.0,1,100.0,,0,0.0,,0,0.0
2016,1.0,2016-01,Africa,MOZ,Mozambique,Drought,1,,0,0.0,2300000.0,1,100.0,,0,0.0,,0,0.0
2016,1.0,2016-01,Africa,MOZ,Mozambique,Flood,1,16.0,1,100.0,6600.0,1,100.0,,0,0.0,,0,0.0
2016,1.0,2016-01,Africa,RWA,Rwanda,Flood,1,67.0,1,100.0,,0,0.0,,0,0.0,,0,0.0
2016,1.0,2016-01,Africa,SOM,Somalia,Epidemic,1,497.0,1,100.0,14165.0,1,100.0,,0,0.0,,0,0.0
2016,1.0,2016-01,Africa,SSD,South Sudan,Epidemic,1,68.0,1,100.0,3826.0,1,100.0,,0,0.0,,0,0.0
2016,1.0,2016-01,Africa,SYC,Seychelles,Epidemic,1,,0,0.0,253.0,1,100.0,,0,0.0,,0,0.0
2016,1.0,2016-01,Africa,TZA,United Republic of Tanzania,Flood,1,3.0,1,100.0,58896.0,1,100.0,,0,0.0,,0,0.0
2016,1.0,2016-01,Africa,ZAF,South Africa,Extreme temperature,1,11.0,1,100.0,20.0,1,100.0,,0,0.0,,0,0.0
2016,1.0,2016-01,Americas,BRA,Brazil,Flood,1,3.0,1,100.0,50500.0,1,100.0,100000000.0,1,100.0,134139000.0,1,100.0
2016,1.0,2016-01,Americas,ECU,Ecuador,Flood,2,9.0,1,50.0,33955.0,2,100.0,10000000.0,1,50.0,13414000.0,1,50.0
2016,1.0,2016-01,Americas,HTI,Haiti,Drought,1,,0,0.0,3600000.0,1,100.0,84000000.0,1,100.0,112677000.0,1,100.0
2016,1.0,2016-01,Americas,USA,United States of America,Storm,2,50.0,1,50.0,85000012.0,1,50.0,675000000.0,2,100.0,905438000.0,2,100.0
2016,1.0,2016-01,Asia,BGD,Bangladesh,Earthquake,1,5.0,1,100.0,70.0,1,100.0,,0,0.0,,0,0.0
2016,1.0,2016-01,Asia,CHN,China,Extreme temperature,1,5.0,1,100.0,,0,0.0,1600000000.0,1,100.0,2146222000.0,1,100.0
2016,1.0,2016-01,Asia,CHN,China,Flood,1,11.0,1,100.0,3000.0,1,100.0,20000000.0,1,100.0,26828000.0,1,100.0
2016,1.0,2016-01,Asia,IDN,Indonesia,Earthquake,1,1.0,1,100.0,1172.0,1,100.0,,0,0.0,,0,0.0
2016,1.0,2016-01,Asia,IND,India,Earthquake,1,8.0,1,100.0,10808.0,1,100.0,75000000.0,1,100.0,100604000.0,1,100.0
2016,1.0,2016-01,Asia,JPN,Japan,Extreme temperature,1,8.0,1,100.0,610.0,1,100.0,,0,0.0,,0,0.0
2016,1.0,2016-01,Asia,KOR,Republic of Korea,Extreme temperature,1,6.0,1,100.0,,0,0.0,127000000.0,1,100.0,170356000.0,1,100.0
2016,1.0,2016-01,Asia,SGP,Singapore,Epidemic,1,,0,0.0,13051.0,1,100.0,,0,0.0,,0,0.0
2016,1.0,2016-01,Asia,THA,Thailand,Extreme temperature,1,14.0,1,100.0,,0,0.0,,0,0.0,,0,0.0
2016,1.0,2016-01,Asia,TWN,Taiwan (Province of China),Extreme temperature,1,85.0,1,100.0,,0,0.0,52000000.0,1,100.0,69752000.0,1,100.0
2016,1.0,2016-01,Asia,VNM,Viet Nam,Epidemic,1,27.0,1,100.0,79204.0,1,100.0,,0,0.0,,0,0.0
2016,1.0,2016-01,Europe,GBR,United Kingdom of Great Britain and Northern Ireland,Storm,1,,0,0.0,7200.0,1,100.0,160000000.0,1,100.0,214622000.0,1,100.0
2016,1.0,2016-01,Europe,POL,Poland,Extreme temperature,1,21.0,1,100.0,,0,0.0,,0,0.0,,0,0.0
2016,1.0,2016-01,Europe,UKR,Ukraine,Extreme temperature,1,37.0,1,100.0,,0,0.0,,0,0.0,,0,0.0
2016,1.0,2016-01,Oceania,AUS,Australia,Epidemic,1,,0,0.0,2016.0,1,100.0,,0,0.0,,0,0.0
2016,1.0,2016-01,Oceania,AUS,Australia,Wildfire,1,2.0,1,100.0,540.0,1,100.0,110000000.0,1,100.0,147553000.0,1,100.0
2016,1.0,2016-01,Oceania,TON,Tonga,Storm,1,,0,0.0,392.0,1,100.0,,0,0.0,,0,0.0
2016,2.0,2016-02,Africa,AGO,Angola,Flood,1,54.0,1,100.0,,0,0.0,,0,0.0,,0,0.0
2016,2.0,2016-02,Africa,LSO,Lesotho,Drought,1,,0,0.0,709000.0,1,100.0,,0,0.0,,0,0.0
2016,2.0,2016-02,Africa,MAR,Morocco,Extreme temperature,1,,0,0.0,750000.0,1,100.0,,0,0.0,,0,0.0
2016,2.0,2016-02,Africa,SSD,South Sudan,Drought,1,,0,0.0,3600000.0,1,100.0,,0,0.0,,0,0.0
2016,2.0,2016-02,Africa,SWZ,Eswatini,Drought,1,,0,0.0,492000.0,1,100.0,,0,0.0,,0,0.0
2016,2.0,2016-02,Africa,TZA,United Republic of Tanzania,Flood,1,,0,0.0,53446.0,1,100.0,,0,0.0,,0,0.0
2016,2.0,2016-02,Americas,BOL,Bolivia (Plurinational State of),Flood,1,,0,0.0,120.0,1,100.0,,0,0.0,,0,0.0
2016,2.0,2016-02,Americas,HTI,Haiti,Flood,1,5.0,1,100.0,48280.0,1,100.0,2000000.0,1,100.0,2683000.0,1,100.0
2016,2.0,2016-02,Americas,MEX,Mexico,Flood,1,2.0,1,100.0,3000.0,1,100.0,,0,0.0,,0,0.0
2016,2.0,2016-02,Americas,PER,Peru,Flood,1,2.0,1,100.0,10000.0,1,100.0,2000000.0,1,100.0,2683000.0,1,100.0
2016,2.0,2016-02,Americas,USA,United States of America,Storm,1,10.0,1,100.0,12.0,1,100.0,1200000000.0,1,100.0,1609667000.0,1,100.0
2016,2.0,2016-02,Asia,IDN,Indonesia,Flood,2,8.0,1,50.0,110313.0,2,100.0,2000000.0,1,50.0,2683000.0,1,50.0
2016,2.0,2016-02,Asia,IND,India,Mass movement (wet),1,10.0,1,100.0,,0,0.0,,0,0.0,,0,0.0
2016,2.0,2016-02,Asia,IND,India,Wildfire,1,7.0,1,100.0,,0,0.0,,0,0.0,,0,0.0
2016,2.0,2016-02,Asia,MYS,Malaysia,Flood,1,,0,0.0,6000.0,1,100.0,,0,0.0,,0,0.0
2016,2.0,2016-02,Asia,NPL,Nepal,Wildfire,1,11.0,1,100.0,,0,0.0,,0,0.0,,0,0.0
2016,2.0,2016-02,Asia,TWN,Taiwan (Province of China),Earthquake,1,117.0,1,100.0,525.0,1,100.0,700000000.0,1,100.0,938972000.0,1,100.0
2016,2.0,2016-02,Oceania,FJI,Fiji,Storm,1,45.0,1,100.0,540558.0,1,100.0,600000000.0,1,100.0,804833000.0,1,100.0
2016,2.0,2016-02,Oceania,PNG,Papua New Guinea,Flood,1,,0,0.0,6600.0,1,100.0,,0,0.0,,0,0.0
2016,2.0,2016-02,Oceania,TON,Tonga,Storm,1,,0,0.0,,0,0.0,,0,0.0,,0,0.0
2016,3.0,2016-03,Africa,AGO,Angola,Flood,2,36.0,2,100.0,4299.0,2,100.0,,0,0.0,,0,0.0
2016,3.0,2016-03,Africa,KEN,Kenya,Flood,1,3.0,1,100.0,1000.0,1,100.0,,0,0.0,,0,0.0
2016,3.0,2016-03,Americas,BOL,Bolivia (Plurinational State of),Drought,1,,0,0.0,665000.0,1,100.0,450000000.0,1,100.0,603625000.0,1,100.0
2016,3.0,2016-03,Americas,BRA,Brazil,Flood,1,30.0,1,100.0,,0,0.0,100000000.0,1,100.0,134139000.0,1,100.0
2016,3.0,2016-03,Americas,USA,United States of America,Flood,1,5.0,1,100.0,,0,0.0,2300000000.0,1,100.0,3085194000.0,1,100.0
2016,3.0,2016-03,Americas,USA,United States of America,Storm,3,8.0,2,66.67,300.0,1,33.33,5100000000.0,3,100.0,6841083000.0,3,100.0
2016,3.0,2016-03,Asia,CHN,China,Flood,1,5.0,1,100.0,219300.0,1,100.0,170000000.0,1,100.0,228036000.0,1,100.0
2016,3.0,2016-03,Asia,IDN,Indonesia,Flood,2,11.0,2,100.0,36500.0,2,100.0,,0,0.0,,0,0.0
2016,3.0,2016-03,Asia,PAK,Pakistan,Flood,1,141.0,1,100.0,4412.0,1,100.0,2000000.0,1,100.0,2683000.0,1,100.0
2016,3.0,2016-03,Asia,PHL,Philippines,Earthquake,1,8.0,1,100.0,202.0,1,100.0,,0,0.0,,0,0.0
2016,3.0,2016-03,Europe,SRB,Serbia,Flood,1,,0,0.0,7000.0,1,100.0,100000000.0,1,100.0,134139000.0,1,100.0
2016,3.0,2016-03,Oceania,NZL,New Zealand,Flood,1,,0,0.0,300.0,1,100.0,25000000.0,1,100.0,33535000.0,1,100.0
2016,4.0,2016-04,Africa,AGO,Angola,Flood,1,23.0,1,100.0,5600.0,1,100.0,,0,0.0,,0,0.0
2016,4.0,2016-04,Africa,ETH,Ethiopia,Flood,1,28.0,1,100.0,3080.0,1,100.0,,0,0.0,,0,0.0
2016,4.0,2016-04,Africa,KEN,Kenya,Flood,1,39.0,1,100.0,10000.0,1,100.0,,0,0.0,,0,0.0
2016,4.0,2016-04,Africa,MWI,Malawi,Flood,1,12.0,1,100.0,2800.0,1,100.0,,0,0.0,,0,0.0
2016,4.0,2016-04,Africa,SOM,Somalia,Flood,1,9.0,1,100.0,,0,0.0,,0,0.0,,0,0.0
2016,4.0,2016-04,Africa,TZA,United Republic of Tanzania,Flood,1,13.0,1,100.0,27933.0,1,100.0,,0,0.0,,0,0.0
2016,4.0,2016-04,Africa,UGA,Uganda,Flood,1,,0,0.0,10000.0,1,100.0,2700000.0,1,100.0,3622000.0,1,100.0
2016,4.0,2016-04,Americas,ARG,Argentina,Flood,1,,0,0.0,72119.0,1,100.0,1000000000.0,1,100.0,1341389000.0,1,100.0
2016,4.0,2016-04,Americas,CHL,Chile,Flood,1,12.0,1,100.0,100.0,1,100.0,100000000.0,1,100.0,134139000.0,1,100.0
2016,4.0,2016-04,Americas,ECU,Ecuador,Earthquake,1,672.0,1,100.0,389364.0,1,100.0,2000000000.0,1,100.0,2682778000.0,1,100.0
2016,4.0,2016-04,Americas,HTI,Haiti,Flood,1,6.0,1,100.0,22070.0,1,100.0,,0,0.0,,0,0.0
2016,4.0,2016-04,Americas,URY,Uruguay,Flood,1,8.0,1,100.0,10605.0,1,100.0,3000000.0,1,100.0,4024000.0,1,100.0
2016,4.0,2016-04,Americas,USA,United States of America,Flood,2,20.0,2,100.0,21000.0,1,50.0,2000000000.0,1,50.0,2682778000.0,1,50.0
2016,4.0,2016-04,Americas,USA,United States of America,Storm,3,13.0,3,100.0,3019.0,2,66.67,6300000000.0,2,66.67,8450749000.0,2,66.67
2016,4.0,2016-04,Asia,AFG,Afghanistan,Flood,2,61.0,2,100.0,,0,0.0,,0,0.0,,0,0.0
2016,4.0,2016-04,Asia,CHN,China,Flood,1,20.0,1,100.0,48000.0,1,100.0,97000000.0,1,100.0,130115000.0,1,100.0
2016,4.0,2016-04,Asia,CHN,China,Storm,1,,0,0.0,6049.0,1,100.0,202000000.0,1,100.0,270961000.0,1,100.0
2016,4.0,2016-04,Asia,IND,India,Extreme temperature,1,300.0,1,100.0,,0,0.0,,0,0.0,,0,0.0
2016,4.0,2016-04,Asia,IND,India,Flood,1,18.0,1,100.0,100000.0,1,100.0,150000000.0,1,100.0,201208000.0,1,100.0
2016,4.0,2016-04,Asia,JPN,Japan,Earthquake,2,58.0,2,100.0,419232.0,2,100.0,20000000000.0,1,50.0,26827775000.0,1,50.0
2016,4.0,2016-04,Asia,MMR,Myanmar,Storm,2,32.0,2,100.0,99956.0,2,100.0,4600000.0,2,100.0,6171000.0,2,100.0
2016,4.0,2016-04,Asia,OMN,Oman,Flood,1,2.0,1,100.0,,0,0.0,,0,0.0,,0,0.0
2016,4.0,2016-04,Asia,PAK,Pakistan,Earthquake,1,6.0,1,100.0,142.0,1,100.0,,0,0.0,,0,0.0
2016,4.0,2016-04,Asia,PAK,Pakistan,Flood,1,92.0,1,100.0,77.0,1,100.0,,0,0.0,,0,0.0
2016,4.0,2016-04,Asia,SAU,Saudi Arabia,Flood,2,21.0,2,100.0,915.0,1,50.0,,0,0.0,,0,0.0
2016,4.0,2016-04,Asia,TLS,Timor-Leste,Drought,1,,0,0.0,120000.0,1,100.0,,0,0.0,,0,0.0
2016,4.0,2016-04,Asia,YEM,Yemen,Flood,1,20.0,1,100.0,29750.0,1,100.0,,0,0.0,,0,0.0
2016,4.0,2016-04,Europe,RUS,Russian Federation,Flood,1,,0,0.0,3200.0,1,100.0,2000000.0,1,100.0,2683000.0,1,100.0
2016,4.0,2016-04,Oceania,FJI,Fiji,Storm,1,2.0,1,100.0,5000.0,1,100.0,,0,0.0,,0,0.0
2016,4.0,2016-04,Oceania,TON,Tonga,Storm,1,,0,0.0,,0,0.0,,0,0.0,,0,0.0
2016,5.0,2016-05,Africa,ETH,Ethiopia,Flood,1,100.0,1,100.0,490000.0,1,100.0,,0,0.0,,0,0.0
2016,5.0,2016-05,Africa,RWA,Rwanda,Mass movement (wet),1,50.0,1,100.0,30030.0,1,100.0,,0,0.0,,0,0.0
2016,5.0,2016-05,Africa,UGA,Uganda,Mass movement (wet),1,15.0,1,100.0,1000.0,1,100.0,,0,0.0,,0,0.0
2016,5.0,2016-05,Americas,CAN,Canada,Wildfire,1,,0,0.0,88000.0,1,100.0,4000000000.0,1,100.0,5365555000.0,1,100.0
2016,5.0,2016-05,Americas,DOM,Dominican Republic,Flood,1,,0,0.0,3400.0,1,100.0,,0,0.0,,0,0.0
2016,5.0,2016-05,Americas,ECU,Ecuador,Earthquake,1,1.0,1,100.0,147.0,1,100.0,,0,0.0,,0,0.0
2016,5.0,2016-05,Americas,HTI,Haiti,Flood,3,29.0,3,100.0,21373.0,2,66.67,,0,0.0,,0,0.0
2016,5.0,2016-05,Americas,USA,United States of America,Flood,1,15.0,1,100.0,,0,0.0,300000000.0,1,100.0,402417000.0,1,100.0
2016,5.0,2016-05,Americas,USA,United States of America,Storm,2,11.0,2,100.0,22.0,2,100.0,2800000000.0,2,100.0,3755889000.0,2,100.0
2016,5.0,2016-05,Asia,AFG,Afghanistan,Flood,1,6.0,1,100.0,,0,0.0,,0,0.0,,0,0.0
2016,5.0,2016-05,Asia,BGD,Bangladesh,Storm,2,87.0,2,100.0,1203555.0,1,50.0,600000000.0,1,50.0,804833000.0,1,50.0
2016,5.0,2016-05,Asia,CHN,China,Earthquake,1,2.0,1,100.0,5000.0,1,100.0,60000000.0,1,100.0,80483000.0,1,100.0
2016,5.0,2016-05,Asia,CHN,China,Flood,2,29.0,2,100.0,44100.0,1,50.0,516000000.0,2,100.0,692157000.0,2,100.0
2016,5.0,2016-05,Asia,CHN,China,Mass movement (wet),1,66.0,1,100.0,237600.0,1,100.0,700000000.0,1,100.0,938972000.0,1,100.0
2016,5.0,2016-05,Asia,IDN,Indonesia,Mass movement (wet),1,15.0,1,100.0,,0,0.0,,0,0.0,,0,0.0
2016,5.0,2016-05,Asia,IND,India,Mass movement (wet),1,10.0,1,100.0,5.0,1,100.0,,0,0.0,,0,0.0
2016,5.0,2016-05,Asia,KHM,Cambodia,Drought,1,,0,0.0,2500000.0,1,100.0,,0,0.0,,0,0.0
2016,5.0,2016-05,Asia,LKA,Sri Lanka,Flood,1,203.0,1,100.0,301602.0,1,100.0,1200000000.0,1,100.0,1609667000.0,1,100.0
2016,5.0,2016-05,Asia,MMR,Myanmar,Mass movement (wet),1,42.0,1,100.0,15.0,1,100.0,,0,0.0,,0,0.0
2016,5.0,2016-05,Asia,TJK,Tajikistan,Flood,1,4.0,1,100.0,12750.0,1,100.0,,0,0.0,,0,0.0
2016,5.0,2016-05,Asia,YEM,Yemen,Mass movement (wet),1,20.0,1,100.0,20.0,1,100.0,,0,0.0,,0,0.0
2016,5.0,2016-05,Europe,DEU,Germany,Flood,1,7.0,1,100.0,,0,0.0,2000000000.0,1,100.0,2682778000.0,1,100.0
2016,5.0,2016-05,Europe,FRA,France,Flood,1,4.0,1,100.0,24.0,1,100.0,2400000000.0,1,100.0,3219333000.0,1,100.0
2016,5.0,2016-05,Europe,POL,Poland,Flood,1,2.0,1,100.0,3.0,1,100.0,,0,0.0,,0,0.0
2016,6.0,2016-06,Africa,BFA,Burkina Faso,Flood,1,15.0,1,100.0,34893.0,1,100.0,,0,0.0,,0,0.0
2016,6.0,2016-06,Africa,GHA,Ghana,Flood,1,10.0,1,100.0,,0,0.0,,0,0.0,,0,0.0
2016,6.0,2016-06,Africa,KEN,Kenya,Drought,1,,0,0.0,3400000.0,1,100.0,,0,0.0,,0,0.0
2016,6.0,2016-06,Africa,LBR,Liberia,Flood,1,,0,0.0,15431.0,1,100.0,,0,0.0,,0,0.0
2016,6.0,2016-06,Africa,NER,Niger,Flood,2,61.0,2,100.0,126266.0,2,100.0,,0,0.0,,0,0.0
2016,6.0,2016-06,Africa,SDN,Sudan,Flood,1,171.0,1,100.0,200004.0,1,100.0,,0,0.0,,0,0.0
2016,6.0,2016-06,Americas,CAN,Canada,Flood,1,,0,0.0,300.0,1,100.0,,0,0.0,,0,0.0
2016,6.0,2016-06,Americas,USA,United States of America,Storm,1,25.0,1,100.0,2000.0,1,100.0,1000000000.0,1,100.0,1341389000.0,1,100.0
2016,6.0,2016-06,Americas,USA,United States of America,Wildfire,1,,0,0.0,891.0,1,100.0,150000000.0,1,100.0,201208000.0,1,100.0
2016,6.0,2016-06,Asia,ARM,Armenia,Mass movement (wet),1,,0,0.0,750.0,1,100.0,,0,0.0,,0,0.0
2016,6.0,2016-06,Asia,CHN,China,Drought,1,,0,0.0,10000000.0,1,100.0,3000000000.0,1,100.0,4024166000.0,1,100.0
2016,6.0,2016-06,Asia,CHN,China,Flood,4,416.0,4,100.0,60569400.0,4,100.0,26339000000.0,4,100.0,35330838000.0,4,100.0
2016,6.0,2016-06,Asia,CHN,China,Storm,3,213.0,3,100.0,241846.0,3,100.0,1570000000.0,3,100.0,2105980000.0,3,100.0
2016,6.0,2016-06,Asia,IDN,Indonesia,Mass movement (wet),1,62.0,1,100.0,,0,0.0,25000000.0,1,100.0,33535000.0,1,100.0
2016,6.0,2016-06,Asia,IND,India,Flood,1,61.0,1,100.0,,0,0.0,100000000.0,1,100.0,134139000.0,1,100.0
2016,6.0,2016-06,Asia,IND,India,Storm,2,104.0,2,100.0,,0,0.0,,0,0.0,,0,0.0
2016,6.0,2016-06,Asia,JPN,Japan,Flood,1,7.0,1,100.0,6000.0,1,100.0,,0,0.0,,0,0.0
2016,6.0,2016-06,Asia,MMR,Myanmar,Flood,1,14.0,1,100.0,377667.0,1,100.0,,0,0.0,,0,0.0
2016,6.0,2016-06,Asia,NPL,Nepal,Flood,1,25.0,1,100.0,10023.0,1,100.0,,0,0.0,,0,0.0
2016,6.0,2016-06,Asia,PAK,Pakistan,Storm,1,34.0,1,100.0,191.0,1,100.0,,0,0.0,,0,0.0
2016,6.0,2016-06,Europe,AUT,Austria,Flood,1,,0,0.0,,0,0.0,,0,0.0,,0,0.0
2016,6.0,2016-06,Europe,BEL,Belgium,Flood,1,1.0,1,100.0,,0,0.0,,0,0.0,,0,0.0
2016,6.0,2016-06,Europe,BEL,Belgium,Storm,1,1.0,1,100.0,,0,0.0,,0,0.0,,0,0.0
2016,6.0,2016-06,Europe,HUN,Hungary,Flood,1,,0,0.0,2282.0,1,100.0,,0,0.0,,0,0.0
2016,6.0,2016-06,Europe,NLD,Netherlands (Kingdom of the),Storm,1,,0,0.0,,0,0.0,844000000.0,1,100.0,1132132000.0,1,100.0
2016,6.0,2016-06,Europe,ROU,Romania,Flood,1,2.0,1,100.0,,0,0.0,,0,0.0,,0,0.0
2016,6.0,2016-06,Europe,RUS,Russian Federation,Flood,1,,0,0.0,8196.0,1,100.0,10000000.0,1,100.0,13414000.0,1,100.0
2016,6.0,2016-06,Oceania,AUS,Australia,Storm,1,5.0,1,100.0,,0,0.0,500000000.0,1,100.0,670694000.0,1,100.0
2016,7.0,2016-07,Africa,CAF,Central African Republic,Epidemic,1,21.0,1,100.0,266.0,1,100.0,,0,0.0,,0,0.0
2016,7.0,2016-07,Africa,MLI,Mali,Flood,1,13.0,1,100.0,9500.0,1,100.0,,0,0.0,,0,0.0
2016,7.0,2016-07,Africa,SEN,Senegal,Flood,1,5.0,1,100.0,10646.0,1,100.0,,0,0.0,,0,0.0
2016,7.0,2016-07,Africa,SSD,South Sudan,Flood,1,,0,0.0,22000.0,1,100.0,,0,0.0,,0,0.0
2016,7.0,2016-07,Africa,ZAF,South Africa,Flood,1,7.0,1,100.0,6900.0,1,100.0,180000000.0,1,100.0,241450000.0,1,100.0
2016,7.0,2016-07,Americas,PRY,Paraguay,Drought,1,,0,0.0,,0,0.0,,0,0.0,,0,0.0
2016,7.0,2016-07,Americas,USA,United States of America,Wildfire,1,2.0,1,100.0,420.0,1,100.0,50000000.0,1,100.0,67069000.0,1,100.0
2016,7.0,2016-07,Asia,AFG,Afghanistan,Flood,1,17.0,1,100.0,,0,0.0,,0,0.0,,0,0.0
2016,7.0,2016-07,Asia,BGD,Bangladesh,Flood,1,106.0,1,100.0,1900000.0,1,100.0,150000000.0,1,100.0,201208000.0,1,100.0
2016,7.0,2016-07,Asia,CHN,China,Flood,1,289.0,1,100.0,375000.0,1,100.0,4500000000.0,1,100.0,6036249000.0,1,100.0
2016,7.0,2016-07,Asia,CHN,China,Mass movement (wet),2,57.0,2,100.0,7.0,1,50.0,,0,0.0,,0,0.0
2016,7.0,2016-07,Asia,CHN,China,Storm,1,69.0,1,100.0,24900.0,1,100.0,1511160000.0,1,100.0,2027053000.0,1,100.0
2016,7.0,2016-07,Asia,IDN,Indonesia,Flood,1,,0,0.0,1354.0,1,100.0,,0,0.0,,0,0.0
2016,7.0,2016-07,Asia,IND,India,Flood,4,522.0,4,100.0,3700000.0,3,75.0,660000000.0,3,75.0,885316000.0,3,75.0
2016,7.0,2016-07,Asia,MMR,Myanmar,Flood,1,5.0,1,100.0,474560.0,1,100.0,2000000.0,1,100.0,2683000.0,1,100.0
2016,7.0,2016-07,Asia,MYS,Malaysia,Flood,1,,0,0.0,441.0,1,100.0,,0,0.0,,0,0.0
2016,7.0,2016-07,Asia,NPL,Nepal,Flood,1,138.0,1,100.0,10551.0,1,100.0,15000000.0,1,100.0,20121000.0,1,100.0
2016,7.0,2016-07,Asia,PAK,Pakistan,Flood,2,72.0,2,100.0,413.0,2,100.0,,0,0.0,,0,0.0
2016,7.0,2016-07,Asia,PHL,Philippines,Storm,2,2.0,1,50.0,12168.0,2,100.0,,0,0.0,,0,0.0
2016,7.0,2016-07,Asia,PRK,Democratic People's Republic of Korea,Flood,1,14.0,1,100.0,,0,0.0,,0,0.0,,0,0.0
2016,7.0,2016-07,Asia,TJK,Tajikistan,Earthquake,1,,0,0.0,155.0,1,100.0,,0,0.0,,0,0.0
2016,7.0,2016-07,Asia,TWN,Taiwan (Province of China),Storm,1,3.0,1,100.0,300.0,1,100.0,,0,0.0,,0,0.0
2016,7.0,2016-07,Asia,VNM,Viet Nam,Storm,1,1.0,1,100.0,191750.0,1,100.0,191000000.0,1,100.0,256205000.0,1,100.0
2016,8.0,2016-08,Africa,BDI,Burundi,Epidemic,1,1.0,1,100.0,193.0,1,100.0,,0,0.0,,0,0.0
2016,8.0,2016-08,Africa,BEN,Benin,Epidemic,1,13.0,1,100.0,678.0,1,100.0,,0,0.0,,0,0.0
2016,8.0,2016-08,Africa,NER,Niger,Epidemic,1,23.0,1,100.0,78.0,1,100.0,,0,0.0,,0,0.0
2016,8.0,2016-08,Africa,NGA,Nigeria,Storm,1,28.0,1,100.0,1000.0,1,100.0,,0,0.0,,0,0.0
2016,8.0,2016-08,Africa,SSD,South Sudan,Epidemic,1,15.0,1,100.0,,0,0.0,,0,0.0,,0,0.0
2016,8.0,2016-08,Americas,BLZ,Belize,Storm,1,,0,0.0,10355.0,1,100.0,,0,0.0,,0,0.0
2016,8.0,2016-08,Americas,GTM,Guatemala,Storm,1,,0,0.0,55.0,1,100.0,,0,0.0,,0,0.0
2016,8.0,2016-08,Americas,HND,Honduras,Storm,1,1.0,1,100.0,151.0,1,100.0,,0,0.0,,0,0.0
2016,8.0,2016-08,Americas,MEX,Mexico,Storm,1,54.0,1,100.0,11000.0,1,100.0,,0,0.0,,0,0.0
2016,8.0,2016-08,Americas,PER,Peru,Earthquake,1,4.0,1,100.0,11182.0,1,100.0,,0,0.0,,0,0.0
2016,8.0,2016-08,Americas,USA,United States of America,Flood,1,13.0,1,100.0,70000.0,1,100.0,10000000000.0,1,100.0,13413888000.0,1,100.0
2016,8.0,2016-08,Americas,USA,United States of America,Wildfire,1,,0,0.0,567.0,1,100.0,100000000.0,1,100.0,134139000.0,1,100.0
2016,8.0,2016-08,Asia,CHN,China,Flood,1,23.0,1,100.0,36900.0,1,100.0,130000000.0,1,100.0,174381000.0,1,100.0
2016,8.0,2016-08,Asia,CHN,China,Storm,3,23.0,1,33.33,72400.0,3,100.0,146000000.0,2,66.67,195843000.0,2,66.67
2016,8.0,2016-08,Asia,IDN,Indonesia,Earthquake,1,,0,0.0,3410.0,1,100.0,,0,0.0,,0,0.0
2016,8.0,2016-08,Asia,IND,India,Flood,1,37.0,1,100.0,3000.0,1,100.0,,0,0.0,,0,0.0
2016,8.0,2016-08,Asia,JPN,Japan,Extreme temperature,1,3.0,1,100.0,490.0,1,100.0,,0,0.0,,0,0.0
2016,8.0,2016-08,Asia,JPN,Japan,Storm,1,2.0,1,100.0,3703.0,1,100.0,100000000.0,1,100.0,134139000.0,1,100.0
2016,8.0,2016-08,Asia,LAO,Lao People's Democratic Republic,Flood,1,5.0,1,100.0,26328.0,1,100.0,50000.0,1,100.0,67000.0,1,100.0
2016,8.0,2016-08,Asia,MMR,Myanmar,Earthquake,1,4.0,1,100.0,1152.0,1,100.0,10000000.0,1,100.0,13414000.0,1,100.0
2016,8.0,2016-08,Asia,MMR,Myanmar,Epidemic,1,34.0,1,100.0,,0,0.0,,0,0.0,,0,0.0
2016,8.0,2016-08,Asia,PAK,Pakistan,Flood,3,64.0,3,100.0,5860.0,2,66.67,,0,0.0,,0,0.0
2016,8.0,2016-08,Asia,PHL,Philippines,Flood,2,45.0,2,100.0,2563098.0,2,100.0,9320000.0,1,50.0,12502000.0,1,50.0
2016,8.0,2016-08,Asia,PRK,Democratic People's Republic of Korea,Flood,1,538.0,1,100.0,667715.0,1,100.0,61000000.0,1,100.0,81825000.0,1,100.0
2016,8.0,2016-08,Asia,THA,Thailand,Flood,1,3.0,1,100.0,22500.0,1,100.0,,0,0.0,,0,0.0
2016,8.0,2016-08,Asia,VNM,Viet Nam,Flood,1,8.0,1,100.0,509.0,1,100.0,,0,0.0,,0,0.0
2016,8.0,2016-08,Asia,VNM,Viet Nam,Storm,2,36.0,2,100.0,193590.0,2,100.0,144157000.0,2,100.0,193371000.0,2,100.0
2016,8.0,2016-08,Europe,ITA,Italy,Earthquake,1,296.0,1,100.0,4854.0,1,100.0,5000000000.0,1,100.0,6706944000.0,1,100.0
2016,8.0,2016-08,Europe,MKD,North Macedonia,Flood,1,22.0,1,100.0,33582.0,1,100.0,50000000.0,1,100.0,67069000.0,1,100.0
2016,8.0,2016-08,Europe,PRT,Portugal,Wildfire,1,4.0,1,100.0,1361.0,1,100.0,157000000.0,1,100.0,210598000.0,1,100.0
2016,8.0,2016-08,Europe,RUS,Russian Federation,Flood,1,,0,0.0,300.0,1,100.0,,0,0.0,,0,0.0
2016,9.0,2016-09,Africa,CIV,Côte d’Ivoire,Flood,1,20.0,1,100.0,,0,0.0,,0,0.0,,0,0.0
2016,9.0,2016-09,Africa,NGA,Nigeria,Flood,1,18.0,1,100.0,12000.0,1,100.0,,0,0.0,,0,0.0
2016,9.0,2016-09,Africa,SDN,Sudan,Epidemic,1,19.0,1,100.0,632.0,1,100.0,,0,0.0,,0,0.0
2016,9.0,2016-09,Africa,TZA,United Republic of Tanzania,Earthquake,1,17.0,1,100.0,139601.0,1,100.0,458000000.0,1,100.0,614356000.0,1,100.0
2016,9.0,2016-09,Africa,UGA,Uganda,Earthquake,1,4.0,1,100.0,590.0,1,100.0,,0,0.0,,0,0.0
2016,9.0,2016-09,Americas,BHS,Bahamas,Storm,1,,0,0.0,,0,0.0,600000000.0,1,100.0,804833000.0,1,100.0
2016,9.0,2016-09,Americas,CUB,Cuba,Storm,1,,0,0.0,190000.0,1,100.0,2600000000.0,1,100.0,3487611000.0,1,100.0
2016,9.0,2016-09,Americas,GTM,Guatemala,Mass movement (wet),1,10.0,1,100.0,46.0,1,100.0,,0,0.0,,0,0.0
2016,9.0,2016-09,Americas,HTI,Haiti,Storm,1,546.0,1,100.0,2100439.0,1,100.0,2000000000.0,1,100.0,2682778000.0,1,100.0
2016,9.0,2016-09,Americas,JAM,Jamaica,Storm,1,,0,0.0,125000.0,1,100.0,,0,0.0,,0,0.0
2016,9.0,2016-09,Americas,LCA,Saint Lucia,Storm,1,,0,0.0,25000.0,1,100.0,,0,0.0,,0,0.0
2016,9.0,2016-09,Americas,MEX,Mexico,Flood,3,21.0,3,100.0,15000.0,3,100.0,25000000.0,1,33.33,33535000.0,1,33.33
2016,9.0,2016-09,Americas,MEX,Mexico,Storm,1,11.0,1,100.0,10500.0,1,100.0,50000000.0,1,100.0,67069000.0,1,100.0
2016,9.0,2016-09,Americas,USA,United States of America,Flood,1,1.0,1,100.0,,0,0.0,550000000.0,1,100.0,737764000.0,1,100.0
2016,9.0,2016-09,Americas,USA,United States of America,Storm,1,3.0,1,100.0,14070.0,1,100.0,600000000.0,1,100.0,804833000.0,1,100.0
2016,9.0,2016-09,Americas,VCT,Saint Vincent and the Grenadines,Storm,1,1.0,1,100.0,,0,0.0,,0,0.0,,0,0.0
2016,9.0,2016-09,Asia,CHN,China,Flood,1,23.0,1,100.0,12300.0,1,100.0,21000000.0,1,100.0,28169000.0,1,100.0
2016,9.0,2016-09,Asia,CHN,China,Storm,3,35.0,1,33.33,247500.0,3,100.0,3305000000.0,3,100.0,4433290000.0,3,100.0
2016,9.0,2016-09,Asia,IDN,Indonesia,Flood,1,53.0,1,100.0,8920.0,1,100.0,22000000.0,1,100.0,29511000.0,1,100.0
2016,9.0,2016-09,Asia,IND,India,Flood,1,28.0,1,100.0,3000.0,1,100.0,589000000.0,1,100.0,790078000.0,1,100.0
2016,9.0,2016-09,Asia,IRN,Iran (Islamic Republic of),Storm,1,4.0,1,100.0,2000.0,1,100.0,,0,0.0,,0,0.0
2016,9.0,2016-09,Asia,JPN,Japan,Storm,2,23.0,2,100.0,6000.0,1,50.0,,0,0.0,,0,0.0
2016,9.0,2016-09,Asia,KOR,Republic of Korea,Earthquake,1,,0,0.0,29832.0,1,100.0,21000000.0,1,100.0,28169000.0,1,100.0
2016,9.0,2016-09,Asia,PHL,Philippines,Storm,2,,0,0.0,18207.0,2,100.0,4913000.0,1,50.0,6590000.0,1,50.0
2016,9.0,2016-09,Asia,TWN,Taiwan (Province of China),Storm,2,7.0,1,50.0,160.0,1,50.0,180000000.0,2,100.0,241450000.0,2,100.0
2016,9.0,2016-09,Europe,GRC,Greece,Flood,1,4.0,1,100.0,200.0,1,100.0,56000000.0,1,100.0,75118000.0,1,100.0
2016,9.0,2016-09,Europe,MKD,North Macedonia,Earthquake,1,,0,0.0,100.0,1,100.0,10000000.0,1,100.0,13414000.0,1,100.0
2016,9.0,2016-09,Oceania,AUS,Australia,Flood,1,1.0,1,100.0,280.0,1,100.0,25000000.0,1,100.0,33535000.0,1,100.0
2016,10.0,2016-10,Africa,EGY,Egypt,Storm,1,26.0,1,100.0,32572.0,1,100.0,25000000.0,1,100.0,33535000.0,1,100.0
2016,10.0,2016-10,Africa,GHA,Ghana,Epidemic,1,,0,0.0,172.0,1,100.0,,0,0.0,,0,0.0
2016,10.0,2016-10,Africa,MOZ,Mozambique,Flood,1,47.0,1,100.0,165000.0,1,100.0,,0,0.0,,0,0.0
2016,10.0,2016-10,Africa,MOZ,Mozambique,Storm,1,12.0,1,100.0,1700.0,1,100.0,1500000.0,1,100.0,2012000.0,1,100.0
2016,10.0,2016-10,Americas,COL,Colombia,Flood,1,4.0,1,100.0,2200.0,1,100.0,,0,0.0,,0,0.0
2016,10.0,2016-10,Americas,DOM,Dominican Republic,Storm,1,6.0,1,100.0,48.0,1,100.0,,0,0.0,,0,0.0
2016,10.0,2016-10,Americas,HND,Honduras,Flood,1,6.0,1,100.0,450000.0,1,100.0,,0,0.0,,0,0.0
2016,10.0,2016-10,Americas,HTI,Haiti,Epidemic,1,,0,0.0,6096.0,1,100.0,,0,0.0,,0,0.0
2016,10.0,2016-10,Americas,USA,United States of America,Storm,1,49.0,1,100.0,,0,0.0,10000000000.0,1,100.0,13413888000.0,1,100.0
2016,10.0,2016-10,Asia,CHN,China,Storm,2,,0,0.0,12000.0,1,50.0,890000000.0,1,50.0,1193836000.0,1,50.0
2016,10.0,2016-10,Asia,IDN,Indonesia,Flood,1,2.0,1,100.0,4500.0,1,100.0,,0,0.0,,0,0.0
2016,10.0,2016-10,Asia,JPN,Japan,Earthquake,1,,0,0.0,493.0,1,100.0,100000000.0,1,100.0,134139000.0,1,100.0
2016,10.0,2016-10,Asia,JPN,Japan,Storm,1,,0,0.0,,0,0.0,,0,0.0,,0,0.0
2016,10.0,2016-10,Asia,KOR,Republic of Korea,Storm,1,9.0,1,100.0,1500.0,1,100.0,126000000.0,1,100.0,169015000.0,1,100.0
2016,10.0,2016-10,Asia,LKA,Sri Lanka,Drought,1,,0,0.0,900000.0,1,100.0,20000000.0,1,100.0,26828000.0,1,100.0
2016,10.0,2016-10,Asia,PHL,Philippines,Storm,2,8.0,1,50.0,1033424.0,2,100.0,62180000.0,2,100.0,83408000.0,2,100.0
2016,10.0,2016-10,Asia,THA,Thailand,Flood,1,4.0,1,100.0,204000.0,1,100.0,120000000.0,1,100.0,160967000.0,1,100.0
2016,10.0,2016-10,Asia,VNM,Viet Nam,Flood,2,56.0,2,100.0,865955.0,2,100.0,126280000.0,2,100.0,169391000.0,2,100.0
2016,10.0,2016-10,Asia,VNM,Viet Nam,Storm,1,34.0,1,100.0,610000.0,1,100.0,350000000.0,1,100.0,469486000.0,1,100.0
2016,10.0,2016-10,Asia,YEM,Yemen,Epidemic,1,11.0,1,100.0,180.0,1,100.0,,0,0.0,,0,0.0
2016,10.0,2016-10,Europe,ITA,Italy,Earthquake,2,1.0,1,50.0,25319.0,2,100.0,400000000.0,2,100.0,536556000.0,2,100.0
2016,10.0,2016-10,Europe,ROU,Romania,Flood,1,1.0,1,100.0,300.0,1,100.0,,0,0.0,,0,0.0
2016,10.0,2016-10,Europe,UKR,Ukraine,Flood,1,3.0,1,100.0,200.0,1,100.0,,0,0.0,,0,0.0
2016,10.0,2016-10,Oceania,SLB,Solomon Islands,Epidemic,1,15.0,1,100.0,13242.0,1,100.0,,0,0.0,,0,0.0
2016,11.0,2016-11,Africa,COD,Democratic Republic of the Congo,Flood,1,,0,0.0,2635.0,1,100.0,,0,0.0,,0,0.0
2016,11.0,2016-11,Africa,NGA,Nigeria,Epidemic,1,1166.0,1,100.0,14518.0,1,100.0,,0,0.0,,0,0.0
2016,11.0,2016-11,Africa,ZAF,South Africa,Flood,1,6.0,1,100.0,600.0,1,100.0,100000000.0,1,100.0,134139000.0,1,100.0
2016,11.0,2016-11,Americas,BOL,Bolivia (Plurinational State of),Flood,1,4.0,1,100.0,5300.0,1,100.0,,0,0.0,,0,0.0
2016,11.0,2016-11,Americas,COL,Colombia,Flood,1,6.0,1,100.0,72.0,1,100.0,,0,0.0,,0,0.0
2016,11.0,2016-11,Americas,CRI,Costa Rica,Storm,1,9.0,1,100.0,50000.0,1,100.0,,0,0.0,,0,0.0
2016,11.0,2016-11,Americas,DOM,Dominican Republic,Flood,1,15.0,1,100.0,2792000.0,1,100.0,,0,0.0,,0,0.0
2016,11.0,2016-11,Americas,HTI,Haiti,Flood,1,13.0,1,100.0,2782.0,1,100.0,,0,0.0,,0,0.0
2016,11.0,2016-11,Americas,MEX,Mexico,Flood,1,2.0,1,100.0,35000.0,1,100.0,,0,0.0,,0,0.0
2016,11.0,2016-11,Americas,NIC,Nicaragua,Storm,1,,0,0.0,10570.0,1,100.0,,0,0.0,,0,0.0
2016,11.0,2016-11,Americas,PAN,Panama,Storm,1,7.0,1,100.0,12000.0,1,100.0,,0,0.0,,0,0.0
2016,11.0,2016-11,Americas,USA,United States of America,Earthquake,1,,0,0.0,120.0,1,100.0,20000000.0,1,100.0,26828000.0,1,100.0
2016,11.0,2016-11,Americas,USA,United States of America,Storm,1,8.0,1,100.0,33.0,1,100.0,275000000.0,1,100.0,368882000.0,1,100.0
2016,11.0,2016-11,Americas,USA,United States of America,Wildfire,1,14.0,1,100.0,6574.0,1,100.0,1200000000.0,1,100.0,1609667000.0,1,100.0
2016,11.0,2016-11,Americas,VCT,Saint Vincent and the Grenadines,Flood,1,,0,0.0,25000.0,1,100.0,29700000.0,1,100.0,39839000.0,1,100.0
2016,11.0,2016-11,Americas,VEN,Venezuela (Bolivarian Republic of),Flood,1,,0,0.0,,0,0.0,,0,0.0,,0,0.0
2016,11.0,2016-11,Asia,CHN,China,Earthquake,1,1.0,1,100.0,37200.0,1,100.0,5500000.0,1,100.0,7378000.0,1,100.0
2016,11.0,2016-11,Asia,IDN,Indonesia,Flood,2,15.0,2,100.0,124669.0,2,100.0,10000000.0,1,50.0,13414000.0,1,50.0
2016,11.0,2016-11,Asia,ISR,Israel,Wildfire,1,,0,0.0,60137.0,1,100.0,520000000.0,1,100.0,697522000.0,1,100.0
2016,11.0,2016-11,Asia,MYS,Malaysia,Flood,1,,0,0.0,400.0,1,100.0,,0,0.0,,0,0.0
2016,11.0,2016-11,Asia,PHL,Philippines,Storm,1,,0,0.0,14309.0,1,100.0,,0,0.0,,0,0.0
2016,11.0,2016-11,Asia,SAU,Saudi Arabia,Storm,1,3.0,1,100.0,122.0,1,100.0,50000000.0,1,100.0,67069000.0,1,100.0
2016,11.0,2016-11,Europe,ALB,Albania,Flood,1,3.0,1,100.0,4500.0,1,100.0,,0,0.0,,0,0.0
2016,11.0,2016-11,Europe,ITA,Italy,Flood,1,1.0,1,100.0,400.0,1,100.0,100000000.0,1,100.0,134139000.0,1,100.0
2016,11.0,2016-11,Europe,SRB,Serbia,Flood,1,1.0,1,100.0,1655.0,1,100.0,,0,0.0,,0,0.0
2016,11.0,2016-11,Oceania,NZL,New Zealand,Earthquake,1,2.0,1,100.0,50.0,1,100.0,3900000000.0,1,100.0,5231416000.0,1,100.0
2016,11.0,2016-11,Oceania,VUT,Vanuatu,Epidemic,1,,0,0.0,351.0,1,100.0,,0,0.0,,0,0.0
2016,12.0,2016-12,Africa,COD,Democratic Republic of the Congo,Flood,1,50.0,1,100.0,10000.0,1,100.0,,0,0.0,,0,0.0
2016,12.0,2016-12,Africa,NGA,Nigeria,Epidemic,1,121.0,1,100.0,914.0,1,100.0,,0,0.0,,0,0.0
2016,12.0,2016-12,Africa,ZWE,Zimbabwe,Storm,1,31.0,1,100.0,2000.0,1,100.0,,0,0.0,,0,0.0
2016,12.0,2016-12,Americas,ARG,Argentina,Flood,1,,0,0.0,13650.0,1,100.0,2000000.0,1,100.0,2683000.0,1,100.0
2016,12.0,2016-12,Americas,BRA,Brazil,Epidemic,1,261.0,1,100.0,777.0,1,100.0,,0,0.0,,0,0.0
2016,12.0,2016-12,Americas,PER,Peru,Earthquake,1,1.0,1,100.0,257.0,1,100.0,,0,0.0,,0,0.0
2016,12.0,2016-12,Americas,USA,United States of America,Storm,1,22.0,1,100.0,,0,0.0,100000000.0,1,100.0,134139000.0,1,100.0
2016,12.0,2016-12,Asia,CHN,China,Earthquake,1,,0,0.0,9120.0,1,100.0,135000000.0,1,100.0,181087000.0,1,100.0
2016,12.0,2016-12,Asia,IDN,Indonesia,Earthquake,1,104.0,1,100.0,86018.0,1,100.0,100000000.0,1,100.0,134139000.0,1,100.0
2016,12.0,2016-12,Asia,IDN,Indonesia,Flood,1,,0,0.0,105753.0,1,100.0,74000000.0,1,100.0,99263000.0,1,100.0
2016,12.0,2016-12,Asia,IND,India,Storm,1,24.0,1,100.0,,0,0.0,1000000000.0,1,100.0,1341389000.0,1,100.0
2016,12.0,2016-12,Asia,MNG,Mongolia,Extreme temperature,1,,0,0.0,157000.0,1,100.0,,0,0.0,,0,0.0
2016,12.0,2016-12,Asia,MYS,Malaysia,Flood,1,,0,0.0,25000.0,1,100.0,132000000.0,1,100.0,177063000.0,1,100.0
2016,12.0,2016-12,Asia,PHL,Philippines,Storm,1,24.0,1,100.0,1893404.0,1,100.0,103661000.0,1,100.0,139050000.0,1,100.0
2016,12.0,2016-12,Asia,THA,Thailand,Flood,1,14.0,1,100.0,582343.0,1,100.0,25000000.0,1,100.0,33535000.0,1,100.0
2016,12.0,2016-12,Asia,VNM,Viet Nam,Flood,1,27.0,1,100.0,562121.0,1,100.0,35000000.0,1,100.0,46949000.0,1,100.0
2016,12.0,2016-12,Europe,ESP,Spain,Flood,1,5.0,1,100.0,150.0,1,100.0,50000000.0,1,100.0,67069000.0,1,100.0
2016,12.0,2016-12,Oceania,SLB,Solomon Islands,Earthquake,1,,0,0.0,9770.0,1,100.0,,0,0.0,,0,0.0
2017,1.0,2017-01,Africa,CAF,Central African Republic,Storm,1,,0,0.0,3690.0,1,100.0,,0,0.0,,0,0.0
2017,1.0,2017-01,Africa,DZA,Algeria,Extreme temperature,1,,0,0.0,125000.0,1,100.0,,0,0.0,,0,0.0
2017,1.0,2017-01,Africa,GIN,Guinea,Epidemic,1,,0,0.0,122.0,1,100.0,,0,0.0,,0,0.0
2017,1.0,2017-01,Africa,KEN,Kenya,Epidemic,1,76.0,1,100.0,3967.0,1,100.0,,0,0.0,,0,0.0
2017,1.0,2017-01,Africa,MAR,Morocco,Extreme temperature,1,,0,0.0,900000.0,1,100.0,,0,0.0,,0,0.0
2017,1.0,2017-01,Africa,MDG,Madagascar,Drought,1,,0,0.0,1260000.0,1,100.0,,0,0.0,,0,0.0
2017,1.0,2017-01,Africa,NAM,Namibia,Flood,1,,0,0.0,2502.0,1,100.0,,0,0.0,,0,0.0
2017,1.0,2017-01,Africa,NER,Niger,Epidemic,1,84.0,1,100.0,1294.0,1,100.0,,0,0.0,,0,0.0
2017,1.0,2017-01,Africa,SOM,Somalia,Epidemic,1,302.0,1,100.0,13126.0,1,100.0,,0,0.0,,0,0.0
2017,1.0,2017-01,Africa,ZWE,Zimbabwe,Storm,1,251.0,1,100.0,113023.0,1,100.0,189000000.0,1,100.0,248235000.0,1,100.0
2017,1.0,2017-01,Americas,ARG,Argentina,Mass movement (wet),1,,0,0.0,2666.0,1,100.0,,0,0.0,,0,0.0
2017,1.0,2017-01,Americas,CHL,Chile,Wildfire,1,11.0,1,100.0,19608.0,1,100.0,550000000.0,1,100.0,722376000.0,1,100.0
2017,1.0,2017-01,Americas,COL,Colombia,Flood,1,,0,0.0,25661.0,1,100.0,,0,0.0,,0,0.0
2017,1.0,2017-01,Americas,HND,Honduras,Flood,1,7.0,1,100.0,400.0,1,100.0,,0,0.0,,0,0.0
2017,1.0,2017-01,Americas,PER,Peru,Flood,1,15.0,1,100.0,376000.0,1,100.0,100000000.0,1,100.0,131341000.0,1,100.0
2017,1.0,2017-01,Americas,USA,United States of America,Storm,2,27.0,2,100.0,200.0,1,50.0,1500000000.0,2,100.0,1970118000.0,2,100.0
2017,1.0,2017-01,Asia,AFG,Afghanistan,Storm,1,31.0,1,100.0,,0,0.0,,0,0.0,,0,0.0
2017,1.0,2017-01,Asia,CHN,China,Mass movement (wet),1,12.0,1,100.0,,0,0.0,,0,0.0,,0,0.0
2017,1.0,2017-01,Asia,IND,India,Mass movement (wet),1,28.0,1,100.0,,0,0.0,,0,0.0,,0,0.0
2017,1.0,2017-01,Asia,LKA,Sri Lanka,Epidemic,1,320.0,1,100.0,155715.0,1,100.0,,0,0.0,,0,0.0
2017,1.0,2017-01,Asia,MYS,Malaysia,Flood,1,,0,0.0,5481.0,1,100.0,,0,0.0,,0,0.0
2017,1.0,2017-01,Asia,PAK,Pakistan,Flood,1,13.0,1,100.0,60650.0,1,100.0,,0,0.0,,0,0.0
2017,1.0,2017-01,Asia,PHL,Philippines,Flood,1,9.0,1,100.0,1500000.0,1,100.0,8100000.0,1,100.0,10639000.0,1,100.0
2017,1.0,2017-01,Asia,THA,Thailand,Flood,1,96.0,1,100.0,1800000.0,1,100.0,1000000000.0,1,100.0,1313411000.0,1,100.0
2017,1.0,2017-01,Asia,TJK,Tajikistan,Mass movement (wet),1,13.0,1,100.0,,0,0.0,,0,0.0,,0,0.0
2017,1.0,2017-01,Europe,ALB,Albania,Extreme temperature,1,6.0,1,100.0,,0,0.0,,0,0.0,,0,0.0
2017,1.0,2017-01,Europe,BLR,Belarus,Extreme temperature,1,43.0,1,100.0,50539.0,1,100.0,,0,0.0,,0,0.0
2017,1.0,2017-01,Europe,GRC,Greece,Extreme temperature,1,,0,0.0,,0,0.0,,0,0.0,,0,0.0
2017,1.0,2017-01,Europe,ITA,Italy,Earthquake,1,29.0,1,100.0,11.0,1,100.0,18000000.0,1,100.0,23641000.0,1,100.0
2017,1.0,2017-01,Europe,MKD,North Macedonia,Extreme temperature,1,3.0,1,100.0,2220.0,1,100.0,,0,0.0,,0,0.0
2017,1.0,2017-01,Europe,SRB,Serbia,Extreme temperature,1,6.0,1,100.0,,0,0.0,,0,0.0,,0,0.0
2017,1.0,2017-01,Europe,UKR,Ukraine,Extreme temperature,1,37.0,1,100.0,,0,0.0,,0,0.0,,0,0.0
2017,1.0,2017-01,Oceania,PYF,French Polynesia,Flood,1,,0,0.0,5004.0,1,100.0,2000000.0,1,100.0,2627000.0,1,100.0
2017,2.0,2017-02,Africa,BWA,Botswana,Flood,1,,0,0.0,3250.0,1,100.0,,0,0.0,,0,0.0
2017,2.0,2017-02,Africa,MAR,Morocco,Extreme temperature,1,,0,0.0,750000.0,1,100.0,,0,0.0,,0,0.0
2017,2.0,2017-02,Africa,MOZ,Mozambique,Storm,1,7.0,1,100.0,750102.0,1,100.0,17000000.0,1,100.0,22328000.0,1,100.0
2017,2.0,2017-02,Africa,ZWE,Zimbabwe,Drought,1,,0,0.0,6900000.0,1,100.0,,0,0.0,,0,0.0
2017,2.0,2017-02,Americas,CHL,Chile,Flood,1,3.0,1,100.0,1200.0,1,100.0,2000000.0,1,100.0,2627000.0,1,100.0
2017,2.0,2017-02,Americas,COL,Colombia,Flood,1,1.0,1,100.0,2000.0,1,100.0,,0,0.0,,0,0.0
2017,2.0,2017-02,Americas,PER,Peru,Flood,1,1.0,1,100.0,12000.0,1,100.0,,0,0.0,,0,0.0
2017,2.0,2017-02,Americas,USA,United States of America,Flood,1,,0,0.0,300.0,1,100.0,,0,0.0,,0,0.0
2017,2.0,2017-02,Americas,USA,United States of America,Storm,2,9.0,2,100.0,200612.0,2,100.0,3400000000.0,2,100.0,4465599000.0,2,100.0
2017,2.0,2017-02,Asia,AFG,Afghanistan,Mass movement (wet),2,123.0,2,100.0,363.0,1,50.0,,0,0.0,,0,0.0
2017,2.0,2017-02,Asia,AFG,Afghanistan,Storm,1,36.0,1,100.0,9055.0,1,100.0,,0,0.0,,0,0.0
2017,2.0,2017-02,Asia,IDN,Indonesia,Flood,1,2.0,1,100.0,400.0,1,100.0,,0,0.0,,0,0.0
2017,2.0,2017-02,Asia,IDN,Indonesia,Mass movement (wet),1,12.0,1,100.0,50500.0,1,100.0,2000000.0,1,100.0,2627000.0,1,100.0
2017,2.0,2017-02,Asia,PAK,Pakistan,Mass movement (wet),1,9.0,1,100.0,113.0,1,100.0,,0,0.0,,0,0.0
2017,2.0,2017-02,Asia,PHL,Philippines,Earthquake,1,8.0,1,100.0,16857.0,1,100.0,13974000.0,1,100.0,18354000.0,1,100.0
2017,2.0,2017-02,Asia,PHL,Philippines,Flood,1,13.0,1,100.0,334000.0,1,100.0,,0,0.0,,0,0.0
2017,2.0,2017-02,Oceania,AUS,Australia,Wildfire,1,,0,0.0,143.0,1,100.0,20000000.0,1,100.0,26268000.0,1,100.0
2017,3.0,2017-03,Africa,AGO,Angola,Flood,1,11.0,1,100.0,30250.0,1,100.0,2000000.0,1,100.0,2627000.0,1,100.0
2017,3.0,2017-03,Africa,BDI,Burundi,Mass movement (wet),1,6.0,1,100.0,810.0,1,100.0,,0,0.0,,0,0.0
2017,3.0,2017-03,Africa,GHA,Ghana,Storm,1,20.0,1,100.0,12.0,1,100.0,,0,0.0,,0,0.0
2017,3.0,2017-03,Africa,MDG,Madagascar,Storm,1,81.0,1,100.0,434253.0,1,100.0,20000000.0,1,100.0,26268000.0,1,100.0
2017,3.0,2017-03,Africa,TCD,Chad,Drought,1,,0,0.0,1886800.0,1,100.0,,0,0.0,,0,0.0
2017,3.0,2017-03,Americas,ARG,Argentina,Flood,1,,0,0.0,39777.0,1,100.0,,0,0.0,,0,0.0
2017,3.0,2017-03,Americas,COL,Colombia,Flood,1,12.0,1,100.0,3000.0,1,100.0,2000000.0,1,100.0,2627000.0,1,100.0
2017,3.0,2017-03,Americas,COL,Colombia,Mass movement (wet),1,329.0,1,100.0,45360.0,1,100.0,100000000.0,1,100.0,131341000.0,1,100.0
2017,3.0,2017-03,Americas,PER,Peru,Flood,1,184.0,1,100.0,1800505.0,1,100.0,3100000000.0,1,100.0,4071575000.0,1,100.0
2017,3.0,2017-03,Americas,USA,United States of America,Drought,1,,0,0.0,,0,0.0,2500000000.0,1,100.0,3283529000.0,1,100.0
2017,3.0,2017-03,Americas,USA,United States of America,Storm,3,14.0,3,100.0,627.0,2,66.67,5900000000.0,3,100.0,7749127000.0,3,100.0
2017,3.0,2017-03,Asia,BGD,Bangladesh,Flood,1,,0,0.0,86025.0,1,100.0,128000000.0,1,100.0,168117000.0,1,100.0
2017,3.0,2017-03,Asia,CHN,China,Earthquake,1,,0,0.0,2106.0,1,100.0,31000000.0,1,100.0,40716000.0,1,100.0
2017,3.0,2017-03,Asia,CHN,China,Storm,1,7.0,1,100.0,41133.0,1,100.0,28000000.0,1,100.0,36776000.0,1,100.0
2017,3.0,2017-03,Asia,IDN,Indonesia,Flood,1,8.0,1,100.0,17410.0,1,100.0,19000000.0,1,100.0,24955000.0,1,100.0
2017,3.0,2017-03,Asia,IND,India,Storm,1,4.0,1,100.0,60020.0,1,100.0,,0,0.0,,0,0.0
2017,3.0,2017-03,Europe,FRA,France,Storm,1,2.0,1,100.0,11.0,1,100.0,550000000.0,1,100.0,722376000.0,1,100.0
2017,3.0,2017-03,Oceania,AUS,Australia,Storm,2,12.0,1,50.0,51000.0,2,100.0,3190000000.0,2,100.0,4189783000.0,2,100.0
2017,4.0,2017-04,Africa,CIV,Côte d’Ivoire,Epidemic,1,2.0,1,100.0,621.0,1,100.0,,0,0.0,,0,0.0
2017,4.0,2017-04,Africa,GHA,Ghana,Flood,1,,0,0.0,1000000.0,1,100.0,,0,0.0,,0,0.0
2017,4.0,2017-04,Africa,MRT,Mauritania,Drought,1,,0,0.0,3893774.0,1,100.0,,0,0.0,,0,0.0
2017,4.0,2017-04,Africa,MWI,Malawi,Flood,1,,0,0.0,55921.0,1,100.0,,0,0.0,,0,0.0
2017,4.0,2017-04,Africa,RWA,Rwanda,Storm,1,,0,0.0,679.0,1,100.0,,0,0.0,,0,0.0
2017,4.0,2017-04,Americas,ARG,Argentina,Flood,1,1.0,1,100.0,9000.0,1,100.0,,0,0.0,,0,0.0
2017,4.0,2017-04,Americas,COL,Colombia,Mass movement (wet),1,20.0,1,100.0,512.0,1,100.0,2000000.0,1,100.0,2627000.0,1,100.0
2017,4.0,2017-04,Americas,DOM,Dominican Republic,Storm,1,,0,0.0,10287.0,1,100.0,,0,0.0,,0,0.0
2017,4.0,2017-04,Americas,HTI,Haiti,Storm,1,,0,0.0,,0,0.0,,0,0.0,,0,0.0
2017,4.0,2017-04,Americas,JAM,Jamaica,Storm,1,,0,0.0,5000.0,1,100.0,,0,0.0,,0,0.0
2017,4.0,2017-04,Americas,USA,United States of America,Flood,1,20.0,1,100.0,70.0,1,100.0,1700000000.0,1,100.0,2232799000.0,1,100.0
2017,4.0,2017-04,Asia,CHN,China,Drought,1,,0,0.0,2000000.0,1,100.0,122000000.0,1,100.0,160236000.0,1,100.0
2017,4.0,2017-04,Asia,CHN,China,Flood,1,8.0,1,100.0,76800.0,1,100.0,492000000.0,1,100.0,646198000.0,1,100.0
2017,4.0,2017-04,Asia,CHN,China,Storm,1,,0,0.0,5000.0,1,100.0,200000000.0,1,100.0,262682000.0,1,100.0
2017,4.0,2017-04,Asia,IDN,Indonesia,Flood,1,12.0,1,100.0,359.0,1,100.0,,0,0.0,,0,0.0
2017,4.0,2017-04,Asia,IDN,Indonesia,Mass movement (wet),1,28.0,1,100.0,177.0,1,100.0,11000000.0,1,100.0,14448000.0,1,100.0
2017,4.0,2017-04,Asia,IND,India,Extreme temperature,1,264.0,1,100.0,,0,0.0,,0,0.0,,0,0.0
2017,4.0,2017-04,Asia,IRN,Iran (Islamic Republic of),Flood,1,42.0,1,100.0,,0,0.0,353000000.0,1,100.0,463634000.0,1,100.0
2017,4.0,2017-04,Asia,KAZ,Kazakhstan,Flood,1,,0,0.0,7000.0,1,100.0,,0,0.0,,0,0.0
2017,4.0,2017-04,Asia,KGZ,Kyrgyzstan,Mass movement (wet),1,24.0,1,100.0,55.0,1,100.0,,0,0.0,,0,0.0
2017,4.0,2017-04,Asia,PAK,Pakistan,Storm,1,11.0,1,100.0,,0,0.0,,0,0.0,,0,0.0
2017,4.0,2017-04,Asia,PHL,Philippines,Earthquake,1,,0,0.0,25000.0,1,100.0,2000000.0,1,100.0,2627000.0,1,100.0
2017,4.0,2017-04,Asia,PHL,Philippines,Storm,1,10.0,1,100.0,860.0,1,100.0,2000000.0,1,100.0,2627000.0,1,100.0
2017,4.0,2017-04,Asia,TJK,Tajikistan,Epidemic,1,,0,0.0,345.0,1,100.0,,0,0.0,,0,0.0
2017,4.0,2017-04,Asia,YEM,Yemen,Epidemic,1,,0,0.0,,0,0.0,,0,0.0,,0,0.0
2017,4.0,2017-04,Oceania,NZL,New Zealand,Flood,1,,0,0.0,2200.0,1,100.0,71000000.0,1,100.0,93252000.0,1,100.0
2017,5.0,2017-05,Africa,AGO,Angola,Drought,1,,0,0.0,1420000.0,1,100.0,,0,0.0,,0,0.0
2017,5.0,2017-05,Africa,KEN,Kenya,Flood,1,26.0,1,100.0,25000.0,1,100.0,,0,0.0,,0,0.0
2017,5.0,2017-05,Africa,NER,Niger,Drought,1,,0,0.0,1131300.0,1,100.0,,0,0.0,,0,0.0
2017,5.0,2017-05,Africa,NGA,Nigeria,Epidemic,1,,0,0.0,146.0,1,100.0,,0,0.0,,0,0.0
2017,5.0,2017-05,Africa,TZA,United Republic of Tanzania,Flood,1,7.0,1,100.0,,0,0.0,,0,0.0,,0,0.0
2017,5.0,2017-05,Africa,ZAF,South Africa,Drought,1,,0,0.0,,0,0.0,1200000000.0,1,100.0,1576094000.0,1,100.0
2017,5.0,2017-05,Africa,ZAF,South Africa,Flood,1,3.0,1,100.0,200.0,1,100.0,,0,0.0,,0,0.0
2017,5.0,2017-05,Americas,ARG,Argentina,Flood,1,,0,0.0,3000.0,1,100.0,,0,0.0,,0,0.0
2017,5.0,2017-05,Americas,BRA,Brazil,Flood,1,14.0,1,100.0,104140.0,1,100.0,100000000.0,1,100.0,131341000.0,1,100.0
2017,5.0,2017-05,Americas,CAN,Canada,Flood,1,2.0,1,100.0,16113.0,1,100.0,200000000.0,1,100.0,262682000.0,1,100.0
2017,5.0,2017-05,Americas,CHL,Chile,Flood,1,2.0,1,100.0,3000.0,1,100.0,,0,0.0,,0,0.0
2017,5.0,2017-05,Americas,GUY,Guyana,Flood,1,,0,0.0,3274.0,1,100.0,,0,0.0,,0,0.0
2017,5.0,2017-05,Americas,HTI,Haiti,Flood,1,26.0,1,100.0,342.0,1,100.0,,0,0.0,,0,0.0
2017,5.0,2017-05,Americas,URY,Uruguay,Flood,1,,0,0.0,6639.0,1,100.0,,0,0.0,,0,0.0
2017,5.0,2017-05,Americas,USA,United States of America,Storm,1,,0,0.0,,0,0.0,3100000000.0,1,100.0,4071575000.0,1,100.0
2017,5.0,2017-05,Asia,BGD,Bangladesh,Storm,2,19.0,2,100.0,3300012.0,1,50.0,,0,0.0,,0,0.0
2017,5.0,2017-05,Asia,CHN,China,Earthquake,1,8.0,1,100.0,7623.0,1,100.0,123000000.0,1,100.0,161550000.0,1,100.0
2017,5.0,2017-05,Asia,CHN,China,Flood,1,1.0,1,100.0,28500.0,1,100.0,107000000.0,1,100.0,140535000.0,1,100.0
2017,5.0,2017-05,Asia,CHN,China,Storm,1,9.0,1,100.0,6000.0,1,100.0,61000000.0,1,100.0,80118000.0,1,100.0
2017,5.0,2017-05,Asia,IDN,Indonesia,Flood,1,7.0,1,100.0,25011.0,1,100.0,2000000.0,1,100.0,2627000.0,1,100.0
2017,5.0,2017-05,Asia,IND,India,Storm,2,29.0,1,50.0,3220.0,2,100.0,,0,0.0,,0,0.0
2017,5.0,2017-05,Asia,IRN,Iran (Islamic Republic of),Earthquake,1,3.0,1,100.0,2262.0,1,100.0,2000000.0,1,100.0,2627000.0,1,100.0
2017,5.0,2017-05,Asia,KGZ,Kyrgyzstan,Earthquake,1,,0,0.0,5000.0,1,100.0,,0,0.0,,0,0.0
2017,5.0,2017-05,Asia,LKA,Sri Lanka,Flood,1,293.0,1,100.0,879932.0,1,100.0,389000000.0,1,100.0,510917000.0,1,100.0
2017,5.0,2017-05,Asia,TWN,Taiwan (Province of China),Flood,1,5.0,1,100.0,4074.0,1,100.0,28100000.0,1,100.0,36907000.0,1,100.0
2017,5.0,2017-05,Europe,RUS,Russian Federation,Flood,1,,0,0.0,15721.0,1,100.0,,0,0.0,,0,0.0
2017,5.0,2017-05,Europe,RUS,Russian Federation,Storm,1,16.0,1,100.0,201.0,1,100.0,2000000.0,1,100.0,2627000.0,1,100.0
2017,5.0,2017-05,Oceania,VUT,Vanuatu,Storm,1,,0,0.0,2564.0,1,100.0,,0,0.0,,0,0.0
2017,6.0,2017-06,Africa,CIV,Côte d’Ivoire,Flood,1,15.0,1,100.0,225.0,1,100.0,,0,0.0,,0,0.0
2017,6.0,2017-06,Africa,NER,Niger,Epidemic,1,34.0,1,100.0,1096.0,1,100.0,,0,0.0,,0,0.0
2017,6.0,2017-06,Africa,NER,Niger,Flood,1,16.0,1,100.0,3000.0,1,100.0,,0,0.0,,0,0.0
2017,6.0,2017-06,Africa,NGA,Nigeria,Epidemic,1,11.0,1,100.0,1558.0,1,100.0,,0,0.0,,0,0.0
2017,6.0,2017-06,Africa,SDN,Sudan,Flood,1,25.0,1,100.0,55647.0,1,100.0,,0,0.0,,0,0.0
2017,6.0,2017-06,Africa,ZAF,South Africa,Storm,1,9.0,1,100.0,6918.0,1,100.0,283000000.0,1,100.0,371695000.0,1,100.0
2017,6.0,2017-06,Africa,ZAF,South Africa,Wildfire,1,9.0,1,100.0,5500.0,1,100.0,420000000.0,1,100.0,551633000.0,1,100.0
2017,6.0,2017-06,Americas,CHL,Chile,Flood,1,4.0,1,100.0,3024.0,1,100.0,,0,0.0,,0,0.0
2017,6.0,2017-06,Americas,GTM,Guatemala,Flood,1,1.0,1,100.0,160.0,1,100.0,,0,0.0,,0,0.0
2017,6.0,2017-06,Americas,GTM,Guatemala,Mass movement (wet),1,11.0,1,100.0,,0,0.0,,0,0.0,,0,0.0
2017,6.0,2017-06,Americas,HND,Honduras,Flood,1,3.0,1,100.0,645.0,1,100.0,,0,0.0,,0,0.0
2017,6.0,2017-06,Americas,MEX,Mexico,Storm,1,6.0,1,100.0,600.0,1,100.0,,0,0.0,,0,0.0
2017,6.0,2017-06,Americas,USA,United States of America,Storm,2,2.0,1,50.0,108.0,2,100.0,3400000000.0,2,100.0,4465599000.0,2,100.0
2017,6.0,2017-06,Americas,USA,United States of America,Wildfire,1,43.0,1,100.0,9185.0,1,100.0,13000000000.0,1,100.0,17074349000.0,1,100.0
2017,6.0,2017-06,Asia,BGD,Bangladesh,Mass movement (wet),1,160.0,1,100.0,80187.0,1,100.0,,0,0.0,,0,0.0
2017,6.0,2017-06,Asia,CHN,China,Flood,3,99.0,3,100.0,12034508.0,2,66.67,6208000000.0,3,100.0,8153658000.0,3,100.0
2017,6.0,2017-06,Asia,CHN,China,Mass movement (wet),1,83.0,1,100.0,400.0,1,100.0,,0,0.0,,0,0.0
2017,6.0,2017-06,Asia,IDN,Indonesia,Flood,1,4.0,1,100.0,282420.0,1,100.0,,0,0.0,,0,0.0
2017,6.0,2017-06,Asia,IND,India,Flood,4,396.0,4,100.0,2355000.0,3,75.0,250000000.0,1,25.0,328353000.0,1,25.0
2017,6.0,2017-06,Asia,MMR,Myanmar,Storm,1,,0,0.0,107520.0,1,100.0,,0,0.0,,0,0.0
2017,6.0,2017-06,Asia,NPL,Nepal,Flood,1,11.0,1,100.0,6000.0,1,100.0,,0,0.0,,0,0.0
2017,6.0,2017-06,Asia,NPL,Nepal,Mass movement (wet),1,11.0,1,100.0,7500.0,1,100.0,,0,0.0,,0,0.0
2017,6.0,2017-06,Asia,PAK,Pakistan,Flood,1,167.0,1,100.0,2367.0,1,100.0,110000000.0,1,100.0,144475000.0,1,100.0
2017,6.0,2017-06,Asia,PAK,Pakistan,Storm,1,15.0,1,100.0,113.0,1,100.0,,0,0.0,,0,0.0
2017,6.0,2017-06,Asia,TJK,Tajikistan,Flood,1,,0,0.0,700.0,1,100.0,,0,0.0,,0,0.0
2017,6.0,2017-06,Asia,VNM,Viet Nam,Flood,1,1.0,1,100.0,4104.0,1,100.0,355000.0,1,100.0,466000.0,1,100.0
2017,6.0,2017-06,Europe,DEU,Germany,Storm,1,2.0,1,100.0,,0,0.0,740000000.0,1,100.0,971924000.0,1,100.0
2017,6.0,2017-06,Europe,ESP,Spain,Wildfire,1,,0,0.0,1500.0,1,100.0,,0,0.0,,0,0.0
2017,6.0,2017-06,Europe,FRA,France,Flood,1,1.0,1,100.0,160.0,1,100.0,,0,0.0,,0,0.0
2017,6.0,2017-06,Europe,GRC,Greece,Earthquake,1,1.0,1,100.0,731.0,1,100.0,,0,0.0,,0,0.0
2017,6.0,2017-06,Europe,HUN,Hungary,Storm,1,,0,0.0,1298.0,1,100.0,,0,0.0,,0,0.0
2017,6.0,2017-06,Europe,PRT,Portugal,Wildfire,1,64.0,1,100.0,704.0,1,100.0,232000000.0,1,100.0,304711000.0,1,100.0
2017,7.0,2017-07,Africa,BFA,Burkina Faso,Flood,1,2.0,1,100.0,882.0,1,100.0,,0,0.0,,0,0.0
2017,7.0,2017-07,Africa,GIN,Guinea,Flood,1,,0,0.0,3287.0,1,100.0,,0,0.0,,0,0.0
2017,7.0,2017-07,Africa,NGA,Nigeria,Flood,1,20.0,1,100.0,500.0,1,100.0,,0,0.0,,0,0.0
2017,7.0,2017-07,Africa,TUN,Tunisia,Wildfire,1,,0,0.0,2000.0,1,100.0,,0,0.0,,0,0.0
2017,7.0,2017-07,Americas,BRA,Brazil,Epidemic,1,154.0,1,100.0,310.0,1,100.0,,0,0.0,,0,0.0
2017,7.0,2017-07,Americas,CAN,Canada,Wildfire,1,,0,0.0,43441.0,1,100.0,,0,0.0,,0,0.0
2017,7.0,2017-07,Americas,USA,United States of America,Flood,1,10.0,1,100.0,,0,0.0,,0,0.0,,0,0.0
2017,7.0,2017-07,Americas,USA,United States of America,Wildfire,1,,0,0.0,156.0,1,100.0,,0,0.0,,0,0.0
2017,7.0,2017-07,Asia,AFG,Afghanistan,Flood,1,36.0,1,100.0,1822.0,1,100.0,,0,0.0,,0,0.0
2017,7.0,2017-07,Asia,CHN,China,Flood,3,26.0,3,100.0,33900.0,3,100.0,459000000.0,3,100.0,602856000.0,3,100.0
2017,7.0,2017-07,Asia,CHN,China,Storm,3,55.0,2,66.67,218700.0,3,100.0,3479600000.0,3,100.0,4570146000.0,3,100.0
2017,7.0,2017-07,Asia,IND,India,Flood,1,,0,0.0,12831.0,1,100.0,,0,0.0,,0,0.0
2017,7.0,2017-07,Asia,IND,India,Mass movement (wet),1,22.0,1,100.0,,0,0.0,,0,0.0,,0,0.0
2017,7.0,2017-07,Asia,IND,India,Storm,1,23.0,1,100.0,12.0,1,100.0,,0,0.0,,0,0.0
2017,7.0,2017-07,Asia,JPN,Japan,Flood,1,37.0,1,100.0,2944.0,1,100.0,700000000.0,1,100.0,919388000.0,1,100.0
2017,7.0,2017-07,Asia,LAO,Lao People's Democratic Republic,Storm,1,,0,0.0,,0,0.0,,0,0.0,,0,0.0
2017,7.0,2017-07,Asia,MMR,Myanmar,Flood,1,3.0,1,100.0,92000.0,1,100.0,,0,0.0,,0,0.0
2017,7.0,2017-07,Asia,PHL,Philippines,Earthquake,1,3.0,1,100.0,16500.0,1,100.0,4364000.0,1,100.0,5732000.0,1,100.0
2017,7.0,2017-07,Asia,PHL,Philippines,Storm,1,,0,0.0,7339.0,1,100.0,174920.0,1,100.0,230000.0,1,100.0
2017,7.0,2017-07,Asia,THA,Thailand,Flood,1,23.0,1,100.0,1000000.0,1,100.0,307000000.0,1,100.0,403217000.0,1,100.0
2017,7.0,2017-07,Asia,THA,Thailand,Storm,1,,0,0.0,60.0,1,100.0,,0,0.0,,0,0.0
2017,7.0,2017-07,Asia,TUR,Türkiye,Earthquake,1,,0,0.0,360.0,1,100.0,,0,0.0,,0,0.0
2017,7.0,2017-07,Asia,TUR,Türkiye,Storm,1,,0,0.0,270.0,1,100.0,600000000.0,1,100.0,788047000.0,1,100.0
2017,7.0,2017-07,Asia,TWN,Taiwan (Province of China),Storm,1,1.0,1,100.0,131.0,1,100.0,17200000.0,1,100.0,22591000.0,1,100.0
2017,7.0,2017-07,Asia,VNM,Viet Nam,Flood,1,14.0,1,100.0,400.0,1,100.0,1300000.0,1,100.0,1707000.0,1,100.0
2017,7.0,2017-07,Asia,VNM,Viet Nam,Storm,1,9.0,1,100.0,21000.0,1,100.0,71000000.0,1,100.0,93252000.0,1,100.0
2017,7.0,2017-07,Europe,DEU,Germany,Flood,1,1.0,1,100.0,600.0,1,100.0,,0,0.0,,0,0.0
2017,7.0,2017-07,Europe,FRA,France,Wildfire,1,,0,0.0,12012.0,1,100.0,,0,0.0,,0,0.0
2017,7.0,2017-07,Europe,GBR,United Kingdom of Great Britain and Northern Ireland,Flood,1,,0,0.0,200.0,1,100.0,,0,0.0,,0,0.0
2017,7.0,2017-07,Europe,GRC,Greece,Earthquake,1,2.0,1,100.0,120.0,1,100.0,,0,0.0,,0,0.0
2017,7.0,2017-07,Europe,HRV,Croatia,Wildfire,1,,0,0.0,80.0,1,100.0,,0,0.0,,0,0.0
2017,7.0,2017-07,Europe,ITA,Italy,Drought,1,,0,0.0,,0,0.0,2300000000.0,1,100.0,3020846000.0,1,100.0
2017,7.0,2017-07,Europe,MNE,Montenegro,Wildfire,1,,0,0.0,200.0,1,100.0,,0,0.0,,0,0.0
2017,7.0,2017-07,Oceania,NZL,New Zealand,Storm,1,,0,0.0,183.0,1,100.0,20000000.0,1,100.0,26268000.0,1,100.0
2017,8.0,2017-08,Africa,CAF,Central African Republic,Flood,1,,0,0.0,3500.0,1,100.0,,0,0.0,,0,0.0
2017,8.0,2017-08,Africa,CMR,Cameroon,Flood,1,3.0,1,100.0,12890.0,1,100.0,,0,0.0,,0,0.0
2017,8.0,2017-08,Africa,COD,Democratic Republic of the Congo,Mass movement (wet),1,174.0,1,100.0,10.0,1,100.0,,0,0.0,,0,0.0
2017,8.0,2017-08,Africa,GMB,Gambia,Flood,1,6.0,1,100.0,20000.0,1,100.0,,0,0.0,,0,0.0
2017,8.0,2017-08,Africa,MDG,Madagascar,Epidemic,1,207.0,1,100.0,2384.0,1,100.0,,0,0.0,,0,0.0
2017,8.0,2017-08,Africa,MOZ,Mozambique,Epidemic,1,1.0,1,100.0,1799.0,1,100.0,,0,0.0,,0,0.0
2017,8.0,2017-08,Africa,NER,Niger,Flood,1,56.0,1,100.0,206513.0,1,100.0,10000000.0,1,100.0,13134000.0,1,100.0
2017,8.0,2017-08,Africa,NGA,Nigeria,Flood,1,,0,0.0,10000.0,1,100.0,,0,0.0,,0,0.0
2017,8.0,2017-08,Africa,SLE,Sierra Leone,Mass movement (wet),1,1102.0,1,100.0,11916.0,1,100.0,30000000.0,1,100.0,39402000.0,1,100.0
2017,8.0,2017-08,Africa,TCD,Chad,Epidemic,1,58.0,1,100.0,652.0,1,100.0,,0,0.0,,0,0.0
2017,8.0,2017-08,Africa,TGO,Togo,Flood,1,,0,0.0,16060.0,1,100.0,,0,0.0,,0,0.0
2017,8.0,2017-08,Americas,CAN,Canada,Flood,1,,0,0.0,3000.0,1,100.0,,0,0.0,,0,0.0
2017,8.0,2017-08,Americas,MEX,Mexico,Storm,2,20.0,1,50.0,1300.0,2,100.0,2000000.0,1,50.0,2627000.0,1,50.0
2017,8.0,2017-08,Americas,USA,United States of America,Storm,2,88.0,1,50.0,582654.0,2,100.0,95200000000.0,2,100.0,125036769000.0,2,100.0
2017,8.0,2017-08,Asia,BGD,Bangladesh,Flood,1,144.0,1,100.0,8000000.0,1,100.0,500000000.0,1,100.0,656706000.0,1,100.0
2017,8.0,2017-08,Asia,CHN,China,Earthquake,1,29.0,1,100.0,218325.0,1,100.0,500000000.0,1,100.0,656706000.0,1,100.0
2017,8.0,2017-08,Asia,CHN,China,Flood,2,58.0,2,100.0,82800.0,2,100.0,744000000.0,2,100.0,977179000.0,2,100.0
2017,8.0,2017-08,Asia,CHN,China,Mass movement (wet),2,60.0,2,100.0,762.0,2,100.0,2300000.0,1,50.0,3021000.0,1,50.0
2017,8.0,2017-08,Asia,CHN,China,Storm,3,20.0,2,66.67,36373.0,3,100.0,3613000000.0,3,100.0,4745355000.0,3,100.0
2017,8.0,2017-08,Asia,HKG,"China, Hong Kong Special Administrative Region",Storm,2,1.0,1,50.0,156.0,1,50.0,755500000.0,1,50.0,992282000.0,1,50.0
2017,8.0,2017-08,Asia,IND,India,Flood,3,629.0,3,100.0,19900012.0,3,100.0,1867000000.0,2,66.67,2452139000.0,2,66.67
2017,8.0,2017-08,Asia,IND,India,Mass movement (wet),1,46.0,1,100.0,100.0,1,100.0,,0,0.0,,0,0.0
2017,8.0,2017-08,Asia,IRN,Iran (Islamic Republic of),Flood,1,18.0,1,100.0,2000.0,1,100.0,35000000.0,1,100.0,45969000.0,1,100.0
2017,8.0,2017-08,Asia,JPN,Japan,Storm,1,2.0,1,100.0,1389.0,1,100.0,2000000.0,1,100.0,2627000.0,1,100.0
2017,8.0,2017-08,Asia,MAC,"China, Macao Special Administrative Region",Storm,2,10.0,1,50.0,200.0,1,50.0,1420000000.0,1,50.0,1865044000.0,1,50.0
2017,8.0,2017-08,Asia,NPL,Nepal,Flood,1,176.0,1,100.0,1700134.0,1,100.0,595000000.0,1,100.0,781480000.0,1,100.0
2017,8.0,2017-08,Asia,PAK,Pakistan,Epidemic,1,25.0,1,100.0,2492.0,1,100.0,,0,0.0,,0,0.0
2017,8.0,2017-08,Asia,PHL,Philippines,Storm,1,,0,0.0,3400.0,1,100.0,,0,0.0,,0,0.0
2017,8.0,2017-08,Asia,VNM,Viet Nam,Flood,1,39.0,1,100.0,4161.0,1,100.0,88000000.0,1,100.0,115580000.0,1,100.0
2017,8.0,2017-08,Asia,VNM,Viet Nam,Storm,1,1.0,1,100.0,1.0,1,100.0,1430000000.0,1,100.0,1878178000.0,1,100.0
2017,8.0,2017-08,Asia,YEM,Yemen,Flood,1,50.0,1,100.0,8.0,1,100.0,,0,0.0,,0,0.0
2017,8.0,2017-08,Europe,AUT,Austria,Storm,2,5.0,2,100.0,330.0,2,100.0,118000000.0,1,50.0,154983000.0,1,50.0
2017,8.0,2017-08,Europe,CHE,Switzerland,Mass movement (dry),1,8.0,1,100.0,200.0,1,100.0,,0,0.0,,0,0.0
2017,8.0,2017-08,Europe,CZE,Czechia,Storm,1,,0,0.0,600.0,1,100.0,2900000.0,1,100.0,3809000.0,1,100.0
2017,8.0,2017-08,Europe,DEU,Germany,Storm,1,3.0,1,100.0,24.0,1,100.0,159000000.0,1,100.0,208832000.0,1,100.0
2017,8.0,2017-08,Europe,IRL,Ireland,Flood,1,,0,0.0,200.0,1,100.0,,0,0.0,,0,0.0
2017,8.0,2017-08,Europe,ITA,Italy,Earthquake,1,2.0,1,100.0,2642.0,1,100.0,,0,0.0,,0,0.0
2017,8.0,2017-08,Europe,ITA,Italy,Storm,1,4.0,1,100.0,,0,0.0,3500000.0,1,100.0,4597000.0,1,100.0
2017,8.0,2017-08,Europe,POL,Poland,Storm,1,6.0,1,100.0,5844.0,1,100.0,275000000.0,1,100.0,361188000.0,1,100.0
2017,8.0,2017-08,Europe,SVK,Slovakia,Storm,1,,0,0.0,,0,0.0,,0,0.0,,0,0.0
2017,9.0,2017-09,Africa,COD,Democratic Republic of the Congo,Flood,1,105.0,1,100.0,500.0,1,100.0,,0,0.0,,0,0.0
2017,9.0,2017-09,Africa,MRT,Mauritania,Storm,1,18.0,1,100.0,2040.0,1,100.0,,0,0.0,,0,0.0
2017,9.0,2017-09,Africa,RWA,Rwanda,Storm,1,3.0,1,100.0,5874.0,1,100.0,,0,0.0,,0,0.0
2017,9.0,2017-09,Africa,SDN,Sudan,Epidemic,1,657.0,1,100.0,30762.0,1,100.0,,0,0.0,,0,0.0
2017,9.0,2017-09,Africa,UGA,Uganda,Flood,1,17.0,1,100.0,14.0,1,100.0,,0,0.0,,0,0.0
2017,9.0,2017-09,Africa,ZMB,Zambia,Epidemic,1,89.0,1,100.0,4371.0,1,100.0,,0,0.0,,0,0.0
2017,9.0,2017-09,Americas,AIA,Anguilla,Storm,1,4.0,1,100.0,15000.0,1,100.0,200000000.0,1,100.0,262682000.0,1,100.0
2017,9.0,2017-09,Americas,ATG,Antigua and Barbuda,Storm,1,1.0,1,100.0,1800.0,1,100.0,250000000.0,1,100.0,328353000.0,1,100.0
2017,9.0,2017-09,Americas,BHS,Bahamas,Storm,1,,0,0.0,,0,0.0,2000000.0,1,100.0,2627000.0,1,100.0
2017,9.0,2017-09,Americas,BLM,Saint Barthélemy,Storm,1,4.0,1,100.0,,0,0.0,,0,0.0,,0,0.0
2017,9.0,2017-09,Americas,BRB,Barbados,Storm,1,1.0,1,100.0,,0,0.0,,0,0.0,,0,0.0
2017,9.0,2017-09,Americas,CRI,Costa Rica,Storm,1,13.0,1,100.0,11500.0,1,100.0,185000000.0,1,100.0,242981000.0,1,100.0
2017,9.0,2017-09,Americas,CUB,Cuba,Storm,1,10.0,1,100.0,10000000.0,1,100.0,540000000.0,1,100.0,709242000.0,1,100.0
2017,9.0,2017-09,Americas,DMA,Dominica,Storm,1,64.0,1,100.0,71393.0,1,100.0,1456000000.0,1,100.0,1912327000.0,1,100.0
2017,9.0,2017-09,Americas,DOM,Dominican Republic,Storm,2,5.0,1,50.0,32300.0,2,100.0,63000000.0,1,50.0,82745000.0,1,50.0
2017,9.0,2017-09,Americas,GLP,Guadeloupe,Storm,1,4.0,1,100.0,80002.0,1,100.0,120000000.0,1,100.0,157609000.0,1,100.0
2017,9.0,2017-09,Americas,GTM,Guatemala,Earthquake,1,,0,0.0,3601.0,1,100.0,,0,0.0,,0,0.0
2017,9.0,2017-09,Americas,GTM,Guatemala,Flood,2,,0,0.0,41399.0,2,100.0,,0,0.0,,0,0.0
2017,9.0,2017-09,Americas,HTI,Haiti,Storm,2,4.0,2,100.0,40092.0,1,50.0,,0,0.0,,0,0.0
2017,9.0,2017-09,Americas,KNA,Saint Kitts and Nevis,Storm,1,,0,0.0,500.0,1,100.0,20000000.0,1,100.0,26268000.0,1,100.0
2017,9.0,2017-09,Americas,MAF,Saint Martin (French Part),Storm,1,12.0,1,100.0,110.0,1,100.0,4100000000.0,1,100.0,5384987000.0,1,100.0
2017,9.0,2017-09,Americas,MEX,Mexico,Earthquake,2,467.0,2,100.0,1456250.0,2,100.0,8300000000.0,2,100.0,10901315000.0,2,100.0
2017,9.0,2017-09,Americas,MEX,Mexico,Flood,1,2.0,1,100.0,800.0,1,100.0,,0,0.0,,0,0.0
2017,9.0,2017-09,Americas,MEX,Mexico,Storm,1,3.0,1,100.0,1110.0,1,100.0,,0,0.0,,0,0.0
2017,9.0,2017-09,Americas,MTQ,Martinique,Storm,1,,0,0.0,2.0,1,100.0,44000000.0,1,100.0,57790000.0,1,100.0
2017,9.0,2017-09,Americas,PRI,Puerto Rico,Storm,2,66.0,2,100.0,750000.0,1,50.0,68000000000.0,1,50.0,89311978000.0,1,50.0
2017,9.0,2017-09,Americas,SXM,Sint Maarten (Dutch part),Storm,1,4.0,1,100.0,5040.0,1,100.0,2500000000.0,1,100.0,3283529000.0,1,100.0
2017,9.0,2017-09,Americas,TCA,Turks and Caicos Islands,Storm,1,,0,0.0,,0,0.0,500000000.0,1,100.0,656706000.0,1,100.0
2017,9.0,2017-09,Americas,USA,United States of America,Storm,2,101.0,2,100.0,70000.0,1,50.0,57000000000.0,1,50.0,74864452000.0,1,50.0
2017,9.0,2017-09,Americas,VGB,British Virgin Islands,Storm,2,9.0,1,50.0,,0,0.0,3000000000.0,1,50.0,3940234000.0,1,50.0
2017,9.0,2017-09,Americas,VIR,United States Virgin Islands,Storm,2,7.0,2,100.0,,0,0.0,,0,0.0,,0,0.0
2017,9.0,2017-09,Asia,CHN,China,Flood,1,16.0,1,100.0,61500.0,1,100.0,361000000.0,1,100.0,474142000.0,1,100.0
2017,9.0,2017-09,Asia,IDN,Indonesia,Volcanic activity,1,,0,0.0,133349.0,1,100.0,,0,0.0,,0,0.0
2017,9.0,2017-09,Asia,JPN,Japan,Storm,1,2.0,1,100.0,21656.0,1,100.0,500000000.0,1,100.0,656706000.0,1,100.0
2017,9.0,2017-09,Asia,PHL,Philippines,Flood,1,,0,0.0,8000.0,1,100.0,,0,0.0,,0,0.0
2017,9.0,2017-09,Asia,PHL,Philippines,Storm,1,26.0,1,100.0,9110.0,1,100.0,5300000.0,1,100.0,6961000.0,1,100.0
2017,9.0,2017-09,Asia,THA,Thailand,Storm,1,,0,0.0,28500.0,1,100.0,,0,0.0,,0,0.0
2017,9.0,2017-09,Asia,VNM,Viet Nam,Storm,1,14.0,1,100.0,692012.0,1,100.0,484000000.0,1,100.0,635691000.0,1,100.0
2017,9.0,2017-09,Europe,HRV,Croatia,Storm,1,,0,0.0,8000.0,1,100.0,161000000.0,1,100.0,211459000.0,1,100.0
2017,9.0,2017-09,Europe,ITA,Italy,Storm,1,9.0,1,100.0,1000.0,1,100.0,216000000.0,1,100.0,283697000.0,1,100.0
2017,9.0,2017-09,Europe,ROU,Romania,Storm,1,9.0,1,100.0,137.0,1,100.0,7300000.0,1,100.0,9588000.0,1,100.0
2017,9.0,2017-09,Oceania,VUT,Vanuatu,Volcanic activity,1,,0,0.0,11000.0,1,100.0,,0,0.0,,0,0.0
2017,10.0,2017-10,Africa,ZAF,South Africa,Storm,1,11.0,1,100.0,518.0,1,100.0,320000000.0,1,100.0,420292000.0,1,100.0
2017,10.0,2017-10,Americas,COL,Colombia,Storm,1,,0,0.0,,0,0.0,,0,0.0,,0,0.0
2017,10.0,2017-10,Americas,GTM,Guatemala,Flood,1,,0,0.0,1000.0,1,100.0,,0,0.0,,0,0.0
2017,10.0,2017-10,Americas,GTM,Guatemala,Storm,1,8.0,1,100.0,3175.0,1,100.0,,0,0.0,,0,0.0
2017,10.0,2017-10,Americas,HND,Honduras,Flood,1,8.0,1,100.0,46975.0,1,100.0,,0,0.0,,0,0.0
2017,10.0,2017-10,Americas,HND,Honduras,Storm,1,3.0,1,100.0,120.0,1,100.0,,0,0.0,,0,0.0
2017,10.0,2017-10,Americas,NIC,Nicaragua,Flood,1,7.0,1,100.0,13715.0,1,100.0,,0,0.0,,0,0.0
2017,10.0,2017-10,Americas,NIC,Nicaragua,Storm,1,15.0,1,100.0,39200.0,1,100.0,,0,0.0,,0,0.0
2017,10.0,2017-10,Americas,PAN,Panama,Storm,1,7.0,1,100.0,12000.0,1,100.0,,0,0.0,,0,0.0
2017,10.0,2017-10,Americas,SLV,El Salvador,Storm,1,10.0,1,100.0,584.0,1,100.0,,0,0.0,,0,0.0
2017,10.0,2017-10,Americas,USA,United States of America,Storm,1,,0,0.0,60.0,1,100.0,250000000.0,1,100.0,328353000.0,1,100.0
2017,10.0,2017-10,Asia,CHN,China,Flood,1,23.0,1,100.0,15600.0,1,100.0,75000000.0,1,100.0,98506000.0,1,100.0
2017,10.0,2017-10,Asia,IND,India,Flood,1,21.0,1,100.0,4000.0,1,100.0,,0,0.0,,0,0.0
2017,10.0,2017-10,Asia,JPN,Japan,Storm,1,8.0,1,100.0,18810.0,1,100.0,1000000000.0,1,100.0,1313411000.0,1,100.0
2017,10.0,2017-10,Asia,MNG,Mongolia,Mass movement (wet),1,17.0,1,100.0,,0,0.0,,0,0.0,,0,0.0
2017,10.0,2017-10,Asia,PHL,Philippines,Storm,1,9.0,1,100.0,163349.0,1,100.0,3400000.0,1,100.0,4466000.0,1,100.0
2017,10.0,2017-10,Asia,THA,Thailand,Flood,1,9.0,1,100.0,605000.0,1,100.0,1400000.0,1,100.0,1839000.0,1,100.0
2017,10.0,2017-10,Asia,VNM,Viet Nam,Flood,1,75.0,1,100.0,40038.0,1,100.0,88000000.0,1,100.0,115580000.0,1,100.0
2017,10.0,2017-10,Asia,YEM,Yemen,Epidemic,1,35.0,1,100.0,298.0,1,100.0,,0,0.0,,0,0.0
2017,10.0,2017-10,Europe,BGR,Bulgaria,Flood,1,4.0,1,100.0,,0,0.0,,0,0.0,,0,0.0
2017,10.0,2017-10,Europe,ESP,Spain,Wildfire,1,4.0,1,100.0,,0,0.0,,0,0.0,,0,0.0
2017,10.0,2017-10,Europe,PRT,Portugal,Wildfire,1,45.0,1,100.0,2771.0,1,100.0,500000000.0,1,100.0,656706000.0,1,100.0
2017,11.0,2017-11,Africa,COD,Democratic Republic of the Congo,Epidemic,1,43.0,1,100.0,1022.0,1,100.0,,0,0.0,,0,0.0
2017,11.0,2017-11,Africa,CPV,Cabo Verde,Drought,1,,0,0.0,70000.0,1,100.0,,0,0.0,,0,0.0
2017,11.0,2017-11,Africa,MWI,Malawi,Epidemic,1,6.0,1,100.0,450.0,1,100.0,,0,0.0,,0,0.0
2017,11.0,2017-11,Americas,COL,Colombia,Flood,1,22.0,1,100.0,192.0,1,100.0,,0,0.0,,0,0.0
2017,11.0,2017-11,Americas,HTI,Haiti,Flood,1,5.0,1,100.0,50000.0,1,100.0,,0,0.0,,0,0.0
2017,11.0,2017-11,Americas,USA,United States of America,Storm,1,,0,0.0,140.0,1,100.0,260000000.0,1,100.0,341487000.0,1,100.0
2017,11.0,2017-11,Asia,BGD,Bangladesh,Epidemic,1,15.0,1,100.0,789.0,1,100.0,,0,0.0,,0,0.0
2017,11.0,2017-11,Asia,CHN,China,Earthquake,1,,0,0.0,23403.0,1,100.0,,0,0.0,,0,0.0
2017,11.0,2017-11,Asia,IDN,Indonesia,Flood,2,11.0,2,100.0,14280.0,2,100.0,,0,0.0,,0,0.0
2017,11.0,2017-11,Asia,IDN,Indonesia,Storm,1,11.0,1,100.0,2035.0,1,100.0,,0,0.0,,0,0.0
2017,11.0,2017-11,Asia,IRN,Iran (Islamic Republic of),Earthquake,1,444.0,1,100.0,209000.0,1,100.0,740000000.0,1,100.0,971924000.0,1,100.0
2017,11.0,2017-11,Asia,IRQ,Iraq,Earthquake,1,10.0,1,100.0,5969.0,1,100.0,,0,0.0,,0,0.0
2017,11.0,2017-11,Asia,KOR,Republic of Korea,Earthquake,1,,0,0.0,5057.0,1,100.0,,0,0.0,,0,0.0
2017,11.0,2017-11,Asia,LKA,Sri Lanka,Flood,1,9.0,1,100.0,13197.0,1,100.0,,0,0.0,,0,0.0
2017,11.0,2017-11,Asia,LKA,Sri Lanka,Storm,1,27.0,1,100.0,160077.0,1,100.0,346000000.0,1,100.0,454440000.0,1,100.0
2017,11.0,2017-11,Asia,MYS,Malaysia,Flood,2,9.0,2,100.0,16500.0,2,100.0,,0,0.0,,0,0.0
2017,11.0,2017-11,Asia,PHL,Philippines,Storm,1,6.0,1,100.0,305.0,1,100.0,,0,0.0,,0,0.0
2017,11.0,2017-11,Asia,SAU,Saudi Arabia,Flood,1,4.0,1,100.0,481.0,1,100.0,,0,0.0,,0,0.0
2017,11.0,2017-11,Asia,THA,Thailand,Flood,1,22.0,1,100.0,385498.0,1,100.0,,0,0.0,,0,0.0
2017,11.0,2017-11,Asia,VNM,Viet Nam,Flood,1,8.0,1,100.0,41500.0,1,100.0,,0,0.0,,0,0.0
2017,11.0,2017-11,Asia,VNM,Viet Nam,Storm,1,123.0,1,100.0,4330000.0,1,100.0,1000000000.0,1,100.0,1313411000.0,1,100.0
2017,11.0,2017-11,Europe,ALB,Albania,Flood,1,1.0,1,100.0,21002.0,1,100.0,8900000.0,1,100.0,11689000.0,1,100.0
2017,11.0,2017-11,Europe,GBR,United Kingdom of Great Britain and Northern Ireland,Flood,1,,0,0.0,100.0,1,100.0,,0,0.0,,0,0.0
2017,11.0,2017-11,Europe,GRC,Greece,Flood,1,23.0,1,100.0,6024.0,1,100.0,,0,0.0,,0,0.0
2017,11.0,2017-11,Europe,IRL,Ireland,Flood,1,,0,0.0,400.0,1,100.0,,0,0.0,,0,0.0
2017,12.0,2017-12,Africa,KEN,Kenya,Epidemic,1,,0,0.0,453.0,1,100.0,,0,0.0,,0,0.0
2017,12.0,2017-12,Americas,CHL,Chile,Mass movement (wet),1,22.0,1,100.0,142.0,1,100.0,,0,0.0,,0,0.0
2017,12.0,2017-12,Americas,USA,United States of America,Storm,1,22.0,1,100.0,,0,0.0,1100000000.0,1,100.0,1444753000.0,1,100.0
2017,12.0,2017-12,Americas,USA,United States of America,Wildfire,1,2.0,1,100.0,2963.0,1,100.0,2200000000.0,1,100.0,2889505000.0,1,100.0
2017,12.0,2017-12,Asia,ARE,United Arab Emirates,Flood,1,,0,0.0,188.0,1,100.0,,0,0.0,,0,0.0
2017,12.0,2017-12,Asia,IDN,Indonesia,Earthquake,1,4.0,1,100.0,8895.0,1,100.0,,0,0.0,,0,0.0
2017,12.0,2017-12,Asia,IND,India,Storm,1,884.0,1,100.0,60000.0,1,100.0,,0,0.0,,0,0.0
2017,12.0,2017-12,Asia,IRN,Iran (Islamic Republic of),Earthquake,1,2.0,1,100.0,120.0,1,100.0,,0,0.0,,0,0.0
2017,12.0,2017-12,Asia,MYS,Malaysia,Storm,1,,0,0.0,426.0,1,100.0,,0,0.0,,0,0.0
2017,12.0,2017-12,Asia,OMN,Oman,Flood,1,3.0,1,100.0,200.0,1,100.0,,0,0.0,,0,0.0
2017,12.0,2017-12,Asia,PHL,Philippines,Storm,2,149.0,2,100.0,2785085.0,2,100.0,121901000.0,2,100.0,160107000.0,2,100.0
2017,12.0,2017-12,Asia,PRK,Democratic People's Republic of Korea,Epidemic,1,,0,0.0,126574.0,1,100.0,,0,0.0,,0,0.0
2017,12.0,2017-12,Europe,ITA,Italy,Flood,1,1.0,1,100.0,1000.0,1,100.0,125000000.0,1,100.0,164176000.0,1,100.0
2018,1.0,2018-01,Africa,BDI,Burundi,Flood,1,,0,0.0,12000.0,1,100.0,,0,0.0,,0,0.0
2018,1.0,2018-01,Africa,COD,Democratic Republic of the Congo,Flood,1,51.0,1,100.0,15760.0,1,100.0,,0,0.0,,0,0.0
2018,1.0,2018-01,Africa,MAR,Morocco,Extreme temperature,1,,0,0.0,70000.0,1,100.0,,0,0.0,,0,0.0
2018,1.0,2018-01,Africa,MDG,Madagascar,Storm,1,73.0,1,100.0,161318.0,1,100.0,,0,0.0,,0,0.0
2018,1.0,2018-01,Africa,MOZ,Mozambique,Flood,1,11.0,1,100.0,77150.0,1,100.0,5100000.0,1,100.0,6539000.0,1,100.0
2018,1.0,2018-01,Africa,MUS,Mauritius,Storm,1,,0,0.0,30000.0,1,100.0,,0,0.0,,0,0.0
2018,1.0,2018-01,Africa,NGA,Nigeria,Epidemic,1,90.0,1,100.0,1081.0,1,100.0,,0,0.0,,0,0.0
2018,1.0,2018-01,Africa,REU,Réunion,Storm,1,,0,0.0,200.0,1,100.0,,0,0.0,,0,0.0
2018,1.0,2018-01,Americas,ARG,Argentina,Drought,1,,0,0.0,,0,0.0,3400000000.0,1,100.0,4359127000.0,1,100.0
2018,1.0,2018-01,Americas,ARG,Argentina,Flood,2,,0,0.0,62000.0,2,100.0,,0,0.0,,0,0.0
2018,1.0,2018-01,Americas,PER,Peru,Earthquake,1,2.0,1,100.0,9319.0,1,100.0,,0,0.0,,0,0.0
2018,1.0,2018-01,Americas,PRY,Paraguay,Flood,1,,0,0.0,5000.0,1,100.0,,0,0.0,,0,0.0
2018,1.0,2018-01,Americas,URY,Uruguay,Drought,1,,0,0.0,75000.0,1,100.0,500000000.0,1,100.0,641048000.0,1,100.0
2018,1.0,2018-01,Americas,USA,United States of America,Drought,1,,0,0.0,,0,0.0,3000000000.0,1,100.0,3846289000.0,1,100.0
2018,1.0,2018-01,Americas,USA,United States of America,Mass movement (wet),1,21.0,1,100.0,1366.0,1,100.0,900000000.0,1,100.0,1153887000.0,1,100.0
2018,1.0,2018-01,Americas,USA,United States of America,Storm,2,32.0,2,100.0,,0,0.0,1050000000.0,2,100.0,1346201000.0,2,100.0
2018,1.0,2018-01,Asia,BGD,Bangladesh,Extreme temperature,1,34.0,1,100.0,,0,0.0,,0,0.0,,0,0.0
2018,1.0,2018-01,Asia,CHN,China,Storm,2,23.0,2,100.0,2511200.0,2,100.0,2304000000.0,2,100.0,2953950000.0,2,100.0
2018,1.0,2018-01,Asia,IDN,Indonesia,Earthquake,1,1.0,1,100.0,13811.0,1,100.0,80000000.0,1,100.0,102568000.0,1,100.0
2018,1.0,2018-01,Asia,IDN,Indonesia,Volcanic activity,1,,0,0.0,50000.0,1,100.0,,0,0.0,,0,0.0
2018,1.0,2018-01,Asia,IND,India,Extreme temperature,1,44.0,1,100.0,,0,0.0,,0,0.0,,0,0.0
2018,1.0,2018-01,Asia,LBN,Lebanon,Storm,1,15.0,1,100.0,,0,0.0,,0,0.0,,0,0.0
2018,1.0,2018-01,Asia,MNG,Mongolia,Extreme temperature,1,,0,0.0,264000.0,1,100.0,,0,0.0,,0,0.0
2018,1.0,2018-01,Asia,MYS,Malaysia,Flood,1,2.0,1,100.0,12000.0,1,100.0,,0,0.0,,0,0.0
2018,1.0,2018-01,Asia,NPL,Nepal,Extreme temperature,1,50.0,1,100.0,,0,0.0,,0,0.0,,0,0.0
2018,1.0,2018-01,Asia,PHL,Philippines,Epidemic,2,519.0,2,100.0,79376.0,2,100.0,,0,0.0,,0,0.0
2018,1.0,2018-01,Asia,PHL,Philippines,Flood,1,11.0,1,100.0,180000.0,1,100.0,,0,0.0,,0,0.0
2018,1.0,2018-01,Asia,PHL,Philippines,Storm,1,3.0,1,100.0,83917.0,1,100.0,12292000.0,1,100.0,15760000.0,1,100.0
2018,1.0,2018-01,Asia,PHL,Philippines,Volcanic activity,1,,0,0.0,86056.0,1,100.0,3564000.0,1,100.0,4569000.0,1,100.0
2018,1.0,2018-01,Europe,BEL,Belgium,Storm,1,1.0,1,100.0,,0,0.0,,0,0.0,,0,0.0
2018,1.0,2018-01,Europe,CHE,Switzerland,Storm,1,,0,0.0,16.0,1,100.0,,0,0.0,,0,0.0
2018,1.0,2018-01,Europe,DEU,Germany,Storm,1,5.0,1,100.0,12.0,1,100.0,588475000.0,1,100.0,754482000.0,1,100.0
2018,1.0,2018-01,Europe,ESP,Spain,Storm,1,2.0,1,100.0,,0,0.0,,0,0.0,,0,0.0
2018,1.0,2018-01,Europe,FRA,France,Flood,1,,0,0.0,2750.0,1,100.0,372000000.0,1,100.0,476940000.0,1,100.0
2018,1.0,2018-01,Europe,FRA,France,Storm,2,6.0,1,50.0,30.0,1,50.0,200000000.0,1,50.0,256419000.0,1,50.0
2018,1.0,2018-01,Europe,GBR,United Kingdom of Great Britain and Northern Ireland,Storm,1,,0,0.0,4.0,1,100.0,,0,0.0,,0,0.0
2018,1.0,2018-01,Europe,IRL,Ireland,Storm,1,2.0,1,100.0,,0,0.0,,0,0.0,,0,0.0
2018,1.0,2018-01,Europe,NLD,Netherlands (Kingdom of the),Storm,1,3.0,1,100.0,,0,0.0,110011000.0,1,100.0,141045000.0,1,100.0
2018,1.0,2018-01,Europe,POL,Poland,Storm,1,,0,0.0,,0,0.0,,0,0.0,,0,0.0
2018,1.0,2018-01,Oceania,AUS,Australia,Drought,1,,0,0.0,,0,0.0,1200000000.0,1,100.0,1538515000.0,1,100.0
2018,1.0,2018-01,Oceania,PNG,Papua New Guinea,Volcanic activity,1,,0,0.0,736.0,1,100.0,,0,0.0,,0,0.0
2018,2.0,2018-02,Africa,AGO,Angola,Flood,1,8.0,1,100.0,3000.0,1,100.0,,0,0.0,,0,0.0
2018,2.0,2018-02,Africa,BWA,Botswana,Flood,1,,0,0.0,4225.0,1,100.0,,0,0.0,,0,0.0
2018,2.0,2018-02,Africa,MOZ,Mozambique,Mass movement (wet),1,17.0,1,100.0,300.0,1,100.0,,0,0.0,,0,0.0
2018,2.0,2018-02,Africa,MWI,Malawi,Flood,2,1.0,1,50.0,500.0,2,100.0,,0,0.0,,0,0.0
2018,2.0,2018-02,Africa,UGA,Uganda,Epidemic,1,31.0,1,100.0,1000.0,1,100.0,,0,0.0,,0,0.0
2018,2.0,2018-02,Americas,BOL,Bolivia (Plurinational State of),Flood,1,6.0,1,100.0,12186.0,1,100.0,,0,0.0,,0,0.0
2018,2.0,2018-02,Americas,BRA,Brazil,Flood,1,4.0,1,100.0,250.0,1,100.0,10000000.0,1,100.0,12821000.0,1,100.0
2018,2.0,2018-02,Americas,MEX,Mexico,Earthquake,1,,0,0.0,3004.0,1,100.0,,0,0.0,,0,0.0
2018,2.0,2018-02,Asia,IDN,Indonesia,Flood,1,20.0,1,100.0,100000.0,1,100.0,,0,0.0,,0,0.0
2018,2.0,2018-02,Asia,IDN,Indonesia,Mass movement (wet),1,15.0,1,100.0,50014.0,1,100.0,,0,0.0,,0,0.0
2018,2.0,2018-02,Asia,MYS,Malaysia,Flood,1,,0,0.0,4900.0,1,100.0,,0,0.0,,0,0.0
2018,2.0,2018-02,Asia,PHL,Philippines,Storm,1,,0,0.0,254859.0,1,100.0,3070000.0,1,100.0,3936000.0,1,100.0
2018,2.0,2018-02,Asia,TWN,Taiwan (Province of China),Earthquake,1,84.0,1,100.0,285.0,1,100.0,100000000.0,1,100.0,128210000.0,1,100.0
2018,2.0,2018-02,Europe,CZE,Czechia,Extreme temperature,1,3.0,1,100.0,,0,0.0,,0,0.0,,0,0.0
2018,2.0,2018-02,Europe,EST,Estonia,Extreme temperature,1,7.0,1,100.0,,0,0.0,,0,0.0,,0,0.0
2018,2.0,2018-02,Europe,FRA,France,Extreme temperature,1,3.0,1,100.0,,0,0.0,,0,0.0,,0,0.0
2018,2.0,2018-02,Europe,ITA,Italy,Extreme temperature,1,1.0,1,100.0,,0,0.0,,0,0.0,,0,0.0
2018,2.0,2018-02,Europe,LTU,Lithuania,Extreme temperature,1,5.0,1,100.0,,0,0.0,,0,0.0,,0,0.0
2018,2.0,2018-02,Europe,POL,Poland,Extreme temperature,1,9.0,1,100.0,,0,0.0,,0,0.0,,0,0.0
2018,2.0,2018-02,Europe,ROU,Romania,Extreme temperature,1,2.0,1,100.0,,0,0.0,,0,0.0,,0,0.0
2018,2.0,2018-02,Oceania,PNG,Papua New Guinea,Earthquake,1,145.0,1,100.0,544300.0,1,100.0,61000000.0,1,100.0,78208000.0,1,100.0
2018,2.0,2018-02,Oceania,TON,Tonga,Storm,1,,0,0.0,87000.0,1,100.0,,0,0.0,,0,0.0
2018,2.0,2018-02,Oceania,WSM,Samoa,Storm,1,,0,0.0,,0,0.0,,0,0.0,,0,0.0
2018,3.0,2018-03,Africa,KEN,Kenya,Flood,2,87.0,2,100.0,211188.0,1,50.0,350000000.0,1,50.0,448734000.0,1,50.0
2018,3.0,2018-03,Africa,MDG,Madagascar,Storm,1,21.0,1,100.0,50872.0,1,100.0,,0,0.0,,0,0.0
2018,3.0,2018-03,Africa,MRT,Mauritania,Drought,1,,0,0.0,350600.0,1,100.0,,0,0.0,,0,0.0
2018,3.0,2018-03,Africa,RWA,Rwanda,Flood,1,24.0,1,100.0,26051.0,1,100.0,22000000.0,1,100.0,28206000.0,1,100.0
2018,3.0,2018-03,Americas,BRA,Brazil,Flood,1,3.0,1,100.0,1000.0,1,100.0,43000000.0,1,100.0,55130000.0,1,100.0
2018,3.0,2018-03,Americas,COL,Colombia,Flood,1,14.0,1,100.0,,0,0.0,,0,0.0,,0,0.0
2018,3.0,2018-03,Americas,USA,United States of America,Storm,1,9.0,1,100.0,,0,0.0,2300000000.0,1,100.0,2948821000.0,1,100.0
2018,3.0,2018-03,Asia,CHN,China,Storm,1,14.0,1,100.0,177000.0,1,100.0,147000000.0,1,100.0,188468000.0,1,100.0
2018,3.0,2018-03,Asia,IDN,Indonesia,Flood,2,3.0,1,50.0,15001.0,2,100.0,,0,0.0,,0,0.0
2018,3.0,2018-03,Asia,IND,India,Wildfire,1,17.0,1,100.0,,0,0.0,,0,0.0,,0,0.0
2018,3.0,2018-03,Asia,KAZ,Kazakhstan,Flood,1,,0,0.0,400.0,1,100.0,,0,0.0,,0,0.0
2018,3.0,2018-03,Europe,ALB,Albania,Flood,1,,0,0.0,800.0,1,100.0,,0,0.0,,0,0.0
2018,3.0,2018-03,Europe,BLR,Belarus,Flood,1,,0,0.0,50000.0,1,100.0,,0,0.0,,0,0.0
2018,3.0,2018-03,Europe,HRV,Croatia,Flood,1,,0,0.0,471.0,1,100.0,,0,0.0,,0,0.0
2018,3.0,2018-03,Europe,ROU,Romania,Flood,1,,0,0.0,2300.0,1,100.0,,0,0.0,,0,0.0
2018,3.0,2018-03,Europe,RUS,Russian Federation,Flood,1,2.0,1,100.0,3672.0,1,100.0,,0,0.0,,0,0.0
2018,3.0,2018-03,Oceania,AUS,Australia,Flood,1,,0,0.0,600.0,1,100.0,11400000.0,1,100.0,14616000.0,1,100.0
2018,3.0,2018-03,Oceania,PNG,Papua New Guinea,Earthquake,2,36.0,2,100.0,,0,0.0,,0,0.0,,0,0.0
2018,3.0,2018-03,Oceania,VUT,Vanuatu,Volcanic activity,1,,0,0.0,6300.0,1,100.0,,0,0.0,,0,0.0
2018,4.0,2018-04,Africa,BDI,Burundi,Flood,1,,0,0.0,23000.0,1,100.0,,0,0.0,,0,0.0
2018,4.0,2018-04,Africa,DZA,Algeria,Flood,1,6.0,1,100.0,200.0,1,100.0,,0,0.0,,0,0.0
2018,4.0,2018-04,Africa,MWI,Malawi,Flood,1,4.0,1,100.0,9113.0,1,100.0,,0,0.0,,0,0.0
2018,4.0,2018-04,Africa,RWA,Rwanda,Flood,2,34.0,2,100.0,360.0,1,50.0,22000000.0,2,100.0,28206000.0,2,100.0
2018,4.0,2018-04,Africa,SEN,Senegal,Drought,1,,0,0.0,320000.0,1,100.0,,0,0.0,,0,0.0
2018,4.0,2018-04,Africa,SOM,Somalia,Flood,1,5.0,1,100.0,700000.0,1,100.0,80000000.0,1,100.0,102568000.0,1,100.0
2018,4.0,2018-04,Africa,TZA,United Republic of Tanzania,Flood,1,15.0,1,100.0,15873.0,1,100.0,,0,0.0,,0,0.0
2018,4.0,2018-04,Americas,ARG,Argentina,Storm,1,2.0,1,100.0,1200.0,1,100.0,,0,0.0,,0,0.0
2018,4.0,2018-04,Americas,BOL,Bolivia (Plurinational State of),Epidemic,1,23.0,1,100.0,1428.0,1,100.0,,0,0.0,,0,0.0
2018,4.0,2018-04,Americas,USA,United States of America,Flood,1,,0,0.0,1596.0,1,100.0,125000000.0,1,100.0,160262000.0,1,100.0
2018,4.0,2018-04,Americas,USA,United States of America,Storm,1,3.0,1,100.0,,0,0.0,1300000000.0,1,100.0,1666725000.0,1,100.0
2018,4.0,2018-04,Asia,AFG,Afghanistan,Drought,1,,0,0.0,13500000.0,1,100.0,,0,0.0,,0,0.0
2018,4.0,2018-04,Asia,BGD,Bangladesh,Storm,1,33.0,1,100.0,,0,0.0,,0,0.0,,0,0.0
2018,4.0,2018-04,Asia,IND,India,Storm,2,60.0,2,100.0,22250.0,2,100.0,200000000.0,2,100.0,256420000.0,2,100.0
2018,4.0,2018-04,Asia,ISR,Israel,Flood,1,12.0,1,100.0,,0,0.0,,0,0.0,,0,0.0
2018,4.0,2018-04,Oceania,FJI,Fiji,Storm,2,7.0,1,50.0,179200.0,2,100.0,60000000.0,2,100.0,76926000.0,2,100.0
2018,5.0,2018-05,Africa,BDI,Burundi,Flood,1,,0,0.0,12956.0,1,100.0,,0,0.0,,0,0.0
2018,5.0,2018-05,Africa,CMR,Cameroon,Epidemic,1,57.0,1,100.0,942.0,1,100.0,,0,0.0,,0,0.0
2018,5.0,2018-05,Africa,COD,Democratic Republic of the Congo,Epidemic,1,33.0,1,100.0,10.0,1,100.0,,0,0.0,,0,0.0
2018,5.0,2018-05,Africa,DJI,Djibouti,Storm,1,2.0,1,100.0,25000.0,1,100.0,,0,0.0,,0,0.0
2018,5.0,2018-05,Africa,ETH,Ethiopia,Mass movement (wet),1,32.0,1,100.0,17.0,1,100.0,,0,0.0,,0,0.0
2018,5.0,2018-05,Africa,KEN,Kenya,Flood,1,47.0,1,100.0,,0,0.0,,0,0.0,,0,0.0
2018,5.0,2018-05,Africa,RWA,Rwanda,Mass movement (wet),1,18.0,1,100.0,12.0,1,100.0,28000000.0,1,100.0,35899000.0,1,100.0
2018,5.0,2018-05,Africa,SOM,Somalia,Storm,1,53.0,1,100.0,228000.0,1,100.0,,0,0.0,,0,0.0
2018,5.0,2018-05,Africa,TCD,Chad,Epidemic,1,90.0,1,100.0,4227.0,1,100.0,,0,0.0,,0,0.0
2018,5.0,2018-05,Americas,CAN,Canada,Flood,1,,0,0.0,4000.0,1,100.0,,0,0.0,,0,0.0
2018,5.0,2018-05,Americas,CUB,Cuba,Storm,1,9.0,1,100.0,40000.0,1,100.0,,0,0.0,,0,0.0
2018,5.0,2018-05,Americas,GTM,Guatemala,Flood,1,2.0,1,100.0,76845.0,1,100.0,,0,0.0,,0,0.0
2018,5.0,2018-05,Americas,SLV,El Salvador,Earthquake,1,,0,0.0,2500.0,1,100.0,,0,0.0,,0,0.0
2018,5.0,2018-05,Americas,USA,United States of America,Storm,2,10.0,2,100.0,75.0,1,50.0,1575000000.0,2,100.0,2019302000.0,2,100.0
2018,5.0,2018-05,Americas,USA,United States of America,Volcanic activity,1,,0,0.0,2500.0,1,100.0,500000000.0,1,100.0,641048000.0,1,100.0
2018,5.0,2018-05,Asia,AFG,Afghanistan,Flood,2,90.0,2,100.0,4000.0,1,50.0,,0,0.0,,0,0.0
2018,5.0,2018-05,Asia,BGD,Bangladesh,Flood,1,21.0,1,100.0,14000.0,1,100.0,,0,0.0,,0,0.0
2018,5.0,2018-05,Asia,CHN,China,Earthquake,1,,0,0.0,12000.0,1,100.0,29000000.0,1,100.0,37181000.0,1,100.0
2018,5.0,2018-05,Asia,CHN,China,Flood,4,196.0,4,100.0,751000.0,4,100.0,2190000000.0,3,75.0,2807790000.0,3,75.0
2018,5.0,2018-05,Asia,IND,India,Flood,2,27.0,2,100.0,16673.0,2,100.0,12500000.0,2,100.0,16026000.0,2,100.0
2018,5.0,2018-05,Asia,IND,India,Storm,4,324.0,4,100.0,21200.0,2,50.0,99000000.0,3,75.0,126927000.0,3,75.0
2018,5.0,2018-05,Asia,LKA,Sri Lanka,Flood,1,20.0,1,100.0,153712.0,1,100.0,,0,0.0,,0,0.0
2018,5.0,2018-05,Asia,MMR,Myanmar,Mass movement (dry),1,17.0,1,100.0,,0,0.0,,0,0.0,,0,0.0
2018,5.0,2018-05,Asia,OMN,Oman,Storm,1,6.0,1,100.0,,0,0.0,,0,0.0,,0,0.0
2018,5.0,2018-05,Asia,PAK,Pakistan,Extreme temperature,1,180.0,1,100.0,,0,0.0,,0,0.0,,0,0.0
2018,5.0,2018-05,Asia,PAK,Pakistan,Flood,1,60.0,1,100.0,5000.0,1,100.0,,0,0.0,,0,0.0
2018,5.0,2018-05,Asia,TJK,Tajikistan,Flood,1,6.0,1,100.0,5725.0,1,100.0,,0,0.0,,0,0.0
2018,5.0,2018-05,Asia,YEM,Yemen,Storm,1,24.0,1,100.0,750.0,1,100.0,,0,0.0,,0,0.0
2018,5.0,2018-05,Europe,LTU,Lithuania,Drought,1,,0,0.0,,0,0.0,,0,0.0,,0,0.0
2018,6.0,2018-06,Africa,CIV,Côte d’Ivoire,Flood,1,20.0,1,100.0,25000.0,1,100.0,,0,0.0,,0,0.0
2018,6.0,2018-06,Africa,GNB,Guinea-Bissau,Storm,1,3.0,1,100.0,11541.0,1,100.0,,0,0.0,,0,0.0
2018,6.0,2018-06,Africa,NER,Niger,Flood,1,36.0,1,100.0,130468.0,1,100.0,,0,0.0,,0,0.0
2018,6.0,2018-06,Africa,SDN,Sudan,Flood,1,,0,0.0,2750.0,1,100.0,,0,0.0,,0,0.0
2018,6.0,2018-06,Americas,CAN,Canada,Extreme temperature,1,70.0,1,100.0,,0,0.0,,0,0.0,,0,0.0
2018,6.0,2018-06,Americas,GTM,Guatemala,Drought,1,,0,0.0,1500000.0,1,100.0,44669000.0,1,100.0,57270000.0,1,100.0
2018,6.0,2018-06,Americas,GTM,Guatemala,Volcanic activity,1,461.0,1,100.0,1714414.0,1,100.0,,0,0.0,,0,0.0
2018,6.0,2018-06,Americas,HND,Honduras,Drought,1,,0,0.0,360000.0,1,100.0,,0,0.0,,0,0.0
2018,6.0,2018-06,Americas,NIC,Nicaragua,Drought,1,,0,0.0,300000.0,1,100.0,,0,0.0,,0,0.0
2018,6.0,2018-06,Americas,PAN,Panama,Drought,1,,0,0.0,,0,0.0,72000000.0,1,100.0,92311000.0,1,100.0
2018,6.0,2018-06,Americas,SLV,El Salvador,Drought,1,,0,0.0,386610.0,1,100.0,37000000.0,1,100.0,47438000.0,1,100.0
2018,6.0,2018-06,Americas,USA,United States of America,Wildfire,1,88.0,1,100.0,250000.0,1,100.0,16500000000.0,1,100.0,21154588000.0,1,100.0
2018,6.0,2018-06,Asia,BGD,Bangladesh,Flood,1,14.0,1,100.0,,0,0.0,,0,0.0,,0,0.0
2018,6.0,2018-06,Asia,CHN,China,Flood,1,11.0,1,100.0,36000.0,1,100.0,278000000.0,1,100.0,356423000.0,1,100.0
2018,6.0,2018-06,Asia,IND,India,Flood,1,52.0,1,100.0,,0,0.0,,0,0.0,,0,0.0
2018,6.0,2018-06,Asia,IND,India,Storm,2,103.0,2,100.0,,0,0.0,50000000.0,1,50.0,64105000.0,1,50.0
2018,6.0,2018-06,Asia,JPN,Japan,Earthquake,1,5.0,1,100.0,20715.0,1,100.0,3250000000.0,1,100.0,4166813000.0,1,100.0
2018,6.0,2018-06,Asia,JPN,Japan,Flood,1,246.0,1,100.0,1500102.0,1,100.0,9500000000.0,1,100.0,12179914000.0,1,100.0
2018,6.0,2018-06,Asia,MMR,Myanmar,Flood,1,12.0,1,100.0,,0,0.0,,0,0.0,,0,0.0
2018,6.0,2018-06,Asia,VNM,Viet Nam,Flood,1,33.0,1,100.0,16728.0,1,100.0,23000000.0,1,100.0,29488000.0,1,100.0
2018,6.0,2018-06,Asia,VNM,Viet Nam,Storm,1,1.0,1,100.0,,0,0.0,,0,0.0,,0,0.0
2018,6.0,2018-06,Europe,BGR,Bulgaria,Flood,1,,0,0.0,600.0,1,100.0,,0,0.0,,0,0.0
2018,6.0,2018-06,Europe,GBR,United Kingdom of Great Britain and Northern Ireland,Extreme temperature,1,820.0,1,100.0,,0,0.0,,0,0.0,,0,0.0
2018,6.0,2018-06,Europe,POL,Poland,Drought,1,,0,0.0,,0,0.0,,0,0.0,,0,0.0
2018,6.0,2018-06,Europe,ROU,Romania,Flood,1,,0,0.0,1600.0,1,100.0,,0,0.0,,0,0.0
2018,6.0,2018-06,Europe,SRB,Serbia,Flood,1,,0,0.0,231.0,1,100.0,,0,0.0,,0,0.0
2018,6.0,2018-06,Europe,UKR,Ukraine,Storm,1,,0,0.0,600.0,1,100.0,,0,0.0,,0,0.0
2018,6.0,2018-06,Oceania,NZL,New Zealand,Flood,1,,0,0.0,100.0,1,100.0,25000000.0,1,100.0,32052000.0,1,100.0
2018,7.0,2018-07,Africa,NER,Niger,Epidemic,1,78.0,1,100.0,3824.0,1,100.0,,0,0.0,,0,0.0
2018,7.0,2018-07,Africa,NGA,Nigeria,Flood,1,101.0,1,100.0,15872.0,1,100.0,,0,0.0,,0,0.0
2018,7.0,2018-07,Africa,SDN,Sudan,Flood,1,23.0,1,100.0,54666.0,1,100.0,,0,0.0,,0,0.0
2018,7.0,2018-07,Americas,CAN,Canada,Wildfire,1,,0,0.0,3000.0,1,100.0,,0,0.0,,0,0.0
2018,7.0,2018-07,Americas,DOM,Dominican Republic,Flood,1,,0,0.0,7390.0,1,100.0,,0,0.0,,0,0.0
2018,7.0,2018-07,Americas,DOM,Dominican Republic,Storm,1,,0,0.0,8000.0,1,100.0,,0,0.0,,0,0.0
2018,7.0,2018-07,Americas,PRI,Puerto Rico,Flood,1,,0,0.0,400.0,1,100.0,,0,0.0,,0,0.0
2018,7.0,2018-07,Americas,PRI,Puerto Rico,Storm,1,,0,0.0,,0,0.0,,0,0.0,,0,0.0
2018,7.0,2018-07,Americas,USA,United States of America,Storm,1,,0,0.0,,0,0.0,1500000000.0,1,100.0,1923144000.0,1,100.0
2018,7.0,2018-07,Americas,USA,United States of America,Wildfire,1,14.0,1,100.0,3237.0,1,100.0,1000000000.0,1,100.0,1282096000.0,1,100.0
2018,7.0,2018-07,Asia,AFG,Afghanistan,Mass movement (wet),1,12.0,1,100.0,,0,0.0,,0,0.0,,0,0.0
2018,7.0,2018-07,Asia,CHN,China,Flood,2,19.0,2,100.0,2900000.0,2,100.0,1311972000.0,2,100.0,1682074000.0,2,100.0
2018,7.0,2018-07,Asia,CHN,China,Storm,3,15.0,2,66.67,79200.0,3,100.0,1300000000.0,3,100.0,1666725000.0,3,100.0
2018,7.0,2018-07,Asia,GEO,Georgia,Flood,1,,0,0.0,1143.0,1,100.0,,0,0.0,,0,0.0
2018,7.0,2018-07,Asia,IDN,Indonesia,Earthquake,1,14.0,1,100.0,102852.0,1,100.0,29000000.0,1,100.0,37181000.0,1,100.0
2018,7.0,2018-07,Asia,IND,India,Flood,2,53.0,2,100.0,42975.0,2,100.0,,0,0.0,,0,0.0
2018,7.0,2018-07,Asia,IRN,Iran (Islamic Republic of),Earthquake,1,,0,0.0,5042.0,1,100.0,10000000.0,1,100.0,12821000.0,1,100.0
2018,7.0,2018-07,Asia,JPN,Japan,Extreme temperature,1,119.0,1,100.0,49000.0,1,100.0,,0,0.0,,0,0.0
2018,7.0,2018-07,Asia,KHM,Cambodia,Flood,1,,0,0.0,5817.0,1,100.0,,0,0.0,,0,0.0
2018,7.0,2018-07,Asia,KOR,Republic of Korea,Extreme temperature,1,,0,0.0,,0,0.0,,0,0.0,,0,0.0
2018,7.0,2018-07,Asia,LAO,Lao People's Democratic Republic,Flood,1,136.0,1,100.0,13100.0,1,100.0,,0,0.0,,0,0.0
2018,7.0,2018-07,Asia,LAO,Lao People's Democratic Republic,Storm,1,,0,0.0,120000.0,1,100.0,,0,0.0,,0,0.0
2018,7.0,2018-07,Asia,MMR,Myanmar,Flood,1,16.0,1,100.0,109650.0,1,100.0,,0,0.0,,0,0.0
2018,7.0,2018-07,Asia,MMR,Myanmar,Mass movement (wet),1,15.0,1,100.0,45.0,1,100.0,,0,0.0,,0,0.0
2018,7.0,2018-07,Asia,MNG,Mongolia,Flood,1,,0,0.0,8301.0,1,100.0,,0,0.0,,0,0.0
2018,7.0,2018-07,Asia,NPL,Nepal,Flood,1,15.0,1,100.0,1406.0,1,100.0,,0,0.0,,0,0.0
2018,7.0,2018-07,Asia,PHL,Philippines,Storm,1,16.0,1,100.0,2231101.0,1,100.0,88000000.0,1,100.0,112824000.0,1,100.0
2018,7.0,2018-07,Asia,PRK,Democratic People's Republic of Korea,Extreme temperature,1,,0,0.0,13768.0,1,100.0,,0,0.0,,0,0.0
2018,7.0,2018-07,Asia,TUR,Türkiye,Mass movement (wet),1,24.0,1,100.0,100.0,1,100.0,,0,0.0,,0,0.0
2018,7.0,2018-07,Asia,VNM,Viet Nam,Storm,1,34.0,1,100.0,96000.0,1,100.0,220000000.0,1,100.0,282061000.0,1,100.0
2018,7.0,2018-07,Europe,BEL,Belgium,Extreme temperature,1,,0,0.0,,0,0.0,,0,0.0,,0,0.0
2018,7.0,2018-07,Europe,DEU,Germany,Extreme temperature,1,,0,0.0,,0,0.0,,0,0.0,,0,0.0
2018,7.0,2018-07,Europe,FRA,France,Extreme temperature,1,,0,0.0,,0,0.0,,0,0.0,,0,0.0
2018,7.0,2018-07,Europe,GRC,Greece,Wildfire,1,100.0,1,100.0,4718.0,1,100.0,,0,0.0,,0,0.0
2018,7.0,2018-07,Europe,LVA,Latvia,Wildfire,1,,0,0.0,,0,0.0,,0,0.0,,0,0.0
2018,7.0,2018-07,Europe,NLD,Netherlands (Kingdom of the),Extreme temperature,1,100.0,1,100.0,,0,0.0,,0,0.0,,0,0.0
2018,7.0,2018-07,Europe,SWE,Sweden,Wildfire,1,,0,0.0,,0,0.0,102000000.0,1,100.0,130774000.0,1,100.0
2018,8.0,2018-08,Africa,COD,Democratic Republic of the Congo,Epidemic,1,2287.0,1,100.0,3470.0,1,100.0,,0,0.0,,0,0.0
2018,8.0,2018-08,Africa,GHA,Ghana,Flood,1,34.0,1,100.0,100000.0,1,100.0,,0,0.0,,0,0.0
2018,8.0,2018-08,Africa,MLI,Mali,Flood,1,,0,0.0,13150.0,1,100.0,,0,0.0,,0,0.0
2018,8.0,2018-08,Africa,SDN,Sudan,Flood,1,23.0,1,100.0,70060.0,1,100.0,,0,0.0,,0,0.0
2018,8.0,2018-08,Africa,ZWE,Zimbabwe,Epidemic,1,12.0,1,100.0,5164.0,1,100.0,,0,0.0,,0,0.0
2018,8.0,2018-08,Americas,USA,United States of America,Storm,1,,0,0.0,18.0,1,100.0,1000000000.0,1,100.0,1282096000.0,1,100.0
2018,8.0,2018-08,Americas,VEN,Venezuela (Bolivarian Republic of),Flood,1,,0,0.0,9700.0,1,100.0,,0,0.0,,0,0.0
2018,8.0,2018-08,Asia,AFG,Afghanistan,Flood,1,11.0,1,100.0,,0,0.0,,0,0.0,,0,0.0
2018,8.0,2018-08,Asia,ARM,Armenia,Storm,1,,0,0.0,9900.0,1,100.0,1822000.0,1,100.0,2336000.0,1,100.0
2018,8.0,2018-08,Asia,CHN,China,Earthquake,1,,0,0.0,18024.0,1,100.0,50000000.0,1,100.0,64105000.0,1,100.0
2018,8.0,2018-08,Asia,CHN,China,Flood,1,18.0,1,100.0,11400.0,1,100.0,790000000.0,1,100.0,1012856000.0,1,100.0
2018,8.0,2018-08,Asia,CHN,China,Storm,4,58.0,3,75.0,42300.0,3,75.0,6034900000.0,4,100.0,7737322000.0,4,100.0
2018,8.0,2018-08,Asia,IDN,Indonesia,Earthquake,2,574.0,2,100.0,517706.0,2,100.0,795000000.0,2,100.0,1019266000.0,2,100.0
2018,8.0,2018-08,Asia,IND,India,Flood,2,507.0,2,100.0,23245000.0,2,100.0,2852480000.0,1,50.0,3657154000.0,1,50.0
2018,8.0,2018-08,Asia,IRN,Iran (Islamic Republic of),Earthquake,1,2.0,1,100.0,13255.0,1,100.0,,0,0.0,,0,0.0
2018,8.0,2018-08,Asia,LAO,Lao People's Democratic Republic,Storm,1,,0,0.0,615145.0,1,100.0,225000000.0,1,100.0,288472000.0,1,100.0
2018,8.0,2018-08,Asia,MMR,Myanmar,Flood,1,7.0,1,100.0,63400.0,1,100.0,,0,0.0,,0,0.0
2018,8.0,2018-08,Asia,PRK,Democratic People's Republic of Korea,Flood,1,148.0,1,100.0,581268.0,1,100.0,25000000.0,1,100.0,32052000.0,1,100.0
2018,8.0,2018-08,Asia,PRK,Democratic People's Republic of Korea,Storm,1,86.0,1,100.0,58143.0,1,100.0,4640000.0,1,100.0,5949000.0,1,100.0
2018,8.0,2018-08,Asia,TWN,Taiwan (Province of China),Storm,1,7.0,1,100.0,6140.0,1,100.0,34000000.0,1,100.0,43591000.0,1,100.0
2018,8.0,2018-08,Asia,VNM,Viet Nam,Flood,1,20.0,1,100.0,6000.0,1,100.0,,0,0.0,,0,0.0
2018,8.0,2018-08,Asia,VNM,Viet Nam,Storm,1,13.0,1,100.0,50000.0,1,100.0,2000000.0,1,100.0,2564000.0,1,100.0
2018,8.0,2018-08,Europe,ESP,Spain,Extreme temperature,1,9.0,1,100.0,,0,0.0,,0,0.0,,0,0.0
2018,8.0,2018-08,Europe,ESP,Spain,Wildfire,1,,0,0.0,,0,0.0,,0,0.0,,0,0.0
2018,8.0,2018-08,Europe,ITA,Italy,Extreme temperature,1,,0,0.0,,0,0.0,,0,0.0,,0,0.0
2018,8.0,2018-08,Europe,ITA,Italy,Flood,1,10.0,1,100.0,23.0,1,100.0,,0,0.0,,0,0.0
2018,8.0,2018-08,Europe,PRT,Portugal,Extreme temperature,1,,0,0.0,,0,0.0,,0,0.0,,0,0.0
2018,8.0,2018-08,Europe,PRT,Portugal,Wildfire,1,,0,0.0,329.0,1,100.0,,0,0.0,,0,0.0
2018,9.0,2018-09,Africa,CAF,Central African Republic,Epidemic,1,1.0,1,100.0,119.0,1,100.0,,0,0.0,,0,0.0
2018,9.0,2018-09,Africa,ETH,Ethiopia,Mass movement (wet),1,12.0,1,100.0,4.0,1,100.0,36000.0,1,100.0,46000.0,1,100.0
2018,9.0,2018-09,Africa,NGA,Nigeria,Flood,1,199.0,1,100.0,1922332.0,1,100.0,275000000.0,1,100.0,352576000.0,1,100.0
2018,9.0,2018-09,Africa,TUN,Tunisia,Flood,1,6.0,1,100.0,30000.0,1,100.0,36000000.0,1,100.0,46155000.0,1,100.0
2018,9.0,2018-09,Africa,ZWE,Zimbabwe,Epidemic,1,69.0,1,100.0,10730.0,1,100.0,,0,0.0,,0,0.0
2018,9.0,2018-09,Americas,CAN,Canada,Storm,1,,0,0.0,930.0,1,100.0,325000000.0,1,100.0,416681000.0,1,100.0
2018,9.0,2018-09,Americas,MEX,Mexico,Flood,1,20.0,1,100.0,120.0,1,100.0,,0,0.0,,0,0.0
2018,9.0,2018-09,Americas,USA,United States of America,Flood,1,2.0,1,100.0,,0,0.0,250000000.0,1,100.0,320524000.0,1,100.0
2018,9.0,2018-09,Americas,USA,United States of America,Storm,1,53.0,1,100.0,1500000.0,1,100.0,14000000000.0,1,100.0,17949347000.0,1,100.0
2018,9.0,2018-09,Americas,VEN,Venezuela (Bolivarian Republic of),Flood,1,2.0,1,100.0,1000.0,1,100.0,,0,0.0,,0,0.0
2018,9.0,2018-09,Asia,CHN,China,Storm,1,,0,0.0,,0,0.0,770000000.0,1,100.0,987214000.0,1,100.0
2018,9.0,2018-09,Asia,HKG,"China, Hong Kong Special Administrative Region",Storm,1,,0,0.0,300.0,1,100.0,,0,0.0,,0,0.0
2018,9.0,2018-09,Asia,IDN,Indonesia,Earthquake,1,4140.0,1,100.0,2000000.0,1,100.0,1450000000.0,1,100.0,1859040000.0,1,100.0
2018,9.0,2018-09,Asia,IND,India,Drought,1,,0,0.0,8200000.0,1,100.0,1100000000.0,1,100.0,1410306000.0,1,100.0
2018,9.0,2018-09,Asia,IND,India,Flood,2,71.0,2,100.0,3050.0,1,50.0,,0,0.0,,0,0.0
2018,9.0,2018-09,Asia,JPN,Japan,Earthquake,1,41.0,1,100.0,6280.0,1,100.0,1250000000.0,1,100.0,1602620000.0,1,100.0
2018,9.0,2018-09,Asia,JPN,Japan,Storm,2,21.0,2,100.0,22100.0,2,100.0,17000000000.0,2,100.0,21795636000.0,2,100.0
2018,9.0,2018-09,Asia,PHL,Philippines,Storm,2,89.0,2,100.0,5509649.0,2,100.0,51033000.0,2,100.0,65429000.0,2,100.0
2018,10.0,2018-10,Africa,AGO,Angola,Epidemic,1,2.0,1,100.0,139.0,1,100.0,,0,0.0,,0,0.0
2018,10.0,2018-10,Africa,ETH,Ethiopia,Epidemic,1,,0,0.0,4000.0,1,100.0,,0,0.0,,0,0.0
2018,10.0,2018-10,Africa,MDG,Madagascar,Epidemic,1,,0,0.0,98415.0,1,100.0,,0,0.0,,0,0.0
2018,10.0,2018-10,Africa,NAM,Namibia,Drought,1,,0,0.0,556000.0,1,100.0,,0,0.0,,0,0.0
2018,10.0,2018-10,Africa,UGA,Uganda,Mass movement (wet),1,51.0,1,100.0,,0,0.0,,0,0.0,,0,0.0
2018,10.0,2018-10,Americas,COL,Colombia,Flood,1,12.0,1,100.0,60000.0,1,100.0,,0,0.0,,0,0.0
2018,10.0,2018-10,Americas,CRI,Costa Rica,Flood,1,1.0,1,100.0,125190.0,1,100.0,,0,0.0,,0,0.0
2018,10.0,2018-10,Americas,CUB,Cuba,Storm,1,,0,0.0,540.0,1,100.0,,0,0.0,,0,0.0
2018,10.0,2018-10,Americas,GTM,Guatemala,Flood,1,,0,0.0,100.0,1,100.0,,0,0.0,,0,0.0
2018,10.0,2018-10,Americas,HND,Honduras,Flood,1,6.0,1,100.0,6948.0,1,100.0,,0,0.0,,0,0.0
2018,10.0,2018-10,Americas,HTI,Haiti,Earthquake,1,17.0,1,100.0,39336.0,1,100.0,,0,0.0,,0,0.0
2018,10.0,2018-10,Americas,MEX,Mexico,Storm,2,20.0,2,100.0,10000.0,1,50.0,543805000.0,2,100.0,697210000.0,2,100.0
2018,10.0,2018-10,Americas,NIC,Nicaragua,Flood,1,4.0,1,100.0,13000.0,1,100.0,,0,0.0,,0,0.0
2018,10.0,2018-10,Americas,SLV,El Salvador,Flood,1,4.0,1,100.0,7099.0,1,100.0,,0,0.0,,0,0.0
2018,10.0,2018-10,Americas,TTO,Trinidad and Tobago,Flood,1,,0,0.0,150000.0,1,100.0,3700000.0,1,100.0,4744000.0,1,100.0
2018,10.0,2018-10,Americas,USA,United States of America,Flood,1,5.0,1,100.0,,0,0.0,400000000.0,1,100.0,512838000.0,1,100.0
2018,10.0,2018-10,Americas,USA,United States of America,Storm,1,49.0,1,100.0,5000.0,1,100.0,16000000000.0,1,100.0,20513540000.0,1,100.0
2018,10.0,2018-10,Asia,IDN,Indonesia,Flood,1,35.0,1,100.0,20000.0,1,100.0,,0,0.0,,0,0.0
2018,10.0,2018-10,Asia,IND,India,Storm,1,85.0,1,100.0,300200.0,1,100.0,920000000.0,1,100.0,1179529000.0,1,100.0
2018,10.0,2018-10,Asia,IRN,Iran (Islamic Republic of),Flood,1,9.0,1,100.0,7135.0,1,100.0,166000000.0,1,100.0,212828000.0,1,100.0
2018,10.0,2018-10,Asia,JOR,Jordan,Flood,1,21.0,1,100.0,35.0,1,100.0,,0,0.0,,0,0.0
2018,10.0,2018-10,Asia,JPN,Japan,Storm,1,3.0,1,100.0,4200.0,1,100.0,,0,0.0,,0,0.0
2018,10.0,2018-10,Asia,LKA,Sri Lanka,Flood,1,12.0,1,100.0,75000.0,1,100.0,,0,0.0,,0,0.0
2018,10.0,2018-10,Asia,OMN,Oman,Storm,1,,0,0.0,,0,0.0,,0,0.0,,0,0.0
2018,10.0,2018-10,Asia,PHL,Philippines,Storm,1,12.0,1,100.0,253300.0,1,100.0,305000000.0,1,100.0,391039000.0,1,100.0
2018,10.0,2018-10,Asia,QAT,Qatar,Flood,1,,0,0.0,1500.0,1,100.0,10000000.0,1,100.0,12821000.0,1,100.0
2018,10.0,2018-10,Asia,YEM,Yemen,Storm,1,25.0,1,100.0,15124.0,1,100.0,,0,0.0,,0,0.0
2018,10.0,2018-10,Europe,CHE,Switzerland,Storm,1,,0,0.0,,0,0.0,,0,0.0,,0,0.0
2018,10.0,2018-10,Europe,ESP,Spain,Flood,1,13.0,1,100.0,200.0,1,100.0,150000000.0,1,100.0,192314000.0,1,100.0
2018,10.0,2018-10,Europe,FRA,France,Flood,1,15.0,1,100.0,1476.0,1,100.0,340000000.0,1,100.0,435913000.0,1,100.0
2018,10.0,2018-10,Europe,FRA,France,Storm,1,,0,0.0,,0,0.0,,0,0.0,,0,0.0
2018,10.0,2018-10,Europe,GBR,United Kingdom of Great Britain and Northern Ireland,Storm,1,2.0,1,100.0,780.0,1,100.0,10000000.0,1,100.0,12821000.0,1,100.0
2018,10.0,2018-10,Europe,ITA,Italy,Storm,1,12.0,1,100.0,2200.0,1,100.0,1100000000.0,1,100.0,1410306000.0,1,100.0
2018,10.0,2018-10,Europe,PRT,Portugal,Storm,1,2.0,1,100.0,88.0,1,100.0,115500000.0,1,100.0,148082000.0,1,100.0
2018,10.0,2018-10,Europe,RUS,Russian Federation,Flood,1,8.0,1,100.0,11303.0,1,100.0,10000000.0,1,100.0,12821000.0,1,100.0
2018,10.0,2018-10,Oceania,MNP,Northern Mariana Islands,Storm,1,2.0,1,100.0,,0,0.0,,0,0.0,,0,0.0
2018,11.0,2018-11,Americas,ARG,Argentina,Flood,1,,0,0.0,1420.0,1,100.0,,0,0.0,,0,0.0
2018,11.0,2018-11,Americas,BRA,Brazil,Mass movement (wet),1,15.0,1,100.0,300.0,1,100.0,,0,0.0,,0,0.0
2018,11.0,2018-11,Americas,PRY,Paraguay,Flood,1,,0,0.0,41300.0,1,100.0,,0,0.0,,0,0.0
2018,11.0,2018-11,Americas,USA,United States of America,Wildfire,1,2.0,1,100.0,3.0,1,100.0,5200000000.0,1,100.0,6666900000.0,1,100.0
2018,11.0,2018-11,Asia,IDN,Indonesia,Flood,1,13.0,1,100.0,3000.0,1,100.0,,0,0.0,,0,0.0
2018,11.0,2018-11,Asia,IND,India,Storm,1,45.0,1,100.0,500000.0,1,100.0,775000000.0,1,100.0,993625000.0,1,100.0
2018,11.0,2018-11,Asia,IRN,Iran (Islamic Republic of),Earthquake,1,,0,0.0,716.0,1,100.0,10000000.0,1,100.0,12821000.0,1,100.0
2018,11.0,2018-11,Asia,IRQ,Iraq,Flood,1,21.0,1,100.0,25000.0,1,100.0,,0,0.0,,0,0.0
2018,11.0,2018-11,Asia,JOR,Jordan,Flood,1,13.0,1,100.0,29.0,1,100.0,,0,0.0,,0,0.0
2018,11.0,2018-11,Asia,KWT,Kuwait,Flood,1,1.0,1,100.0,,0,0.0,,0,0.0,,0,0.0
2018,11.0,2018-11,Asia,MNG,Mongolia,Storm,1,,0,0.0,,0,0.0,,0,0.0,,0,0.0
2018,11.0,2018-11,Asia,VNM,Viet Nam,Storm,1,19.0,1,100.0,10028.0,1,100.0,17200000.0,1,100.0,22052000.0,1,100.0
2018,12.0,2018-12,Americas,USA,United States of America,Storm,1,2.0,1,100.0,,0,0.0,150000000.0,1,100.0,192314000.0,1,100.0
2018,12.0,2018-12,Asia,CHN,China,Storm,1,,0,0.0,1800000.0,1,100.0,119300000.0,1,100.0,152954000.0,1,100.0
2018,12.0,2018-12,Asia,IDN,Indonesia,Flood,1,9.0,1,100.0,5463.0,1,100.0,,0,0.0,,0,0.0
2018,12.0,2018-12,Asia,IDN,Indonesia,Mass movement (wet),1,33.0,1,100.0,,0,0.0,,0,0.0,,0,0.0
2018,12.0,2018-12,Asia,IDN,Indonesia,Volcanic activity,1,453.0,1,100.0,47778.0,1,100.0,250000000.0,1,100.0,320524000.0,1,100.0
2018,12.0,2018-12,Asia,IND,India,Storm,1,8.0,1,100.0,10000.0,1,100.0,100000000.0,1,100.0,128210000.0,1,100.0
2018,12.0,2018-12,Asia,LKA,Sri Lanka,Flood,1,2.0,1,100.0,75000.0,1,100.0,,0,0.0,,0,0.0
2018,12.0,2018-12,Asia,PHL,Philippines,Storm,1,182.0,1,100.0,1016063.0,1,100.0,106753000.0,1,100.0,136868000.0,1,100.0
2018,12.0,2018-12,Asia,VNM,Viet Nam,Flood,1,14.0,1,100.0,105000.0,1,100.0,25000000.0,1,100.0,32052000.0,1,100.0
2018,12.0,2018-12,Europe,HUN,Hungary,Extreme temperature,1,179.0,1,100.0,,0,0.0,,0,0.0,,0,0.0
2018,12.0,2018-12,Europe,ITA,Italy,Volcanic activity,1,,0,0.0,328.0,1,100.0,115000000.0,1,100.0,147441000.0,1,100.0
2018,12.0,2018-12,Oceania,AUS,Australia,Extreme temperature,1,,0,0.0,,0,0.0,,0,0.0,,0,0.0
2018,12.0,2018-12,Oceania,PLW,Palau,Epidemic,1,,0,0.0,124.0,1,100.0,,0,0.0,,0,0.0
2018,12.0,2018-12,Oceania,SLB,Solomon Islands,Storm,1,,0,0.0,1000.0,1,100.0,,0,0.0,,0,0.0
2018,12.0,2018-12,Oceania,VUT,Vanuatu,Volcanic activity,1,,0,0.0,7286.0,1,100.0,,0,0.0,,0,0.0
2019,1.0,2019-01,Africa,BDI,Burundi,Flood,1,10.0,1,100.0,,0,0.0,,0,0.0,,0,0.0
2019,1.0,2019-01,Africa,BEN,Benin,Epidemic,1,13.0,1,100.0,24.0,1,100.0,,0,0.0,,0,0.0
2019,1.0,2019-01,Africa,CAF,Central African Republic,Epidemic,1,53.0,1,100.0,3600.0,1,100.0,,0,0.0,,0,0.0
2019,1.0,2019-01,Africa,COD,Democratic Republic of the Congo,Epidemic,2,4139.0,2,100.0,210837.0,2,100.0,,0,0.0,,0,0.0
2019,1.0,2019-01,Africa,COG,Congo,Epidemic,3,3819.0,2,66.67,208246.0,3,100.0,,0,0.0,,0,0.0
2019,1.0,2019-01,Africa,DZA,Algeria,Extreme temperature,1,8.0,1,100.0,125025.0,1,100.0,,0,0.0,,0,0.0
2019,1.0,2019-01,Africa,KEN,Kenya,Drought,1,,0,0.0,2600000.0,1,100.0,,0,0.0,,0,0.0
2019,1.0,2019-01,Africa,KEN,Kenya,Epidemic,1,26.0,1,100.0,3847.0,1,100.0,,0,0.0,,0,0.0
2019,1.0,2019-01,Africa,MDG,Madagascar,Flood,1,9.0,1,100.0,,0,0.0,,0,0.0,,0,0.0
2019,1.0,2019-01,Africa,MOZ,Mozambique,Flood,1,18.0,1,100.0,,0,0.0,,0,0.0,,0,0.0
2019,1.0,2019-01,Africa,MWI,Malawi,Flood,1,,0,0.0,15974.0,1,100.0,,0,0.0,,0,0.0
2019,1.0,2019-01,Africa,NGA,Nigeria,Epidemic,2,94.0,2,100.0,22169.0,2,100.0,,0,0.0,,0,0.0
2019,1.0,2019-01,Africa,SSD,South Sudan,Epidemic,1,7.0,1,100.0,937.0,1,100.0,,0,0.0,,0,0.0
2019,1.0,2019-01,Africa,ZAF,South Africa,Drought,1,,0,0.0,750000.0,1,100.0,135000000.0,1,100.0,170002000.0,1,100.0
2019,1.0,2019-01,Africa,ZMB,Zambia,Flood,1,4.0,1,100.0,,0,0.0,,0,0.0,,0,0.0
2019,1.0,2019-01,Americas,ARG,Argentina,Flood,1,4.0,1,100.0,31451.0,1,100.0,,0,0.0,,0,0.0
2019,1.0,2019-01,Americas,BOL,Bolivia (Plurinational State of),Flood,1,,0,0.0,14000.0,1,100.0,,0,0.0,,0,0.0
2019,1.0,2019-01,Americas,BRA,Brazil,Flood,1,4.0,1,100.0,10000.0,1,100.0,,0,0.0,,0,0.0
2019,1.0,2019-01,Americas,BRA,Brazil,Wildfire,1,,0,0.0,10002195.0,1,100.0,,0,0.0,,0,0.0
2019,1.0,2019-01,Americas,CHL,Chile,Earthquake,1,2.0,1,100.0,780.0,1,100.0,,0,0.0,,0,0.0
2019,1.0,2019-01,Americas,COL,Colombia,Epidemic,1,169.0,1,100.0,79639.0,1,100.0,,0,0.0,,0,0.0
2019,1.0,2019-01,Americas,CRI,Costa Rica,Epidemic,1,,0,0.0,4852.0,1,100.0,,0,0.0,,0,0.0
2019,1.0,2019-01,Americas,CUB,Cuba,Storm,1,6.0,1,100.0,10111.0,1,100.0,,0,0.0,,0,0.0
2019,1.0,2019-01,Americas,PER,Peru,Mass movement (wet),1,15.0,1,100.0,28.0,1,100.0,,0,0.0,,0,0.0
2019,1.0,2019-01,Americas,PER,Peru,Wildfire,1,,0,0.0,,0,0.0,,0,0.0,,0,0.0
2019,1.0,2019-01,Americas,PRY,Paraguay,Wildfire,1,,0,0.0,4000.0,1,100.0,,0,0.0,,0,0.0
2019,1.0,2019-01,Americas,SLV,El Salvador,Epidemic,1,5.0,1,100.0,16573.0,1,100.0,,0,0.0,,0,0.0
2019,1.0,2019-01,Americas,URY,Uruguay,Flood,1,,0,0.0,5427.0,1,100.0,,0,0.0,,0,0.0
2019,1.0,2019-01,Americas,USA,United States of America,Storm,3,45.0,3,100.0,57.0,1,33.33,100000000.0,1,33.33,125927000.0,1,33.33
2019,1.0,2019-01,Asia,AFG,Afghanistan,Flood,1,30.0,1,100.0,,0,0.0,,0,0.0,,0,0.0
2019,1.0,2019-01,Asia,IDN,Indonesia,Flood,1,2.0,1,100.0,2650.0,1,100.0,,0,0.0,,0,0.0
2019,1.0,2019-01,Asia,IDN,Indonesia,Mass movement (wet),1,84.0,1,100.0,6643.0,1,100.0,,0,0.0,,0,0.0
2019,1.0,2019-01,Asia,IND,India,Epidemic,1,121.0,1,100.0,418.0,1,100.0,,0,0.0,,0,0.0
2019,1.0,2019-01,Asia,LBN,Lebanon,Storm,1,3.0,1,100.0,11009.0,1,100.0,,0,0.0,,0,0.0
2019,1.0,2019-01,Asia,LKA,Sri Lanka,Epidemic,1,28.0,1,100.0,18760.0,1,100.0,,0,0.0,,0,0.0
2019,1.0,2019-01,Asia,MNG,Mongolia,Extreme temperature,1,,0,0.0,2000.0,1,100.0,,0,0.0,,0,0.0
2019,1.0,2019-01,Asia,PAK,Pakistan,Drought,1,77.0,1,100.0,4680912.0,1,100.0,,0,0.0,,0,0.0
2019,1.0,2019-01,Asia,PAK,Pakistan,Epidemic,1,95.0,1,100.0,53834.0,1,100.0,,0,0.0,,0,0.0
2019,1.0,2019-01,Asia,PHL,Philippines,Epidemic,2,825.0,2,100.0,129597.0,2,100.0,,0,0.0,,0,0.0
2019,1.0,2019-01,Asia,PHL,Philippines,Storm,1,,0,0.0,13160.0,1,100.0,,0,0.0,,0,0.0
2019,1.0,2019-01,Asia,PRK,Democratic People's Republic of Korea,Drought,1,,0,0.0,10100000.0,1,100.0,,0,0.0,,0,0.0
2019,1.0,2019-01,Asia,SAU,Saudi Arabia,Flood,1,12.0,1,100.0,271.0,1,100.0,,0,0.0,,0,0.0
2019,1.0,2019-01,Asia,THA,Thailand,Storm,1,7.0,1,100.0,720885.0,1,100.0,,0,0.0,,0,0.0
2019,1.0,2019-01,Asia,YEM,Yemen,Epidemic,2,932.0,2,100.0,521028.0,2,100.0,,0,0.0,,0,0.0
2019,1.0,2019-01,Europe,AUT,Austria,Storm,1,11.0,1,100.0,,0,0.0,,0,0.0,,0,0.0
2019,1.0,2019-01,Europe,CHE,Switzerland,Storm,1,4.0,1,100.0,,0,0.0,,0,0.0,,0,0.0
2019,1.0,2019-01,Europe,DEU,Germany,Storm,1,1.0,1,100.0,,0,0.0,,0,0.0,,0,0.0
2019,1.0,2019-01,Europe,MDA,Republic of Moldova,Extreme temperature,1,,0,0.0,5460.0,1,100.0,,0,0.0,,0,0.0
2019,1.0,2019-01,Oceania,AUS,Australia,Flood,1,3.0,1,100.0,9900.0,1,100.0,2000000000.0,1,100.0,2518550000.0,1,100.0
2019,1.0,2019-01,Oceania,MHL,Marshall Islands,Storm,1,,0,0.0,,0,0.0,,0,0.0,,0,0.0
2019,2.0,2019-02,Africa,AGO,Angola,Flood,1,11.0,1,100.0,4255.0,1,100.0,,0,0.0,,0,0.0
2019,2.0,2019-02,Africa,SOM,Somalia,Drought,1,,0,0.0,1500000.0,1,100.0,,0,0.0,,0,0.0
2019,2.0,2019-02,Africa,ZWE,Zimbabwe,Flood,1,26.0,1,100.0,300.0,1,100.0,,0,0.0,,0,0.0
2019,2.0,2019-02,Americas,BOL,Bolivia (Plurinational State of),Flood,1,60.0,1,100.0,335540.0,1,100.0,,0,0.0,,0,0.0
2019,2.0,2019-02,Americas,BOL,Bolivia (Plurinational State of),Mass movement (wet),1,23.0,1,100.0,,0,0.0,,0,0.0,,0,0.0
2019,2.0,2019-02,Americas,CHL,Chile,Flood,1,6.0,1,100.0,600.0,1,100.0,,0,0.0,,0,0.0
2019,2.0,2019-02,Americas,COL,Colombia,Flood,1,,0,0.0,9000.0,1,100.0,,0,0.0,,0,0.0
2019,2.0,2019-02,Americas,ECU,Ecuador,Earthquake,1,,0,0.0,249.0,1,100.0,,0,0.0,,0,0.0
2019,2.0,2019-02,Americas,ECU,Ecuador,Flood,1,14.0,1,100.0,3000.0,1,100.0,,0,0.0,,0,0.0
2019,2.0,2019-02,Americas,PER,Peru,Flood,2,61.0,2,100.0,8379.0,1,50.0,,0,0.0,,0,0.0
2019,2.0,2019-02,Americas,USA,United States of America,Flood,2,2.0,2,100.0,14000.0,2,100.0,,0,0.0,,0,0.0
2019,2.0,2019-02,Americas,USA,United States of America,Storm,1,2.0,1,100.0,12.0,1,100.0,1200000000.0,1,100.0,1511130000.0,1,100.0
2019,2.0,2019-02,Asia,CHN,China,Earthquake,1,2.0,1,100.0,32772.0,1,100.0,2000000.0,1,100.0,2519000.0,1,100.0
2019,2.0,2019-02,Asia,IDN,Indonesia,Earthquake,1,,0,0.0,1763.0,1,100.0,,0,0.0,,0,0.0
2019,2.0,2019-02,Asia,IDN,Indonesia,Wildfire,1,,0,0.0,,0,0.0,,0,0.0,,0,0.0
2019,2.0,2019-02,Asia,PAK,Pakistan,Flood,1,25.0,1,100.0,22.0,1,100.0,,0,0.0,,0,0.0
2019,2.0,2019-02,Oceania,FSM,Micronesia (Federated States of),Storm,1,,0,0.0,10000.0,1,100.0,,0,0.0,,0,0.0
2019,2.0,2019-02,Oceania,PNG,Papua New Guinea,Flood,1,2.0,1,100.0,350.0,1,100.0,,0,0.0,,0,0.0
2019,3.0,2019-03,Africa,AGO,Angola,Flood,2,60.0,2,100.0,12265.0,2,100.0,,0,0.0,,0,0.0
2019,3.0,2019-03,Africa,MDG,Madagascar,Storm,1,3.0,1,100.0,1100.0,1,100.0,,0,0.0,,0,0.0
2019,3.0,2019-03,Africa,MOZ,Mozambique,Epidemic,1,,0,0.0,3577.0,1,100.0,,0,0.0,,0,0.0
2019,3.0,2019-03,Africa,MOZ,Mozambique,Flood,1,10.0,1,100.0,63000.0,1,100.0,,0,0.0,,0,0.0
2019,3.0,2019-03,Africa,MOZ,Mozambique,Storm,1,603.0,1,100.0,1501500.0,1,100.0,2000000000.0,1,100.0,2518550000.0,1,100.0
2019,3.0,2019-03,Africa,MWI,Malawi,Flood,1,60.0,1,100.0,975672.0,1,100.0,,0,0.0,,0,0.0
2019,3.0,2019-03,Africa,ZAF,South Africa,Flood,1,10.0,1,100.0,,0,0.0,,0,0.0,,0,0.0
2019,3.0,2019-03,Africa,ZWE,Zimbabwe,Storm,1,628.0,1,100.0,270186.0,1,100.0,,0,0.0,,0,0.0
2019,3.0,2019-03,Americas,BRA,Brazil,Flood,1,12.0,1,100.0,1306.0,1,100.0,,0,0.0,,0,0.0
2019,3.0,2019-03,Americas,CRI,Costa Rica,Drought,1,,0,0.0,,0,0.0,,0,0.0,,0,0.0
2019,3.0,2019-03,Americas,PRY,Paraguay,Flood,1,1.0,1,100.0,2000.0,1,100.0,,0,0.0,,0,0.0
2019,3.0,2019-03,Americas,USA,United States of America,Flood,1,5.0,1,100.0,2000.0,1,100.0,10000000000.0,1,100.0,12592748000.0,1,100.0
2019,3.0,2019-03,Americas,USA,United States of America,Storm,1,28.0,1,100.0,90.0,1,100.0,190000000.0,1,100.0,239262000.0,1,100.0
2019,3.0,2019-03,Asia,AFG,Afghanistan,Flood,3,114.0,3,100.0,130381.0,2,66.67,,0,0.0,,0,0.0
2019,3.0,2019-03,Asia,BGD,Bangladesh,Storm,1,15.0,1,100.0,,0,0.0,,0,0.0,,0,0.0
2019,3.0,2019-03,Asia,IDN,Indonesia,Earthquake,1,6.0,1,100.0,22462.0,1,100.0,,0,0.0,,0,0.0
2019,3.0,2019-03,Asia,IDN,Indonesia,Flood,2,215.0,2,100.0,227937.0,2,100.0,103000000.0,1,50.0,129705000.0,1,50.0
2019,3.0,2019-03,Asia,IDN,Indonesia,Mass movement (wet),1,5.0,1,100.0,860.0,1,100.0,,0,0.0,,0,0.0
2019,3.0,2019-03,Asia,IRN,Iran (Islamic Republic of),Flood,2,75.0,2,100.0,10001096.0,2,100.0,2580000000.0,2,100.0,3248929000.0,2,100.0
2019,3.0,2019-03,Asia,IRQ,Iraq,Flood,1,10.0,1,100.0,5865.0,1,100.0,,0,0.0,,0,0.0
2019,3.0,2019-03,Asia,NPL,Nepal,Storm,1,28.0,1,100.0,14854.0,1,100.0,,0,0.0,,0,0.0
2019,3.0,2019-03,Asia,PHL,Philippines,Drought,1,,0,0.0,16000.0,1,100.0,25600000.0,1,100.0,32237000.0,1,100.0
2019,3.0,2019-03,Asia,SYR,Syrian Arab Republic,Flood,1,2.0,1,100.0,235000.0,1,100.0,,0,0.0,,0,0.0
2019,3.0,2019-03,Oceania,AUS,Australia,Wildfire,1,,0,0.0,627.0,1,100.0,,0,0.0,,0,0.0
2019,4.0,2019-04,Africa,COD,Democratic Republic of the Congo,Mass movement (wet),1,13.0,1,100.0,450.0,1,100.0,,0,0.0,,0,0.0
2019,4.0,2019-04,Africa,COM,Comoros,Storm,1,8.0,1,100.0,345311.0,1,100.0,,0,0.0,,0,0.0
2019,4.0,2019-04,Africa,ETH,Ethiopia,Epidemic,1,15.0,1,100.0,871.0,1,100.0,,0,0.0,,0,0.0
2019,4.0,2019-04,Africa,MOZ,Mozambique,Storm,1,45.0,1,100.0,400094.0,1,100.0,230000000.0,1,100.0,289633000.0,1,100.0
2019,4.0,2019-04,Africa,MWI,Malawi,Mass movement (wet),1,8.0,1,100.0,109.0,1,100.0,,0,0.0,,0,0.0
2019,4.0,2019-04,Africa,TZA,United Republic of Tanzania,Epidemic,1,3.0,1,100.0,216.0,1,100.0,,0,0.0,,0,0.0
2019,4.0,2019-04,Africa,TZA,United Republic of Tanzania,Storm,1,,0,0.0,2000000.0,1,100.0,,0,0.0,,0,0.0
2019,4.0,2019-04,Africa,UGA,Uganda,Flood,1,15.0,1,100.0,100.0,1,100.0,,0,0.0,,0,0.0
2019,4.0,2019-04,Africa,ZAF,South Africa,Flood,1,73.0,1,100.0,1000.0,1,100.0,50000000.0,1,100.0,62964000.0,1,100.0
2019,4.0,2019-04,Americas,ARG,Argentina,Flood,1,2.0,1,100.0,1800.0,1,100.0,,0,0.0,,0,0.0
2019,4.0,2019-04,Americas,BRA,Brazil,Flood,1,10.0,1,100.0,4500.0,1,100.0,,0,0.0,,0,0.0
2019,4.0,2019-04,Americas,CAN,Canada,Flood,1,1.0,1,100.0,19500.0,1,100.0,800000000.0,1,100.0,1007420000.0,1,100.0
2019,4.0,2019-04,Americas,COL,Colombia,Flood,1,14.0,1,100.0,1647.0,1,100.0,,0,0.0,,0,0.0
2019,4.0,2019-04,Americas,COL,Colombia,Mass movement (wet),1,32.0,1,100.0,,0,0.0,,0,0.0,,0,0.0
2019,4.0,2019-04,Americas,HND,Honduras,Epidemic,1,128.0,1,100.0,71216.0,1,100.0,,0,0.0,,0,0.0
2019,4.0,2019-04,Americas,NIC,Nicaragua,Epidemic,1,15.0,1,100.0,94513.0,1,100.0,,0,0.0,,0,0.0
2019,4.0,2019-04,Americas,PRY,Paraguay,Flood,1,16.0,1,100.0,310595.0,1,100.0,,0,0.0,,0,0.0
2019,4.0,2019-04,Americas,USA,United States of America,Storm,2,13.0,2,100.0,177.0,1,50.0,1300000000.0,1,50.0,1637057000.0,1,50.0
2019,4.0,2019-04,Asia,CHN,China,Flood,1,11.0,1,100.0,,0,0.0,,0,0.0,,0,0.0
2019,4.0,2019-04,Asia,CHN,China,Wildfire,1,30.0,1,100.0,,0,0.0,,0,0.0,,0,0.0
2019,4.0,2019-04,Asia,IDN,Indonesia,Flood,2,20.0,2,100.0,15260.0,2,100.0,15000000.0,1,50.0,18889000.0,1,50.0
2019,4.0,2019-04,Asia,IND,India,Storm,1,50.0,1,100.0,,0,0.0,,0,0.0,,0,0.0
2019,4.0,2019-04,Asia,KOR,Republic of Korea,Wildfire,1,1.0,1,100.0,3035.0,1,100.0,,0,0.0,,0,0.0
2019,4.0,2019-04,Asia,PAK,Pakistan,Flood,1,20.0,1,100.0,,0,0.0,,0,0.0,,0,0.0
2019,4.0,2019-04,Asia,PAK,Pakistan,Storm,1,39.0,1,100.0,135.0,1,100.0,,0,0.0,,0,0.0
2019,4.0,2019-04,Asia,PHL,Philippines,Earthquake,1,25.0,1,100.0,15555.0,1,100.0,50000000.0,1,100.0,62964000.0,1,100.0
2019,4.0,2019-04,Europe,ESP,Spain,Storm,1,,0,0.0,320.0,1,100.0,,0,0.0,,0,0.0
2019,4.0,2019-04,Oceania,PNG,Papua New Guinea,Mass movement (wet),1,10.0,1,100.0,,0,0.0,,0,0.0,,0,0.0
2019,5.0,2019-05,Africa,LBY,Libya,Flood,1,4.0,1,100.0,20030.0,1,100.0,7100000.0,1,100.0,8941000.0,1,100.0
2019,5.0,2019-05,Africa,MLI,Mali,Flood,1,15.0,1,100.0,507.0,1,100.0,,0,0.0,,0,0.0
2019,5.0,2019-05,Africa,SSD,South Sudan,Wildfire,1,50.0,1,100.0,12.0,1,100.0,,0,0.0,,0,0.0
2019,5.0,2019-05,Africa,TZA,United Republic of Tanzania,Flood,1,5.0,1,100.0,5000.0,1,100.0,,0,0.0,,0,0.0
2019,5.0,2019-05,Africa,UGA,Uganda,Flood,1,8.0,1,100.0,2500.0,1,100.0,,0,0.0,,0,0.0
2019,5.0,2019-05,Africa,ZAF,South Africa,Flood,1,13.0,1,100.0,,0,0.0,,0,0.0,,0,0.0
2019,5.0,2019-05,Americas,ARG,Argentina,Flood,1,,0,0.0,2100.0,1,100.0,,0,0.0,,0,0.0
2019,5.0,2019-05,Americas,ECU,Ecuador,Earthquake,1,,0,0.0,15.0,1,100.0,,0,0.0,,0,0.0
2019,5.0,2019-05,Americas,PER,Peru,Earthquake,1,2.0,1,100.0,4272.0,1,100.0,,0,0.0,,0,0.0
2019,5.0,2019-05,Americas,PRY,Paraguay,Flood,1,23.0,1,100.0,208602.0,1,100.0,,0,0.0,,0,0.0
2019,5.0,2019-05,Americas,SLV,El Salvador,Earthquake,1,1.0,1,100.0,160.0,1,100.0,,0,0.0,,0,0.0
2019,5.0,2019-05,Americas,USA,United States of America,Storm,1,3.0,1,100.0,150.0,1,100.0,,0,0.0,,0,0.0
2019,5.0,2019-05,Asia,AFG,Afghanistan,Flood,1,24.0,1,100.0,561.0,1,100.0,,0,0.0,,0,0.0
2019,5.0,2019-05,Asia,BGD,Bangladesh,Storm,1,39.0,1,100.0,10045.0,1,100.0,,0,0.0,,0,0.0
2019,5.0,2019-05,Asia,GEO,Georgia,Flood,1,,0,0.0,5088.0,1,100.0,,0,0.0,,0,0.0
2019,5.0,2019-05,Asia,IND,India,Storm,1,50.0,1,100.0,20000000.0,1,100.0,1810000000.0,1,100.0,2279287000.0,1,100.0
2019,5.0,2019-05,Asia,MDV,Maldives,Flood,1,,0,0.0,1800.0,1,100.0,,0,0.0,,0,0.0
2019,5.0,2019-05,Asia,MNG,Mongolia,Storm,1,,0,0.0,500.0,1,100.0,,0,0.0,,0,0.0
2019,5.0,2019-05,Asia,OMN,Oman,Flood,1,6.0,1,100.0,,0,0.0,,0,0.0,,0,0.0
2019,5.0,2019-05,Asia,SAU,Saudi Arabia,Flood,1,1.0,1,100.0,36.0,1,100.0,,0,0.0,,0,0.0
2019,5.0,2019-05,Asia,VNM,Viet Nam,Flood,1,3.0,1,100.0,265.0,1,100.0,,0,0.0,,0,0.0
2019,5.0,2019-05,Asia,YEM,Yemen,Flood,1,6.0,1,100.0,,0,0.0,,0,0.0,,0,0.0
2019,5.0,2019-05,Europe,BIH,Bosnia and Herzegovina,Flood,1,1.0,1,100.0,600.0,1,100.0,,0,0.0,,0,0.0
2019,5.0,2019-05,Europe,HRV,Croatia,Flood,1,1.0,1,100.0,65.0,1,100.0,,0,0.0,,0,0.0
2019,5.0,2019-05,Europe,ITA,Italy,Flood,1,,0,0.0,1200.0,1,100.0,,0,0.0,,0,0.0
2019,5.0,2019-05,Europe,ROU,Romania,Flood,1,4.0,1,100.0,362.0,1,100.0,,0,0.0,,0,0.0
2019,5.0,2019-05,Oceania,PNG,Papua New Guinea,Earthquake,1,,0,0.0,651.0,1,100.0,,0,0.0,,0,0.0
2019,6.0,2019-06,Africa,GHA,Ghana,Flood,1,13.0,1,100.0,,0,0.0,,0,0.0,,0,0.0
2019,6.0,2019-06,Africa,GMB,Gambia,Storm,1,4.0,1,100.0,15101.0,1,100.0,,0,0.0,,0,0.0
2019,6.0,2019-06,Africa,SDN,Sudan,Flood,1,,0,0.0,6198.0,1,100.0,,0,0.0,,0,0.0
2019,6.0,2019-06,Africa,SSD,South Sudan,Flood,1,3.0,1,100.0,234800.0,1,100.0,,0,0.0,,0,0.0
2019,6.0,2019-06,Africa,UGA,Uganda,Mass movement (wet),1,61.0,1,100.0,129953.0,1,100.0,,0,0.0,,0,0.0
2019,6.0,2019-06,Americas,BRA,Brazil,Flood,1,7.0,1,100.0,30000.0,1,100.0,,0,0.0,,0,0.0
2019,6.0,2019-06,Americas,ECU,Ecuador,Mass movement (wet),1,2.0,1,100.0,145.0,1,100.0,,0,0.0,,0,0.0
2019,6.0,2019-06,Americas,GTM,Guatemala,Epidemic,1,17.0,1,100.0,6264.0,1,100.0,,0,0.0,,0,0.0
2019,6.0,2019-06,Americas,HTI,Haiti,Flood,1,8.0,1,100.0,3108.0,1,100.0,,0,0.0,,0,0.0
2019,6.0,2019-06,Americas,MEX,Mexico,Flood,2,9.0,2,100.0,3142.0,2,100.0,,0,0.0,,0,0.0
2019,6.0,2019-06,Americas,URY,Uruguay,Flood,1,,0,0.0,7406.0,1,100.0,,0,0.0,,0,0.0
2019,6.0,2019-06,Americas,USA,United States of America,Flood,1,3.0,1,100.0,600.0,1,100.0,,0,0.0,,0,0.0
2019,6.0,2019-06,Asia,AFG,Afghanistan,Flood,1,3.0,1,100.0,,0,0.0,,0,0.0,,0,0.0
2019,6.0,2019-06,Asia,ARM,Armenia,Storm,1,,0,0.0,11700.0,1,100.0,,0,0.0,,0,0.0
2019,6.0,2019-06,Asia,BGD,Bangladesh,Flood,1,114.0,1,100.0,7600000.0,1,100.0,75000000.0,1,100.0,94446000.0,1,100.0
2019,6.0,2019-06,Asia,CHN,China,Earthquake,1,13.0,1,100.0,244220.0,1,100.0,1300000000.0,1,100.0,1637057000.0,1,100.0
2019,6.0,2019-06,Asia,CHN,China,Flood,1,300.0,1,100.0,4500000.0,1,100.0,6200000000.0,1,100.0,7807504000.0,1,100.0
2019,6.0,2019-06,Asia,IDN,Indonesia,Flood,2,3.0,2,100.0,107495.0,2,100.0,,0,0.0,,0,0.0
2019,6.0,2019-06,Asia,IND,India,Extreme temperature,2,112.0,2,100.0,450.0,1,50.0,,0,0.0,,0,0.0
2019,6.0,2019-06,Asia,IND,India,Flood,1,52.0,1,100.0,60.0,1,100.0,,0,0.0,,0,0.0
2019,6.0,2019-06,Asia,IND,India,Storm,2,60.0,2,100.0,,0,0.0,,0,0.0,,0,0.0
2019,6.0,2019-06,Asia,JPN,Japan,Earthquake,1,,0,0.0,460.0,1,100.0,,0,0.0,,0,0.0
2019,6.0,2019-06,Asia,JPN,Japan,Flood,1,2.0,1,100.0,600.0,1,100.0,,0,0.0,,0,0.0
2019,6.0,2019-06,Asia,MNG,Mongolia,Flood,1,12.0,1,100.0,500.0,1,100.0,,0,0.0,,0,0.0
2019,6.0,2019-06,Asia,MYS,Malaysia,Flood,1,,0,0.0,1000.0,1,100.0,,0,0.0,,0,0.0
2019,6.0,2019-06,Asia,PHL,Philippines,Flood,1,,0,0.0,45000.0,1,100.0,,0,0.0,,0,0.0
2019,6.0,2019-06,Asia,TJK,Tajikistan,Flood,1,4.0,1,100.0,6750.0,1,100.0,,0,0.0,,0,0.0
2019,6.0,2019-06,Asia,TUR,Türkiye,Flood,1,10.0,1,100.0,70.0,1,100.0,,0,0.0,,0,0.0
2019,6.0,2019-06,Asia,YEM,Yemen,Flood,1,8.0,1,100.0,80000.0,1,100.0,,0,0.0,,0,0.0
2019,6.0,2019-06,Europe,ALB,Albania,Earthquake,1,,0,0.0,304.0,1,100.0,,0,0.0,,0,0.0
2019,6.0,2019-06,Europe,BEL,Belgium,Extreme temperature,1,128.0,1,100.0,,0,0.0,,0,0.0,,0,0.0
2019,6.0,2019-06,Europe,BIH,Bosnia and Herzegovina,Flood,1,,0,0.0,159.0,1,100.0,,0,0.0,,0,0.0
2019,6.0,2019-06,Europe,CHE,Switzerland,Storm,1,1.0,1,100.0,,0,0.0,,0,0.0,,0,0.0
2019,6.0,2019-06,Europe,DEU,Germany,Extreme temperature,1,4.0,1,100.0,,0,0.0,,0,0.0,,0,0.0
2019,6.0,2019-06,Europe,ESP,Spain,Extreme temperature,1,2.0,1,100.0,,0,0.0,,0,0.0,,0,0.0
2019,6.0,2019-06,Europe,FRA,France,Extreme temperature,1,567.0,1,100.0,,0,0.0,,0,0.0,,0,0.0
2019,6.0,2019-06,Europe,FRA,France,Storm,1,1.0,1,100.0,70.0,1,100.0,,0,0.0,,0,0.0
2019,6.0,2019-06,Europe,GBR,United Kingdom of Great Britain and Northern Ireland,Extreme temperature,1,5.0,1,100.0,,0,0.0,,0,0.0,,0,0.0
2019,6.0,2019-06,Europe,HUN,Hungary,Storm,1,,0,0.0,150000.0,1,100.0,,0,0.0,,0,0.0
2019,6.0,2019-06,Europe,ITA,Italy,Extreme temperature,1,3.0,1,100.0,,0,0.0,,0,0.0,,0,0.0
2019,6.0,2019-06,Europe,RUS,Russian Federation,Flood,1,31.0,1,100.0,33190.0,1,100.0,460000000.0,1,100.0,579266000.0,1,100.0
2019,6.0,2019-06,Europe,SRB,Serbia,Flood,1,,0,0.0,11650.0,1,100.0,,0,0.0,,0,0.0
2019,6.0,2019-06,Oceania,PNG,Papua New Guinea,Volcanic activity,1,,0,0.0,15800.0,1,100.0,,0,0.0,,0,0.0
2019,7.0,2019-07,Africa,MAR,Morocco,Mass movement (wet),1,15.0,1,100.0,,0,0.0,,0,0.0,,0,0.0
2019,7.0,2019-07,Africa,SDN,Sudan,Flood,1,78.0,1,100.0,346300.0,1,100.0,,0,0.0,,0,0.0
2019,7.0,2019-07,Americas,BOL,Bolivia (Plurinational State of),Volcanic activity,1,,0,0.0,3000.0,1,100.0,,0,0.0,,0,0.0
2019,7.0,2019-07,Americas,BRA,Brazil,Flood,1,12.0,1,100.0,,0,0.0,,0,0.0,,0,0.0
2019,7.0,2019-07,Americas,PER,Peru,Volcanic activity,1,,0,0.0,30000.0,1,100.0,,0,0.0,,0,0.0
2019,7.0,2019-07,Americas,USA,United States of America,Earthquake,1,,0,0.0,150.0,1,100.0,200000000.0,1,100.0,251855000.0,1,100.0
2019,7.0,2019-07,Americas,USA,United States of America,Storm,1,1.0,1,100.0,,0,0.0,600000000.0,1,100.0,755565000.0,1,100.0
2019,7.0,2019-07,Asia,BGD,Bangladesh,Mass movement (wet),1,2.0,1,100.0,18016.0,1,100.0,,0,0.0,,0,0.0
2019,7.0,2019-07,Asia,CHN,China,Flood,2,17.0,1,50.0,371400.0,2,100.0,315000000.0,1,50.0,396672000.0,1,50.0
2019,7.0,2019-07,Asia,CHN,China,Mass movement (wet),1,51.0,1,100.0,40.0,1,100.0,,0,0.0,,0,0.0
2019,7.0,2019-07,Asia,CHN,China,Storm,1,6.0,1,100.0,45120.0,1,100.0,145000000.0,1,100.0,182595000.0,1,100.0
2019,7.0,2019-07,Asia,IDN,Indonesia,Earthquake,1,8.0,1,100.0,11804.0,1,100.0,,0,0.0,,0,0.0
2019,7.0,2019-07,Asia,IND,India,Flood,1,1900.0,1,100.0,3000000.0,1,100.0,10000000000.0,1,100.0,12592748000.0,1,100.0
2019,7.0,2019-07,Asia,IRN,Iran (Islamic Republic of),Earthquake,1,1.0,1,100.0,2100.0,1,100.0,,0,0.0,,0,0.0
2019,7.0,2019-07,Asia,JPN,Japan,Extreme temperature,2,173.0,2,100.0,23947.0,2,100.0,,0,0.0,,0,0.0
2019,7.0,2019-07,Asia,LAO,Lao People's Democratic Republic,Drought,1,,0,0.0,,0,0.0,,0,0.0,,0,0.0
2019,7.0,2019-07,Asia,MMR,Myanmar,Flood,1,,0,0.0,6200.0,1,100.0,,0,0.0,,0,0.0
2019,7.0,2019-07,Asia,MMR,Myanmar,Mass movement (wet),1,13.0,1,100.0,,0,0.0,,0,0.0,,0,0.0
2019,7.0,2019-07,Asia,NPL,Nepal,Flood,1,119.0,1,100.0,82541.0,1,100.0,204000000.0,1,100.0,256892000.0,1,100.0
2019,7.0,2019-07,Asia,PAK,Pakistan,Flood,3,108.0,3,100.0,871.0,1,33.33,,0,0.0,,0,0.0
2019,7.0,2019-07,Asia,PHL,Philippines,Earthquake,2,9.0,1,50.0,12604.0,2,100.0,5258000.0,1,50.0,6621000.0,1,50.0
2019,7.0,2019-07,Asia,PHL,Philippines,Storm,1,4.0,1,100.0,2000.0,1,100.0,377440000.0,1,100.0,475301000.0,1,100.0
2019,7.0,2019-07,Asia,THA,Thailand,Drought,1,,0,0.0,,0,0.0,,0,0.0,,0,0.0
2019,7.0,2019-07,Asia,TUR,Türkiye,Flood,1,7.0,1,100.0,220.0,1,100.0,,0,0.0,,0,0.0
2019,7.0,2019-07,Asia,VNM,Viet Nam,Drought,1,,0,0.0,685558.0,1,100.0,,0,0.0,,0,0.0
2019,7.0,2019-07,Asia,YEM,Yemen,Flood,1,12.0,1,100.0,500.0,1,100.0,,0,0.0,,0,0.0
2019,7.0,2019-07,Europe,AUT,Austria,Extreme temperature,1,1.0,1,100.0,,0,0.0,,0,0.0,,0,0.0
2019,7.0,2019-07,Europe,BEL,Belgium,Extreme temperature,1,400.0,1,100.0,,0,0.0,,0,0.0,,0,0.0
2019,7.0,2019-07,Europe,DEU,Germany,Extreme temperature,1,,0,0.0,,0,0.0,,0,0.0,,0,0.0
2019,7.0,2019-07,Europe,FRA,France,Extreme temperature,1,868.0,1,100.0,,0,0.0,,0,0.0,,0,0.0
2019,7.0,2019-07,Europe,GBR,United Kingdom of Great Britain and Northern Ireland,Extreme temperature,1,161.0,1,100.0,,0,0.0,,0,0.0,,0,0.0
2019,7.0,2019-07,Europe,GRC,Greece,Storm,1,7.0,1,100.0,123.0,1,100.0,,0,0.0,,0,0.0
2019,7.0,2019-07,Europe,NLD,Netherlands (Kingdom of the),Extreme temperature,1,400.0,1,100.0,,0,0.0,,0,0.0,,0,0.0
2019,7.0,2019-07,Europe,NOR,Norway,Mass movement (wet),1,1.0,1,100.0,150.0,1,100.0,,0,0.0,,0,0.0
2019,7.0,2019-07,Europe,RUS,Russian Federation,Flood,1,,0,0.0,7000.0,1,100.0,8000000.0,1,100.0,10074000.0,1,100.0
2019,7.0,2019-07,Europe,RUS,Russian Federation,Wildfire,1,,0,0.0,,0,0.0,106000000.0,1,100.0,133483000.0,1,100.0
2019,8.0,2019-08,Africa,MAR,Morocco,Flood,1,7.0,1,100.0,200.0,1,100.0,,0,0.0,,0,0.0
2019,8.0,2019-08,Africa,MLI,Mali,Flood,1,,0,0.0,6474.0,1,100.0,,0,0.0,,0,0.0
2019,8.0,2019-08,Africa,MRT,Mauritania,Flood,1,3.0,1,100.0,33600.0,1,100.0,,0,0.0,,0,0.0
2019,8.0,2019-08,Africa,NGA,Nigeria,Epidemic,1,4.0,1,100.0,665.0,1,100.0,,0,0.0,,0,0.0
2019,8.0,2019-08,Africa,NGA,Nigeria,Flood,1,12.0,1,100.0,52500.0,1,100.0,,0,0.0,,0,0.0
2019,8.0,2019-08,Africa,SDN,Sudan,Epidemic,1,24.0,1,100.0,510.0,1,100.0,,0,0.0,,0,0.0
2019,8.0,2019-08,Africa,SLE,Sierra Leone,Flood,2,7.0,1,50.0,10381.0,2,100.0,,0,0.0,,0,0.0
2019,8.0,2019-08,Africa,UGA,Uganda,Mass movement (wet),1,20.0,1,100.0,,0,0.0,,0,0.0,,0,0.0
2019,8.0,2019-08,Americas,BOL,Bolivia (Plurinational State of),Wildfire,1,,0,0.0,36000.0,1,100.0,,0,0.0,,0,0.0
2019,8.0,2019-08,Americas,GTM,Guatemala,Storm,1,2.0,1,100.0,63453.0,1,100.0,,0,0.0,,0,0.0
2019,8.0,2019-08,Americas,USA,United States of America,Storm,1,10.0,1,100.0,,0,0.0,1600000000.0,1,100.0,2014840000.0,1,100.0
2019,8.0,2019-08,Asia,CHN,China,Flood,1,13.0,1,100.0,15861.0,1,100.0,,0,0.0,,0,0.0
2019,8.0,2019-08,Asia,CHN,China,Mass movement (wet),1,38.0,1,100.0,6606.0,1,100.0,200000000.0,1,100.0,251855000.0,1,100.0
2019,8.0,2019-08,Asia,CHN,China,Storm,1,72.0,1,100.0,108000.0,1,100.0,10000000000.0,1,100.0,12592748000.0,1,100.0
2019,8.0,2019-08,Asia,IDN,Indonesia,Earthquake,1,6.0,1,100.0,2104.0,1,100.0,,0,0.0,,0,0.0
2019,8.0,2019-08,Asia,IND,India,Flood,1,32.0,1,100.0,17500.0,1,100.0,,0,0.0,,0,0.0
2019,8.0,2019-08,Asia,JPN,Japan,Flood,1,1.0,1,100.0,302.0,1,100.0,100000000.0,1,100.0,125927000.0,1,100.0
2019,8.0,2019-08,Asia,LAO,Lao People's Democratic Republic,Flood,1,19.0,1,100.0,507500.0,1,100.0,,0,0.0,,0,0.0
2019,8.0,2019-08,Asia,LKA,Sri Lanka,Drought,1,,0,0.0,222091.0,1,100.0,,0,0.0,,0,0.0
2019,8.0,2019-08,Asia,MMR,Myanmar,Flood,1,115.0,1,100.0,1875.0,1,100.0,,0,0.0,,0,0.0
2019,8.0,2019-08,Asia,PAK,Pakistan,Flood,2,42.0,2,100.0,4.0,1,50.0,,0,0.0,,0,0.0
2019,8.0,2019-08,Asia,PHL,Philippines,Storm,1,2.0,1,100.0,61502.0,1,100.0,,0,0.0,,0,0.0
2019,8.0,2019-08,Asia,TUR,Türkiye,Flood,1,1.0,1,100.0,15000.0,1,100.0,,0,0.0,,0,0.0
2019,8.0,2019-08,Asia,TWN,Taiwan (Province of China),Storm,1,2.0,1,100.0,,0,0.0,,0,0.0,,0,0.0
2019,8.0,2019-08,Asia,VNM,Viet Nam,Flood,2,31.0,2,100.0,63040.0,2,100.0,45000000.0,1,50.0,56667000.0,1,50.0
2019,8.0,2019-08,Europe,BEL,Belgium,Extreme temperature,1,188.0,1,100.0,,0,0.0,,0,0.0,,0,0.0
2019,8.0,2019-08,Europe,FRA,France,Storm,1,,0,0.0,90.0,1,100.0,,0,0.0,,0,0.0
2019,8.0,2019-08,Europe,LUX,Luxembourg,Storm,1,,0,0.0,1519.0,1,100.0,,0,0.0,,0,0.0
2019,8.0,2019-08,Europe,POL,Poland,Storm,1,4.0,1,100.0,157.0,1,100.0,,0,0.0,,0,0.0
2019,8.0,2019-08,Europe,RUS,Russian Federation,Flood,1,,0,0.0,10000.0,1,100.0,18000000.0,1,100.0,22667000.0,1,100.0
2019,8.0,2019-08,Europe,SVK,Slovakia,Storm,1,1.0,1,100.0,,0,0.0,,0,0.0,,0,0.0
2019,8.0,2019-08,Oceania,WSM,Samoa,Epidemic,1,83.0,1,100.0,5617.0,1,100.0,,0,0.0,,0,0.0
2019,9.0,2019-09,Africa,CAF,Central African Republic,Flood,1,,0,0.0,44918.0,1,100.0,,0,0.0,,0,0.0
2019,9.0,2019-09,Africa,MAR,Morocco,Flood,1,17.0,1,100.0,29.0,1,100.0,,0,0.0,,0,0.0
2019,9.0,2019-09,Africa,NER,Niger,Flood,1,52.0,1,100.0,200000.0,1,100.0,,0,0.0,,0,0.0
2019,9.0,2019-09,Africa,NGA,Nigeria,Flood,1,12.0,1,100.0,18640.0,1,100.0,,0,0.0,,0,0.0
2019,9.0,2019-09,Africa,SEN,Senegal,Flood,1,6.0,1,100.0,8968.0,1,100.0,,0,0.0,,0,0.0
2019,9.0,2019-09,Africa,TCD,Chad,Flood,1,,0,0.0,423.0,1,100.0,,0,0.0,,0,0.0
2019,9.0,2019-09,Africa,TCD,Chad,Mass movement (wet),1,52.0,1,100.0,37.0,1,100.0,,0,0.0,,0,0.0
2019,9.0,2019-09,Americas,BHS,Bahamas,Storm,1,356.0,1,100.0,14940.0,1,100.0,3400000000.0,1,100.0,4281534000.0,1,100.0
2019,9.0,2019-09,Americas,DOM,Dominican Republic,Epidemic,1,34.0,1,100.0,16907.0,1,100.0,,0,0.0,,0,0.0
2019,9.0,2019-09,Americas,HTI,Haiti,Flood,1,6.0,1,100.0,1325.0,1,100.0,,0,0.0,,0,0.0
2019,9.0,2019-09,Americas,MEX,Mexico,Storm,3,4.0,3,100.0,1200.0,2,66.67,383000000.0,1,33.33,482302000.0,1,33.33
2019,9.0,2019-09,Americas,USA,United States of America,Storm,1,5.0,1,100.0,1000.0,1,100.0,3500000000.0,1,100.0,4407462000.0,1,100.0
2019,9.0,2019-09,Asia,CHN,China,Earthquake,1,1.0,1,100.0,15582.0,1,100.0,,0,0.0,,0,0.0
2019,9.0,2019-09,Asia,CHN,China,Storm,1,,0,0.0,,0,0.0,131000000.0,1,100.0,164965000.0,1,100.0
2019,9.0,2019-09,Asia,IDN,Indonesia,Earthquake,1,31.0,1,100.0,247418.0,1,100.0,,0,0.0,,0,0.0
2019,9.0,2019-09,Asia,JPN,Japan,Storm,2,,0,0.0,2021.0,1,50.0,10000000.0,1,50.0,12593000.0,1,50.0
2019,9.0,2019-09,Asia,KHM,Cambodia,Flood,1,12.0,1,100.0,435000.0,1,100.0,,0,0.0,,0,0.0
2019,9.0,2019-09,Asia,KOR,Republic of Korea,Storm,2,5.0,2,100.0,83441.0,2,100.0,,0,0.0,,0,0.0
2019,9.0,2019-09,Asia,LKA,Sri Lanka,Flood,1,1.0,1,100.0,136607.0,1,100.0,,0,0.0,,0,0.0
2019,9.0,2019-09,Asia,PAK,Pakistan,Earthquake,1,39.0,1,100.0,130398.0,1,100.0,17000000.0,1,100.0,21408000.0,1,100.0
2019,9.0,2019-09,Asia,PAK,Pakistan,Flood,1,11.0,1,100.0,,0,0.0,,0,0.0,,0,0.0
2019,9.0,2019-09,Asia,PRK,Democratic People's Republic of Korea,Storm,1,5.0,1,100.0,5300000.0,1,100.0,24000000.0,1,100.0,30223000.0,1,100.0
2019,9.0,2019-09,Asia,THA,Thailand,Flood,1,19.0,1,100.0,158000.0,1,100.0,,0,0.0,,0,0.0
2019,9.0,2019-09,Asia,TUR,Türkiye,Earthquake,1,1.0,1,100.0,1453.0,1,100.0,,0,0.0,,0,0.0
2019,9.0,2019-09,Asia,VNM,Viet Nam,Flood,1,10.0,1,100.0,36450.0,1,100.0,13000000.0,1,100.0,16371000.0,1,100.0
2019,9.0,2019-09,Europe,ALB,Albania,Earthquake,1,,0,0.0,4608.0,1,100.0,45000000.0,1,100.0,56667000.0,1,100.0
2019,9.0,2019-09,Europe,ESP,Spain,Flood,1,7.0,1,100.0,3500.0,1,100.0,2500000000.0,1,100.0,3148187000.0,1,100.0
2019,9.0,2019-09,Oceania,AUS,Australia,Wildfire,1,32.0,1,100.0,8883.0,1,100.0,2000000000.0,1,100.0,2518550000.0,1,100.0
2019,10.0,2019-10,Africa,CIV,Côte d’Ivoire,Flood,1,12.0,1,100.0,14646.0,1,100.0,,0,0.0,,0,0.0
2019,10.0,2019-10,Africa,CMR,Cameroon,Mass movement (wet),1,54.0,1,100.0,,0,0.0,,0,0.0,,0,0.0
2019,10.0,2019-10,Africa,ETH,Ethiopia,Flood,1,,0,0.0,200000.0,1,100.0,,0,0.0,,0,0.0
2019,10.0,2019-10,Africa,ETH,Ethiopia,Mass movement (wet),1,23.0,1,100.0,,0,0.0,,0,0.0,,0,0.0
2019,10.0,2019-10,Africa,GHA,Ghana,Flood,1,19.0,1,100.0,26102.0,1,100.0,,0,0.0,,0,0.0
2019,10.0,2019-10,Africa,KEN,Kenya,Flood,1,90.0,1,100.0,233339.0,1,100.0,,0,0.0,,0,0.0
2019,10.0,2019-10,Africa,NER,Niger,Flood,1,,0,0.0,23000.0,1,100.0,,0,0.0,,0,0.0
2019,10.0,2019-10,Africa,SOM,Somalia,Flood,1,17.0,1,100.0,500000.0,1,100.0,,0,0.0,,0,0.0
2019,10.0,2019-10,Africa,SSD,South Sudan,Flood,1,,0,0.0,700000.0,1,100.0,,0,0.0,,0,0.0
2019,10.0,2019-10,Africa,TZA,United Republic of Tanzania,Flood,2,32.0,2,100.0,,0,0.0,,0,0.0,,0,0.0
2019,10.0,2019-10,Africa,UGA,Uganda,Flood,1,3.0,1,100.0,4750.0,1,100.0,,0,0.0,,0,0.0
2019,10.0,2019-10,Americas,CAN,Canada,Storm,1,1.0,1,100.0,,0,0.0,275000000.0,1,100.0,346301000.0,1,100.0
2019,10.0,2019-10,Americas,COL,Colombia,Flood,1,20.0,1,100.0,23250.0,1,100.0,,0,0.0,,0,0.0
2019,10.0,2019-10,Americas,GTM,Guatemala,Storm,1,2.0,1,100.0,15000.0,1,100.0,,0,0.0,,0,0.0
2019,10.0,2019-10,Americas,URY,Uruguay,Flood,1,,0,0.0,270.0,1,100.0,,0,0.0,,0,0.0
2019,10.0,2019-10,Americas,USA,United States of America,Storm,1,4.0,1,100.0,,0,0.0,2600000000.0,1,100.0,3274114000.0,1,100.0
2019,10.0,2019-10,Americas,USA,United States of America,Wildfire,2,3.0,1,50.0,1265.0,2,100.0,1625000000.0,2,100.0,2046321000.0,2,100.0
2019,10.0,2019-10,Americas,VEN,Venezuela (Bolivarian Republic of),Flood,1,6.0,1,100.0,2000.0,1,100.0,,0,0.0,,0,0.0
2019,10.0,2019-10,Asia,CHN,China,Flood,1,14.0,1,100.0,,0,0.0,90000000.0,1,100.0,113335000.0,1,100.0
2019,10.0,2019-10,Asia,CHN,China,Storm,1,3.0,1,100.0,,0,0.0,263000000.0,1,100.0,331189000.0,1,100.0
2019,10.0,2019-10,Asia,IDN,Indonesia,Flood,1,,0,0.0,9435.0,1,100.0,,0,0.0,,0,0.0
2019,10.0,2019-10,Asia,IND,India,Epidemic,1,,0,0.0,900.0,1,100.0,,0,0.0,,0,0.0
2019,10.0,2019-10,Asia,IND,India,Flood,1,12.0,1,100.0,27500.0,1,100.0,,0,0.0,,0,0.0
2019,10.0,2019-10,Asia,IRN,Iran (Islamic Republic of),Flood,1,1.0,1,100.0,106.0,1,100.0,,0,0.0,,0,0.0
2019,10.0,2019-10,Asia,JPN,Japan,Flood,1,10.0,1,100.0,270.0,1,100.0,,0,0.0,,0,0.0
2019,10.0,2019-10,Asia,JPN,Japan,Storm,2,102.0,2,100.0,510620.0,2,100.0,26100000000.0,2,100.0,32867073000.0,2,100.0
2019,10.0,2019-10,Asia,KOR,Republic of Korea,Storm,1,15.0,1,100.0,1411.0,1,100.0,553000000.0,1,100.0,696379000.0,1,100.0
2019,10.0,2019-10,Asia,LKA,Sri Lanka,Flood,1,5.0,1,100.0,8200.0,1,100.0,,0,0.0,,0,0.0
2019,10.0,2019-10,Asia,MYS,Malaysia,Flood,1,,0,0.0,2412.0,1,100.0,,0,0.0,,0,0.0
2019,10.0,2019-10,Asia,PHL,Philippines,Earthquake,3,40.0,3,100.0,290011.0,3,100.0,,0,0.0,,0,0.0
2019,10.0,2019-10,Asia,SAU,Saudi Arabia,Flood,1,7.0,1,100.0,1111.0,1,100.0,,0,0.0,,0,0.0
2019,10.0,2019-10,Asia,VNM,Viet Nam,Flood,1,3.0,1,100.0,26255.0,1,100.0,,0,0.0,,0,0.0
2019,10.0,2019-10,Europe,ESP,Spain,Flood,1,7.0,1,100.0,73.0,1,100.0,,0,0.0,,0,0.0
2019,10.0,2019-10,Europe,ESP,Spain,Storm,1,1.0,1,100.0,,0,0.0,,0,0.0,,0,0.0
2019,10.0,2019-10,Europe,FRA,France,Flood,1,3.0,1,100.0,1000.0,1,100.0,,0,0.0,,0,0.0
2019,10.0,2019-10,Europe,FRA,France,Storm,1,1.0,1,100.0,54.0,1,100.0,,0,0.0,,0,0.0
2019,10.0,2019-10,Europe,ITA,Italy,Storm,1,1.0,1,100.0,130.0,1,100.0,,0,0.0,,0,0.0
2019,10.0,2019-10,Europe,RUS,Russian Federation,Flood,1,28.0,1,100.0,14.0,1,100.0,,0,0.0,,0,0.0
2019,10.0,2019-10,Oceania,TON,Tonga,Epidemic,2,,0,0.0,501.0,2,100.0,,0,0.0,,0,0.0
2019,11.0,2019-11,Africa,COD,Democratic Republic of the Congo,Flood,1,43.0,1,100.0,399894.0,1,100.0,,0,0.0,,0,0.0
2019,11.0,2019-11,Africa,COG,Congo,Flood,1,,0,0.0,40000.0,1,100.0,,0,0.0,,0,0.0
2019,11.0,2019-11,Africa,DJI,Djibouti,Flood,1,11.0,1,100.0,250000.0,1,100.0,,0,0.0,,0,0.0
2019,11.0,2019-11,Africa,ETH,Ethiopia,Infestation,1,,0,0.0,,0,0.0,,0,0.0,,0,0.0
2019,11.0,2019-11,Africa,KEN,Kenya,Mass movement (wet),1,97.0,1,100.0,120.0,1,100.0,,0,0.0,,0,0.0
2019,11.0,2019-11,Africa,RWA,Rwanda,Flood,1,16.0,1,100.0,5393.0,1,100.0,,0,0.0,,0,0.0
2019,11.0,2019-11,Africa,SOM,Somalia,Infestation,1,,0,0.0,,0,0.0,,0,0.0,,0,0.0
2019,11.0,2019-11,Africa,TZA,United Republic of Tanzania,Flood,1,10.0,1,100.0,,0,0.0,,0,0.0,,0,0.0
2019,11.0,2019-11,Africa,UGA,Uganda,Flood,1,36.0,1,100.0,6000.0,1,100.0,,0,0.0,,0,0.0
2019,11.0,2019-11,Africa,ZAF,South Africa,Storm,1,4.0,1,100.0,20.0,1,100.0,,0,0.0,,0,0.0
2019,11.0,2019-11,Americas,BRA,Brazil,Flood,2,2.0,1,50.0,972.0,2,100.0,,0,0.0,,0,0.0
2019,11.0,2019-11,Americas,MEX,Mexico,Flood,1,3.0,1,100.0,500.0,1,100.0,,0,0.0,,0,0.0
2019,11.0,2019-11,Americas,USA,United States of America,Storm,1,10.0,1,100.0,,0,0.0,,0,0.0,,0,0.0
2019,11.0,2019-11,Asia,BGD,Bangladesh,Extreme temperature,1,50.0,1,100.0,4500.0,1,100.0,,0,0.0,,0,0.0
2019,11.0,2019-11,Asia,BGD,Bangladesh,Storm,1,40.0,1,100.0,251506.0,1,100.0,5785000.0,1,100.0,7285000.0,1,100.0
2019,11.0,2019-11,Asia,IND,India,Flood,1,27.0,1,100.0,25000.0,1,100.0,,0,0.0,,0,0.0
2019,11.0,2019-11,Asia,IND,India,Storm,1,12.0,1,100.0,130000.0,1,100.0,,0,0.0,,0,0.0
2019,11.0,2019-11,Asia,IRN,Iran (Islamic Republic of),Earthquake,1,6.0,1,100.0,23084.0,1,100.0,90000000.0,1,100.0,113335000.0,1,100.0
2019,11.0,2019-11,Asia,LKA,Sri Lanka,Flood,1,12.0,1,100.0,155009.0,1,100.0,,0,0.0,,0,0.0
2019,11.0,2019-11,Asia,MYS,Malaysia,Flood,1,2.0,1,100.0,15000.0,1,100.0,,0,0.0,,0,0.0
2019,11.0,2019-11,Asia,PHL,Philippines,Storm,2,19.0,1,50.0,3673.0,2,100.0,36000000.0,1,50.0,45334000.0,1,50.0
2019,11.0,2019-11,Asia,VNM,Viet Nam,Storm,2,4.0,2,100.0,22164.0,2,100.0,4000000.0,1,50.0,5037000.0,1,50.0
2019,11.0,2019-11,Europe,ALB,Albania,Earthquake,1,51.0,1,100.0,202913.0,1,100.0,700000000.0,1,100.0,881492000.0,1,100.0
2019,11.0,2019-11,Europe,FRA,France,Earthquake,1,,0,0.0,754.0,1,100.0,,0,0.0,,0,0.0
2019,11.0,2019-11,Europe,FRA,France,Flood,1,5.0,1,100.0,102.0,1,100.0,,0,0.0,,0,0.0
2019,11.0,2019-11,Europe,FRA,France,Storm,1,5.0,1,100.0,625.0,1,100.0,315000000.0,1,100.0,396672000.0,1,100.0
2019,11.0,2019-11,Europe,GBR,United Kingdom of Great Britain and Northern Ireland,Flood,1,1.0,1,100.0,4800.0,1,100.0,,0,0.0,,0,0.0
2019,11.0,2019-11,Europe,ITA,Italy,Storm,3,3.0,2,66.67,412.0,3,100.0,,0,0.0,,0,0.0
2019,11.0,2019-11,Oceania,FJI,Fiji,Epidemic,1,,0,0.0,14.0,1,100.0,,0,0.0,,0,0.0
2019,12.0,2019-12,Africa,BDI,Burundi,Flood,1,14.0,1,100.0,3773.0,1,100.0,,0,0.0,,0,0.0
2019,12.0,2019-12,Africa,BDI,Burundi,Mass movement (wet),1,37.0,1,100.0,9942.0,1,100.0,,0,0.0,,0,0.0
2019,12.0,2019-12,Africa,COD,Democratic Republic of the Congo,Mass movement (wet),1,24.0,1,100.0,,0,0.0,,0,0.0,,0,0.0
2019,12.0,2019-12,Africa,COG,Congo,Flood,1,,0,0.0,213000.0,1,100.0,,0,0.0,,0,0.0
2019,12.0,2019-12,Africa,COM,Comoros,Storm,1,,0,0.0,,0,0.0,,0,0.0,,0,0.0
2019,12.0,2019-12,Africa,ETH,Ethiopia,Epidemic,1,55.0,1,100.0,930.0,1,100.0,,0,0.0,,0,0.0
2019,12.0,2019-12,Africa,MDG,Madagascar,Storm,1,5.0,1,100.0,20293.0,1,100.0,25000000.0,1,100.0,31482000.0,1,100.0
2019,12.0,2019-12,Africa,MOZ,Mozambique,Flood,1,28.0,1,100.0,58066.0,1,100.0,,0,0.0,,0,0.0
2019,12.0,2019-12,Africa,RWA,Rwanda,Flood,1,12.0,1,100.0,565.0,1,100.0,,0,0.0,,0,0.0
2019,12.0,2019-12,Africa,SOM,Somalia,Storm,1,6.0,1,100.0,30000.0,1,100.0,,0,0.0,,0,0.0
2019,12.0,2019-12,Africa,UGA,Uganda,Flood,1,65.0,1,100.0,65250.0,1,100.0,,0,0.0,,0,0.0
2019,12.0,2019-12,Africa,UGA,Uganda,Mass movement (wet),1,7.0,1,100.0,1000.0,1,100.0,,0,0.0,,0,0.0
2019,12.0,2019-12,Africa,ZAF,South Africa,Flood,1,2.0,1,100.0,3500.0,1,100.0,,0,0.0,,0,0.0
2019,12.0,2019-12,Americas,CHL,Chile,Wildfire,1,,0,0.0,747.0,1,100.0,,0,0.0,,0,0.0
2019,12.0,2019-12,Americas,COL,Colombia,Flood,2,18.0,1,50.0,6000.0,1,50.0,,0,0.0,,0,0.0
2019,12.0,2019-12,Americas,PER,Peru,Flood,1,,0,0.0,900.0,1,100.0,,0,0.0,,0,0.0
2019,12.0,2019-12,Americas,USA,United States of America,Storm,1,18.0,1,100.0,,0,0.0,235000000.0,1,100.0,295930000.0,1,100.0
2019,12.0,2019-12,Asia,AFG,Afghanistan,Mass movement (wet),1,40.0,1,100.0,,0,0.0,,0,0.0,,0,0.0
2019,12.0,2019-12,Asia,IDN,Indonesia,Flood,3,86.0,3,100.0,566110.0,3,100.0,1200000000.0,1,33.33,1511130000.0,1,33.33
2019,12.0,2019-12,Asia,LKA,Sri Lanka,Flood,2,12.0,2,100.0,232758.0,2,100.0,,0,0.0,,0,0.0
2019,12.0,2019-12,Asia,MYS,Malaysia,Flood,1,,0,0.0,4065.0,1,100.0,,0,0.0,,0,0.0
2019,12.0,2019-12,Asia,PHL,Philippines,Earthquake,1,14.0,1,100.0,394565.0,1,100.0,,0,0.0,,0,0.0
2019,12.0,2019-12,Asia,PHL,Philippines,Storm,2,67.0,2,100.0,5944804.0,2,100.0,124873000.0,2,100.0,157249000.0,2,100.0
2019,12.0,2019-12,Europe,ESP,Spain,Storm,1,7.0,1,100.0,,0,0.0,,0,0.0,,0,0.0
2019,12.0,2019-12,Europe,FRA,France,Storm,2,2.0,1,50.0,617.0,2,100.0,100000000.0,1,50.0,125927000.0,1,50.0
2019,12.0,2019-12,Europe,PRT,Portugal,Storm,1,3.0,1,100.0,51.0,1,100.0,,0,0.0,,0,0.0
2019,12.0,2019-12,Oceania,FJI,Fiji,Storm,1,1.0,1,100.0,7780.0,1,100.0,,0,0.0,,0,0.0
2019,12.0,2019-12,Oceania,NZL,New Zealand,Volcanic activity,1,21.0,1,100.0,23.0,1,100.0,,0,0.0,,0,0.0
2020,1.0,2020-01,Africa,BDI,Burundi,Flood,1,3.0,1,100.0,9762.0,1,100.0,,0,0.0,,0,0.0
2020,1.0,2020-01,Africa,MDG,Madagascar,Drought,1,,0,0.0,1680000.0,1,100.0,,0,0.0,,0,0.0
2020,1.0,2020-01,Africa,MDG,Madagascar,Flood,1,40.0,1,100.0,106846.0,1,100.0,,0,0.0,,0,0.0
2020,1.0,2020-01,Africa,NGA,Nigeria,Epidemic,1,47.0,1,100.0,365.0,1,100.0,,0,0.0,,0,0.0
2020,1.0,2020-01,Africa,TZA,United Republic of Tanzania,Flood,1,29.0,1,100.0,28258.0,1,100.0,,0,0.0,,0,0.0
2020,1.0,2020-01,Africa,ZMB,Zambia,Flood,1,,0,0.0,1500.0,1,100.0,,0,0.0,,0,0.0
2020,1.0,2020-01,Americas,ARG,Argentina,Storm,1,,0,0.0,250.0,1,100.0,,0,0.0,,0,0.0
2020,1.0,2020-01,Americas,BOL,Bolivia (Plurinational State of),Wildfire,1,5.0,1,100.0,126000.0,1,100.0,,0,0.0,,0,0.0
2020,1.0,2020-01,Americas,BRA,Brazil,Drought,1,,0,0.0,,0,0.0,3000000000.0,1,100.0,3731790000.0,1,100.0
2020,1.0,2020-01,Americas,BRA,Brazil,Flood,1,61.0,1,100.0,11012.0,1,100.0,300000000.0,1,100.0,373179000.0,1,100.0
2020,1.0,2020-01,Americas,PER,Peru,Flood,1,,0,0.0,240.0,1,100.0,,0,0.0,,0,0.0
2020,1.0,2020-01,Americas,PRI,Puerto Rico,Earthquake,1,4.0,1,100.0,5078.0,1,100.0,800000000.0,1,100.0,995144000.0,1,100.0
2020,1.0,2020-01,Americas,USA,United States of America,Drought,1,45.0,1,100.0,,0,0.0,4500000000.0,1,100.0,5597684000.0,1,100.0
2020,1.0,2020-01,Americas,USA,United States of America,Storm,1,10.0,1,100.0,,0,0.0,1200000000.0,1,100.0,1492716000.0,1,100.0
2020,1.0,2020-01,Asia,AFG,Afghanistan,Storm,1,13.0,1,100.0,7481.0,1,100.0,,0,0.0,,0,0.0
2020,1.0,2020-01,Asia,IDN,Indonesia,Flood,4,29.0,3,75.0,84335.0,3,75.0,,0,0.0,,0,0.0
2020,1.0,2020-01,Asia,IND,India,Storm,1,11.0,1,100.0,,0,0.0,,0,0.0,,0,0.0
2020,1.0,2020-01,Asia,IRN,Iran (Islamic Republic of),Flood,1,4.0,1,100.0,196152.0,1,100.0,808000000.0,1,100.0,1005095000.0,1,100.0
2020,1.0,2020-01,Asia,ISR,Israel,Flood,1,7.0,1,100.0,,0,0.0,580000000.0,1,100.0,721479000.0,1,100.0
2020,1.0,2020-01,Asia,MNG,Mongolia,Storm,1,,0,0.0,22000.0,1,100.0,,0,0.0,,0,0.0
2020,1.0,2020-01,Asia,PAK,Pakistan,Infestation,1,,0,0.0,,0,0.0,,0,0.0,,0,0.0
2020,1.0,2020-01,Asia,PAK,Pakistan,Storm,1,107.0,1,100.0,1000104.0,1,100.0,,0,0.0,,0,0.0
2020,1.0,2020-01,Asia,PHL,Philippines,Volcanic activity,1,1.0,1,100.0,736802.0,1,100.0,66000000.0,1,100.0,82099000.0,1,100.0
2020,1.0,2020-01,Asia,PSE,State of Palestine,Extreme temperature,1,3.0,1,100.0,30000.0,1,100.0,,0,0.0,,0,0.0
2020,1.0,2020-01,Asia,TUR,Türkiye,Earthquake,1,41.0,1,100.0,70607.0,1,100.0,340000000.0,1,100.0,422936000.0,1,100.0
2020,1.0,2020-01,Asia,TUR,Türkiye,Storm,1,2.0,1,100.0,300.0,1,100.0,,0,0.0,,0,0.0
2020,1.0,2020-01,Europe,ESP,Spain,Storm,1,17.0,1,100.0,2000.0,1,100.0,315000000.0,1,100.0,391838000.0,1,100.0
2020,1.0,2020-01,Europe,FRA,France,Storm,1,,0,0.0,,0,0.0,,0,0.0,,0,0.0
2020,1.0,2020-01,Oceania,AUS,Australia,Storm,1,,0,0.0,,0,0.0,1500000000.0,1,100.0,1865895000.0,1,100.0
2020,1.0,2020-01,Oceania,FJI,Fiji,Storm,1,2.0,1,100.0,3115.0,1,100.0,,0,0.0,,0,0.0
2020,1.0,2020-01,Oceania,TUV,Tuvalu,Storm,1,,0,0.0,5500.0,1,100.0,,0,0.0,,0,0.0
2020,2.0,2020-02,Africa,DJI,Djibouti,Infestation,1,,0,0.0,,0,0.0,,0,0.0,,0,0.0
2020,2.0,2020-02,Africa,ERI,Eritrea,Infestation,1,,0,0.0,,0,0.0,,0,0.0,,0,0.0
2020,2.0,2020-02,Africa,KEN,Kenya,Infestation,1,,0,0.0,,0,0.0,,0,0.0,,0,0.0
2020,2.0,2020-02,Africa,MOZ,Mozambique,Flood,1,2.0,1,100.0,8700.0,1,100.0,,0,0.0,,0,0.0
2020,2.0,2020-02,Africa,MWI,Malawi,Flood,1,1.0,1,100.0,2250.0,1,100.0,,0,0.0,,0,0.0
2020,2.0,2020-02,Africa,RWA,Rwanda,Flood,1,19.0,1,100.0,498.0,1,100.0,,0,0.0,,0,0.0
2020,2.0,2020-02,Africa,SDN,Sudan,Infestation,1,,0,0.0,,0,0.0,,0,0.0,,0,0.0
2020,2.0,2020-02,Africa,TZA,United Republic of Tanzania,Infestation,1,,0,0.0,,0,0.0,,0,0.0,,0,0.0
2020,2.0,2020-02,Africa,UGA,Uganda,Infestation,1,,0,0.0,,0,0.0,,0,0.0,,0,0.0
2020,2.0,2020-02,Africa,ZAF,South Africa,Flood,1,3.0,1,100.0,200.0,1,100.0,,0,0.0,,0,0.0
2020,2.0,2020-02,Americas,ARG,Argentina,Flood,1,3.0,1,100.0,3000.0,1,100.0,10000000.0,1,100.0,12439000.0,1,100.0
2020,2.0,2020-02,Americas,BOL,Bolivia (Plurinational State of),Flood,2,26.0,2,100.0,37611.0,2,100.0,10000000.0,1,50.0,12439000.0,1,50.0
2020,2.0,2020-02,Americas,BRA,Brazil,Flood,2,9.0,2,100.0,810.0,2,100.0,50000000.0,1,50.0,62196000.0,1,50.0
2020,2.0,2020-02,Americas,COL,Colombia,Flood,1,14.0,1,100.0,157.0,1,100.0,,0,0.0,,0,0.0
2020,2.0,2020-02,Americas,ECU,Ecuador,Flood,1,,0,0.0,290.0,1,100.0,,0,0.0,,0,0.0
2020,2.0,2020-02,Americas,HND,Honduras,Flood,1,3.0,1,100.0,17700.0,1,100.0,,0,0.0,,0,0.0
2020,2.0,2020-02,Americas,PER,Peru,Flood,1,15.0,1,100.0,6461.0,1,100.0,10000000.0,1,100.0,12439000.0,1,100.0
2020,2.0,2020-02,Americas,PER,Peru,Mass movement (wet),1,15.0,1,100.0,13.0,1,100.0,,0,0.0,,0,0.0
2020,2.0,2020-02,Americas,PRY,Paraguay,Epidemic,1,20.0,1,100.0,106127.0,1,100.0,,0,0.0,,0,0.0
2020,2.0,2020-02,Americas,USA,United States of America,Flood,1,,0,0.0,3000.0,1,100.0,175000000.0,1,100.0,217688000.0,1,100.0
2020,2.0,2020-02,Asia,AFG,Afghanistan,Mass movement (wet),1,22.0,1,100.0,260.0,1,100.0,,0,0.0,,0,0.0
2020,2.0,2020-02,Asia,IDN,Indonesia,Flood,3,16.0,2,66.67,237905.0,3,100.0,10000000.0,1,33.33,12439000.0,1,33.33
2020,2.0,2020-02,Asia,IRN,Iran (Islamic Republic of),Earthquake,1,,0,0.0,15075.0,1,100.0,,0,0.0,,0,0.0
2020,2.0,2020-02,Asia,IRN,Iran (Islamic Republic of),Flood,2,21.0,1,50.0,24022.0,2,100.0,1500000000.0,1,50.0,1865895000.0,1,50.0
2020,2.0,2020-02,Asia,TUR,Türkiye,Earthquake,1,9.0,1,100.0,3050.0,1,100.0,,0,0.0,,0,0.0
2020,2.0,2020-02,Asia,TUR,Türkiye,Mass movement (wet),1,41.0,1,100.0,84.0,1,100.0,,0,0.0,,0,0.0
2020,2.0,2020-02,Europe,AUT,Austria,Storm,1,,0,0.0,,0,0.0,,0,0.0,,0,0.0
2020,2.0,2020-02,Europe,BEL,Belgium,Storm,1,,0,0.0,,0,0.0,,0,0.0,,0,0.0
2020,2.0,2020-02,Europe,CHE,Switzerland,Storm,1,1.0,1,100.0,,0,0.0,,0,0.0,,0,0.0
2020,2.0,2020-02,Europe,CZE,Czechia,Storm,1,1.0,1,100.0,5.0,1,100.0,,0,0.0,,0,0.0
2020,2.0,2020-02,Europe,DEU,Germany,Storm,1,9.0,1,100.0,33.0,1,100.0,1100000000.0,1,100.0,1368323000.0,1,100.0
2020,2.0,2020-02,Europe,FRA,France,Storm,2,,0,0.0,31.0,1,50.0,,0,0.0,,0,0.0
2020,2.0,2020-02,Europe,GBR,United Kingdom of Great Britain and Northern Ireland,Flood,1,,0,0.0,480.0,1,100.0,,0,0.0,,0,0.0
2020,2.0,2020-02,Europe,GBR,United Kingdom of Great Britain and Northern Ireland,Storm,2,4.0,2,100.0,6400.0,1,50.0,,0,0.0,,0,0.0
2020,2.0,2020-02,Europe,IRL,Ireland,Storm,2,,0,0.0,,0,0.0,,0,0.0,,0,0.0
2020,2.0,2020-02,Europe,ITA,Italy,Storm,1,1.0,1,100.0,,0,0.0,,0,0.0,,0,0.0
2020,2.0,2020-02,Europe,POL,Poland,Storm,1,3.0,1,100.0,6.0,1,100.0,,0,0.0,,0,0.0
2020,2.0,2020-02,Europe,SVN,Slovenia,Storm,1,1.0,1,100.0,,0,0.0,,0,0.0,,0,0.0
2020,2.0,2020-02,Europe,SWE,Sweden,Storm,1,1.0,1,100.0,,0,0.0,,0,0.0,,0,0.0
2020,2.0,2020-02,Oceania,AUS,Australia,Flood,1,1.0,1,100.0,,0,0.0,1200000000.0,1,100.0,1492716000.0,1,100.0
2020,2.0,2020-02,Oceania,NZL,New Zealand,Flood,1,,0,0.0,2400.0,1,100.0,29000000.0,1,100.0,36074000.0,1,100.0
2020,2.0,2020-02,Oceania,PNG,Papua New Guinea,Flood,1,7.0,1,100.0,200.0,1,100.0,,0,0.0,,0,0.0
2020,3.0,2020-03,Africa,AGO,Angola,Flood,1,3.0,1,100.0,10000.0,1,100.0,,0,0.0,,0,0.0
2020,3.0,2020-03,Africa,BDI,Burundi,Storm,1,2.0,1,100.0,5000.0,1,100.0,,0,0.0,,0,0.0
2020,3.0,2020-03,Africa,COD,Democratic Republic of the Congo,Flood,2,,0,0.0,103000.0,2,100.0,,0,0.0,,0,0.0
2020,3.0,2020-03,Africa,COG,Congo,Flood,1,20.0,1,100.0,,0,0.0,,0,0.0,,0,0.0
2020,3.0,2020-03,Africa,EGY,Egypt,Flood,1,40.0,1,100.0,20400.0,1,100.0,76000000.0,1,100.0,94539000.0,1,100.0
2020,3.0,2020-03,Africa,MDG,Madagascar,Storm,1,4.0,1,100.0,3200.0,1,100.0,,0,0.0,,0,0.0
2020,3.0,2020-03,Africa,NAM,Namibia,Flood,1,,0,0.0,1000.0,1,100.0,,0,0.0,,0,0.0
2020,3.0,2020-03,Africa,RWA,Rwanda,Flood,1,3.0,1,100.0,5242.0,1,100.0,,0,0.0,,0,0.0
2020,3.0,2020-03,Africa,TZA,United Republic of Tanzania,Flood,1,,0,0.0,17500.0,1,100.0,,0,0.0,,0,0.0
2020,3.0,2020-03,Africa,ZMB,Zambia,Flood,1,,0,0.0,700000.0,1,100.0,,0,0.0,,0,0.0
2020,3.0,2020-03,Americas,BRA,Brazil,Flood,1,60.0,1,100.0,5000.0,1,100.0,75000000.0,1,100.0,93295000.0,1,100.0
2020,3.0,2020-03,Americas,PER,Peru,Flood,1,,0,0.0,550.0,1,100.0,,0,0.0,,0,0.0
2020,3.0,2020-03,Americas,USA,United States of America,Storm,2,25.0,1,50.0,12300.0,1,50.0,5400000000.0,2,100.0,6717222000.0,2,100.0
2020,3.0,2020-03,Asia,AFG,Afghanistan,Flood,1,56.0,1,100.0,18031.0,1,100.0,,0,0.0,,0,0.0
2020,3.0,2020-03,Asia,CHN,China,Wildfire,1,19.0,1,100.0,1200.0,1,100.0,,0,0.0,,0,0.0
2020,3.0,2020-03,Asia,IDN,Indonesia,Flood,3,3.0,2,66.67,181097.0,3,100.0,7200000.0,1,33.33,8956000.0,1,33.33
2020,3.0,2020-03,Asia,IRQ,Iraq,Flood,1,8.0,1,100.0,1500.0,1,100.0,100000000.0,1,100.0,124393000.0,1,100.0
2020,3.0,2020-03,Asia,PAK,Pakistan,Flood,2,90.0,2,100.0,5015.0,2,100.0,,0,0.0,,0,0.0
2020,3.0,2020-03,Asia,TLS,Timor-Leste,Flood,1,3.0,1,100.0,9131.0,1,100.0,20000000.0,1,100.0,24879000.0,1,100.0
2020,3.0,2020-03,Asia,VNM,Viet Nam,Storm,1,5.0,1,100.0,4652.0,1,100.0,1500000.0,1,100.0,1866000.0,1,100.0
2020,3.0,2020-03,Asia,YEM,Yemen,Flood,1,2.0,1,100.0,23129.0,1,100.0,10000000.0,1,100.0,12439000.0,1,100.0
2020,3.0,2020-03,Europe,HRV,Croatia,Earthquake,1,1.0,1,100.0,78942.0,1,100.0,6800000000.0,1,100.0,8458723000.0,1,100.0
2020,3.0,2020-03,Oceania,PNG,Papua New Guinea,Flood,1,12.0,1,100.0,700.0,1,100.0,,0,0.0,,0,0.0
2020,4.0,2020-04,Africa,AGO,Angola,Flood,1,30.0,1,100.0,10600.0,1,100.0,,0,0.0,,0,0.0
2020,4.0,2020-04,Africa,BDI,Burundi,Flood,1,,0,0.0,27000.0,1,100.0,,0,0.0,,0,0.0
2020,4.0,2020-04,Africa,BFA,Burkina Faso,Flood,1,,0,0.0,21000.0,1,100.0,,0,0.0,,0,0.0
2020,4.0,2020-04,Africa,COD,Democratic Republic of the Congo,Flood,1,52.0,1,100.0,92580.0,1,100.0,,0,0.0,,0,0.0
2020,4.0,2020-04,Africa,DJI,Djibouti,Flood,1,8.0,1,100.0,110000.0,1,100.0,,0,0.0,,0,0.0
2020,4.0,2020-04,Africa,ETH,Ethiopia,Flood,1,12.0,1,100.0,219000.0,1,100.0,,0,0.0,,0,0.0
2020,4.0,2020-04,Africa,KEN,Kenya,Flood,1,285.0,1,100.0,810655.0,1,100.0,10000000.0,1,100.0,12439000.0,1,100.0
2020,4.0,2020-04,Africa,RWA,Rwanda,Flood,2,81.0,2,100.0,16210.0,1,50.0,,0,0.0,,0,0.0
2020,4.0,2020-04,Africa,SOM,Somalia,Flood,1,26.0,1,100.0,1000020.0,1,100.0,,0,0.0,,0,0.0
2020,4.0,2020-04,Africa,TCD,Chad,Flood,1,,0,0.0,2062.0,1,100.0,,0,0.0,,0,0.0
2020,4.0,2020-04,Africa,TZA,United Republic of Tanzania,Flood,1,2.0,1,100.0,19323.0,1,100.0,,0,0.0,,0,0.0
2020,4.0,2020-04,Africa,UGA,Uganda,Flood,1,5.0,1,100.0,200.0,1,100.0,,0,0.0,,0,0.0
2020,4.0,2020-04,Americas,CAN,Canada,Flood,1,1.0,1,100.0,12936.0,1,100.0,1300000000.0,1,100.0,1617109000.0,1,100.0
2020,4.0,2020-04,Americas,USA,United States of America,Storm,3,41.0,2,66.67,231.0,2,66.67,7800000000.0,3,100.0,9702654000.0,3,100.0
2020,4.0,2020-04,Asia,AFG,Afghanistan,Flood,1,5.0,1,100.0,,0,0.0,,0,0.0,,0,0.0
2020,4.0,2020-04,Asia,IDN,Indonesia,Flood,4,6.0,2,50.0,137100.0,4,100.0,,0,0.0,,0,0.0
2020,4.0,2020-04,Asia,IRN,Iran (Islamic Republic of),Flood,1,8.0,1,100.0,2501.0,1,100.0,,0,0.0,,0,0.0
2020,4.0,2020-04,Asia,IRN,Iran (Islamic Republic of),Infestation,1,,0,0.0,,0,0.0,,0,0.0,,0,0.0
2020,4.0,2020-04,Asia,MYS,Malaysia,Flood,1,,0,0.0,2000.0,1,100.0,,0,0.0,,0,0.0
2020,4.0,2020-04,Asia,THA,Thailand,Storm,1,2.0,1,100.0,50502.0,1,100.0,10000000.0,1,100.0,12439000.0,1,100.0
2020,4.0,2020-04,Asia,VNM,Viet Nam,Storm,1,3.0,1,100.0,30013.0,1,100.0,,0,0.0,,0,0.0
2020,4.0,2020-04,Asia,YEM,Yemen,Flood,1,10.0,1,100.0,150030.0,1,100.0,10000000.0,1,100.0,12439000.0,1,100.0
2020,4.0,2020-04,Oceania,FJI,Fiji,Storm,1,1.0,1,100.0,180000.0,1,100.0,13000000.0,1,100.0,16171000.0,1,100.0
2020,4.0,2020-04,Oceania,PNG,Papua New Guinea,Flood,1,,0,0.0,60000.0,1,100.0,,0,0.0,,0,0.0
2020,4.0,2020-04,Oceania,PNG,Papua New Guinea,Mass movement (wet),1,10.0,1,100.0,100.0,1,100.0,,0,0.0,,0,0.0
2020,4.0,2020-04,Oceania,SLB,Solomon Islands,Storm,1,48.0,1,100.0,150000.0,1,100.0,,0,0.0,,0,0.0
2020,4.0,2020-04,Oceania,TON,Tonga,Storm,1,,0,0.0,25000.0,1,100.0,111000000.0,1,100.0,138076000.0,1,100.0
2020,4.0,2020-04,Oceania,VUT,Vanuatu,Storm,1,3.0,1,100.0,130120.0,1,100.0,,0,0.0,,0,0.0
2020,5.0,2020-05,Africa,COD,Democratic Republic of the Congo,Flood,1,,0,0.0,500.0,1,100.0,,0,0.0,,0,0.0
2020,5.0,2020-05,Africa,ETH,Ethiopia,Mass movement (wet),2,22.0,2,100.0,,0,0.0,,0,0.0,,0,0.0
2020,5.0,2020-05,Africa,RWA,Rwanda,Flood,1,8.0,1,100.0,505.0,1,100.0,,0,0.0,,0,0.0
2020,5.0,2020-05,Africa,UGA,Uganda,Flood,2,14.0,2,100.0,125000.0,2,100.0,,0,0.0,,0,0.0
2020,5.0,2020-05,Americas,CUB,Cuba,Storm,1,,0,0.0,3833.0,1,100.0,,0,0.0,,0,0.0
2020,5.0,2020-05,Americas,GTM,Guatemala,Flood,1,3.0,1,100.0,16000.0,1,100.0,,0,0.0,,0,0.0
2020,5.0,2020-05,Americas,GTM,Guatemala,Storm,1,2.0,1,100.0,306886.0,1,100.0,,0,0.0,,0,0.0
2020,5.0,2020-05,Americas,GUF,French Guiana,Flood,1,,0,0.0,139.0,1,100.0,,0,0.0,,0,0.0
2020,5.0,2020-05,Americas,HND,Honduras,Storm,1,5.0,1,100.0,1200.0,1,100.0,,0,0.0,,0,0.0
2020,5.0,2020-05,Americas,PRI,Puerto Rico,Earthquake,1,,0,0.0,150.0,1,100.0,150000000.0,1,100.0,186589000.0,1,100.0
2020,5.0,2020-05,Americas,SLV,El Salvador,Storm,1,32.0,1,100.0,149840.0,1,100.0,220000000.0,1,100.0,273665000.0,1,100.0
2020,5.0,2020-05,Americas,USA,United States of America,Flood,1,1.0,1,100.0,10000.0,1,100.0,2100000000.0,1,100.0,2612253000.0,1,100.0
2020,5.0,2020-05,Americas,USA,United States of America,Storm,3,4.0,2,66.67,,0,0.0,5100000000.0,3,100.0,6344043000.0,3,100.0
2020,5.0,2020-05,Asia,AFG,Afghanistan,Flood,1,4.0,1,100.0,5500.0,1,100.0,,0,0.0,,0,0.0
2020,5.0,2020-05,Asia,BGD,Bangladesh,Storm,1,26.0,1,100.0,2600000.0,1,100.0,1500000000.0,1,100.0,1865895000.0,1,100.0
2020,5.0,2020-05,Asia,CHN,China,Earthquake,1,4.0,1,100.0,3324.0,1,100.0,17000000.0,1,100.0,21147000.0,1,100.0
2020,5.0,2020-05,Asia,CHN,China,Flood,1,280.0,1,100.0,4200000.0,1,100.0,17000000000.0,1,100.0,21146808000.0,1,100.0
2020,5.0,2020-05,Asia,CHN,China,Storm,1,20.0,1,100.0,600000.0,1,100.0,1100000000.0,1,100.0,1368323000.0,1,100.0
2020,5.0,2020-05,Asia,IDN,Indonesia,Flood,2,11.0,2,100.0,45642.0,2,100.0,,0,0.0,,0,0.0
2020,5.0,2020-05,Asia,IND,India,Flood,2,30.0,2,100.0,30002.0,1,50.0,10000000.0,1,50.0,12439000.0,1,50.0
2020,5.0,2020-05,Asia,IND,India,Mass movement (wet),1,21.0,1,100.0,155850.0,1,100.0,,0,0.0,,0,0.0
2020,5.0,2020-05,Asia,IND,India,Storm,1,90.0,1,100.0,18000000.0,1,100.0,13500000000.0,1,100.0,16793053000.0,1,100.0
2020,5.0,2020-05,Asia,KAZ,Kazakhstan,Flood,1,,0,0.0,33000.0,1,100.0,,0,0.0,,0,0.0
2020,5.0,2020-05,Asia,LKA,Sri Lanka,Storm,1,4.0,1,100.0,1100.0,1,100.0,,0,0.0,,0,0.0
2020,5.0,2020-05,Asia,OMN,Oman,Flood,1,3.0,1,100.0,100.0,1,100.0,,0,0.0,,0,0.0
2020,5.0,2020-05,Asia,PHL,Philippines,Storm,1,5.0,1,100.0,578740.0,1,100.0,31100000.0,1,100.0,38686000.0,1,100.0
2020,5.0,2020-05,Asia,TJK,Tajikistan,Flood,1,2.0,1,100.0,2690.0,1,100.0,,0,0.0,,0,0.0
2020,5.0,2020-05,Asia,UZB,Uzbekistan,Flood,1,4.0,1,100.0,70060.0,1,100.0,,0,0.0,,0,0.0
2020,5.0,2020-05,Europe,FRA,France,Flood,1,,0,0.0,285.0,1,100.0,,0,0.0,,0,0.0
2020,6.0,2020-06,Africa,BFA,Burkina Faso,Flood,1,,0,0.0,18024.0,1,100.0,,0,0.0,,0,0.0
2020,6.0,2020-06,Africa,CIV,Côte d’Ivoire,Flood,1,24.0,1,100.0,18657.0,1,100.0,,0,0.0,,0,0.0
2020,6.0,2020-06,Africa,COD,Democratic Republic of the Congo,Epidemic,1,55.0,1,100.0,,0,0.0,,0,0.0,,0,0.0
2020,6.0,2020-06,Africa,ETH,Ethiopia,Flood,1,,0,0.0,1010854.0,1,100.0,,0,0.0,,0,0.0
2020,6.0,2020-06,Africa,GHA,Ghana,Flood,1,3.0,1,100.0,200.0,1,100.0,,0,0.0,,0,0.0
2020,6.0,2020-06,Africa,MRT,Mauritania,Drought,1,,0,0.0,1400000.0,1,100.0,,0,0.0,,0,0.0
2020,6.0,2020-06,Africa,NGA,Nigeria,Flood,3,189.0,3,100.0,193725.0,2,66.67,100000000.0,1,33.33,124393000.0,1,33.33
2020,6.0,2020-06,Africa,SDN,Sudan,Flood,1,155.0,1,100.0,875013.0,1,100.0,250000000.0,1,100.0,310982000.0,1,100.0
2020,6.0,2020-06,Africa,SOM,Somalia,Flood,1,6.0,1,100.0,191000.0,1,100.0,,0,0.0,,0,0.0
2020,6.0,2020-06,Americas,BRA,Brazil,Storm,1,12.0,1,100.0,1119.0,1,100.0,100000000.0,1,100.0,124393000.0,1,100.0
2020,6.0,2020-06,Americas,CAN,Canada,Storm,1,,0,0.0,60000.0,1,100.0,1200000000.0,1,100.0,1492716000.0,1,100.0
2020,6.0,2020-06,Americas,GTM,Guatemala,Flood,1,,0,0.0,4070.0,1,100.0,,0,0.0,,0,0.0
2020,6.0,2020-06,Americas,MEX,Mexico,Earthquake,1,10.0,1,100.0,24393.0,1,100.0,75000000.0,1,100.0,93295000.0,1,100.0
2020,6.0,2020-06,Americas,MEX,Mexico,Storm,1,,0,0.0,606.0,1,100.0,,0,0.0,,0,0.0
2020,6.0,2020-06,Americas,URY,Uruguay,Flood,1,,0,0.0,360.0,1,100.0,,0,0.0,,0,0.0
2020,6.0,2020-06,Americas,URY,Uruguay,Storm,1,,0,0.0,360.0,1,100.0,,0,0.0,,0,0.0
2020,6.0,2020-06,Americas,USA,United States of America,Storm,1,1.0,1,100.0,,0,0.0,325000000.0,1,100.0,404277000.0,1,100.0
2020,6.0,2020-06,Asia,BGD,Bangladesh,Flood,1,257.0,1,100.0,5448271.0,1,100.0,500000000.0,1,100.0,621965000.0,1,100.0
2020,6.0,2020-06,Asia,CHN,China,Flood,2,25.0,2,100.0,10074000.0,2,100.0,,0,0.0,,0,0.0
2020,6.0,2020-06,Asia,CHN,China,Mass movement (wet),1,4.0,1,100.0,20000.0,1,100.0,,0,0.0,,0,0.0
2020,6.0,2020-06,Asia,IDN,Indonesia,Earthquake,1,,0,0.0,1560.0,1,100.0,,0,0.0,,0,0.0
2020,6.0,2020-06,Asia,IDN,Indonesia,Flood,3,7.0,1,33.33,23838.0,3,100.0,2100000.0,1,33.33,2612000.0,1,33.33
2020,6.0,2020-06,Asia,IND,India,Flood,2,1922.0,1,50.0,1305000.0,2,100.0,7500000000.0,1,50.0,9329474000.0,1,50.0
2020,6.0,2020-06,Asia,IND,India,Storm,1,6.0,1,100.0,7500.0,1,100.0,820000000.0,1,100.0,1020023000.0,1,100.0
2020,6.0,2020-06,Asia,JPN,Japan,Flood,1,82.0,1,100.0,250114.0,1,100.0,5800000000.0,1,100.0,7214793000.0,1,100.0
2020,6.0,2020-06,Asia,MNG,Mongolia,Flood,1,2.0,1,100.0,1230.0,1,100.0,,0,0.0,,0,0.0
2020,6.0,2020-06,Asia,MYS,Malaysia,Flood,2,,0,0.0,10210.0,2,100.0,6800000.0,1,50.0,8459000.0,1,50.0
2020,6.0,2020-06,Asia,NPL,Nepal,Flood,1,448.0,1,100.0,117677.0,1,100.0,100000000.0,1,100.0,124393000.0,1,100.0
2020,6.0,2020-06,Asia,PAK,Pakistan,Flood,1,7.0,1,100.0,5000.0,1,100.0,,0,0.0,,0,0.0
2020,6.0,2020-06,Asia,TUR,Türkiye,Earthquake,2,1.0,1,50.0,6913.0,2,100.0,,0,0.0,,0,0.0
2020,6.0,2020-06,Asia,TUR,Türkiye,Flood,2,8.0,2,100.0,822.0,2,100.0,35000000.0,1,50.0,43538000.0,1,50.0
2020,6.0,2020-06,Asia,YEM,Yemen,Flood,1,16.0,1,100.0,215.0,1,100.0,,0,0.0,,0,0.0
2020,6.0,2020-06,Europe,BIH,Bosnia and Herzegovina,Flood,1,,0,0.0,15000.0,1,100.0,,0,0.0,,0,0.0
2020,6.0,2020-06,Europe,CZE,Czechia,Flood,1,2.0,1,100.0,24.0,1,100.0,32000000.0,1,100.0,39806000.0,1,100.0
2020,6.0,2020-06,Europe,FRA,France,Flood,1,,0,0.0,200.0,1,100.0,,0,0.0,,0,0.0
2020,6.0,2020-06,Europe,GBR,United Kingdom of Great Britain and Northern Ireland,Extreme temperature,1,2556.0,1,100.0,,0,0.0,,0,0.0,,0,0.0
2020,6.0,2020-06,Europe,POL,Poland,Flood,1,,0,0.0,5200.0,1,100.0,,0,0.0,,0,0.0
2020,6.0,2020-06,Europe,ROU,Romania,Flood,1,3.0,1,100.0,1550.0,1,100.0,85000000.0,1,100.0,105734000.0,1,100.0
2020,6.0,2020-06,Europe,SRB,Serbia,Flood,1,,0,0.0,3600.0,1,100.0,28000000.0,1,100.0,34830000.0,1,100.0
2020,6.0,2020-06,Europe,UKR,Ukraine,Flood,1,3.0,1,100.0,55000.0,1,100.0,153861000.0,1,100.0,191392000.0,1,100.0
2020,7.0,2020-07,Africa,NER,Niger,Flood,1,73.0,1,100.0,632608.0,1,100.0,10000000.0,1,100.0,12439000.0,1,100.0
2020,7.0,2020-07,Africa,SSD,South Sudan,Flood,1,,0,0.0,1042000.0,1,100.0,,0,0.0,,0,0.0
2020,7.0,2020-07,Americas,COL,Colombia,Flood,1,11.0,1,100.0,30000.0,1,100.0,10000000.0,1,100.0,12439000.0,1,100.0
2020,7.0,2020-07,Americas,CUB,Cuba,Storm,1,,0,0.0,500.0,1,100.0,,0,0.0,,0,0.0
2020,7.0,2020-07,Americas,DOM,Dominican Republic,Storm,1,2.0,1,100.0,5595.0,1,100.0,165000000.0,1,100.0,205248000.0,1,100.0
2020,7.0,2020-07,Americas,MEX,Mexico,Storm,1,5.0,1,100.0,,0,0.0,135000000.0,1,100.0,167931000.0,1,100.0
2020,7.0,2020-07,Americas,USA,United States of America,Storm,2,16.0,1,50.0,,0,0.0,5900000000.0,2,100.0,7339186000.0,2,100.0
2020,7.0,2020-07,Asia,AFG,Afghanistan,Flood,1,16.0,1,100.0,100.0,1,100.0,,0,0.0,,0,0.0
2020,7.0,2020-07,Asia,ARM,Armenia,Storm,1,,0,0.0,2836.0,1,100.0,,0,0.0,,0,0.0
2020,7.0,2020-07,Asia,GEO,Georgia,Flood,1,,0,0.0,5133.0,1,100.0,,0,0.0,,0,0.0
2020,7.0,2020-07,Asia,IDN,Indonesia,Flood,1,105.0,1,100.0,14534.0,1,100.0,10000000.0,1,100.0,12439000.0,1,100.0
2020,7.0,2020-07,Asia,KOR,Republic of Korea,Flood,1,10.0,1,100.0,9000.0,1,100.0,,0,0.0,,0,0.0
2020,7.0,2020-07,Asia,MMR,Myanmar,Flood,1,,0,0.0,25000.0,1,100.0,,0,0.0,,0,0.0
2020,7.0,2020-07,Asia,MMR,Myanmar,Mass movement (wet),1,174.0,1,100.0,1554.0,1,100.0,,0,0.0,,0,0.0
2020,7.0,2020-07,Asia,MNG,Mongolia,Flood,2,8.0,1,50.0,25875.0,2,100.0,1700000.0,1,50.0,2115000.0,1,50.0
2020,7.0,2020-07,Asia,VNM,Viet Nam,Flood,1,5.0,1,100.0,2621.0,1,100.0,22000000.0,1,100.0,27366000.0,1,100.0
2020,7.0,2020-07,Asia,VNM,Viet Nam,Storm,1,2.0,1,100.0,10000.0,1,100.0,232000.0,1,100.0,289000.0,1,100.0
2020,7.0,2020-07,Asia,YEM,Yemen,Flood,1,174.0,1,100.0,,0,0.0,,0,0.0,,0,0.0
2020,7.0,2020-07,Europe,FRA,France,Extreme temperature,1,1924.0,1,100.0,,0,0.0,,0,0.0,,0,0.0
2020,7.0,2020-07,Europe,UKR,Ukraine,Wildfire,1,5.0,1,100.0,300.0,1,100.0,162000000.0,1,100.0,201517000.0,1,100.0
2020,8.0,2020-08,Africa,BFA,Burkina Faso,Flood,1,13.0,1,100.0,91428.0,1,100.0,,0,0.0,,0,0.0
2020,8.0,2020-08,Africa,DZA,Algeria,Earthquake,1,,0,0.0,15000.0,1,100.0,,0,0.0,,0,0.0
2020,8.0,2020-08,Africa,NER,Niger,Flood,1,10.0,1,100.0,50012.0,1,100.0,,0,0.0,,0,0.0
2020,8.0,2020-08,Africa,TCD,Chad,Flood,1,3.0,1,100.0,34872.0,1,100.0,,0,0.0,,0,0.0
2020,8.0,2020-08,Africa,UGA,Uganda,Flood,1,1.0,1,100.0,4000.0,1,100.0,,0,0.0,,0,0.0
2020,8.0,2020-08,Africa,UGA,Uganda,Storm,1,8.0,1,100.0,8700.0,1,100.0,,0,0.0,,0,0.0
2020,8.0,2020-08,Americas,DOM,Dominican Republic,Storm,1,4.0,1,100.0,10000.0,1,100.0,,0,0.0,,0,0.0
2020,8.0,2020-08,Americas,HTI,Haiti,Storm,1,39.0,1,100.0,44175.0,1,100.0,,0,0.0,,0,0.0
2020,8.0,2020-08,Americas,LCA,Saint Lucia,Epidemic,1,3.0,1,100.0,1318.0,1,100.0,,0,0.0,,0,0.0
2020,8.0,2020-08,Americas,MEX,Mexico,Flood,1,3.0,1,100.0,5100.0,1,100.0,,0,0.0,,0,0.0
2020,8.0,2020-08,Americas,PAN,Panama,Flood,1,11.0,1,100.0,150.0,1,100.0,,0,0.0,,0,0.0
2020,8.0,2020-08,Americas,PRI,Puerto Rico,Storm,1,1.0,1,100.0,,0,0.0,59800000.0,1,100.0,74387000.0,1,100.0
2020,8.0,2020-08,Americas,USA,United States of America,Storm,2,37.0,2,100.0,6500.0,1,50.0,19800000000.0,2,100.0,24629812000.0,2,100.0
2020,8.0,2020-08,Americas,USA,United States of America,Wildfire,1,32.0,1,100.0,,0,0.0,11000000000.0,1,100.0,13683229000.0,1,100.0
2020,8.0,2020-08,Asia,AFG,Afghanistan,Flood,1,212.0,1,100.0,20445.0,1,100.0,,0,0.0,,0,0.0
2020,8.0,2020-08,Asia,CHN,China,Flood,1,92.0,1,100.0,,0,0.0,4800000000.0,1,100.0,5970863000.0,1,100.0
2020,8.0,2020-08,Asia,CHN,China,Storm,2,,0,0.0,27335.0,2,100.0,161000000.0,1,50.0,200273000.0,1,50.0
2020,8.0,2020-08,Asia,IDN,Indonesia,Flood,1,,0,0.0,23461.0,1,100.0,,0,0.0,,0,0.0
2020,8.0,2020-08,Asia,IND,India,Mass movement (wet),1,70.0,1,100.0,,0,0.0,,0,0.0,,0,0.0
2020,8.0,2020-08,Asia,KOR,Republic of Korea,Flood,1,42.0,1,100.0,6000.0,1,100.0,420000000.0,1,100.0,522451000.0,1,100.0
2020,8.0,2020-08,Asia,KOR,Republic of Korea,Storm,1,26.0,1,100.0,1007.0,1,100.0,,0,0.0,,0,0.0
2020,8.0,2020-08,Asia,LAO,Lao People's Democratic Republic,Storm,1,,0,0.0,1000.0,1,100.0,,0,0.0,,0,0.0
2020,8.0,2020-08,Asia,PAK,Pakistan,Flood,1,410.0,1,100.0,1550170.0,1,100.0,1500000000.0,1,100.0,1865895000.0,1,100.0
2020,8.0,2020-08,Asia,PHL,Philippines,Earthquake,1,1.0,1,100.0,4980.0,1,100.0,2500000.0,1,100.0,3110000.0,1,100.0
2020,8.0,2020-08,Asia,PRK,Democratic People's Republic of Korea,Flood,1,22.0,1,100.0,85000.0,1,100.0,,0,0.0,,0,0.0
2020,8.0,2020-08,Asia,SAU,Saudi Arabia,Flood,1,3.0,1,100.0,600.0,1,100.0,,0,0.0,,0,0.0
2020,8.0,2020-08,Asia,THA,Thailand,Flood,1,1.0,1,100.0,40000.0,1,100.0,,0,0.0,,0,0.0
2020,8.0,2020-08,Asia,THA,Thailand,Storm,1,4.0,1,100.0,,0,0.0,,0,0.0,,0,0.0
2020,8.0,2020-08,Asia,TUR,Türkiye,Flood,1,16.0,1,100.0,,0,0.0,250000000.0,1,100.0,310982000.0,1,100.0
2020,8.0,2020-08,Asia,TWN,Taiwan (Province of China),Storm,1,1.0,1,100.0,1.0,1,100.0,,0,0.0,,0,0.0
2020,8.0,2020-08,Europe,BEL,Belgium,Extreme temperature,1,1687.0,1,100.0,,0,0.0,,0,0.0,,0,0.0
2020,8.0,2020-08,Europe,GRC,Greece,Flood,1,8.0,1,100.0,2400.0,1,100.0,30000000.0,1,100.0,37318000.0,1,100.0
2020,8.0,2020-08,Europe,ITA,Italy,Mass movement (wet),1,3.0,1,100.0,182.0,1,100.0,,0,0.0,,0,0.0
2020,8.0,2020-08,Europe,ITA,Italy,Storm,1,3.0,1,100.0,920.0,1,100.0,60000000.0,1,100.0,74636000.0,1,100.0
2020,8.0,2020-08,Europe,NLD,Netherlands (Kingdom of the),Extreme temperature,1,400.0,1,100.0,,0,0.0,,0,0.0,,0,0.0
2020,9.0,2020-09,Africa,CMR,Cameroon,Flood,1,,0,0.0,26402.0,1,100.0,,0,0.0,,0,0.0
2020,9.0,2020-09,Africa,CPV,Cabo Verde,Flood,1,1.0,1,100.0,25000.0,1,100.0,,0,0.0,,0,0.0
2020,9.0,2020-09,Africa,GHA,Ghana,Flood,1,4.0,1,100.0,,0,0.0,,0,0.0,,0,0.0
2020,9.0,2020-09,Africa,GIN,Guinea,Flood,1,,0,0.0,49541.0,1,100.0,,0,0.0,,0,0.0
2020,9.0,2020-09,Africa,LSO,Lesotho,Drought,1,,0,0.0,766000.0,1,100.0,,0,0.0,,0,0.0
2020,9.0,2020-09,Africa,MRT,Mauritania,Flood,2,9.0,1,50.0,19982.0,2,100.0,,0,0.0,,0,0.0
2020,9.0,2020-09,Africa,SEN,Senegal,Flood,1,11.0,1,100.0,17000.0,1,100.0,18000000.0,1,100.0,22391000.0,1,100.0
2020,9.0,2020-09,Africa,TGO,Togo,Flood,1,11.0,1,100.0,57000.0,1,100.0,,0,0.0,,0,0.0
2020,9.0,2020-09,Africa,TUN,Tunisia,Flood,1,6.0,1,100.0,40000.0,1,100.0,,0,0.0,,0,0.0
2020,9.0,2020-09,Americas,ECU,Ecuador,Volcanic activity,1,,0,0.0,18685.0,1,100.0,,0,0.0,,0,0.0
2020,9.0,2020-09,Americas,USA,United States of America,Storm,1,8.0,1,100.0,,0,0.0,6300000000.0,1,100.0,7836758000.0,1,100.0
2020,9.0,2020-09,Asia,IDN,Indonesia,Mass movement (wet),1,11.0,1,100.0,170.0,1,100.0,,0,0.0,,0,0.0
2020,9.0,2020-09,Asia,JPN,Japan,Storm,2,2.0,1,50.0,60.0,2,100.0,,0,0.0,,0,0.0
2020,9.0,2020-09,Asia,KHM,Cambodia,Storm,1,,0,0.0,,0,0.0,,0,0.0,,0,0.0
2020,9.0,2020-09,Asia,KOR,Republic of Korea,Storm,2,3.0,2,100.0,2400.0,1,50.0,1200000000.0,1,50.0,1492716000.0,1,50.0
2020,9.0,2020-09,Asia,LKA,Sri Lanka,Flood,1,3.0,1,100.0,40000.0,1,100.0,,0,0.0,,0,0.0
2020,9.0,2020-09,Asia,SYR,Syrian Arab Republic,Wildfire,1,3.0,1,100.0,140079.0,1,100.0,,0,0.0,,0,0.0
2020,9.0,2020-09,Asia,THA,Thailand,Storm,1,1.0,1,100.0,,0,0.0,,0,0.0,,0,0.0
2020,9.0,2020-09,Asia,VNM,Viet Nam,Storm,1,6.0,1,100.0,125000.0,1,100.0,33000000.0,1,100.0,41050000.0,1,100.0
2020,9.0,2020-09,Europe,FRA,France,Flood,1,2.0,1,100.0,421.0,1,100.0,53000000.0,1,100.0,65928000.0,1,100.0
2020,9.0,2020-09,Europe,GRC,Greece,Storm,1,4.0,1,100.0,480.0,1,100.0,240000000.0,1,100.0,298543000.0,1,100.0
2020,9.0,2020-09,Europe,UKR,Ukraine,Wildfire,1,11.0,1,100.0,1668.0,1,100.0,,0,0.0,,0,0.0
2020,10.0,2020-10,Africa,BEN,Benin,Flood,1,6.0,1,100.0,7000.0,1,100.0,,0,0.0,,0,0.0
2020,10.0,2020-10,Africa,COD,Democratic Republic of the Congo,Flood,1,13.0,1,100.0,35422.0,1,100.0,,0,0.0,,0,0.0
2020,10.0,2020-10,Africa,MOZ,Mozambique,Drought,1,,0,0.0,2700000.0,1,100.0,,0,0.0,,0,0.0
2020,10.0,2020-10,Africa,MOZ,Mozambique,Flood,1,22.0,1,100.0,145000.0,1,100.0,,0,0.0,,0,0.0
2020,10.0,2020-10,Africa,TZA,United Republic of Tanzania,Flood,1,12.0,1,100.0,,0,0.0,,0,0.0,,0,0.0
2020,10.0,2020-10,Americas,COL,Colombia,Flood,1,,0,0.0,26460.0,1,100.0,25000000.0,1,100.0,31098000.0,1,100.0
2020,10.0,2020-10,Americas,MEX,Mexico,Storm,2,6.0,1,50.0,3500.0,1,50.0,200000000.0,2,100.0,248786000.0,2,100.0
2020,10.0,2020-10,Americas,SLV,El Salvador,Mass movement (wet),1,42.0,1,100.0,525.0,1,100.0,,0,0.0,,0,0.0
2020,10.0,2020-10,Americas,USA,United States of America,Storm,2,10.0,2,100.0,9400.0,1,50.0,6400000000.0,2,100.0,7961152000.0,2,100.0
2020,10.0,2020-10,Americas,VCT,Saint Vincent and the Grenadines,Epidemic,1,8.0,1,100.0,1760.0,1,100.0,,0,0.0,,0,0.0
2020,10.0,2020-10,Asia,CHN,China,Storm,1,6.0,1,100.0,,0,0.0,14000000.0,1,100.0,17415000.0,1,100.0
2020,10.0,2020-10,Asia,IDN,Indonesia,Flood,1,15.0,1,100.0,10000.0,1,100.0,,0,0.0,,0,0.0
2020,10.0,2020-10,Asia,IND,India,Flood,1,152.0,1,100.0,150000.0,1,100.0,4000000000.0,1,100.0,4975720000.0,1,100.0
2020,10.0,2020-10,Asia,ISR,Israel,Wildfire,1,,0,0.0,21.0,1,100.0,,0,0.0,,0,0.0
2020,10.0,2020-10,Asia,KHM,Cambodia,Storm,1,44.0,1,100.0,759360.0,1,100.0,100000000.0,1,100.0,124393000.0,1,100.0
2020,10.0,2020-10,Asia,LAO,Lao People's Democratic Republic,Storm,1,2.0,1,100.0,69764.0,1,100.0,,0,0.0,,0,0.0
2020,10.0,2020-10,Asia,LBN,Lebanon,Wildfire,1,,0,0.0,,0,0.0,,0,0.0,,0,0.0
2020,10.0,2020-10,Asia,MYS,Malaysia,Flood,1,,0,0.0,400.0,1,100.0,,0,0.0,,0,0.0
2020,10.0,2020-10,Asia,PAK,Pakistan,Mass movement (wet),1,16.0,1,100.0,,0,0.0,,0,0.0,,0,0.0
2020,10.0,2020-10,Asia,PHL,Philippines,Storm,3,65.0,3,100.0,4245059.0,3,100.0,590581000.0,3,100.0,734641000.0,3,100.0
2020,10.0,2020-10,Asia,THA,Thailand,Storm,1,6.0,1,100.0,274923.0,1,100.0,,0,0.0,,0,0.0
2020,10.0,2020-10,Asia,TUR,Türkiye,Earthquake,1,115.0,1,100.0,6034.0,1,100.0,450000000.0,1,100.0,559768000.0,1,100.0
2020,10.0,2020-10,Asia,VNM,Viet Nam,Storm,3,286.0,3,100.0,2020780.0,3,100.0,1390000000.0,2,66.67,1729062000.0,2,66.67
2020,10.0,2020-10,Europe,CHE,Switzerland,Storm,1,,0,0.0,13.0,1,100.0,,0,0.0,,0,0.0
2020,10.0,2020-10,Europe,FRA,France,Storm,1,18.0,1,100.0,12980.0,1,100.0,967000000.0,1,100.0,1202880000.0,1,100.0
2020,10.0,2020-10,Europe,GRC,Greece,Earthquake,1,2.0,1,100.0,919.0,1,100.0,,0,0.0,,0,0.0
2020,10.0,2020-10,Europe,ITA,Italy,Storm,1,7.0,1,100.0,10002.0,1,100.0,,0,0.0,,0,0.0
2020,10.0,2020-10,Europe,SVK,Slovakia,Flood,1,1.0,1,100.0,250.0,1,100.0,,0,0.0,,0,0.0
2020,10.0,2020-10,Oceania,AUS,Australia,Storm,1,,0,0.0,,0,0.0,1200000000.0,1,100.0,1492716000.0,1,100.0
2020,10.0,2020-10,Oceania,NZL,New Zealand,Wildfire,1,,0,0.0,195.0,1,100.0,10000000.0,1,100.0,12439000.0,1,100.0
2020,11.0,2020-11,Africa,COG,Congo,Flood,1,,0,0.0,66000.0,1,100.0,,0,0.0,,0,0.0
2020,11.0,2020-11,Africa,NGA,Nigeria,Epidemic,1,76.0,1,100.0,222.0,1,100.0,,0,0.0,,0,0.0
2020,11.0,2020-11,Africa,SOM,Somalia,Storm,1,9.0,1,100.0,120000.0,1,100.0,,0,0.0,,0,0.0
2020,11.0,2020-11,Africa,UGA,Uganda,Flood,1,7.0,1,100.0,2300.0,1,100.0,,0,0.0,,0,0.0
2020,11.0,2020-11,Africa,ZAF,South Africa,Storm,1,10.0,1,100.0,210.0,1,100.0,,0,0.0,,0,0.0
2020,11.0,2020-11,Americas,BLZ,Belize,Storm,1,,0,0.0,60000.0,1,100.0,,0,0.0,,0,0.0
2020,11.0,2020-11,Americas,COL,Colombia,Mass movement (wet),1,18.0,1,100.0,12.0,1,100.0,,0,0.0,,0,0.0
2020,11.0,2020-11,Americas,COL,Colombia,Storm,2,23.0,1,50.0,277800.0,2,100.0,125000000.0,2,100.0,155491000.0,2,100.0
2020,11.0,2020-11,Americas,CRI,Costa Rica,Storm,1,,0,0.0,25000.0,1,100.0,,0,0.0,,0,0.0
2020,11.0,2020-11,Americas,GTM,Guatemala,Storm,2,162.0,2,100.0,2547186.0,2,100.0,386000000.0,1,50.0,480157000.0,1,50.0
2020,11.0,2020-11,Americas,HND,Honduras,Storm,2,124.0,2,100.0,5144584.0,2,100.0,,0,0.0,,0,0.0
2020,11.0,2020-11,Americas,MEX,Mexico,Flood,1,27.0,1,100.0,90000.0,1,100.0,,0,0.0,,0,0.0
2020,11.0,2020-11,Americas,MEX,Mexico,Storm,1,31.0,1,100.0,,0,0.0,,0,0.0,,0,0.0
2020,11.0,2020-11,Americas,NIC,Nicaragua,Storm,2,20.0,2,100.0,930000.0,2,100.0,919000000.0,2,100.0,1143172000.0,2,100.0
2020,11.0,2020-11,Americas,PAN,Panama,Storm,2,83.0,2,100.0,5000.0,1,50.0,11000000.0,1,50.0,13683000.0,1,50.0
2020,11.0,2020-11,Americas,SLV,El Salvador,Storm,2,1.0,1,50.0,,0,0.0,,0,0.0,,0,0.0
2020,11.0,2020-11,Americas,USA,United States of America,Storm,2,23.0,2,100.0,,0,0.0,1850000000.0,2,100.0,2301270000.0,2,100.0
2020,11.0,2020-11,Americas,VEN,Venezuela (Bolivarian Republic of),Flood,1,3.0,1,100.0,3690.0,1,100.0,30000000.0,1,100.0,37318000.0,1,100.0
2020,11.0,2020-11,Asia,CHN,China,Flood,1,13.0,1,100.0,120.0,1,100.0,,0,0.0,,0,0.0
2020,11.0,2020-11,Asia,IDN,Indonesia,Volcanic activity,1,,0,0.0,19736.0,1,100.0,,0,0.0,,0,0.0
2020,11.0,2020-11,Asia,IND,India,Storm,1,14.0,1,100.0,,0,0.0,600000000.0,1,100.0,746358000.0,1,100.0
2020,11.0,2020-11,Asia,IRN,Iran (Islamic Republic of),Flood,2,7.0,1,50.0,5900.0,2,100.0,50000000.0,1,50.0,62196000.0,1,50.0
2020,11.0,2020-11,Asia,PHL,Philippines,Storm,1,111.0,1,100.0,514909.0,1,100.0,421000000.0,1,100.0,523694000.0,1,100.0
2020,11.0,2020-11,Asia,THA,Thailand,Flood,1,29.0,1,100.0,691659.0,1,100.0,50000000.0,1,100.0,62196000.0,1,100.0
2020,11.0,2020-11,Asia,VNM,Viet Nam,Storm,2,2.0,1,50.0,5000.0,1,50.0,5260000.0,1,50.0,6543000.0,1,50.0
2020,11.0,2020-11,Europe,GRC,Greece,Flood,1,,0,0.0,570.0,1,100.0,,0,0.0,,0,0.0
2020,11.0,2020-11,Europe,ITA,Italy,Flood,2,3.0,1,50.0,450.0,2,100.0,70000000.0,2,100.0,87075000.0,2,100.0
2020,11.0,2020-11,Oceania,NZL,New Zealand,Flood,1,,0,0.0,300.0,1,100.0,71000000.0,1,100.0,88319000.0,1,100.0
2020,12.0,2020-12,Africa,AGO,Angola,Drought,1,,0,0.0,1643316.0,1,100.0,,0,0.0,,0,0.0
2020,12.0,2020-12,Africa,COD,Democratic Republic of the Congo,Flood,1,18.0,1,100.0,4.0,1,100.0,,0,0.0,,0,0.0
2020,12.0,2020-12,Africa,KEN,Kenya,Drought,1,,0,0.0,4500000.0,1,100.0,250000000.0,1,100.0,310982000.0,1,100.0
2020,12.0,2020-12,Africa,ZMB,Zambia,Flood,1,3.0,1,100.0,4272.0,1,100.0,,0,0.0,,0,0.0
2020,12.0,2020-12,Americas,BRA,Brazil,Flood,1,21.0,1,100.0,339.0,1,100.0,75000000.0,1,100.0,93295000.0,1,100.0
2020,12.0,2020-12,Asia,IDN,Indonesia,Flood,3,7.0,2,66.67,130052.0,3,100.0,,0,0.0,,0,0.0
2020,12.0,2020-12,Asia,IDN,Indonesia,Volcanic activity,1,,0,0.0,550.0,1,100.0,,0,0.0,,0,0.0
2020,12.0,2020-12,Asia,IRN,Iran (Islamic Republic of),Mass movement (wet),1,12.0,1,100.0,,0,0.0,,0,0.0,,0,0.0
2020,12.0,2020-12,Asia,JPN,Japan,Storm,1,21.0,1,100.0,,0,0.0,200000000.0,1,100.0,248786000.0,1,100.0
2020,12.0,2020-12,Asia,LKA,Sri Lanka,Flood,1,3.0,1,100.0,111665.0,1,100.0,,0,0.0,,0,0.0
2020,12.0,2020-12,Asia,MYS,Malaysia,Flood,1,,0,0.0,9273.0,1,100.0,,0,0.0,,0,0.0
2020,12.0,2020-12,Asia,PHL,Philippines,Mass movement (wet),1,10.0,1,100.0,11.0,1,100.0,,0,0.0,,0,0.0
2020,12.0,2020-12,Asia,PHL,Philippines,Storm,1,9.0,1,100.0,36032.0,1,100.0,2293000.0,1,100.0,2852000.0,1,100.0
2020,12.0,2020-12,Asia,THA,Thailand,Flood,1,1.0,1,100.0,139000.0,1,100.0,,0,0.0,,0,0.0
2020,12.0,2020-12,Asia,VNM,Viet Nam,Storm,1,1.0,1,100.0,4.0,1,100.0,,0,0.0,,0,0.0
2020,12.0,2020-12,Europe,HRV,Croatia,Earthquake,1,8.0,1,100.0,149407.0,1,100.0,6223400000.0,1,100.0,7741473000.0,1,100.0
2020,12.0,2020-12,Europe,ITA,Italy,Flood,1,1.0,1,100.0,510.0,1,100.0,,0,0.0,,0,0.0
2020,12.0,2020-12,Europe,NOR,Norway,Mass movement (wet),1,10.0,1,100.0,1010.0,1,100.0,130000000.0,1,100.0,161711000.0,1,100.0
2020,12.0,2020-12,Oceania,FJI,Fiji,Storm,1,5.0,1,100.0,22000.0,1,100.0,1120000.0,1,100.0,1393000.0,1,100.0
2020,12.0,2020-12,Oceania,PNG,Papua New Guinea,Mass movement (wet),1,13.0,1,100.0,,0,0.0,,0,0.0,,0,0.0
2021,1.0,2021-01,Africa,MDG,Madagascar,Storm,1,2.0,1,100.0,1000.0,1,100.0,,0,0.0,,0,0.0
2021,1.0,2021-01,Africa,MOZ,Mozambique,Storm,1,11.0,1,100.0,481901.0,1,100.0,,0,0.0,,0,0.0
2021,1.0,2021-01,Africa,NAM,Namibia,Flood,1,,0,0.0,401.0,1,100.0,,0,0.0,,0,0.0
2021,1.0,2021-01,Africa,SWZ,Eswatini,Storm,1,,0,0.0,,0,0.0,,0,0.0,,0,0.0
2021,1.0,2021-01,Africa,TZA,United Republic of Tanzania,Flood,1,1.0,1,100.0,2000.0,1,100.0,,0,0.0,,0,0.0
2021,1.0,2021-01,Africa,ZAF,South Africa,Storm,1,4.0,1,100.0,3200.0,1,100.0,,0,0.0,,0,0.0
2021,1.0,2021-01,Africa,ZWE,Zimbabwe,Storm,1,3.0,1,100.0,2400.0,1,100.0,,0,0.0,,0,0.0
2021,1.0,2021-01,Americas,ARG,Argentina,Earthquake,1,,0,0.0,1814.0,1,100.0,,0,0.0,,0,0.0
2021,1.0,2021-01,Americas,BOL,Bolivia (Plurinational State of),Flood,3,19.0,3,100.0,90972.0,3,100.0,,0,0.0,,0,0.0
2021,1.0,2021-01,Americas,BRA,Brazil,Drought,1,,0,0.0,,0,0.0,3000000000.0,1,100.0,3564343000.0,1,100.0
2021,1.0,2021-01,Americas,BRA,Brazil,Flood,1,2.0,1,100.0,107.0,1,100.0,37000000.0,1,100.0,43960000.0,1,100.0
2021,1.0,2021-01,Americas,CHL,Chile,Storm,1,,0,0.0,521.0,1,100.0,175000000.0,1,100.0,207920000.0,1,100.0
2021,1.0,2021-01,Americas,PRY,Paraguay,Flood,2,10.0,1,50.0,6000.0,2,100.0,,0,0.0,,0,0.0
2021,1.0,2021-01,Americas,USA,United States of America,Drought,1,,0,0.0,,0,0.0,9000000000.0,1,100.0,10693029000.0,1,100.0
2021,1.0,2021-01,Americas,USA,United States of America,Storm,4,10.0,4,100.0,105.0,2,50.0,1995000000.0,4,100.0,2370288000.0,4,100.0
2021,1.0,2021-01,Asia,AFG,Afghanistan,Drought,1,,0,0.0,11000000.0,1,100.0,,0,0.0,,0,0.0
2021,1.0,2021-01,Asia,CHN,China,Drought,1,,0,0.0,,0,0.0,3100000000.0,1,100.0,3683154000.0,1,100.0
2021,1.0,2021-01,Asia,IDN,Indonesia,Earthquake,1,110.0,1,100.0,100653.0,1,100.0,58700000.0,1,100.0,69742000.0,1,100.0
2021,1.0,2021-01,Asia,IDN,Indonesia,Flood,2,24.0,2,100.0,136025.0,2,100.0,,0,0.0,,0,0.0
2021,1.0,2021-01,Asia,IDN,Indonesia,Volcanic activity,1,,0,0.0,1329.0,1,100.0,,0,0.0,,0,0.0
2021,1.0,2021-01,Asia,IRQ,Iraq,Drought,1,,0,0.0,7000000.0,1,100.0,,0,0.0,,0,0.0
2021,1.0,2021-01,Asia,JPN,Japan,Storm,1,23.0,1,100.0,394.0,1,100.0,2000000000.0,1,100.0,2376229000.0,1,100.0
2021,1.0,2021-01,Asia,LKA,Sri Lanka,Flood,1,,0,0.0,50190.0,1,100.0,,0,0.0,,0,0.0
2021,1.0,2021-01,Asia,MYS,Malaysia,Flood,3,14.0,2,66.67,32776.0,3,100.0,,0,0.0,,0,0.0
2021,1.0,2021-01,Asia,PHL,Philippines,Flood,2,4.0,2,100.0,299740.0,2,100.0,25000000.0,1,50.0,29703000.0,1,50.0
2021,1.0,2021-01,Asia,PHL,Philippines,Storm,1,6.0,1,100.0,37830.0,1,100.0,,0,0.0,,0,0.0
2021,1.0,2021-01,Asia,SYR,Syrian Arab Republic,Drought,1,,0,0.0,5500000.0,1,100.0,,0,0.0,,0,0.0
2021,1.0,2021-01,Asia,SYR,Syrian Arab Republic,Flood,1,1.0,1,100.0,142003.0,1,100.0,,0,0.0,,0,0.0
2021,1.0,2021-01,Asia,THA,Thailand,Flood,1,4.0,1,100.0,175493.0,1,100.0,,0,0.0,,0,0.0
2021,1.0,2021-01,Asia,TWN,Taiwan (Province of China),Storm,1,18.0,1,100.0,,0,0.0,,0,0.0,,0,0.0
2021,1.0,2021-01,Europe,ALB,Albania,Flood,1,,0,0.0,84.0,1,100.0,,0,0.0,,0,0.0
2021,1.0,2021-01,Europe,BGR,Bulgaria,Flood,1,,0,0.0,25.0,1,100.0,,0,0.0,,0,0.0
2021,1.0,2021-01,Europe,CHE,Switzerland,Mass movement (wet),1,17.0,1,100.0,,0,0.0,,0,0.0,,0,0.0
2021,1.0,2021-01,Europe,ESP,Spain,Storm,1,5.0,1,100.0,,0,0.0,1900000000.0,1,100.0,2257417000.0,1,100.0
2021,1.0,2021-01,Europe,SRB,Serbia,Flood,1,,0,0.0,22.0,1,100.0,,0,0.0,,0,0.0
2021,1.0,2021-01,Oceania,FJI,Fiji,Storm,1,6.0,1,100.0,82751.0,1,100.0,10000000.0,1,100.0,11881000.0,1,100.0
2021,1.0,2021-01,Oceania,TUV,Tuvalu,Drought,1,,0,0.0,10204.0,1,100.0,,0,0.0,,0,0.0
2021,2.0,2021-02,Africa,MAR,Morocco,Flood,1,24.0,1,100.0,10.0,1,100.0,,0,0.0,,0,0.0
2021,2.0,2021-02,Africa,MDG,Madagascar,Flood,1,1.0,1,100.0,1400.0,1,100.0,,0,0.0,,0,0.0
2021,2.0,2021-02,Africa,MOZ,Mozambique,Flood,1,,0,0.0,11410.0,1,100.0,,0,0.0,,0,0.0
2021,2.0,2021-02,Africa,ZAF,South Africa,Flood,1,31.0,1,100.0,400.0,1,100.0,75000000.0,1,100.0,89109000.0,1,100.0
2021,2.0,2021-02,Americas,BOL,Bolivia (Plurinational State of),Flood,1,9.0,1,100.0,145000.0,1,100.0,,0,0.0,,0,0.0
2021,2.0,2021-02,Americas,BRA,Brazil,Flood,1,6.0,1,100.0,100000.0,1,100.0,36000000.0,1,100.0,42772000.0,1,100.0
2021,2.0,2021-02,Americas,ECU,Ecuador,Flood,1,6.0,1,100.0,18003.0,1,100.0,,0,0.0,,0,0.0
2021,2.0,2021-02,Americas,MEX,Mexico,Storm,1,12.0,1,100.0,,0,0.0,100000000.0,1,100.0,118811000.0,1,100.0
2021,2.0,2021-02,Americas,PER,Peru,Flood,3,21.0,3,100.0,13959.0,3,100.0,25000000.0,1,33.33,29703000.0,1,33.33
2021,2.0,2021-02,Americas,USA,United States of America,Flood,1,1.0,1,100.0,51.0,1,100.0,150000000.0,1,100.0,178217000.0,1,100.0
2021,2.0,2021-02,Americas,USA,United States of America,Storm,1,235.0,1,100.0,10.0,1,100.0,30000000000.0,1,100.0,35643430000.0,1,100.0
2021,2.0,2021-02,Asia,IDN,Indonesia,Flood,3,10.0,3,100.0,344640.0,3,100.0,50000000.0,1,33.33,59406000.0,1,33.33
2021,2.0,2021-02,Asia,IDN,Indonesia,Mass movement (wet),1,19.0,1,100.0,191.0,1,100.0,,0,0.0,,0,0.0
2021,2.0,2021-02,Asia,IND,India,Glacial lake outburst flood,1,234.0,1,100.0,,0,0.0,210000000.0,1,100.0,249504000.0,1,100.0
2021,2.0,2021-02,Asia,IRN,Iran (Islamic Republic of),Earthquake,1,2.0,1,100.0,257724.0,1,100.0,10000000.0,1,100.0,11881000.0,1,100.0
2021,2.0,2021-02,Asia,JPN,Japan,Earthquake,1,1.0,1,100.0,7892.0,1,100.0,7700000000.0,1,100.0,9148480000.0,1,100.0
2021,2.0,2021-02,Asia,PHL,Philippines,Flood,1,1.0,1,100.0,18170.0,1,100.0,,0,0.0,,0,0.0
2021,2.0,2021-02,Asia,PHL,Philippines,Storm,1,5.0,1,100.0,272453.0,1,100.0,3114000.0,1,100.0,3700000.0,1,100.0
2021,2.0,2021-02,Europe,FRA,France,Flood,1,,0,0.0,305.0,1,100.0,10000000.0,1,100.0,11881000.0,1,100.0
2021,2.0,2021-02,Oceania,AUS,Australia,Flood,1,,0,0.0,250.0,1,100.0,,0,0.0,,0,0.0
2021,2.0,2021-02,Oceania,AUS,Australia,Storm,1,,0,0.0,6000.0,1,100.0,155000000.0,1,100.0,184158000.0,1,100.0
2021,2.0,2021-02,Oceania,AUS,Australia,Wildfire,1,,0,0.0,243.0,1,100.0,120000000.0,1,100.0,142574000.0,1,100.0
2021,3.0,2021-03,Africa,AGO,Angola,Flood,1,8.0,1,100.0,1770.0,1,100.0,,0,0.0,,0,0.0
2021,3.0,2021-03,Africa,DZA,Algeria,Flood,1,10.0,1,100.0,2500.0,1,100.0,,0,0.0,,0,0.0
2021,3.0,2021-03,Africa,KEN,Kenya,Epidemic,1,,0,0.0,1352253.0,1,100.0,,0,0.0,,0,0.0
2021,3.0,2021-03,Africa,MAR,Morocco,Flood,1,,0,0.0,1375.0,1,100.0,,0,0.0,,0,0.0
2021,3.0,2021-03,Africa,SOM,Somalia,Drought,1,,0,0.0,7100000.0,1,100.0,993000000.0,1,100.0,1179798000.0,1,100.0
2021,3.0,2021-03,Africa,ZAF,South Africa,Drought,1,,0,0.0,12000000.0,1,100.0,,0,0.0,,0,0.0
2021,3.0,2021-03,Americas,ARG,Argentina,Flood,1,,0,0.0,90.0,1,100.0,,0,0.0,,0,0.0
2021,3.0,2021-03,Americas,ARG,Argentina,Wildfire,1,15.0,1,100.0,1207.0,1,100.0,,0,0.0,,0,0.0
2021,3.0,2021-03,Americas,BRA,Brazil,Flood,2,1.0,1,50.0,372.0,2,100.0,,0,0.0,,0,0.0
2021,3.0,2021-03,Americas,ECU,Ecuador,Volcanic activity,1,,0,0.0,133306.0,1,100.0,,0,0.0,,0,0.0
2021,3.0,2021-03,Americas,PER,Peru,Flood,2,1.0,1,50.0,9561.0,2,100.0,,0,0.0,,0,0.0
2021,3.0,2021-03,Americas,USA,United States of America,Flood,2,9.0,2,100.0,,0,0.0,1350000000.0,2,100.0,1603955000.0,2,100.0
2021,3.0,2021-03,Americas,USA,United States of America,Storm,2,6.0,1,50.0,92.0,1,50.0,2200000000.0,2,100.0,2613851000.0,2,100.0
2021,3.0,2021-03,Asia,AFG,Afghanistan,Mass movement (wet),1,20.0,1,100.0,,0,0.0,,0,0.0,,0,0.0
2021,3.0,2021-03,Asia,CHN,China,Earthquake,1,3.0,1,100.0,195.0,1,100.0,125000000.0,1,100.0,148514000.0,1,100.0
2021,3.0,2021-03,Asia,CHN,China,Storm,1,,0,0.0,,0,0.0,,0,0.0,,0,0.0
2021,3.0,2021-03,Asia,IDN,Indonesia,Flood,2,,0,0.0,77480.0,2,100.0,,0,0.0,,0,0.0
2021,3.0,2021-03,Asia,JPN,Japan,Earthquake,1,,0,0.0,611.0,1,100.0,550000000.0,1,100.0,653463000.0,1,100.0
2021,3.0,2021-03,Asia,MNG,Mongolia,Storm,1,12.0,1,100.0,8124.0,1,100.0,,0,0.0,,0,0.0
2021,3.0,2021-03,Asia,PAK,Pakistan,Flood,1,2.0,1,100.0,256.0,1,100.0,,0,0.0,,0,0.0
2021,3.0,2021-03,Asia,THA,Thailand,Storm,1,2.0,1,100.0,900.0,1,100.0,,0,0.0,,0,0.0
2021,3.0,2021-03,Asia,VNM,Viet Nam,Storm,1,,0,0.0,1000.0,1,100.0,,0,0.0,,0,0.0
2021,3.0,2021-03,Europe,GRC,Greece,Earthquake,1,,0,0.0,2711.0,1,100.0,10000000.0,1,100.0,11881000.0,1,100.0
2021,3.0,2021-03,Oceania,AUS,Australia,Flood,1,2.0,1,100.0,18000.0,1,100.0,2100000000.0,1,100.0,2495040000.0,1,100.0
2021,3.0,2021-03,Oceania,NCL,New Caledonia,Storm,1,,0,0.0,,0,0.0,,0,0.0,,0,0.0
2021,4.0,2021-04,Africa,AGO,Angola,Flood,1,14.0,1,100.0,8167.0,1,100.0,,0,0.0,,0,0.0
2021,4.0,2021-04,Africa,BDI,Burundi,Flood,1,,0,0.0,52182.0,1,100.0,,0,0.0,,0,0.0
2021,4.0,2021-04,Africa,KEN,Kenya,Flood,1,9.0,1,100.0,300000.0,1,100.0,,0,0.0,,0,0.0
2021,4.0,2021-04,Africa,RWA,Rwanda,Flood,1,,0,0.0,6500.0,1,100.0,,0,0.0,,0,0.0
2021,4.0,2021-04,Africa,TZA,United Republic of Tanzania,Storm,1,,0,0.0,30001.0,1,100.0,,0,0.0,,0,0.0
2021,4.0,2021-04,Americas,BOL,Bolivia (Plurinational State of),Flood,1,,0,0.0,7500.0,1,100.0,,0,0.0,,0,0.0
2021,4.0,2021-04,Americas,BRA,Brazil,Flood,2,,0,0.0,469005.0,2,100.0,40000000.0,1,50.0,47525000.0,1,50.0
2021,4.0,2021-04,Americas,COL,Colombia,Flood,4,3.0,1,25.0,9439.0,4,100.0,,0,0.0,,0,0.0
2021,4.0,2021-04,Americas,GTM,Guatemala,Flood,1,,0,0.0,2245.0,1,100.0,,0,0.0,,0,0.0
2021,4.0,2021-04,Americas,HTI,Haiti,Flood,1,7.0,1,100.0,13380.0,1,100.0,,0,0.0,,0,0.0
2021,4.0,2021-04,Americas,PER,Peru,Flood,2,,0,0.0,2700.0,2,100.0,,0,0.0,,0,0.0
2021,4.0,2021-04,Americas,SUR,Suriname,Flood,1,,0,0.0,10100.0,1,100.0,,0,0.0,,0,0.0
2021,4.0,2021-04,Americas,USA,United States of America,Storm,4,16.0,2,50.0,7.0,1,25.0,5760000000.0,4,100.0,6843539000.0,4,100.0
2021,4.0,2021-04,Americas,VCT,Saint Vincent and the Grenadines,Volcanic activity,1,,0,0.0,13300.0,1,100.0,325000000.0,1,100.0,386137000.0,1,100.0
2021,4.0,2021-04,Americas,VEN,Venezuela (Bolivarian Republic of),Flood,1,,0,0.0,1200.0,1,100.0,,0,0.0,,0,0.0
2021,4.0,2021-04,Asia,BTN,Bhutan,Earthquake,1,,0,0.0,502.0,1,100.0,,0,0.0,,0,0.0
2021,4.0,2021-04,Asia,CHN,China,Storm,1,11.0,1,100.0,13666.0,1,100.0,2500000.0,1,100.0,2970000.0,1,100.0
2021,4.0,2021-04,Asia,IDN,Indonesia,Earthquake,1,9.0,1,100.0,5979.0,1,100.0,,0,0.0,,0,0.0
2021,4.0,2021-04,Asia,IDN,Indonesia,Mass movement (wet),1,13.0,1,100.0,1470.0,1,100.0,,0,0.0,,0,0.0
2021,4.0,2021-04,Asia,IDN,Indonesia,Storm,1,226.0,1,100.0,509625.0,1,100.0,800000000.0,1,100.0,950491000.0,1,100.0
2021,4.0,2021-04,Asia,IND,India,Earthquake,1,2.0,1,100.0,3010.0,1,100.0,,0,0.0,,0,0.0
2021,4.0,2021-04,Asia,IND,India,Glacial lake outburst flood,1,16.0,1,100.0,24.0,1,100.0,,0,0.0,,0,0.0
2021,4.0,2021-04,Asia,IRN,Iran (Islamic Republic of),Earthquake,1,,0,0.0,3543.0,1,100.0,,0,0.0,,0,0.0
2021,4.0,2021-04,Asia,KHM,Cambodia,Storm,1,1.0,1,100.0,501.0,1,100.0,,0,0.0,,0,0.0
2021,4.0,2021-04,Asia,PHL,Philippines,Flood,1,,0,0.0,3280.0,1,100.0,,0,0.0,,0,0.0
2021,4.0,2021-04,Asia,PHL,Philippines,Storm,1,9.0,1,100.0,15000.0,1,100.0,20000000.0,1,100.0,23762000.0,1,100.0
2021,4.0,2021-04,Asia,TLS,Timor-Leste,Storm,1,41.0,1,100.0,143670.0,1,100.0,,0,0.0,,0,0.0
2021,4.0,2021-04,Asia,VNM,Viet Nam,Flood,1,3.0,1,100.0,180.0,1,100.0,,0,0.0,,0,0.0
2021,4.0,2021-04,Europe,FRA,France,Extreme temperature,1,,0,0.0,,0,0.0,5600000000.0,1,100.0,6653440000.0,1,100.0
2021,4.0,2021-04,Oceania,AUS,Australia,Storm,1,1.0,1,100.0,2625.0,1,100.0,530000000.0,1,100.0,629701000.0,1,100.0
2021,4.0,2021-04,Oceania,PLW,Palau,Storm,1,,0,0.0,7288.0,1,100.0,,0,0.0,,0,0.0
2021,5.0,2021-05,Africa,COD,Democratic Republic of the Congo,Volcanic activity,1,32.0,1,100.0,288404.0,1,100.0,,0,0.0,,0,0.0
2021,5.0,2021-05,Africa,ETH,Ethiopia,Drought,1,,0,0.0,6800000.0,1,100.0,,0,0.0,,0,0.0
2021,5.0,2021-05,Africa,ETH,Ethiopia,Flood,1,16.0,1,100.0,,0,0.0,,0,0.0,,0,0.0
2021,5.0,2021-05,Africa,RWA,Rwanda,Volcanic activity,1,,0,0.0,13365.0,1,100.0,,0,0.0,,0,0.0
2021,5.0,2021-05,Africa,SOM,Somalia,Flood,1,25.0,1,100.0,400000.0,1,100.0,,0,0.0,,0,0.0
2021,5.0,2021-05,Africa,SSD,South Sudan,Flood,1,7.0,1,100.0,835000.0,1,100.0,,0,0.0,,0,0.0
2021,5.0,2021-05,Africa,UGA,Uganda,Flood,2,4.0,2,100.0,75134.0,2,100.0,,0,0.0,,0,0.0
2021,5.0,2021-05,Americas,ECU,Ecuador,Flood,1,,0,0.0,461.0,1,100.0,,0,0.0,,0,0.0
2021,5.0,2021-05,Americas,GTM,Guatemala,Flood,1,,0,0.0,10572.0,1,100.0,,0,0.0,,0,0.0
2021,5.0,2021-05,Americas,GUY,Guyana,Flood,1,,0,0.0,34500.0,1,100.0,,0,0.0,,0,0.0
2021,5.0,2021-05,Americas,USA,United States of America,Storm,2,10.0,2,100.0,258.0,2,100.0,2600000000.0,2,100.0,3089098000.0,2,100.0
2021,5.0,2021-05,Asia,AFG,Afghanistan,Flood,1,116.0,1,100.0,30833.0,1,100.0,,0,0.0,,0,0.0
2021,5.0,2021-05,Asia,BGD,Bangladesh,Storm,1,3.0,1,100.0,1300000.0,1,100.0,,0,0.0,,0,0.0
2021,5.0,2021-05,Asia,CHN,China,Earthquake,1,3.0,1,100.0,39028.0,1,100.0,516000000.0,1,100.0,613067000.0,1,100.0
2021,5.0,2021-05,Asia,CHN,China,Storm,2,33.0,2,100.0,80309.0,2,100.0,96000000.0,1,50.0,114059000.0,1,50.0
2021,5.0,2021-05,Asia,IDN,Indonesia,Flood,1,,0,0.0,59800.0,1,100.0,,0,0.0,,0,0.0
2021,5.0,2021-05,Asia,IND,India,Storm,2,217.0,2,100.0,2325153.0,2,100.0,4400000000.0,2,100.0,5227703000.0,2,100.0
2021,5.0,2021-05,Asia,IRN,Iran (Islamic Republic of),Flood,1,11.0,1,100.0,1810.0,1,100.0,,0,0.0,,0,0.0
2021,5.0,2021-05,Asia,LKA,Sri Lanka,Flood,1,5.0,1,100.0,43704.0,1,100.0,,0,0.0,,0,0.0
2021,5.0,2021-05,Asia,LKA,Sri Lanka,Storm,1,,0,0.0,879.0,1,100.0,,0,0.0,,0,0.0
2021,5.0,2021-05,Asia,MDV,Maldives,Storm,1,,0,0.0,1320.0,1,100.0,,0,0.0,,0,0.0
2021,5.0,2021-05,Asia,MYS,Malaysia,Flood,1,,0,0.0,5782.0,1,100.0,,0,0.0,,0,0.0
2021,5.0,2021-05,Asia,PAK,Pakistan,Storm,1,12.0,1,100.0,6.0,1,100.0,,0,0.0,,0,0.0
2021,5.0,2021-05,Asia,TJK,Tajikistan,Flood,1,7.0,1,100.0,25010.0,1,100.0,9000000.0,1,100.0,10693000.0,1,100.0
2021,5.0,2021-05,Asia,YEM,Yemen,Flood,1,13.0,1,100.0,22380.0,1,100.0,,0,0.0,,0,0.0
2021,5.0,2021-05,Europe,SVK,Slovakia,Flood,1,1.0,1,100.0,,0,0.0,,0,0.0,,0,0.0
2021,5.0,2021-05,Oceania,NZL,New Zealand,Flood,1,,0,0.0,750.0,1,100.0,50000000.0,1,100.0,59406000.0,1,100.0
2021,6.0,2021-06,Africa,GHA,Ghana,Flood,1,4.0,1,100.0,206.0,1,100.0,,0,0.0,,0,0.0
2021,6.0,2021-06,Africa,MOZ,Mozambique,Drought,1,,0,0.0,1562771.0,1,100.0,,0,0.0,,0,0.0
2021,6.0,2021-06,Africa,NER,Niger,Flood,1,62.0,1,100.0,105750.0,1,100.0,,0,0.0,,0,0.0
2021,6.0,2021-06,Africa,SDN,Sudan,Storm,1,,0,0.0,16000.0,1,100.0,,0,0.0,,0,0.0
2021,6.0,2021-06,Africa,TCD,Chad,Flood,1,32.0,1,100.0,269180.0,1,100.0,,0,0.0,,0,0.0
2021,6.0,2021-06,Americas,BRA,Brazil,Flood,1,2.0,1,100.0,2400.0,1,100.0,13000000.0,1,100.0,15445000.0,1,100.0
2021,6.0,2021-06,Americas,CAN,Canada,Extreme temperature,1,815.0,1,100.0,,0,0.0,,0,0.0,,0,0.0
2021,6.0,2021-06,Americas,CAN,Canada,Storm,1,1.0,1,100.0,302.0,1,100.0,25000000.0,1,100.0,29703000.0,1,100.0
2021,6.0,2021-06,Americas,CAN,Canada,Wildfire,1,2.0,1,100.0,250.0,1,100.0,80912000.0,1,100.0,96133000.0,1,100.0
2021,6.0,2021-06,Americas,CHL,Chile,Flood,1,,0,0.0,610.0,1,100.0,,0,0.0,,0,0.0
2021,6.0,2021-06,Americas,COL,Colombia,Flood,1,5.0,1,100.0,150.0,1,100.0,,0,0.0,,0,0.0
2021,6.0,2021-06,Americas,MEX,Mexico,Storm,2,5.0,2,100.0,1221.0,2,100.0,100000000.0,2,100.0,118812000.0,2,100.0
2021,6.0,2021-06,Americas,PAN,Panama,Flood,1,,0,0.0,3001.0,1,100.0,,0,0.0,,0,0.0
2021,6.0,2021-06,Americas,USA,United States of America,Extreme temperature,1,229.0,1,100.0,,0,0.0,,0,0.0,,0,0.0
2021,6.0,2021-06,Americas,USA,United States of America,Flood,1,,0,0.0,636.0,1,100.0,950000000.0,1,100.0,1128709000.0,1,100.0
2021,6.0,2021-06,Americas,USA,United States of America,Storm,1,14.0,1,100.0,344.0,1,100.0,375000000.0,1,100.0,445543000.0,1,100.0
2021,6.0,2021-06,Americas,USA,United States of America,Wildfire,1,,0,0.0,178.0,1,100.0,10000000.0,1,100.0,11881000.0,1,100.0
2021,6.0,2021-06,Asia,BTN,Bhutan,Flood,1,10.0,1,100.0,,0,0.0,,0,0.0,,0,0.0
2021,6.0,2021-06,Asia,CHN,China,Earthquake,1,,0,0.0,8012.0,1,100.0,,0,0.0,,0,0.0
2021,6.0,2021-06,Asia,CHN,China,Flood,2,352.0,1,50.0,15580000.0,2,100.0,16661000000.0,2,100.0,19795173000.0,2,100.0
2021,6.0,2021-06,Asia,IDN,Indonesia,Earthquake,1,,0,0.0,750.0,1,100.0,,0,0.0,,0,0.0
2021,6.0,2021-06,Asia,IND,India,Flood,2,1341.0,2,100.0,376000.0,2,100.0,3200000000.0,2,100.0,3801965000.0,2,100.0
2021,6.0,2021-06,Asia,KAZ,Kazakhstan,Drought,1,,0,0.0,71000.0,1,100.0,,0,0.0,,0,0.0
2021,6.0,2021-06,Asia,LAO,Lao People's Democratic Republic,Storm,1,,0,0.0,26000.0,1,100.0,,0,0.0,,0,0.0
2021,6.0,2021-06,Asia,MNG,Mongolia,Flood,1,,0,0.0,6356.0,1,100.0,,0,0.0,,0,0.0
2021,6.0,2021-06,Asia,NPL,Nepal,Flood,1,46.0,1,100.0,820.0,1,100.0,,0,0.0,,0,0.0
2021,6.0,2021-06,Asia,PHL,Philippines,Storm,1,11.0,1,100.0,21000.0,1,100.0,11000000.0,1,100.0,13069000.0,1,100.0
2021,6.0,2021-06,Asia,TWN,Taiwan (Province of China),Storm,1,,0,0.0,,0,0.0,,0,0.0,,0,0.0
2021,6.0,2021-06,Asia,VNM,Viet Nam,Storm,1,1.0,1,100.0,750.0,1,100.0,10000000.0,1,100.0,11881000.0,1,100.0
2021,6.0,2021-06,Europe,CHE,Switzerland,Storm,1,,0,0.0,5.0,1,100.0,,0,0.0,,0,0.0
2021,6.0,2021-06,Europe,CZE,Czechia,Storm,1,6.0,1,100.0,3813.0,1,100.0,701000000.0,1,100.0,832868000.0,1,100.0
2021,6.0,2021-06,Europe,DEU,Germany,Storm,1,,0,0.0,600.0,1,100.0,,0,0.0,,0,0.0
2021,6.0,2021-06,Europe,FRA,France,Flood,1,1.0,1,100.0,600.0,1,100.0,,0,0.0,,0,0.0
2021,6.0,2021-06,Europe,POL,Poland,Storm,1,,0,0.0,2002.0,1,100.0,,0,0.0,,0,0.0
2021,6.0,2021-06,Europe,ROU,Romania,Flood,1,1.0,1,100.0,100.0,1,100.0,,0,0.0,,0,0.0
2021,6.0,2021-06,Europe,RUS,Russian Federation,Flood,1,,0,0.0,24000.0,1,100.0,200000000.0,1,100.0,237623000.0,1,100.0
2021,6.0,2021-06,Europe,UKR,Ukraine,Storm,1,1.0,1,100.0,1700.0,1,100.0,170000000.0,1,100.0,201979000.0,1,100.0
2021,6.0,2021-06,Oceania,AUS,Australia,Flood,1,2.0,1,100.0,600.0,1,100.0,330000000.0,1,100.0,392078000.0,1,100.0
2021,6.0,2021-06,Oceania,NZL,New Zealand,Storm,1,1.0,1,100.0,750.0,1,100.0,30000000.0,1,100.0,35643000.0,1,100.0
2021,7.0,2021-07,Africa,GMB,Gambia,Storm,1,10.0,1,100.0,16949.0,1,100.0,,0,0.0,,0,0.0
2021,7.0,2021-07,Africa,MWI,Malawi,Storm,1,13.0,1,100.0,55551.0,1,100.0,,0,0.0,,0,0.0
2021,7.0,2021-07,Africa,NGA,Nigeria,Flood,1,,0,0.0,7500.0,1,100.0,,0,0.0,,0,0.0
2021,7.0,2021-07,Africa,SDN,Sudan,Flood,1,52.0,1,100.0,303045.0,1,100.0,,0,0.0,,0,0.0
2021,7.0,2021-07,Africa,TUN,Tunisia,Wildfire,1,,0,0.0,1000.0,1,100.0,,0,0.0,,0,0.0
2021,7.0,2021-07,Africa,ZMB,Zambia,Drought,1,,0,0.0,1580000.0,1,100.0,,0,0.0,,0,0.0
2021,7.0,2021-07,Americas,BRB,Barbados,Storm,1,,0,0.0,3300.0,1,100.0,,0,0.0,,0,0.0
2021,7.0,2021-07,Americas,CRI,Costa Rica,Flood,1,3.0,1,100.0,200000.0,1,100.0,,0,0.0,,0,0.0
2021,7.0,2021-07,Americas,CUB,Cuba,Storm,1,,0,0.0,,0,0.0,,0,0.0,,0,0.0
2021,7.0,2021-07,Americas,DOM,Dominican Republic,Storm,1,2.0,1,100.0,153.0,1,100.0,,0,0.0,,0,0.0
2021,7.0,2021-07,Americas,HTI,Haiti,Storm,1,,0,0.0,3.0,1,100.0,,0,0.0,,0,0.0
2021,7.0,2021-07,Americas,LCA,Saint Lucia,Storm,1,1.0,1,100.0,,0,0.0,34000000.0,1,100.0,40396000.0,1,100.0
2021,7.0,2021-07,Americas,PAN,Panama,Flood,1,1.0,1,100.0,27189.0,1,100.0,,0,0.0,,0,0.0
2021,7.0,2021-07,Americas,PER,Peru,Earthquake,1,,0,0.0,1421.0,1,100.0,,0,0.0,,0,0.0
2021,7.0,2021-07,Americas,USA,United States of America,Flood,3,18.0,3,100.0,600.0,1,33.33,375000000.0,3,100.0,445543000.0,3,100.0
2021,7.0,2021-07,Americas,USA,United States of America,Storm,2,2.0,2,100.0,9.0,1,50.0,2400000000.0,2,100.0,2851474000.0,2,100.0
2021,7.0,2021-07,Americas,USA,United States of America,Wildfire,2,3.0,1,50.0,1744.0,2,100.0,3325000000.0,2,100.0,3950480000.0,2,100.0
2021,7.0,2021-07,Americas,VCT,Saint Vincent and the Grenadines,Storm,1,,0,0.0,129.0,1,100.0,,0,0.0,,0,0.0
2021,7.0,2021-07,Asia,AFG,Afghanistan,Flood,1,260.0,1,100.0,4200.0,1,100.0,,0,0.0,,0,0.0
2021,7.0,2021-07,Asia,BGD,Bangladesh,Flood,1,21.0,1,100.0,268744.0,1,100.0,,0,0.0,,0,0.0
2021,7.0,2021-07,Asia,CHN,China,Storm,1,5.0,1,100.0,72000.0,1,100.0,2000000000.0,1,100.0,2376229000.0,1,100.0
2021,7.0,2021-07,Asia,CYP,Cyprus,Wildfire,1,4.0,1,100.0,150.0,1,100.0,47000000.0,1,100.0,55841000.0,1,100.0
2021,7.0,2021-07,Asia,IDN,Indonesia,Flood,1,,0,0.0,6408.0,1,100.0,,0,0.0,,0,0.0
2021,7.0,2021-07,Asia,IND,India,Flood,2,37.0,1,50.0,7709.0,2,100.0,,0,0.0,,0,0.0
2021,7.0,2021-07,Asia,IND,India,Mass movement (wet),1,33.0,1,100.0,,0,0.0,,0,0.0,,0,0.0
2021,7.0,2021-07,Asia,IRN,Iran (Islamic Republic of),Storm,1,10.0,1,100.0,2600.0,1,100.0,,0,0.0,,0,0.0
2021,7.0,2021-07,Asia,JPN,Japan,Flood,1,,0,0.0,300.0,1,100.0,,0,0.0,,0,0.0
2021,7.0,2021-07,Asia,JPN,Japan,Mass movement (wet),1,26.0,1,100.0,900.0,1,100.0,250000000.0,1,100.0,297029000.0,1,100.0
2021,7.0,2021-07,Asia,KGZ,Kyrgyzstan,Mass movement (wet),1,15.0,1,100.0,,0,0.0,,0,0.0,,0,0.0
2021,7.0,2021-07,Asia,MMR,Myanmar,Flood,1,,0,0.0,125000.0,1,100.0,,0,0.0,,0,0.0
2021,7.0,2021-07,Asia,NPL,Nepal,Flood,1,74.0,1,100.0,2101.0,1,100.0,,0,0.0,,0,0.0
2021,7.0,2021-07,Asia,OMN,Oman,Storm,1,7.0,1,100.0,90.0,1,100.0,80000000.0,1,100.0,95049000.0,1,100.0
2021,7.0,2021-07,Asia,PAK,Pakistan,Flood,2,199.0,2,100.0,97.0,1,50.0,10000000.0,1,50.0,11881000.0,1,50.0
2021,7.0,2021-07,Asia,PAK,Pakistan,Storm,1,11.0,1,100.0,22.0,1,100.0,,0,0.0,,0,0.0
2021,7.0,2021-07,Asia,PHL,Philippines,Volcanic activity,1,,0,0.0,22433.0,1,100.0,,0,0.0,,0,0.0
2021,7.0,2021-07,Asia,TJK,Tajikistan,Earthquake,1,5.0,1,100.0,100.0,1,100.0,,0,0.0,,0,0.0
2021,7.0,2021-07,Asia,TJK,Tajikistan,Mass movement (wet),1,12.0,1,100.0,,0,0.0,,0,0.0,,0,0.0
2021,7.0,2021-07,Asia,TUR,Türkiye,Flood,1,3.0,1,100.0,4500.0,1,100.0,23000000.0,1,100.0,27327000.0,1,100.0
2021,7.0,2021-07,Asia,TUR,Türkiye,Wildfire,1,9.0,1,100.0,561088.0,1,100.0,232000000.0,1,100.0,275643000.0,1,100.0
2021,7.0,2021-07,Asia,UZB,Uzbekistan,Mass movement (wet),1,8.0,1,100.0,6.0,1,100.0,,0,0.0,,0,0.0
2021,7.0,2021-07,Asia,YEM,Yemen,Flood,1,33.0,1,100.0,205828.0,1,100.0,,0,0.0,,0,0.0
2021,7.0,2021-07,Europe,AUT,Austria,Flood,1,1.0,1,100.0,,0,0.0,,0,0.0,,0,0.0
2021,7.0,2021-07,Europe,BEL,Belgium,Flood,1,39.0,1,100.0,101950.0,1,100.0,2000000000.0,1,100.0,2376229000.0,1,100.0
2021,7.0,2021-07,Europe,BEL,Belgium,Storm,1,,0,0.0,,0,0.0,,0,0.0,,0,0.0
2021,7.0,2021-07,Europe,CHE,Switzerland,Flood,1,,0,0.0,,0,0.0,,0,0.0,,0,0.0
2021,7.0,2021-07,Europe,CZE,Czechia,Flood,1,,0,0.0,,0,0.0,,0,0.0,,0,0.0
2021,7.0,2021-07,Europe,DEU,Germany,Flood,1,226.0,1,100.0,1000.0,1,100.0,40000000000.0,1,100.0,47524574000.0,1,100.0
2021,7.0,2021-07,Europe,FRA,France,Flood,1,,0,0.0,240.0,1,100.0,,0,0.0,,0,0.0
2021,7.0,2021-07,Europe,FRA,France,Storm,1,,0,0.0,255.0,1,100.0,,0,0.0,,0,0.0
2021,7.0,2021-07,Europe,GRC,Greece,Wildfire,1,2.0,1,100.0,7500.0,1,100.0,580000000.0,1,100.0,689106000.0,1,100.0
2021,7.0,2021-07,Europe,ITA,Italy,Flood,1,1.0,1,100.0,,0,0.0,,0,0.0,,0,0.0
2021,7.0,2021-07,Europe,ITA,Italy,Wildfire,1,,0,0.0,11600.0,1,100.0,59000000.0,1,100.0,70099000.0,1,100.0
2021,7.0,2021-07,Europe,LUX,Luxembourg,Flood,1,,0,0.0,,0,0.0,,0,0.0,,0,0.0
2021,7.0,2021-07,Europe,MKD,North Macedonia,Wildfire,1,1.0,1,100.0,80000.0,1,100.0,,0,0.0,,0,0.0
2021,7.0,2021-07,Europe,NLD,Netherlands (Kingdom of the),Flood,1,,0,0.0,,0,0.0,,0,0.0,,0,0.0
2021,7.0,2021-07,Europe,POL,Poland,Flood,1,,0,0.0,,0,0.0,,0,0.0,,0,0.0
2021,7.0,2021-07,Europe,RUS,Russian Federation,Flood,1,8.0,1,100.0,138.0,1,100.0,,0,0.0,,0,0.0
2021,7.0,2021-07,Europe,RUS,Russian Federation,Wildfire,1,,0,0.0,120.0,1,100.0,,0,0.0,,0,0.0
2021,7.0,2021-07,Oceania,NZL,New Zealand,Flood,1,,0,0.0,200.0,1,100.0,140000000.0,1,100.0,166336000.0,1,100.0
2021,8.0,2021-08,Africa,CAF,Central African Republic,Flood,1,,0,0.0,3957.0,1,100.0,,0,0.0,,0,0.0
2021,8.0,2021-08,Africa,DZA,Algeria,Wildfire,1,90.0,1,100.0,42503.0,1,100.0,,0,0.0,,0,0.0
2021,8.0,2021-08,Africa,GHA,Ghana,Flood,1,5.0,1,100.0,120.0,1,100.0,,0,0.0,,0,0.0
2021,8.0,2021-08,Africa,GIN,Guinea,Epidemic,1,1.0,1,100.0,173.0,1,100.0,,0,0.0,,0,0.0
2021,8.0,2021-08,Africa,GIN,Guinea,Flood,1,5.0,1,100.0,71664.0,1,100.0,,0,0.0,,0,0.0
2021,8.0,2021-08,Africa,LSO,Lesotho,Storm,1,,0,0.0,2550.0,1,100.0,,0,0.0,,0,0.0
2021,8.0,2021-08,Africa,NER,Niger,Epidemic,1,166.0,1,100.0,5591.0,1,100.0,,0,0.0,,0,0.0
2021,8.0,2021-08,Africa,NGA,Nigeria,Epidemic,1,3604.0,1,100.0,179089.0,1,100.0,,0,0.0,,0,0.0
2021,8.0,2021-08,Africa,ZWE,Zimbabwe,Drought,1,,0,0.0,167500.0,1,100.0,,0,0.0,,0,0.0
2021,8.0,2021-08,Americas,CUB,Cuba,Storm,1,,0,0.0,,0,0.0,100000000.0,1,100.0,118811000.0,1,100.0
2021,8.0,2021-08,Americas,DOM,Dominican Republic,Storm,1,,0,0.0,4025.0,1,100.0,,0,0.0,,0,0.0
2021,8.0,2021-08,Americas,HTI,Haiti,Earthquake,1,2575.0,1,100.0,702763.0,1,100.0,1620071000.0,1,100.0,1924830000.0,1,100.0
2021,8.0,2021-08,Americas,HTI,Haiti,Storm,1,,0,0.0,,0,0.0,,0,0.0,,0,0.0
2021,8.0,2021-08,Americas,MEX,Mexico,Storm,2,15.0,2,100.0,1503.0,1,50.0,600000000.0,2,100.0,712868000.0,2,100.0
2021,8.0,2021-08,Americas,USA,United States of America,Flood,2,25.0,2,100.0,89.0,1,50.0,375000000.0,2,100.0,445543000.0,2,100.0
2021,8.0,2021-08,Americas,USA,United States of America,Storm,4,103.0,2,50.0,14191.0,3,75.0,68150000000.0,4,100.0,80969994000.0,4,100.0
2021,8.0,2021-08,Americas,USA,United States of America,Wildfire,1,,0,0.0,55903.0,1,100.0,1500000000.0,1,100.0,1782172000.0,1,100.0
2021,8.0,2021-08,Americas,VEN,Venezuela (Bolivarian Republic of),Flood,1,46.0,1,100.0,1400100.0,1,100.0,,0,0.0,,0,0.0
2021,8.0,2021-08,Asia,CHN,China,Flood,1,21.0,1,100.0,286100.0,1,100.0,,0,0.0,,0,0.0
2021,8.0,2021-08,Asia,IDN,Indonesia,Flood,1,9.0,1,100.0,62900.0,1,100.0,,0,0.0,,0,0.0
2021,8.0,2021-08,Asia,IND,India,Mass movement (wet),1,35.0,1,100.0,13.0,1,100.0,,0,0.0,,0,0.0
2021,8.0,2021-08,Asia,JPN,Japan,Flood,1,12.0,1,100.0,30000.0,1,100.0,100000000.0,1,100.0,118811000.0,1,100.0
2021,8.0,2021-08,Asia,KOR,Republic of Korea,Storm,1,,0,0.0,600.0,1,100.0,13000000.0,1,100.0,15445000.0,1,100.0
2021,8.0,2021-08,Asia,MYS,Malaysia,Flood,1,7.0,1,100.0,4828.0,1,100.0,,0,0.0,,0,0.0
2021,8.0,2021-08,Asia,PRK,Democratic People's Republic of Korea,Flood,1,,0,0.0,5000.0,1,100.0,,0,0.0,,0,0.0
2021,8.0,2021-08,Asia,THA,Thailand,Flood,1,,0,0.0,325400.0,1,100.0,,0,0.0,,0,0.0
2021,8.0,2021-08,Asia,TUR,Türkiye,Flood,1,70.0,1,100.0,2660.0,1,100.0,290000000.0,1,100.0,344553000.0,1,100.0
2021,8.0,2021-08,Europe,BGR,Bulgaria,Wildfire,1,,0,0.0,500.0,1,100.0,,0,0.0,,0,0.0
2021,8.0,2021-08,Europe,ESP,Spain,Flood,1,2.0,1,100.0,150.0,1,100.0,105000000.0,1,100.0,124752000.0,1,100.0
2021,8.0,2021-08,Europe,RUS,Russian Federation,Flood,1,,0,0.0,4500.0,1,100.0,,0,0.0,,0,0.0
2021,8.0,2021-08,Europe,RUS,Russian Federation,Mass movement (wet),1,6.0,1,100.0,3003.0,1,100.0,,0,0.0,,0,0.0
2021,8.0,2021-08,Europe,SWE,Sweden,Flood,1,,0,0.0,13500.0,1,100.0,70000000.0,1,100.0,83168000.0,1,100.0
2021,8.0,2021-08,Oceania,NZL,New Zealand,Flood,1,,0,0.0,180.0,1,100.0,57000000.0,1,100.0,67723000.0,1,100.0
2021,9.0,2021-09,Africa,BEN,Benin,Flood,1,13.0,1,100.0,35850.0,1,100.0,,0,0.0,,0,0.0
2021,9.0,2021-09,Africa,COD,Democratic Republic of the Congo,Epidemic,1,205.0,1,100.0,2662.0,1,100.0,,0,0.0,,0,0.0
2021,9.0,2021-09,Africa,NGA,Nigeria,Flood,1,4.0,1,100.0,830.0,1,100.0,,0,0.0,,0,0.0
2021,9.0,2021-09,Africa,SPI,Canary Islands,Volcanic activity,1,1.0,1,100.0,6888.0,1,100.0,1000000000.0,1,100.0,1188114000.0,1,100.0
2021,9.0,2021-09,Africa,UGA,Uganda,Flood,1,1.0,1,100.0,42330.0,1,100.0,,0,0.0,,0,0.0
2021,9.0,2021-09,Americas,COL,Colombia,Flood,2,12.0,1,50.0,25717.0,2,100.0,,0,0.0,,0,0.0
2021,9.0,2021-09,Americas,GTM,Guatemala,Flood,1,2.0,1,100.0,11799.0,1,100.0,,0,0.0,,0,0.0
2021,9.0,2021-09,Americas,MEX,Mexico,Earthquake,1,3.0,1,100.0,21951.0,1,100.0,200000000.0,1,100.0,237623000.0,1,100.0
2021,9.0,2021-09,Americas,MEX,Mexico,Flood,2,24.0,2,100.0,2020.0,2,100.0,50000000.0,1,50.0,59406000.0,1,50.0
2021,9.0,2021-09,Americas,SLV,El Salvador,Flood,1,5.0,1,100.0,300.0,1,100.0,,0,0.0,,0,0.0
2021,9.0,2021-09,Americas,USA,United States of America,Storm,1,,0,0.0,,0,0.0,1000000000.0,1,100.0,1188114000.0,1,100.0
2021,9.0,2021-09,Americas,USA,United States of America,Wildfire,1,,0,0.0,378.0,1,100.0,,0,0.0,,0,0.0
2021,9.0,2021-09,Asia,CHN,China,Earthquake,1,3.0,1,100.0,24395.0,1,100.0,250000000.0,1,100.0,297029000.0,1,100.0
2021,9.0,2021-09,Asia,GEO,Georgia,Flood,1,,0,0.0,1780.0,1,100.0,,0,0.0,,0,0.0
2021,9.0,2021-09,Asia,IDN,Indonesia,Flood,1,,0,0.0,11839.0,1,100.0,,0,0.0,,0,0.0
2021,9.0,2021-09,Asia,IND,India,Flood,1,7.0,1,100.0,850000.0,1,100.0,,0,0.0,,0,0.0
2021,9.0,2021-09,Asia,IND,India,Storm,1,20.0,1,100.0,,0,0.0,,0,0.0,,0,0.0
2021,9.0,2021-09,Asia,KHM,Cambodia,Flood,1,,0,0.0,500.0,1,100.0,,0,0.0,,0,0.0
2021,9.0,2021-09,Asia,MYS,Malaysia,Flood,1,2.0,1,100.0,255.0,1,100.0,,0,0.0,,0,0.0
2021,9.0,2021-09,Asia,NPL,Nepal,Flood,1,13.0,1,100.0,1010.0,1,100.0,,0,0.0,,0,0.0
2021,9.0,2021-09,Asia,PAK,Pakistan,Flood,1,19.0,1,100.0,4.0,1,100.0,,0,0.0,,0,0.0
2021,9.0,2021-09,Asia,PHL,Philippines,Storm,1,17.0,1,100.0,313397.0,1,100.0,,0,0.0,,0,0.0
2021,9.0,2021-09,Asia,THA,Thailand,Flood,1,10.0,1,100.0,298900.0,1,100.0,591000000.0,1,100.0,702176000.0,1,100.0
2021,9.0,2021-09,Asia,VNM,Viet Nam,Flood,1,3.0,1,100.0,13603.0,1,100.0,,0,0.0,,0,0.0
2021,9.0,2021-09,Asia,VNM,Viet Nam,Storm,1,2.0,1,100.0,310.0,1,100.0,,0,0.0,,0,0.0
2021,9.0,2021-09,Europe,FRA,France,Flood,1,,0,0.0,600.0,1,100.0,,0,0.0,,0,0.0
2021,9.0,2021-09,Europe,GRC,Greece,Earthquake,1,1.0,1,100.0,2336.0,1,100.0,30000000.0,1,100.0,35643000.0,1,100.0
2021,9.0,2021-09,Europe,SVN,Slovenia,Flood,1,,0,0.0,1500.0,1,100.0,,0,0.0,,0,0.0
2021,10.0,2021-10,Africa,DZA,Algeria,Flood,1,3.0,1,100.0,420.0,1,100.0,,0,0.0,,0,0.0
2021,10.0,2021-10,Africa,TUN,Tunisia,Flood,1,3.0,1,100.0,,0,0.0,,0,0.0,,0,0.0
2021,10.0,2021-10,Americas,COL,Colombia,Flood,1,2.0,1,100.0,850.0,1,100.0,,0,0.0,,0,0.0
2021,10.0,2021-10,Americas,HND,Honduras,Wildfire,1,,0,0.0,2503.0,1,100.0,,0,0.0,,0,0.0
2021,10.0,2021-10,Americas,MEX,Mexico,Flood,1,6.0,1,100.0,10500.0,1,100.0,10000000.0,1,100.0,11881000.0,1,100.0
2021,10.0,2021-10,Americas,MEX,Mexico,Storm,1,,0,0.0,150.0,1,100.0,10000000.0,1,100.0,11881000.0,1,100.0
2021,10.0,2021-10,Americas,PER,Peru,Flood,1,1.0,1,100.0,2984.0,1,100.0,,0,0.0,,0,0.0
2021,10.0,2021-10,Americas,USA,United States of America,Flood,1,4.0,1,100.0,,0,0.0,325000000.0,1,100.0,386137000.0,1,100.0
2021,10.0,2021-10,Asia,CHN,China,Flood,1,18.0,1,100.0,1760000.0,1,100.0,1800000000.0,1,100.0,2138606000.0,1,100.0
2021,10.0,2021-10,Asia,CHN,China,Storm,1,5.0,1,100.0,459.0,1,100.0,,0,0.0,,0,0.0
2021,10.0,2021-10,Asia,HKG,"China, Hong Kong Special Administrative Region",Storm,2,2.0,2,100.0,175.0,2,100.0,,0,0.0,,0,0.0
2021,10.0,2021-10,Asia,IDN,Indonesia,Earthquake,1,3.0,1,100.0,4532.0,1,100.0,,0,0.0,,0,0.0
2021,10.0,2021-10,Asia,IDN,Indonesia,Flood,2,,0,0.0,81321.0,2,100.0,,0,0.0,,0,0.0
2021,10.0,2021-10,Asia,IND,India,Flood,2,96.0,2,100.0,5352.0,2,100.0,,0,0.0,,0,0.0
2021,10.0,2021-10,Asia,IND,India,Storm,1,7.0,1,100.0,179000.0,1,100.0,,0,0.0,,0,0.0
2021,10.0,2021-10,Asia,IRN,Iran (Islamic Republic of),Storm,1,2.0,1,100.0,122.0,1,100.0,,0,0.0,,0,0.0
2021,10.0,2021-10,Asia,IRQ,Iraq,Flood,1,2.0,1,100.0,3203.0,1,100.0,,0,0.0,,0,0.0
2021,10.0,2021-10,Asia,KHM,Cambodia,Flood,2,,0,0.0,12725.0,2,100.0,,0,0.0,,0,0.0
2021,10.0,2021-10,Asia,LKA,Sri Lanka,Flood,1,4.0,1,100.0,6000.0,1,100.0,,0,0.0,,0,0.0
2021,10.0,2021-10,Asia,MYS,Malaysia,Flood,1,,0,0.0,1000.0,1,100.0,,0,0.0,,0,0.0
2021,10.0,2021-10,Asia,NPL,Nepal,Flood,1,118.0,1,100.0,10.0,1,100.0,,0,0.0,,0,0.0
2021,10.0,2021-10,Asia,OMN,Oman,Storm,1,13.0,1,100.0,,0,0.0,,0,0.0,,0,0.0
2021,10.0,2021-10,Asia,PAK,Pakistan,Earthquake,1,21.0,1,100.0,64100.0,1,100.0,,0,0.0,,0,0.0
2021,10.0,2021-10,Asia,PAK,Pakistan,Epidemic,1,,0,0.0,2728.0,1,100.0,,0,0.0,,0,0.0
2021,10.0,2021-10,Asia,PHL,Philippines,Flood,1,,0,0.0,24166.0,1,100.0,,0,0.0,,0,0.0
2021,10.0,2021-10,Asia,PHL,Philippines,Storm,2,62.0,2,100.0,1148587.0,2,100.0,75850000.0,2,100.0,90118000.0,2,100.0
2021,10.0,2021-10,Asia,THA,Thailand,Flood,1,,0,0.0,25001.0,1,100.0,,0,0.0,,0,0.0
2021,10.0,2021-10,Asia,VNM,Viet Nam,Storm,1,5.0,1,100.0,82500.0,1,100.0,7500000.0,1,100.0,8911000.0,1,100.0
2021,10.0,2021-10,Europe,BEL,Belgium,Storm,1,,0,0.0,,0,0.0,,0,0.0,,0,0.0
2021,10.0,2021-10,Europe,CZE,Czechia,Storm,1,,0,0.0,2.0,1,100.0,,0,0.0,,0,0.0
2021,10.0,2021-10,Europe,DEU,Germany,Storm,1,1.0,1,100.0,4.0,1,100.0,,0,0.0,,0,0.0
2021,10.0,2021-10,Europe,FRA,France,Storm,1,,0,0.0,,0,0.0,,0,0.0,,0,0.0
2021,10.0,2021-10,Europe,GBR,United Kingdom of Great Britain and Northern Ireland,Storm,1,1.0,1,100.0,,0,0.0,,0,0.0,,0,0.0
2021,10.0,2021-10,Europe,NLD,Netherlands (Kingdom of the),Storm,1,,0,0.0,4.0,1,100.0,,0,0.0,,0,0.0
2021,10.0,2021-10,Europe,POL,Poland,Storm,1,4.0,1,100.0,13.0,1,100.0,,0,0.0,,0,0.0
2021,10.0,2021-10,Oceania,VUT,Vanuatu,Volcanic activity,1,,0,0.0,3383.0,1,100.0,,0,0.0,,0,0.0
2021,11.0,2021-11,Africa,COG,Congo,Flood,1,24.0,1,100.0,46652.0,1,100.0,,0,0.0,,0,0.0
2021,11.0,2021-11,Africa,EGY,Egypt,Flood,1,3.0,1,100.0,6235.0,1,100.0,,0,0.0,,0,0.0
2021,11.0,2021-11,Africa,TZA,United Republic of Tanzania,Drought,1,,0,0.0,2100000.0,1,100.0,,0,0.0,,0,0.0
2021,11.0,2021-11,Americas,BOL,Bolivia (Plurinational State of),Flood,1,7.0,1,100.0,125.0,1,100.0,,0,0.0,,0,0.0
2021,11.0,2021-11,Americas,BRA,Brazil,Flood,1,51.0,1,100.0,1036166.0,1,100.0,417000000.0,1,100.0,495444000.0,1,100.0
2021,11.0,2021-11,Americas,CAN,Canada,Flood,1,4.0,1,100.0,15000.0,1,100.0,2000000000.0,1,100.0,2376229000.0,1,100.0
2021,11.0,2021-11,Americas,COL,Colombia,Flood,2,,0,0.0,14301.0,2,100.0,,0,0.0,,0,0.0
2021,11.0,2021-11,Americas,COL,Colombia,Mass movement (wet),1,20.0,1,100.0,10.0,1,100.0,,0,0.0,,0,0.0
2021,11.0,2021-11,Americas,ECU,Ecuador,Earthquake,1,,0,0.0,39.0,1,100.0,,0,0.0,,0,0.0
2021,11.0,2021-11,Americas,PER,Peru,Earthquake,1,,0,0.0,17912.0,1,100.0,,0,0.0,,0,0.0
2021,11.0,2021-11,Americas,USA,United States of America,Flood,1,1.0,1,100.0,500.0,1,100.0,200000000.0,1,100.0,237623000.0,1,100.0
2021,11.0,2021-11,Asia,CHN,China,Storm,1,1.0,1,100.0,5600.0,1,100.0,935000000.0,1,100.0,1110887000.0,1,100.0
2021,11.0,2021-11,Asia,IDN,Indonesia,Flood,2,9.0,1,50.0,12303.0,2,100.0,,0,0.0,,0,0.0
2021,11.0,2021-11,Asia,IND,India,Flood,2,76.0,2,100.0,85500.0,2,100.0,,0,0.0,,0,0.0
2021,11.0,2021-11,Asia,IRN,Iran (Islamic Republic of),Earthquake,1,1.0,1,100.0,36588.0,1,100.0,165000000.0,1,100.0,196039000.0,1,100.0
2021,11.0,2021-11,Asia,LKA,Sri Lanka,Flood,1,26.0,1,100.0,230004.0,1,100.0,,0,0.0,,0,0.0
2021,11.0,2021-11,Asia,THA,Thailand,Flood,1,,0,0.0,132900.0,1,100.0,,0,0.0,,0,0.0
2021,11.0,2021-11,Asia,VNM,Viet Nam,Flood,1,18.0,1,100.0,300000.0,1,100.0,,0,0.0,,0,0.0
2021,11.0,2021-11,Europe,BIH,Bosnia and Herzegovina,Flood,1,,0,0.0,250000.0,1,100.0,,0,0.0,,0,0.0
2021,11.0,2021-11,Europe,ESP,Spain,Flood,1,1.0,1,100.0,100.0,1,100.0,36000000.0,1,100.0,42772000.0,1,100.0
2021,11.0,2021-11,Europe,FRA,France,Flood,1,1.0,1,100.0,302.0,1,100.0,,0,0.0,,0,0.0
2021,11.0,2021-11,Oceania,AUS,Australia,Flood,1,2.0,1,100.0,1000.0,1,100.0,100000000.0,1,100.0,118811000.0,1,100.0
2021,12.0,2021-12,Africa,STP,Sao Tome and Principe,Flood,1,8.0,1,100.0,219668.0,1,100.0,,0,0.0,,0,0.0
2021,12.0,2021-12,Africa,ZAF,South Africa,Storm,1,23.0,1,100.0,8837.0,1,100.0,,0,0.0,,0,0.0
2021,12.0,2021-12,Americas,BOL,Bolivia (Plurinational State of),Flood,1,15.0,1,100.0,60000.0,1,100.0,,0,0.0,,0,0.0
2021,12.0,2021-12,Americas,USA,United States of America,Flood,1,,0,0.0,,0,0.0,75000000.0,1,100.0,89109000.0,1,100.0
2021,12.0,2021-12,Americas,USA,United States of America,Storm,2,98.0,2,100.0,220.0,2,100.0,7100000000.0,2,100.0,8435612000.0,2,100.0
2021,12.0,2021-12,Americas,USA,United States of America,Wildfire,1,2.0,1,100.0,3654.0,1,100.0,3300000000.0,1,100.0,3920777000.0,1,100.0
2021,12.0,2021-12,Asia,CHN,China,Earthquake,1,,0,0.0,19210.0,1,100.0,71000000.0,1,100.0,84356000.0,1,100.0
2021,12.0,2021-12,Asia,IDN,Indonesia,Earthquake,1,,0,0.0,1737.0,1,100.0,,0,0.0,,0,0.0
2021,12.0,2021-12,Asia,IDN,Indonesia,Flood,3,8.0,2,66.67,149238.0,3,100.0,,0,0.0,,0,0.0
2021,12.0,2021-12,Asia,IDN,Indonesia,Volcanic activity,1,71.0,1,100.0,10992.0,1,100.0,20000000.0,1,100.0,23762000.0,1,100.0
2021,12.0,2021-12,Asia,IND,India,Storm,1,5.0,1,100.0,2050.0,1,100.0,,0,0.0,,0,0.0
2021,12.0,2021-12,Asia,IRQ,Iraq,Flood,1,14.0,1,100.0,7500.0,1,100.0,14000000.0,1,100.0,16634000.0,1,100.0
2021,12.0,2021-12,Asia,LAO,Lao People's Democratic Republic,Earthquake,1,,0,0.0,,0,0.0,120000.0,1,100.0,143000.0,1,100.0
2021,12.0,2021-12,Asia,MYS,Malaysia,Flood,1,56.0,1,100.0,120000.0,1,100.0,1460000000.0,1,100.0,1734647000.0,1,100.0
2021,12.0,2021-12,Asia,PHL,Philippines,Storm,1,457.0,1,100.0,10608996.0,1,100.0,915271000.0,1,100.0,1087447000.0,1,100.0
2021,12.0,2021-12,Asia,VNM,Viet Nam,Storm,1,3.0,1,100.0,,0,0.0,9000000.0,1,100.0,10693000.0,1,100.0
2021,12.0,2021-12,Europe,FRA,France,Flood,1,,0,0.0,100.0,1,100.0,23000000.0,1,100.0,27327000.0,1,100.0
2022,1.0,2022-01,Africa,MDG,Madagascar,Flood,1,34.0,1,100.0,62114.0,1,100.0,,0,0.0,,0,0.0
2022,1.0,2022-01,Africa,MDG,Madagascar,Storm,1,55.0,1,100.0,131555.0,1,100.0,,0,0.0,,0,0.0
2022,1.0,2022-01,Africa,MOZ,Mozambique,Storm,1,38.0,1,100.0,185636.0,1,100.0,,0,0.0,,0,0.0
2022,1.0,2022-01,Africa,MWI,Malawi,Storm,1,64.0,1,100.0,945934.0,1,100.0,,0,0.0,,0,0.0
2022,1.0,2022-01,Africa,RWA,Rwanda,Flood,1,15.0,1,100.0,787.0,1,100.0,,0,0.0,,0,0.0
2022,1.0,2022-01,Africa,UGA,Uganda,Flood,1,9.0,1,100.0,1500.0,1,100.0,,0,0.0,,0,0.0
2022,1.0,2022-01,Africa,ZAF,South Africa,Flood,2,11.0,2,100.0,100.0,1,50.0,175000000.0,2,100.0,192513000.0,2,100.0
2022,1.0,2022-01,Africa,ZMB,Zambia,Flood,1,3.0,1,100.0,21582.0,1,100.0,,0,0.0,,0,0.0
2022,1.0,2022-01,Africa,ZWE,Zimbabwe,Flood,1,,0,0.0,,0,0.0,,0,0.0,,0,0.0
2022,1.0,2022-01,Africa,ZWE,Zimbabwe,Storm,1,,0,0.0,3000.0,1,100.0,,0,0.0,,0,0.0
2022,1.0,2022-01,Americas,ARG,Argentina,Wildfire,1,,0,0.0,124085.0,1,100.0,770000000.0,1,100.0,847060000.0,1,100.0
2022,1.0,2022-01,Americas,BRA,Brazil,Drought,1,,0,0.0,,0,0.0,4000000000.0,1,100.0,4400309000.0,1,100.0
2022,1.0,2022-01,Americas,BRA,Brazil,Flood,2,50.0,2,100.0,3044.0,2,100.0,162000000.0,2,100.0,178213000.0,2,100.0
2022,1.0,2022-01,Americas,ECU,Ecuador,Flood,1,29.0,1,100.0,7322.0,1,100.0,53000000.0,1,100.0,58304000.0,1,100.0
2022,1.0,2022-01,Americas,HTI,Haiti,Earthquake,1,2.0,1,100.0,1017.0,1,100.0,,0,0.0,,0,0.0
2022,1.0,2022-01,Americas,HTI,Haiti,Flood,1,5.0,1,100.0,12500.0,1,100.0,,0,0.0,,0,0.0
2022,1.0,2022-01,Americas,PER,Peru,Flood,1,1.0,1,100.0,500.0,1,100.0,,0,0.0,,0,0.0
2022,1.0,2022-01,Americas,PER,Peru,Volcanic activity,1,2.0,1,100.0,,0,0.0,,0,0.0,,0,0.0
2022,1.0,2022-01,Americas,URY,Uruguay,Flood,1,,0,0.0,160.0,1,100.0,,0,0.0,,0,0.0
2022,1.0,2022-01,Americas,USA,United States of America,Drought,1,136.0,1,100.0,,0,0.0,22000000000.0,1,100.0,24201702000.0,1,100.0
2022,1.0,2022-01,Americas,USA,United States of America,Storm,1,5.0,1,100.0,,0,0.0,525000000.0,1,100.0,577541000.0,1,100.0
2022,1.0,2022-01,Asia,AFG,Afghanistan,Earthquake,1,28.0,1,100.0,4004.0,1,100.0,,0,0.0,,0,0.0
2022,1.0,2022-01,Asia,CHN,China,Drought,1,,0,0.0,6100000.0,1,100.0,7600000000.0,1,100.0,8360588000.0,1,100.0
2022,1.0,2022-01,Asia,CHN,China,Earthquake,2,,0,0.0,55529.0,2,100.0,595000000.0,2,100.0,654546000.0,2,100.0
2022,1.0,2022-01,Asia,CHN,China,Mass movement (wet),1,13.0,1,100.0,3.0,1,100.0,,0,0.0,,0,0.0
2022,1.0,2022-01,Asia,IDN,Indonesia,Earthquake,2,,0,0.0,15692.0,2,100.0,23000000.0,1,50.0,25302000.0,1,50.0
2022,1.0,2022-01,Asia,IDN,Indonesia,Flood,1,10.0,1,100.0,6500.0,1,100.0,,0,0.0,,0,0.0
2022,1.0,2022-01,Asia,IRN,Iran (Islamic Republic of),Flood,2,6.0,1,50.0,38015.0,2,100.0,,0,0.0,,0,0.0
2022,1.0,2022-01,Asia,PAK,Pakistan,Storm,1,22.0,1,100.0,,0,0.0,,0,0.0,,0,0.0
2022,1.0,2022-01,Asia,PSE,State of Palestine,Extreme temperature,1,4.0,1,100.0,3500.0,1,100.0,,0,0.0,,0,0.0
2022,1.0,2022-01,Asia,SYR,Syrian Arab Republic,Storm,1,2.0,1,100.0,362700.0,1,100.0,,0,0.0,,0,0.0
2022,1.0,2022-01,Asia,TLS,Timor-Leste,Epidemic,1,20.0,1,100.0,1353.0,1,100.0,,0,0.0,,0,0.0
2022,1.0,2022-01,Europe,CZE,Czechia,Storm,1,1.0,1,100.0,,0,0.0,,0,0.0,,0,0.0
2022,1.0,2022-01,Europe,DEU,Germany,Storm,1,1.0,1,100.0,2.0,1,100.0,,0,0.0,,0,0.0
2022,1.0,2022-01,Europe,DNK,Denmark,Storm,1,1.0,1,100.0,3.0,1,100.0,,0,0.0,,0,0.0
2022,1.0,2022-01,Europe,GBR,United Kingdom of Great Britain and Northern Ireland,Storm,1,2.0,1,100.0,,0,0.0,,0,0.0,,0,0.0
2022,1.0,2022-01,Europe,NOR,Norway,Storm,1,,0,0.0,,0,0.0,,0,0.0,,0,0.0
2022,1.0,2022-01,Europe,POL,Poland,Storm,1,1.0,1,100.0,12.0,1,100.0,,0,0.0,,0,0.0
2022,1.0,2022-01,Oceania,AUS,Australia,Flood,1,2.0,1,100.0,200.0,1,100.0,80000000.0,1,100.0,88006000.0,1,100.0
2022,1.0,2022-01,Oceania,FJI,Fiji,Storm,1,1.0,1,100.0,69564.0,1,100.0,25000000.0,1,100.0,27502000.0,1,100.0
2022,1.0,2022-01,Oceania,MHL,Marshall Islands,Drought,1,,0,0.0,4480.0,1,100.0,,0,0.0,,0,0.0
2022,1.0,2022-01,Oceania,TON,Tonga,Volcanic activity,1,4.0,1,100.0,84176.0,1,100.0,118000000.0,1,100.0,129809000.0,1,100.0
2022,2.0,2022-02,Africa,CAF,Central African Republic,Wildfire,1,,0,0.0,30000.0,1,100.0,,0,0.0,,0,0.0
2022,2.0,2022-02,Africa,MDG,Madagascar,Storm,3,121.0,3,100.0,291015.0,3,100.0,16000000.0,1,33.33,17601000.0,1,33.33
2022,2.0,2022-02,Africa,MOZ,Mozambique,Storm,1,14.0,1,100.0,23733.0,1,100.0,,0,0.0,,0,0.0
2022,2.0,2022-02,Africa,MUS,Mauritius,Storm,1,1.0,1,100.0,139.0,1,100.0,,0,0.0,,0,0.0
2022,2.0,2022-02,Africa,MWI,Malawi,Epidemic,1,,0,0.0,,0,0.0,,0,0.0,,0,0.0
2022,2.0,2022-02,Africa,REU,Réunion,Storm,1,,0,0.0,13.0,1,100.0,,0,0.0,,0,0.0
2022,2.0,2022-02,Africa,ZAF,South Africa,Flood,2,7.0,2,100.0,325.0,2,100.0,,0,0.0,,0,0.0
2022,2.0,2022-02,Americas,BOL,Bolivia (Plurinational State of),Flood,1,60.0,1,100.0,375000.0,1,100.0,,0,0.0,,0,0.0
2022,2.0,2022-02,Americas,BRA,Brazil,Flood,1,272.0,1,100.0,16083.0,1,100.0,27000000.0,1,100.0,29702000.0,1,100.0
2022,2.0,2022-02,Americas,COL,Colombia,Flood,1,1.0,1,100.0,1650.0,1,100.0,11000000.0,1,100.0,12101000.0,1,100.0
2022,2.0,2022-02,Americas,COL,Colombia,Mass movement (wet),1,19.0,1,100.0,9151.0,1,100.0,,0,0.0,,0,0.0
2022,2.0,2022-02,Americas,DOM,Dominican Republic,Flood,1,,0,0.0,257.0,1,100.0,,0,0.0,,0,0.0
2022,2.0,2022-02,Americas,GTM,Guatemala,Earthquake,1,3.0,1,100.0,31302.0,1,100.0,,0,0.0,,0,0.0
2022,2.0,2022-02,Americas,HND,Honduras,Flood,1,,0,0.0,1800.0,1,100.0,,0,0.0,,0,0.0
2022,2.0,2022-02,Americas,PER,Peru,Earthquake,1,,0,0.0,300.0,1,100.0,,0,0.0,,0,0.0
2022,2.0,2022-02,Americas,PRI,Puerto Rico,Flood,1,,0,0.0,,0,0.0,17000000.0,1,100.0,18701000.0,1,100.0
2022,2.0,2022-02,Americas,USA,United States of America,Storm,1,10.0,1,100.0,,0,0.0,526000000.0,1,100.0,578641000.0,1,100.0
2022,2.0,2022-02,Asia,AFG,Afghanistan,Mass movement (wet),1,19.0,1,100.0,,0,0.0,,0,0.0,,0,0.0
2022,2.0,2022-02,Asia,IDN,Indonesia,Earthquake,1,15.0,1,100.0,24903.0,1,100.0,39000000.0,1,100.0,42903000.0,1,100.0
2022,2.0,2022-02,Asia,IDN,Indonesia,Flood,2,14.0,2,100.0,46500.0,2,100.0,74000000.0,2,100.0,81406000.0,2,100.0
2022,2.0,2022-02,Asia,KOR,Republic of Korea,Wildfire,1,,0,0.0,8080.0,1,100.0,,0,0.0,,0,0.0
2022,2.0,2022-02,Asia,MYS,Malaysia,Flood,1,6.0,1,100.0,26000.0,1,100.0,240000.0,1,100.0,264000.0,1,100.0
2022,2.0,2022-02,Asia,THA,Thailand,Flood,1,6.0,1,100.0,60000.0,1,100.0,,0,0.0,,0,0.0
2022,2.0,2022-02,Europe,BEL,Belgium,Storm,1,2.0,1,100.0,,0,0.0,,0,0.0,,0,0.0
2022,2.0,2022-02,Europe,CZE,Czechia,Storm,1,,0,0.0,3.0,1,100.0,,0,0.0,,0,0.0
2022,2.0,2022-02,Europe,DEU,Germany,Storm,2,6.0,2,100.0,,0,0.0,1023156000.0,1,50.0,1125551000.0,1,50.0
2022,2.0,2022-02,Europe,FRA,France,Storm,1,,0,0.0,28.0,1,100.0,,0,0.0,,0,0.0
2022,2.0,2022-02,Europe,GBR,United Kingdom of Great Britain and Northern Ireland,Storm,2,4.0,2,100.0,,0,0.0,491342000.0,1,50.0,540514000.0,1,50.0
2022,2.0,2022-02,Europe,IRL,Ireland,Storm,1,1.0,1,100.0,,0,0.0,,0,0.0,,0,0.0
2022,2.0,2022-02,Europe,NLD,Netherlands (Kingdom of the),Storm,1,4.0,1,100.0,,0,0.0,568420000.0,1,100.0,625306000.0,1,100.0
2022,2.0,2022-02,Europe,POL,Poland,Storm,2,6.0,2,100.0,1500.0,1,50.0,,0,0.0,,0,0.0
2022,2.0,2022-02,Oceania,AUS,Australia,Flood,1,22.0,1,100.0,54000.0,1,100.0,6600000000.0,1,100.0,7260511000.0,1,100.0
2022,3.0,2022-03,Africa,MDG,Madagascar,Storm,1,2.0,1,100.0,900.0,1,100.0,,0,0.0,,0,0.0
2022,3.0,2022-03,Africa,MOZ,Mozambique,Storm,1,63.0,1,100.0,736123.0,1,100.0,,0,0.0,,0,0.0
2022,3.0,2022-03,Africa,MWI,Malawi,Epidemic,1,1769.0,1,100.0,59088.0,1,100.0,,0,0.0,,0,0.0
2022,3.0,2022-03,Africa,MWI,Malawi,Storm,1,7.0,1,100.0,,0,0.0,,0,0.0,,0,0.0
2022,3.0,2022-03,Africa,STP,Sao Tome and Principe,Epidemic,1,,0,0.0,1187.0,1,100.0,,0,0.0,,0,0.0
2022,3.0,2022-03,Africa,TUN,Tunisia,Flood,1,1.0,1,100.0,4000.0,1,100.0,,0,0.0,,0,0.0
2022,3.0,2022-03,Americas,BRA,Brazil,Flood,1,8.0,1,100.0,800.0,1,100.0,,0,0.0,,0,0.0
2022,3.0,2022-03,Americas,COL,Colombia,Flood,1,10.0,1,100.0,5514.0,1,100.0,,0,0.0,,0,0.0
2022,3.0,2022-03,Americas,COL,Colombia,Mass movement (wet),1,22.0,1,100.0,21521.0,1,100.0,,0,0.0,,0,0.0
2022,3.0,2022-03,Americas,DOM,Dominican Republic,Flood,1,,0,0.0,210.0,1,100.0,,0,0.0,,0,0.0
2022,3.0,2022-03,Americas,ECU,Ecuador,Earthquake,1,1.0,1,100.0,7804.0,1,100.0,,0,0.0,,0,0.0
2022,3.0,2022-03,Americas,ECU,Ecuador,Flood,3,44.0,2,66.67,27457.0,3,100.0,,0,0.0,,0,0.0
2022,3.0,2022-03,Americas,HTI,Haiti,Flood,1,2.0,1,100.0,500.0,1,100.0,,0,0.0,,0,0.0
2022,3.0,2022-03,Americas,PER,Peru,Mass movement (wet),1,10.0,1,100.0,3113.0,1,100.0,,0,0.0,,0,0.0
2022,3.0,2022-03,Americas,SUR,Suriname,Flood,1,,0,0.0,9000.0,1,100.0,21000000.0,1,100.0,23102000.0,1,100.0
2022,3.0,2022-03,Americas,USA,United States of America,Storm,3,15.0,3,100.0,230.0,3,100.0,5120000000.0,3,100.0,5632396000.0,3,100.0
2022,3.0,2022-03,Americas,USA,United States of America,Wildfire,1,,0,0.0,264.0,1,100.0,,0,0.0,,0,0.0
2022,3.0,2022-03,Asia,IDN,Indonesia,Flood,1,4.0,1,100.0,16003.0,1,100.0,,0,0.0,,0,0.0
2022,3.0,2022-03,Asia,IDN,Indonesia,Volcanic activity,1,,0,0.0,253.0,1,100.0,,0,0.0,,0,0.0
2022,3.0,2022-03,Asia,IND,India,Extreme temperature,1,25.0,1,100.0,,0,0.0,,0,0.0,,0,0.0
2022,3.0,2022-03,Asia,JPN,Japan,Earthquake,1,3.0,1,100.0,741.0,1,100.0,8800000000.0,1,100.0,9680681000.0,1,100.0
2022,3.0,2022-03,Asia,MYS,Malaysia,Flood,1,,0,0.0,1290.0,1,100.0,,0,0.0,,0,0.0
2022,3.0,2022-03,Asia,PAK,Pakistan,Extreme temperature,1,,0,0.0,,0,0.0,,0,0.0,,0,0.0
2022,3.0,2022-03,Asia,PHL,Philippines,Volcanic activity,1,,0,0.0,10415.0,1,100.0,,0,0.0,,0,0.0
2022,3.0,2022-03,Asia,VNM,Viet Nam,Flood,1,,0,0.0,226.0,1,100.0,,0,0.0,,0,0.0
2022,3.0,2022-03,Oceania,AUS,Australia,Flood,1,4.0,1,100.0,6012.0,1,100.0,,0,0.0,,0,0.0
2022,4.0,2022-04,Africa,COD,Democratic Republic of the Congo,Epidemic,2,13.0,2,100.0,748.0,2,100.0,,0,0.0,,0,0.0
2022,4.0,2022-04,Africa,COD,Democratic Republic of the Congo,Flood,1,9.0,1,100.0,,0,0.0,,0,0.0,,0,0.0
2022,4.0,2022-04,Africa,LBR,Liberia,Epidemic,1,71.0,1,100.0,5528.0,1,100.0,,0,0.0,,0,0.0
2022,4.0,2022-04,Africa,MDG,Madagascar,Storm,1,12.0,1,100.0,4800.0,1,100.0,,0,0.0,,0,0.0
2022,4.0,2022-04,Africa,NGA,Nigeria,Storm,1,7.0,1,100.0,1500.0,1,100.0,,0,0.0,,0,0.0
2022,4.0,2022-04,Africa,RWA,Rwanda,Flood,1,11.0,1,100.0,513.0,1,100.0,,0,0.0,,0,0.0
2022,4.0,2022-04,Africa,TZA,United Republic of Tanzania,Epidemic,1,4.0,1,100.0,57083.0,1,100.0,,0,0.0,,0,0.0
2022,4.0,2022-04,Africa,TZA,United Republic of Tanzania,Flood,1,10.0,1,100.0,3500.0,1,100.0,,0,0.0,,0,0.0
2022,4.0,2022-04,Africa,ZAF,South Africa,Flood,1,544.0,1,100.0,142290.0,1,100.0,3500000000.0,1,100.0,3850271000.0,1,100.0
2022,4.0,2022-04,Africa,ZWE,Zimbabwe,Epidemic,1,750.0,1,100.0,6551.0,1,100.0,,0,0.0,,0,0.0
2022,4.0,2022-04,Americas,BRA,Brazil,Flood,1,23.0,1,100.0,31500.0,1,100.0,136000000.0,1,100.0,149611000.0,1,100.0
2022,4.0,2022-04,Americas,CAN,Canada,Flood,1,,0,0.0,1000.0,1,100.0,,0,0.0,,0,0.0
2022,4.0,2022-04,Americas,CAN,Canada,Storm,1,,0,0.0,,0,0.0,,0,0.0,,0,0.0
2022,4.0,2022-04,Americas,COL,Colombia,Flood,3,37.0,3,100.0,8126.0,2,66.67,,0,0.0,,0,0.0
2022,4.0,2022-04,Americas,USA,United States of America,Flood,1,,0,0.0,,0,0.0,,0,0.0,,0,0.0
2022,4.0,2022-04,Americas,USA,United States of America,Storm,5,7.0,3,60.0,349.0,2,40.0,8089000000.0,5,100.0,8898526000.0,5,100.0
2022,4.0,2022-04,Americas,USA,United States of America,Wildfire,2,2.0,1,50.0,1543.0,2,100.0,155000000.0,1,50.0,170512000.0,1,50.0
2022,4.0,2022-04,Americas,VEN,Venezuela (Bolivarian Republic of),Flood,1,1.0,1,100.0,86800.0,1,100.0,,0,0.0,,0,0.0
2022,4.0,2022-04,Asia,IND,India,Storm,1,20.0,1,100.0,95000.0,1,100.0,,0,0.0,,0,0.0
2022,4.0,2022-04,Asia,PHL,Philippines,Flood,1,3.0,1,100.0,1955.0,1,100.0,,0,0.0,,0,0.0
2022,4.0,2022-04,Asia,PHL,Philippines,Storm,1,346.0,1,100.0,2298788.0,1,100.0,41556000.0,1,100.0,45715000.0,1,100.0
2022,4.0,2022-04,Asia,THA,Thailand,Flood,1,,0,0.0,108500.0,1,100.0,13000000.0,1,100.0,14301000.0,1,100.0
2022,4.0,2022-04,Asia,UZB,Uzbekistan,Flood,1,5.0,1,100.0,165.0,1,100.0,,0,0.0,,0,0.0
2022,4.0,2022-04,Europe,BIH,Bosnia and Herzegovina,Earthquake,1,1.0,1,100.0,1052.0,1,100.0,26000000.0,1,100.0,28602000.0,1,100.0
2022,4.0,2022-04,Europe,GBR,United Kingdom of Great Britain and Northern Ireland,Drought,1,,0,0.0,,0,0.0,,0,0.0,,0,0.0
2022,5.0,2022-05,Africa,SDN,Sudan,Flood,1,146.0,1,100.0,349122.0,1,100.0,10000000.0,1,100.0,11001000.0,1,100.0
2022,5.0,2022-05,Africa,SOM,Somalia,Flood,1,,0,0.0,4416.0,1,100.0,,0,0.0,,0,0.0
2022,5.0,2022-05,Africa,ZAF,South Africa,Flood,1,,0,0.0,200.0,1,100.0,,0,0.0,,0,0.0
2022,5.0,2022-05,Americas,BRA,Brazil,Flood,2,119.0,2,100.0,68304.0,2,100.0,552000000.0,2,100.0,607243000.0,2,100.0
2022,5.0,2022-05,Americas,CAN,Canada,Flood,1,,0,0.0,1000.0,1,100.0,36000000.0,1,100.0,39603000.0,1,100.0
2022,5.0,2022-05,Americas,CAN,Canada,Storm,1,12.0,1,100.0,,0,0.0,,0,0.0,,0,0.0
2022,5.0,2022-05,Americas,COL,Colombia,Flood,1,,0,0.0,5000.0,1,100.0,,0,0.0,,0,0.0
2022,5.0,2022-05,Americas,GTM,Guatemala,Flood,1,48.0,1,100.0,2890023.0,1,100.0,204000000.0,1,100.0,224416000.0,1,100.0
2022,5.0,2022-05,Americas,GUY,Guyana,Flood,1,,0,0.0,500.0,1,100.0,,0,0.0,,0,0.0
2022,5.0,2022-05,Americas,MEX,Mexico,Storm,1,31.0,1,100.0,,0,0.0,51000000.0,1,100.0,56104000.0,1,100.0
2022,5.0,2022-05,Americas,USA,United States of America,Storm,2,7.0,2,100.0,12.0,1,50.0,3700000000.0,2,100.0,4070286000.0,2,100.0
2022,5.0,2022-05,Asia,AFG,Afghanistan,Flood,1,20.0,1,100.0,810.0,1,100.0,,0,0.0,,0,0.0
2022,5.0,2022-05,Asia,BGD,Bangladesh,Flood,1,141.0,1,100.0,7200000.0,1,100.0,462500000.0,1,100.0,508786000.0,1,100.0
2022,5.0,2022-05,Asia,CHN,China,Flood,1,48.0,1,100.0,,0,0.0,5000000000.0,1,100.0,5500387000.0,1,100.0
2022,5.0,2022-05,Asia,CYP,Cyprus,Extreme temperature,1,101.0,1,100.0,,0,0.0,,0,0.0,,0,0.0
2022,5.0,2022-05,Asia,IDN,Indonesia,Flood,1,,0,0.0,17201.0,1,100.0,,0,0.0,,0,0.0
2022,5.0,2022-05,Asia,IND,India,Flood,1,2035.0,1,100.0,1301260.0,1,100.0,4200000000.0,1,100.0,4620325000.0,1,100.0
2022,5.0,2022-05,Asia,IRQ,Iraq,Storm,1,1.0,1,100.0,5000.0,1,100.0,,0,0.0,,0,0.0
2022,5.0,2022-05,Asia,LKA,Sri Lanka,Storm,1,1.0,1,100.0,22338.0,1,100.0,,0,0.0,,0,0.0
2022,5.0,2022-05,Asia,PAK,Pakistan,Wildfire,1,4.0,1,100.0,4004.0,1,100.0,,0,0.0,,0,0.0
2022,5.0,2022-05,Asia,THA,Thailand,Flood,2,,0,0.0,5280.0,2,100.0,,0,0.0,,0,0.0
2022,5.0,2022-05,Asia,THA,Thailand,Storm,1,1.0,1,100.0,1050.0,1,100.0,,0,0.0,,0,0.0
2022,5.0,2022-05,Asia,VNM,Viet Nam,Flood,1,13.0,1,100.0,2554.0,1,100.0,,0,0.0,,0,0.0
2022,5.0,2022-05,Asia,VNM,Viet Nam,Storm,1,9.0,1,100.0,500.0,1,100.0,,0,0.0,,0,0.0
2022,5.0,2022-05,Europe,ALB,Albania,Extreme temperature,1,352.0,1,100.0,,0,0.0,,0,0.0,,0,0.0
2022,5.0,2022-05,Europe,AUT,Austria,Extreme temperature,1,419.0,1,100.0,,0,0.0,,0,0.0,,0,0.0
2022,5.0,2022-05,Europe,BEL,Belgium,Extreme temperature,1,434.0,1,100.0,,0,0.0,,0,0.0,,0,0.0
2022,5.0,2022-05,Europe,BGR,Bulgaria,Extreme temperature,1,1277.0,1,100.0,,0,0.0,,0,0.0,,0,0.0
2022,5.0,2022-05,Europe,CHE,Switzerland,Extreme temperature,1,302.0,1,100.0,,0,0.0,,0,0.0,,0,0.0
2022,5.0,2022-05,Europe,CZE,Czechia,Extreme temperature,1,279.0,1,100.0,,0,0.0,,0,0.0,,0,0.0
2022,5.0,2022-05,Europe,DEU,Germany,Extreme temperature,1,8173.0,1,100.0,,0,0.0,,0,0.0,,0,0.0
2022,5.0,2022-05,Europe,DNK,Denmark,Extreme temperature,1,252.0,1,100.0,,0,0.0,,0,0.0,,0,0.0
2022,5.0,2022-05,Europe,ESP,Spain,Extreme temperature,1,11324.0,1,100.0,,0,0.0,,0,0.0,,0,0.0
2022,5.0,2022-05,Europe,EST,Estonia,Extreme temperature,1,167.0,1,100.0,,0,0.0,,0,0.0,,0,0.0
2022,5.0,2022-05,Europe,FIN,Finland,Extreme temperature,1,225.0,1,100.0,,0,0.0,,0,0.0,,0,0.0
2022,5.0,2022-05,Europe,FRA,France,Extreme temperature,1,4807.0,1,100.0,,0,0.0,,0,0.0,,0,0.0
2022,5.0,2022-05,Europe,GBR,United Kingdom of Great Britain and Northern Ireland,Extreme temperature,1,3469.0,1,100.0,,0,0.0,,0,0.0,,0,0.0
2022,5.0,2022-05,Europe,GRC,Greece,Extreme temperature,1,3092.0,1,100.0,,0,0.0,,0,0.0,,0,0.0
2022,5.0,2022-05,Europe,HRV,Croatia,Extreme temperature,1,731.0,1,100.0,,0,0.0,,0,0.0,,0,0.0
2022,5.0,2022-05,Europe,HUN,Hungary,Extreme temperature,1,513.0,1,100.0,,0,0.0,,0,0.0,,0,0.0
2022,5.0,2022-05,Europe,IRL,Ireland,Extreme temperature,1,26.0,1,100.0,,0,0.0,,0,0.0,,0,0.0
2022,5.0,2022-05,Europe,ITA,Italy,Extreme temperature,1,18010.0,1,100.0,,0,0.0,,0,0.0,,0,0.0
2022,5.0,2022-05,Europe,LTU,Lithuania,Extreme temperature,1,381.0,1,100.0,,0,0.0,,0,0.0,,0,0.0
2022,5.0,2022-05,Europe,LUX,Luxembourg,Extreme temperature,1,44.0,1,100.0,,0,0.0,,0,0.0,,0,0.0
2022,5.0,2022-05,Europe,LVA,Latvia,Extreme temperature,1,105.0,1,100.0,,0,0.0,,0,0.0,,0,0.0
2022,5.0,2022-05,Europe,MLT,Malta,Extreme temperature,1,76.0,1,100.0,,0,0.0,,0,0.0,,0,0.0
2022,5.0,2022-05,Europe,MNE,Montenegro,Extreme temperature,1,50.0,1,100.0,,0,0.0,,0,0.0,,0,0.0
2022,5.0,2022-05,Europe,NLD,Netherlands (Kingdom of the),Extreme temperature,1,469.0,1,100.0,,0,0.0,,0,0.0,,0,0.0
2022,5.0,2022-05,Europe,NOR,Norway,Extreme temperature,1,30.0,1,100.0,,0,0.0,,0,0.0,,0,0.0
2022,5.0,2022-05,Europe,POL,Poland,Extreme temperature,1,763.0,1,100.0,,0,0.0,,0,0.0,,0,0.0
2022,5.0,2022-05,Europe,PRT,Portugal,Extreme temperature,1,2212.0,1,100.0,,0,0.0,,0,0.0,,0,0.0
2022,5.0,2022-05,Europe,ROU,Romania,Extreme temperature,1,2455.0,1,100.0,,0,0.0,,0,0.0,,0,0.0
2022,5.0,2022-05,Europe,RUS,Russian Federation,Wildfire,1,16.0,1,100.0,2202.0,1,100.0,,0,0.0,,0,0.0
2022,5.0,2022-05,Europe,SRB,Serbia,Extreme temperature,1,574.0,1,100.0,,0,0.0,,0,0.0,,0,0.0
2022,5.0,2022-05,Europe,SVK,Slovakia,Extreme temperature,1,365.0,1,100.0,,0,0.0,,0,0.0,,0,0.0
2022,5.0,2022-05,Europe,SVN,Slovenia,Extreme temperature,1,154.0,1,100.0,,0,0.0,,0,0.0,,0,0.0
2022,5.0,2022-05,Europe,SWE,Sweden,Extreme temperature,1,40.0,1,100.0,,0,0.0,,0,0.0,,0,0.0
2022,6.0,2022-06,Africa,CIV,Côte d’Ivoire,Flood,1,13.0,1,100.0,11592.0,1,100.0,,0,0.0,,0,0.0
2022,6.0,2022-06,Africa,CMR,Cameroon,Flood,1,2.0,1,100.0,153095.0,1,100.0,15000000.0,1,100.0,16501000.0,1,100.0
2022,6.0,2022-06,Africa,DJI,Djibouti,Drought,1,,0,0.0,192168.0,1,100.0,,0,0.0,,0,0.0
2022,6.0,2022-06,Africa,NER,Niger,Flood,1,195.0,1,100.0,322185.0,1,100.0,,0,0.0,,0,0.0
2022,6.0,2022-06,Africa,TCD,Chad,Drought,1,,0,0.0,2135362.0,1,100.0,,0,0.0,,0,0.0
2022,6.0,2022-06,Africa,TCD,Chad,Flood,1,22.0,1,100.0,1100229.0,1,100.0,,0,0.0,,0,0.0
2022,6.0,2022-06,Africa,ZAF,South Africa,Flood,1,,0,0.0,204.0,1,100.0,,0,0.0,,0,0.0
2022,6.0,2022-06,Americas,CUB,Cuba,Flood,1,3.0,1,100.0,2300.0,1,100.0,25000000.0,1,100.0,27502000.0,1,100.0
2022,6.0,2022-06,Americas,CUB,Cuba,Storm,1,3.0,1,100.0,6780.0,1,100.0,,0,0.0,,0,0.0
2022,6.0,2022-06,Americas,USA,United States of America,Flood,1,,0,0.0,600.0,1,100.0,,0,0.0,,0,0.0
2022,6.0,2022-06,Asia,AFG,Afghanistan,Earthquake,1,1163.0,1,100.0,364623.0,1,100.0,,0,0.0,,0,0.0
2022,6.0,2022-06,Asia,AFG,Afghanistan,Flood,2,63.0,2,100.0,15933.0,2,100.0,,0,0.0,,0,0.0
2022,6.0,2022-06,Asia,CHN,China,Earthquake,2,4.0,1,50.0,14325.0,2,100.0,42000000.0,1,50.0,46203000.0,1,50.0
2022,6.0,2022-06,Asia,GEO,Georgia,Flood,1,,0,0.0,5200.0,1,100.0,,0,0.0,,0,0.0
2022,6.0,2022-06,Asia,IND,India,Mass movement (wet),1,67.0,1,100.0,,0,0.0,,0,0.0,,0,0.0
2022,6.0,2022-06,Asia,JPN,Japan,Extreme temperature,1,80.0,1,100.0,14300.0,1,100.0,,0,0.0,,0,0.0
2022,6.0,2022-06,Asia,MNG,Mongolia,Flood,1,,0,0.0,4269.0,1,100.0,,0,0.0,,0,0.0
2022,6.0,2022-06,Asia,NPL,Nepal,Epidemic,1,,0,0.0,30000.0,1,100.0,,0,0.0,,0,0.0
2022,6.0,2022-06,Asia,NPL,Nepal,Storm,1,21.0,1,100.0,544.0,1,100.0,,0,0.0,,0,0.0
2022,6.0,2022-06,Asia,PAK,Pakistan,Earthquake,1,43.0,1,100.0,,0,0.0,,0,0.0,,0,0.0
2022,6.0,2022-06,Asia,PAK,Pakistan,Flood,1,1739.0,1,100.0,33012865.0,1,100.0,15000000000.0,1,100.0,16501160000.0,1,100.0
2022,6.0,2022-06,Asia,TUR,Türkiye,Flood,1,3.0,1,100.0,115.0,1,100.0,,0,0.0,,0,0.0
2022,6.0,2022-06,Asia,YEM,Yemen,Flood,1,,0,0.0,41000.0,1,100.0,,0,0.0,,0,0.0
2022,6.0,2022-06,Europe,ESP,Spain,Wildfire,1,,0,0.0,3500.0,1,100.0,,0,0.0,,0,0.0
2022,6.0,2022-06,Europe,FRA,France,Storm,1,1.0,1,100.0,60015.0,1,100.0,,0,0.0,,0,0.0
2022,6.0,2022-06,Europe,ITA,Italy,Drought,1,,0,0.0,,0,0.0,,0,0.0,,0,0.0
2022,6.0,2022-06,Europe,LIE,Liechtenstein,Extreme temperature,1,,0,0.0,,0,0.0,,0,0.0,,0,0.0
2022,6.0,2022-06,Europe,RUS,Russian Federation,Storm,1,6.0,1,100.0,300.0,1,100.0,,0,0.0,,0,0.0
2022,7.0,2022-07,Africa,CAF,Central African Republic,Flood,1,16.0,1,100.0,118003.0,1,100.0,,0,0.0,,0,0.0
2022,7.0,2022-07,Africa,GMB,Gambia,Flood,1,6.0,1,100.0,17201.0,1,100.0,,0,0.0,,0,0.0
2022,7.0,2022-07,Africa,MLI,Mali,Flood,1,10.0,1,100.0,79012.0,1,100.0,,0,0.0,,0,0.0
2022,7.0,2022-07,Africa,MRT,Mauritania,Flood,1,14.0,1,100.0,28926.0,1,100.0,,0,0.0,,0,0.0
2022,7.0,2022-07,Africa,NGA,Nigeria,Flood,1,603.0,1,100.0,2802500.0,1,100.0,4200000000.0,1,100.0,4620325000.0,1,100.0
2022,7.0,2022-07,Africa,UGA,Uganda,Drought,1,2465.0,1,100.0,518000.0,1,100.0,,0,0.0,,0,0.0
2022,7.0,2022-07,Africa,UGA,Uganda,Flood,1,32.0,1,100.0,78338.0,1,100.0,,0,0.0,,0,0.0
2022,7.0,2022-07,Americas,BRA,Brazil,Flood,1,12.0,1,100.0,67500.0,1,100.0,264000000.0,1,100.0,290420000.0,1,100.0
2022,7.0,2022-07,Americas,ECU,Ecuador,Flood,1,3.0,1,100.0,600.0,1,100.0,,0,0.0,,0,0.0
2022,7.0,2022-07,Americas,HND,Honduras,Flood,1,9.0,1,100.0,76657.0,1,100.0,,0,0.0,,0,0.0
2022,7.0,2022-07,Americas,NIC,Nicaragua,Storm,1,4.0,1,100.0,3012.0,1,100.0,,0,0.0,,0,0.0
2022,7.0,2022-07,Americas,PER,Peru,Earthquake,1,,0,0.0,302.0,1,100.0,,0,0.0,,0,0.0
2022,7.0,2022-07,Americas,SLV,El Salvador,Storm,1,1.0,1,100.0,100.0,1,100.0,,0,0.0,,0,0.0
2022,7.0,2022-07,Americas,USA,United States of America,Flood,1,42.0,1,100.0,475.0,1,100.0,1500000000.0,1,100.0,1650116000.0,1,100.0
2022,7.0,2022-07,Americas,USA,United States of America,Wildfire,1,4.0,1,100.0,595.0,1,100.0,151000000.0,1,100.0,166112000.0,1,100.0
2022,7.0,2022-07,Asia,AFG,Afghanistan,Flood,1,13.0,1,100.0,20.0,1,100.0,,0,0.0,,0,0.0
2022,7.0,2022-07,Asia,CHN,China,Flood,1,24.0,1,100.0,3000.0,1,100.0,,0,0.0,,0,0.0
2022,7.0,2022-07,Asia,CHN,China,Storm,1,24.0,1,100.0,,0,0.0,463000000.0,1,100.0,509336000.0,1,100.0
2022,7.0,2022-07,Asia,IDN,Indonesia,Flood,1,7.0,1,100.0,3126.0,1,100.0,,0,0.0,,0,0.0
2022,7.0,2022-07,Asia,IRN,Iran (Islamic Republic of),Earthquake,1,5.0,1,100.0,22300.0,1,100.0,143000000.0,1,100.0,157311000.0,1,100.0
2022,7.0,2022-07,Asia,IRN,Iran (Islamic Republic of),Flood,1,92.0,1,100.0,126775.0,1,100.0,201000000.0,1,100.0,221116000.0,1,100.0
2022,7.0,2022-07,Asia,JPN,Japan,Storm,1,,0,0.0,392.0,1,100.0,,0,0.0,,0,0.0
2022,7.0,2022-07,Asia,KGZ,Kyrgyzstan,Extreme temperature,1,,0,0.0,13850.0,1,100.0,,0,0.0,,0,0.0
2022,7.0,2022-07,Asia,KOR,Republic of Korea,Extreme temperature,1,2.0,1,100.0,355.0,1,100.0,,0,0.0,,0,0.0
2022,7.0,2022-07,Asia,MYS,Malaysia,Flood,1,3.0,1,100.0,228.0,1,100.0,,0,0.0,,0,0.0
2022,7.0,2022-07,Asia,NPL,Nepal,Mass movement (wet),1,22.0,1,100.0,550.0,1,100.0,,0,0.0,,0,0.0
2022,7.0,2022-07,Asia,PHL,Philippines,Earthquake,1,10.0,1,100.0,502856.0,1,100.0,151000000.0,1,100.0,166112000.0,1,100.0
2022,7.0,2022-07,Asia,THA,Thailand,Flood,1,2.0,1,100.0,2300.0,1,100.0,,0,0.0,,0,0.0
2022,7.0,2022-07,Asia,YEM,Yemen,Flood,1,77.0,1,100.0,175000.0,1,100.0,,0,0.0,,0,0.0
2022,7.0,2022-07,Europe,FRA,France,Drought,1,,0,0.0,,0,0.0,,0,0.0,,0,0.0
2022,7.0,2022-07,Europe,GRC,Greece,Wildfire,1,,0,0.0,55000.0,1,100.0,,0,0.0,,0,0.0
2022,7.0,2022-07,Europe,ITA,Italy,Glacial lake outburst flood,1,11.0,1,100.0,,0,0.0,,0,0.0,,0,0.0
2022,7.0,2022-07,Europe,PRT,Portugal,Drought,1,,0,0.0,,0,0.0,,0,0.0,,0,0.0
2022,7.0,2022-07,Europe,PRT,Portugal,Wildfire,1,3.0,1,100.0,187.0,1,100.0,,0,0.0,,0,0.0
2022,7.0,2022-07,Europe,RUS,Russian Federation,Flood,1,1.0,1,100.0,750.0,1,100.0,,0,0.0,,0,0.0
2022,7.0,2022-07,Oceania,AUS,Australia,Flood,1,1.0,1,100.0,85000.0,1,100.0,466000000.0,1,100.0,512636000.0,1,100.0
2022,8.0,2022-08,Africa,CMR,Cameroon,Epidemic,1,295.0,1,100.0,13730.0,1,100.0,,0,0.0,,0,0.0
2022,8.0,2022-08,Africa,CMR,Cameroon,Mass movement (wet),1,5.0,1,100.0,250.0,1,100.0,,0,0.0,,0,0.0
2022,8.0,2022-08,Africa,DZA,Algeria,Wildfire,1,44.0,1,100.0,6768.0,1,100.0,,0,0.0,,0,0.0
2022,8.0,2022-08,Africa,ETH,Ethiopia,Flood,1,,0,0.0,264831.0,1,100.0,,0,0.0,,0,0.0
2022,8.0,2022-08,Africa,GIN,Guinea,Flood,1,,0,0.0,49536.0,1,100.0,,0,0.0,,0,0.0
2022,8.0,2022-08,Africa,SEN,Senegal,Flood,1,,0,0.0,20010.0,1,100.0,,0,0.0,,0,0.0
2022,8.0,2022-08,Africa,SLE,Sierra Leone,Flood,1,12.0,1,100.0,12982.0,1,100.0,,0,0.0,,0,0.0
2022,8.0,2022-08,Africa,SSD,South Sudan,Flood,1,,0,0.0,1000000.0,1,100.0,,0,0.0,,0,0.0
2022,8.0,2022-08,Americas,COL,Colombia,Flood,1,,0,0.0,167250.0,1,100.0,,0,0.0,,0,0.0
2022,8.0,2022-08,Americas,MEX,Mexico,Flood,1,8.0,1,100.0,2100.0,1,100.0,,0,0.0,,0,0.0
2022,8.0,2022-08,Americas,VEN,Venezuela (Bolivarian Republic of),Flood,1,,0,0.0,2000.0,1,100.0,,0,0.0,,0,0.0
2022,8.0,2022-08,Asia,AFG,Afghanistan,Flood,1,156.0,1,100.0,250024.0,1,100.0,,0,0.0,,0,0.0
2022,8.0,2022-08,Asia,CHN,China,Flood,2,52.0,1,50.0,6200.0,1,50.0,,0,0.0,,0,0.0
2022,8.0,2022-08,Asia,IND,India,Flood,1,63.0,1,100.0,800000.0,1,100.0,,0,0.0,,0,0.0
2022,8.0,2022-08,Asia,JPN,Japan,Flood,1,2.0,1,100.0,11108.0,1,100.0,141000000.0,1,100.0,155111000.0,1,100.0
2022,8.0,2022-08,Asia,KOR,Republic of Korea,Flood,1,14.0,1,100.0,11418.0,1,100.0,423000000.0,1,100.0,465333000.0,1,100.0
2022,8.0,2022-08,Asia,LAO,Lao People's Democratic Republic,Flood,1,1.0,1,100.0,42552.0,1,100.0,,0,0.0,,0,0.0
2022,8.0,2022-08,Asia,LKA,Sri Lanka,Flood,1,8.0,1,100.0,82391.0,1,100.0,,0,0.0,,0,0.0
2022,8.0,2022-08,Asia,NPL,Nepal,Flood,1,132.0,1,100.0,5500.0,1,100.0,,0,0.0,,0,0.0
2022,8.0,2022-08,Asia,PHL,Philippines,Storm,1,,0,0.0,7616.0,1,100.0,,0,0.0,,0,0.0
2022,8.0,2022-08,Asia,THA,Thailand,Flood,1,,0,0.0,63100.0,1,100.0,,0,0.0,,0,0.0
2022,8.0,2022-08,Asia,VNM,Viet Nam,Flood,1,10.0,1,100.0,,0,0.0,,0,0.0,,0,0.0
2022,8.0,2022-08,Asia,YEM,Yemen,Flood,1,13.0,1,100.0,3400.0,1,100.0,,0,0.0,,0,0.0
2022,8.0,2022-08,Europe,AUT,Austria,Storm,1,5.0,1,100.0,13.0,1,100.0,,0,0.0,,0,0.0
2022,8.0,2022-08,Europe,FRA,France,Storm,1,5.0,1,100.0,33.0,1,100.0,,0,0.0,,0,0.0
2022,8.0,2022-08,Europe,ITA,Italy,Storm,1,2.0,1,100.0,65.0,1,100.0,,0,0.0,,0,0.0
2022,8.0,2022-08,Oceania,NZL,New Zealand,Storm,1,,0,0.0,690.0,1,100.0,,0,0.0,,0,0.0
2022,9.0,2022-09,Africa,BEN,Benin,Flood,1,44.0,1,100.0,73000.0,1,100.0,,0,0.0,,0,0.0
2022,9.0,2022-09,Africa,COG,Congo,Flood,1,,0,0.0,164679.0,1,100.0,,0,0.0,,0,0.0
2022,9.0,2022-09,Africa,ETH,Ethiopia,Epidemic,1,271.0,1,100.0,20000.0,1,100.0,,0,0.0,,0,0.0
2022,9.0,2022-09,Africa,UGA,Uganda,Epidemic,1,55.0,1,100.0,142.0,1,100.0,,0,0.0,,0,0.0
2022,9.0,2022-09,Africa,UGA,Uganda,Mass movement (wet),1,19.0,1,100.0,1196.0,1,100.0,,0,0.0,,0,0.0
2022,9.0,2022-09,Americas,CAN,Canada,Storm,1,1.0,1,100.0,4000.0,1,100.0,,0,0.0,,0,0.0
2022,9.0,2022-09,Americas,CUB,Cuba,Storm,1,3.0,1,100.0,3200000.0,1,100.0,25000000.0,1,100.0,27502000.0,1,100.0
2022,9.0,2022-09,Americas,DOM,Dominican Republic,Storm,1,2.0,1,100.0,1434802.0,1,100.0,,0,0.0,,0,0.0
2022,9.0,2022-09,Americas,GLP,Guadeloupe,Storm,1,1.0,1,100.0,,0,0.0,,0,0.0,,0,0.0
2022,9.0,2022-09,Americas,MEX,Mexico,Earthquake,2,5.0,2,100.0,35891.0,2,100.0,25000000.0,1,50.0,27502000.0,1,50.0
2022,9.0,2022-09,Americas,MEX,Mexico,Flood,1,5.0,1,100.0,1050.0,1,100.0,,0,0.0,,0,0.0
2022,9.0,2022-09,Americas,PRI,Puerto Rico,Storm,1,25.0,1,100.0,,0,0.0,2500000000.0,1,100.0,2750193000.0,1,100.0
2022,9.0,2022-09,Americas,USA,United States of America,Storm,1,152.0,1,100.0,,0,0.0,100000000000.0,1,100.0,110007737000.0,1,100.0
2022,9.0,2022-09,Americas,VEN,Venezuela (Bolivarian Republic of),Flood,1,20.0,1,100.0,,0,0.0,,0,0.0,,0,0.0
2022,9.0,2022-09,Asia,CHN,China,Earthquake,1,118.0,1,100.0,130400.0,1,100.0,2300000000.0,1,100.0,2530178000.0,1,100.0
2022,9.0,2022-09,Asia,IDN,Indonesia,Earthquake,1,,0,0.0,6003.0,1,100.0,,0,0.0,,0,0.0
2022,9.0,2022-09,Asia,IND,India,Flood,1,,0,0.0,,0,0.0,,0,0.0,,0,0.0
2022,9.0,2022-09,Asia,JPN,Japan,Storm,2,8.0,2,100.0,14663.0,2,100.0,2752000000.0,2,100.0,3027413000.0,2,100.0
2022,9.0,2022-09,Asia,KHM,Cambodia,Flood,1,15.0,1,100.0,167770.0,1,100.0,,0,0.0,,0,0.0
2022,9.0,2022-09,Asia,KHM,Cambodia,Storm,1,16.0,1,100.0,,0,0.0,,0,0.0,,0,0.0
2022,9.0,2022-09,Asia,KOR,Republic of Korea,Storm,1,12.0,1,100.0,36003.0,1,100.0,,0,0.0,,0,0.0
2022,9.0,2022-09,Asia,LKA,Sri Lanka,Flood,1,1.0,1,100.0,5478.0,1,100.0,,0,0.0,,0,0.0
2022,9.0,2022-09,Asia,NPL,Nepal,Flood,1,15.0,1,100.0,511.0,1,100.0,,0,0.0,,0,0.0
2022,9.0,2022-09,Asia,PHL,Philippines,Storm,1,17.0,1,100.0,913945.0,1,100.0,56946000.0,1,100.0,62645000.0,1,100.0
2022,9.0,2022-09,Asia,SYR,Syrian Arab Republic,Epidemic,1,87.0,1,100.0,2954.0,1,100.0,,0,0.0,,0,0.0
2022,9.0,2022-09,Asia,THA,Thailand,Flood,1,4.0,1,100.0,485908.0,1,100.0,,0,0.0,,0,0.0
2022,9.0,2022-09,Asia,THA,Thailand,Storm,1,1.0,1,100.0,2.0,1,100.0,,0,0.0,,0,0.0
2022,9.0,2022-09,Asia,TWN,Taiwan (Province of China),Earthquake,1,1.0,1,100.0,140.0,1,100.0,50000000.0,1,100.0,55004000.0,1,100.0
2022,9.0,2022-09,Asia,VNM,Viet Nam,Storm,1,2.0,1,100.0,54412.0,1,100.0,,0,0.0,,0,0.0
2022,9.0,2022-09,Europe,BGR,Bulgaria,Flood,1,,0,0.0,10937.0,1,100.0,47000000.0,1,100.0,51704000.0,1,100.0
2022,9.0,2022-09,Europe,ITA,Italy,Flood,1,12.0,1,100.0,33.0,1,100.0,,0,0.0,,0,0.0
2022,9.0,2022-09,Oceania,PNG,Papua New Guinea,Earthquake,1,7.0,1,100.0,1969.0,1,100.0,,0,0.0,,0,0.0
2022,10.0,2022-10,Africa,GHA,Ghana,Flood,1,,0,0.0,5000.0,1,100.0,,0,0.0,,0,0.0
2022,10.0,2022-10,Africa,KEN,Kenya,Epidemic,1,202.0,1,100.0,12123.0,1,100.0,,0,0.0,,0,0.0
2022,10.0,2022-10,Africa,MOZ,Mozambique,Flood,1,88.0,1,100.0,78271.0,1,100.0,,0,0.0,,0,0.0
2022,10.0,2022-10,Africa,TGO,Togo,Flood,1,,0,0.0,18596.0,1,100.0,,0,0.0,,0,0.0
2022,10.0,2022-10,Americas,COL,Colombia,Flood,1,26.0,1,100.0,44000.0,1,100.0,,0,0.0,,0,0.0
2022,10.0,2022-10,Americas,COL,Colombia,Storm,1,,0,0.0,5002.0,1,100.0,,0,0.0,,0,0.0
2022,10.0,2022-10,Americas,CRI,Costa Rica,Storm,1,,0,0.0,300000.0,1,100.0,,0,0.0,,0,0.0
2022,10.0,2022-10,Americas,GTM,Guatemala,Storm,1,4.0,1,100.0,457311.0,1,100.0,,0,0.0,,0,0.0
2022,10.0,2022-10,Americas,HND,Honduras,Storm,1,5.0,1,100.0,144000.0,1,100.0,,0,0.0,,0,0.0
2022,10.0,2022-10,Americas,HTI,Haiti,Epidemic,1,511.0,1,100.0,2898.0,1,100.0,,0,0.0,,0,0.0
2022,10.0,2022-10,Americas,MEX,Mexico,Storm,2,7.0,2,100.0,16000.0,2,100.0,,0,0.0,,0,0.0
2022,10.0,2022-10,Americas,NIC,Nicaragua,Storm,1,1.0,1,100.0,47100.0,1,100.0,180000000.0,1,100.0,198014000.0,1,100.0
2022,10.0,2022-10,Americas,SLV,El Salvador,Storm,1,10.0,1,100.0,9273.0,1,100.0,17000000.0,1,100.0,18701000.0,1,100.0
2022,10.0,2022-10,Americas,VEN,Venezuela (Bolivarian Republic of),Flood,1,3.0,1,100.0,2000.0,1,100.0,,0,0.0,,0,0.0
2022,10.0,2022-10,Americas,VEN,Venezuela (Bolivarian Republic of),Mass movement (wet),2,109.0,2,100.0,65101.0,2,100.0,,0,0.0,,0,0.0
2022,10.0,2022-10,Americas,VEN,Venezuela (Bolivarian Republic of),Storm,1,,0,0.0,30000.0,1,100.0,,0,0.0,,0,0.0
2022,10.0,2022-10,Asia,BGD,Bangladesh,Storm,1,35.0,1,100.0,1000000.0,1,100.0,,0,0.0,,0,0.0
2022,10.0,2022-10,Asia,IDN,Indonesia,Flood,2,15.0,2,100.0,40205.0,2,100.0,,0,0.0,,0,0.0
2022,10.0,2022-10,Asia,IRN,Iran (Islamic Republic of),Earthquake,1,,0,0.0,12565.0,1,100.0,,0,0.0,,0,0.0
2022,10.0,2022-10,Asia,LBN,Lebanon,Epidemic,1,11.0,1,100.0,803.0,1,100.0,,0,0.0,,0,0.0
2022,10.0,2022-10,Asia,LKA,Sri Lanka,Flood,1,3.0,1,100.0,61469.0,1,100.0,,0,0.0,,0,0.0
2022,10.0,2022-10,Asia,PHL,Philippines,Earthquake,1,,0,0.0,147422.0,1,100.0,1400000.0,1,100.0,1540000.0,1,100.0
2022,10.0,2022-10,Asia,PHL,Philippines,Mass movement (wet),1,5.0,1,100.0,11712.0,1,100.0,,0,0.0,,0,0.0
2022,10.0,2022-10,Asia,PHL,Philippines,Storm,3,158.0,1,33.33,3433893.0,3,100.0,63569000.0,2,66.67,69930000.0,2,66.67
2022,10.0,2022-10,Asia,TWN,Taiwan (Province of China),Storm,1,,0,0.0,100.0,1,100.0,400000.0,1,100.0,440000.0,1,100.0
2022,10.0,2022-10,Asia,VNM,Viet Nam,Flood,1,2.0,1,100.0,10000.0,1,100.0,,0,0.0,,0,0.0
2022,10.0,2022-10,Asia,VNM,Viet Nam,Storm,1,19.0,1,100.0,436978.0,1,100.0,65000000.0,1,100.0,71505000.0,1,100.0
2022,10.0,2022-10,Europe,FRA,France,Storm,1,,0,0.0,302.0,1,100.0,,0,0.0,,0,0.0
2022,10.0,2022-10,Oceania,AUS,Australia,Flood,1,2.0,1,100.0,102000.0,1,100.0,1300000000.0,1,100.0,1430101000.0,1,100.0
2022,11.0,2022-11,Africa,CMR,Cameroon,Mass movement (wet),1,14.0,1,100.0,,0,0.0,,0,0.0,,0,0.0
2022,11.0,2022-11,Africa,COD,Democratic Republic of the Congo,Flood,2,39.0,2,100.0,176000.0,1,50.0,,0,0.0,,0,0.0
2022,11.0,2022-11,Africa,MWI,Malawi,Flood,1,62.0,1,100.0,94185.0,1,100.0,,0,0.0,,0,0.0
2022,11.0,2022-11,Africa,RWA,Rwanda,Flood,1,3.0,1,100.0,,0,0.0,,0,0.0,,0,0.0
2022,11.0,2022-11,Africa,SWZ,Eswatini,Storm,1,,0,0.0,1058.0,1,100.0,,0,0.0,,0,0.0
2022,11.0,2022-11,Americas,BLZ,Belize,Storm,1,,0,0.0,172150.0,1,100.0,100000000.0,1,100.0,110008000.0,1,100.0
2022,11.0,2022-11,Americas,BRA,Brazil,Flood,2,42.0,2,100.0,20500.0,2,100.0,,0,0.0,,0,0.0
2022,11.0,2022-11,Americas,COL,Colombia,Flood,1,7.0,1,100.0,270.0,1,100.0,,0,0.0,,0,0.0
2022,11.0,2022-11,Americas,COL,Colombia,Mass movement (wet),1,,0,0.0,2018.0,1,100.0,,0,0.0,,0,0.0
2022,11.0,2022-11,Americas,LCA,Saint Lucia,Flood,1,,0,0.0,5500.0,1,100.0,,0,0.0,,0,0.0
2022,11.0,2022-11,Americas,PAN,Panama,Flood,1,,0,0.0,150.0,1,100.0,,0,0.0,,0,0.0
2022,11.0,2022-11,Americas,TTO,Trinidad and Tobago,Flood,1,,0,0.0,100000.0,1,100.0,,0,0.0,,0,0.0
2022,11.0,2022-11,Americas,USA,United States of America,Storm,2,7.0,2,100.0,2100.0,2,100.0,1375000000.0,2,100.0,1512606000.0,2,100.0
2022,11.0,2022-11,Americas,VEN,Venezuela (Bolivarian Republic of),Flood,1,9.0,1,100.0,900.0,1,100.0,,0,0.0,,0,0.0
2022,11.0,2022-11,Asia,IDN,Indonesia,Earthquake,1,334.0,1,100.0,2204645.0,1,100.0,,0,0.0,,0,0.0
2022,11.0,2022-11,Asia,IDN,Indonesia,Flood,3,4.0,2,66.67,24080.0,3,100.0,,0,0.0,,0,0.0
2022,11.0,2022-11,Asia,MNG,Mongolia,Extreme temperature,1,,0,0.0,29662.0,1,100.0,,0,0.0,,0,0.0
2022,11.0,2022-11,Asia,MYS,Malaysia,Flood,1,,0,0.0,3107.0,1,100.0,,0,0.0,,0,0.0
2022,11.0,2022-11,Asia,NPL,Nepal,Earthquake,1,6.0,1,100.0,30008.0,1,100.0,,0,0.0,,0,0.0
2022,11.0,2022-11,Asia,THA,Thailand,Flood,1,,0,0.0,25605.0,1,100.0,,0,0.0,,0,0.0
2022,11.0,2022-11,Asia,TUR,Türkiye,Earthquake,1,2.0,1,100.0,306.0,1,100.0,50000000.0,1,100.0,55004000.0,1,100.0
2022,11.0,2022-11,Europe,ITA,Italy,Mass movement (wet),1,12.0,1,100.0,235.0,1,100.0,,0,0.0,,0,0.0
2022,12.0,2022-12,Africa,COD,Democratic Republic of the Congo,Flood,1,175.0,1,100.0,84711.0,1,100.0,,0,0.0,,0,0.0
2022,12.0,2022-12,Africa,UGA,Uganda,Flood,1,16.0,1,100.0,130.0,1,100.0,,0,0.0,,0,0.0
2022,12.0,2022-12,Africa,ZAF,South Africa,Flood,1,17.0,1,100.0,56177.0,1,100.0,,0,0.0,,0,0.0
2022,12.0,2022-12,Americas,BRA,Brazil,Flood,1,2.0,1,100.0,16350.0,1,100.0,,0,0.0,,0,0.0
2022,12.0,2022-12,Americas,CAN,Canada,Storm,1,4.0,1,100.0,,0,0.0,179000000.0,1,100.0,196914000.0,1,100.0
2022,12.0,2022-12,Americas,CHL,Chile,Wildfire,2,3.0,2,100.0,13051.0,2,100.0,,0,0.0,,0,0.0
2022,12.0,2022-12,Americas,COL,Colombia,Mass movement (wet),1,34.0,1,100.0,6.0,1,100.0,,0,0.0,,0,0.0
2022,12.0,2022-12,Americas,USA,United States of America,Earthquake,1,2.0,1,100.0,12.0,1,100.0,250000000.0,1,100.0,275019000.0,1,100.0
2022,12.0,2022-12,Americas,USA,United States of America,Storm,3,119.0,3,100.0,754.0,2,66.67,4045000000.0,3,100.0,4449813000.0,3,100.0
2022,12.0,2022-12,Asia,IDN,Indonesia,Flood,2,1.0,1,50.0,199955.0,2,100.0,,0,0.0,,0,0.0
2022,12.0,2022-12,Asia,IDN,Indonesia,Volcanic activity,1,,0,0.0,2489.0,1,100.0,,0,0.0,,0,0.0
2022,12.0,2022-12,Asia,IND,India,Storm,1,,0,0.0,,0,0.0,,0,0.0,,0,0.0
2022,12.0,2022-12,Asia,JPN,Japan,Storm,1,19.0,1,100.0,130.0,1,100.0,,0,0.0,,0,0.0
2022,12.0,2022-12,Asia,LKA,Sri Lanka,Storm,1,2.0,1,100.0,6500.0,1,100.0,,0,0.0,,0,0.0
2022,12.0,2022-12,Asia,MYS,Malaysia,Flood,1,8.0,1,100.0,60000.0,1,100.0,,0,0.0,,0,0.0
2022,12.0,2022-12,Asia,MYS,Malaysia,Mass movement (wet),1,33.0,1,100.0,94.0,1,100.0,,0,0.0,,0,0.0
2022,12.0,2022-12,Asia,PHL,Philippines,Flood,1,70.0,1,100.0,600016.0,1,100.0,11000000.0,1,100.0,12101000.0,1,100.0
2022,12.0,2022-12,Asia,THA,Thailand,Flood,1,7.0,1,100.0,630000.0,1,100.0,,0,0.0,,0,0.0
2022,12.0,2022-12,Asia,TUR,Türkiye,Flood,1,,0,0.0,3000.0,1,100.0,,0,0.0,,0,0.0
2022,12.0,2022-12,Asia,VNM,Viet Nam,Flood,1,5.0,1,100.0,10495.0,1,100.0,1500000.0,1,100.0,1650000.0,1,100.0
2022,12.0,2022-12,Europe,BIH,Bosnia and Herzegovina,Flood,1,1.0,1,100.0,3000.0,1,100.0,,0,0.0,,0,0.0
2022,12.0,2022-12,Europe,HRV,Croatia,Flood,1,,0,0.0,,0,0.0,,0,0.0,,0,0.0
2023,1.0,2023-01,Africa,MDG,Madagascar,Storm,1,53.0,1,100.0,90870.0,1,100.0,20000000.0,1,100.0,21132000.0,1,100.0
2023,1.0,2023-01,Africa,MOZ,Mozambique,Epidemic,1,141.0,1,100.0,33544.0,1,100.0,,0,0.0,,0,0.0
2023,1.0,2023-01,Africa,NAM,Namibia,Flood,1,,0,0.0,2190.0,1,100.0,,0,0.0,,0,0.0
2023,1.0,2023-01,Africa,NGA,Nigeria,Epidemic,1,1055.0,1,100.0,21511.0,1,100.0,,0,0.0,,0,0.0
2023,1.0,2023-01,Africa,SOM,Somalia,Epidemic,1,14.0,1,100.0,3428.0,1,100.0,,0,0.0,,0,0.0
2023,1.0,2023-01,Africa,ZMB,Zambia,Epidemic,1,2.0,1,100.0,118.0,1,100.0,,0,0.0,,0,0.0
2023,1.0,2023-01,Africa,ZMB,Zambia,Flood,1,,0,0.0,22000.0,1,100.0,,0,0.0,,0,0.0
2023,1.0,2023-01,Americas,BOL,Bolivia (Plurinational State of),Flood,1,5.0,1,100.0,188610.0,1,100.0,,0,0.0,,0,0.0
2023,1.0,2023-01,Americas,BRA,Brazil,Flood,1,5.0,1,100.0,180.0,1,100.0,10000000.0,1,100.0,10566000.0,1,100.0
2023,1.0,2023-01,Americas,CAN,Canada,Extreme temperature,1,2.0,1,100.0,,0,0.0,165000000.0,1,100.0,174336000.0,1,100.0
2023,1.0,2023-01,Americas,COL,Colombia,Mass movement (wet),1,,0,0.0,700.0,1,100.0,,0,0.0,,0,0.0
2023,1.0,2023-01,Americas,ECU,Ecuador,Flood,1,30.0,1,100.0,66764.0,1,100.0,205000000.0,1,100.0,216600000.0,1,100.0
2023,1.0,2023-01,Americas,HND,Honduras,Drought,1,,0,0.0,10300.0,1,100.0,,0,0.0,,0,0.0
2023,1.0,2023-01,Americas,PER,Peru,Flood,1,71.0,1,100.0,410000.0,1,100.0,,0,0.0,,0,0.0
2023,1.0,2023-01,Americas,URY,Uruguay,Drought,1,,0,0.0,409115.0,1,100.0,,0,0.0,,0,0.0
2023,1.0,2023-01,Americas,USA,United States of America,Extreme temperature,1,10.0,1,100.0,25.0,1,100.0,385000000.0,1,100.0,406785000.0,1,100.0
2023,1.0,2023-01,Americas,USA,United States of America,Storm,1,11.0,1,100.0,49.0,1,100.0,770000000.0,1,100.0,813570000.0,1,100.0
2023,1.0,2023-01,Asia,AFG,Afghanistan,Extreme temperature,1,166.0,1,100.0,,0,0.0,,0,0.0,,0,0.0
2023,1.0,2023-01,Asia,BGD,Bangladesh,Epidemic,1,127.0,1,100.0,,0,0.0,,0,0.0,,0,0.0
2023,1.0,2023-01,Asia,CHN,China,Drought,1,,0,0.0,,0,0.0,2700000000.0,1,100.0,2852777000.0,1,100.0
2023,1.0,2023-01,Asia,CHN,China,Mass movement (wet),1,28.0,1,100.0,58.0,1,100.0,,0,0.0,,0,0.0
2023,1.0,2023-01,Asia,IDN,Indonesia,Earthquake,1,1.0,1,100.0,4421.0,1,100.0,,0,0.0,,0,0.0
2023,1.0,2023-01,Asia,IDN,Indonesia,Flood,2,,0,0.0,116700.0,2,100.0,,0,0.0,,0,0.0
2023,1.0,2023-01,Asia,IRN,Iran (Islamic Republic of),Earthquake,2,3.0,1,50.0,304082.0,2,100.0,305000000.0,2,100.0,322258000.0,2,100.0
2023,1.0,2023-01,Asia,KGZ,Kyrgyzstan,Epidemic,1,,0,0.0,3618.0,1,100.0,,0,0.0,,0,0.0
2023,1.0,2023-01,Asia,LBN,Lebanon,Extreme temperature,1,,0,0.0,1024200.0,1,100.0,,0,0.0,,0,0.0
2023,1.0,2023-01,Asia,MYS,Malaysia,Flood,1,,0,0.0,11000.0,1,100.0,,0,0.0,,0,0.0
2023,1.0,2023-01,Asia,PHL,Philippines,Flood,1,52.0,1,100.0,2143358.0,1,100.0,30371000.0,1,100.0,32090000.0,1,100.0
2023,1.0,2023-01,Europe,ESP,Spain,Drought,1,,0,0.0,26000.0,1,100.0,2400000000.0,1,100.0,2535802000.0,1,100.0
2023,1.0,2023-01,Europe,SRB,Serbia,Flood,1,2.0,1,100.0,210.0,1,100.0,,0,0.0,,0,0.0
2023,1.0,2023-01,Oceania,AUS,Australia,Flood,1,,0,0.0,477.0,1,100.0,,0,0.0,,0,0.0
2023,1.0,2023-01,Oceania,NZL,New Zealand,Flood,1,4.0,1,100.0,5400.0,1,100.0,1900000000.0,1,100.0,2007510000.0,1,100.0
2023,2.0,2023-02,Africa,GNQ,Equatorial Guinea,Epidemic,1,23.0,1,100.0,1.0,1,100.0,,0,0.0,,0,0.0
2023,2.0,2023-02,Africa,MDG,Madagascar,Storm,1,17.0,1,100.0,299000.0,1,100.0,,0,0.0,,0,0.0
2023,2.0,2023-02,Africa,MOZ,Mozambique,Flood,1,14.0,1,100.0,89093.0,1,100.0,,0,0.0,,0,0.0
2023,2.0,2023-02,Africa,MOZ,Mozambique,Storm,1,183.0,1,100.0,1231389.0,1,100.0,,0,0.0,,0,0.0
2023,2.0,2023-02,Africa,MUS,Mauritius,Storm,1,1.0,1,100.0,2500.0,1,100.0,,0,0.0,,0,0.0
2023,2.0,2023-02,Africa,REU,Réunion,Storm,1,,0,0.0,25000.0,1,100.0,,0,0.0,,0,0.0
2023,2.0,2023-02,Africa,SSD,South Sudan,Epidemic,1,1.0,1,100.0,178.0,1,100.0,,0,0.0,,0,0.0
2023,2.0,2023-02,Africa,ZAF,South Africa,Flood,1,17.0,1,100.0,1000.0,1,100.0,,0,0.0,,0,0.0
2023,2.0,2023-02,Africa,ZMB,Zambia,Flood,1,,0,0.0,154608.0,1,100.0,,0,0.0,,0,0.0
2023,2.0,2023-02,Africa,ZWE,Zimbabwe,Epidemic,1,719.0,1,100.0,4217.0,1,100.0,,0,0.0,,0,0.0
2023,2.0,2023-02,Africa,ZWE,Zimbabwe,Storm,1,2.0,1,100.0,,0,0.0,,0,0.0,,0,0.0
2023,2.0,2023-02,Americas,BRA,Brazil,Flood,1,67.0,1,100.0,4025.0,1,100.0,30000000.0,1,100.0,31698000.0,1,100.0
2023,2.0,2023-02,Americas,CHL,Chile,Wildfire,1,26.0,1,100.0,10534.0,1,100.0,900000000.0,1,100.0,950926000.0,1,100.0
2023,2.0,2023-02,Americas,PER,Peru,Mass movement (wet),1,38.0,1,100.0,6327.0,1,100.0,,0,0.0,,0,0.0
2023,2.0,2023-02,Americas,PRY,Paraguay,Flood,1,,0,0.0,39000.0,1,100.0,,0,0.0,,0,0.0
2023,2.0,2023-02,Asia,IDN,Indonesia,Earthquake,1,4.0,1,100.0,2136.0,1,100.0,,0,0.0,,0,0.0
2023,2.0,2023-02,Asia,MYS,Malaysia,Flood,1,4.0,1,100.0,46630.0,1,100.0,,0,0.0,,0,0.0
2023,2.0,2023-02,Asia,PHL,Philippines,Flood,2,17.0,2,100.0,247764.0,2,100.0,10000000.0,2,100.0,10566000.0,2,100.0
2023,2.0,2023-02,Asia,SYR,Syrian Arab Republic,Earthquake,3,5670.0,1,33.33,8012394.0,3,100.0,8900000000.0,1,33.33,9403598000.0,1,33.33
2023,2.0,2023-02,Asia,TUR,Türkiye,Earthquake,3,53007.0,3,100.0,16107494.0,3,100.0,34000000000.0,1,33.33,35923858000.0,1,33.33
2023,2.0,2023-02,Europe,AUT,Austria,Mass movement (wet),1,8.0,1,100.0,,0,0.0,,0,0.0,,0,0.0
2023,2.0,2023-02,Europe,CHE,Switzerland,Mass movement (wet),1,2.0,1,100.0,,0,0.0,,0,0.0,,0,0.0
2023,2.0,2023-02,Europe,ITA,Italy,Mass movement (wet),1,1.0,1,100.0,,0,0.0,,0,0.0,,0,0.0
2023,2.0,2023-02,Oceania,NZL,New Zealand,Storm,1,11.0,1,100.0,10500.0,1,100.0,2800000000.0,1,100.0,2958435000.0,1,100.0
2023,2.0,2023-02,Oceania,VUT,Vanuatu,Storm,1,,0,0.0,251346.0,1,100.0,,0,0.0,,0,0.0
2023,3.0,2023-03,Africa,BDI,Burundi,Flood,1,14.0,1,100.0,239.0,1,100.0,,0,0.0,,0,0.0
2023,3.0,2023-03,Africa,ETH,Ethiopia,Flood,1,91.0,1,100.0,240000.0,1,100.0,,0,0.0,,0,0.0
2023,3.0,2023-03,Africa,KEN,Kenya,Flood,1,36.0,1,100.0,139164.0,1,100.0,,0,0.0,,0,0.0
2023,3.0,2023-03,Africa,MWI,Malawi,Storm,1,1209.0,1,100.0,2269644.0,1,100.0,506710000.0,1,100.0,535382000.0,1,100.0
2023,3.0,2023-03,Africa,SOM,Somalia,Flood,1,21.0,1,100.0,100003.0,1,100.0,,0,0.0,,0,0.0
2023,3.0,2023-03,Africa,ZAF,South Africa,Flood,1,3.0,1,100.0,500.0,1,100.0,,0,0.0,,0,0.0
2023,3.0,2023-03,Americas,BOL,Bolivia (Plurinational State of),Flood,2,3.0,1,50.0,11460.0,2,100.0,,0,0.0,,0,0.0
2023,3.0,2023-03,Americas,BRA,Brazil,Drought,1,,0,0.0,608000.0,1,100.0,2500000000.0,1,100.0,2641460000.0,1,100.0
2023,3.0,2023-03,Americas,BRA,Brazil,Flood,5,17.0,3,60.0,23021.0,5,100.0,165000000.0,3,60.0,174336000.0,3,60.0
2023,3.0,2023-03,Americas,COL,Colombia,Flood,1,1.0,1,100.0,4500.0,1,100.0,,0,0.0,,0,0.0
2023,3.0,2023-03,Americas,ECU,Ecuador,Earthquake,1,14.0,1,100.0,127416.0,1,100.0,,0,0.0,,0,0.0
2023,3.0,2023-03,Americas,ECU,Ecuador,Mass movement (wet),1,75.0,1,100.0,8444.0,1,100.0,,0,0.0,,0,0.0
2023,3.0,2023-03,Americas,PER,Peru,Earthquake,1,1.0,1,100.0,141.0,1,100.0,,0,0.0,,0,0.0
2023,3.0,2023-03,Americas,PER,Peru,Storm,1,8.0,1,100.0,45000.0,1,100.0,705000000.0,1,100.0,744892000.0,1,100.0
2023,3.0,2023-03,Americas,USA,United States of America,Storm,4,72.0,4,100.0,14041.0,3,75.0,14655000000.0,4,100.0,15484239000.0,4,100.0
2023,3.0,2023-03,Asia,AFG,Afghanistan,Earthquake,1,5.0,1,100.0,3345.0,1,100.0,,0,0.0,,0,0.0
2023,3.0,2023-03,Asia,IDN,Indonesia,Mass movement (wet),1,55.0,1,100.0,1208.0,1,100.0,,0,0.0,,0,0.0
2023,3.0,2023-03,Asia,IDN,Indonesia,Storm,1,1.0,1,100.0,653.0,1,100.0,,0,0.0,,0,0.0
2023,3.0,2023-03,Asia,IND,India,Storm,1,16.0,1,100.0,14.0,1,100.0,,0,0.0,,0,0.0
2023,3.0,2023-03,Asia,IRN,Iran (Islamic Republic of),Earthquake,1,,0,0.0,239.0,1,100.0,,0,0.0,,0,0.0
2023,3.0,2023-03,Asia,PAK,Pakistan,Earthquake,1,11.0,1,100.0,939.0,1,100.0,,0,0.0,,0,0.0
2023,3.0,2023-03,Asia,PAK,Pakistan,Flood,3,38.0,3,100.0,827.0,2,66.67,,0,0.0,,0,0.0
2023,3.0,2023-03,Asia,SYR,Syrian Arab Republic,Flood,1,,0,0.0,2851.0,1,100.0,,0,0.0,,0,0.0
2023,3.0,2023-03,Asia,TJK,Tajikistan,Earthquake,1,,0,0.0,2205.0,1,100.0,,0,0.0,,0,0.0
2023,3.0,2023-03,Asia,TUR,Türkiye,Flood,1,19.0,1,100.0,,0,0.0,25000000.0,1,100.0,26415000.0,1,100.0
2023,3.0,2023-03,Asia,YEM,Yemen,Flood,1,248.0,1,100.0,308183.0,1,100.0,,0,0.0,,0,0.0
2023,3.0,2023-03,Europe,BLR,Belarus,Flood,1,,0,0.0,420.0,1,100.0,,0,0.0,,0,0.0
2023,3.0,2023-03,Europe,LVA,Latvia,Flood,1,,0,0.0,200.0,1,100.0,,0,0.0,,0,0.0
2023,3.0,2023-03,Oceania,AUS,Australia,Flood,2,,0,0.0,870.0,2,100.0,,0,0.0,,0,0.0
2023,3.0,2023-03,Oceania,VUT,Vanuatu,Storm,1,,0,0.0,251356.0,1,100.0,,0,0.0,,0,0.0
2023,4.0,2023-04,Africa,AGO,Angola,Flood,1,54.0,1,100.0,44450.0,1,100.0,,0,0.0,,0,0.0
2023,4.0,2023-04,Africa,COD,Democratic Republic of the Congo,Mass movement (wet),1,19.0,1,100.0,,0,0.0,,0,0.0,,0,0.0
2023,4.0,2023-04,Africa,KEN,Kenya,Flood,1,,0,0.0,22500.0,1,100.0,,0,0.0,,0,0.0
2023,4.0,2023-04,Africa,SOM,Somalia,Flood,1,22.0,1,100.0,468000.0,1,100.0,,0,0.0,,0,0.0
2023,4.0,2023-04,Africa,TZA,United Republic of Tanzania,Flood,2,13.0,1,50.0,2000.0,2,100.0,,0,0.0,,0,0.0
2023,4.0,2023-04,Africa,UGA,Uganda,Flood,1,23.0,1,100.0,1016.0,1,100.0,,0,0.0,,0,0.0
2023,4.0,2023-04,Americas,BRA,Brazil,Flood,1,,0,0.0,9348.0,1,100.0,,0,0.0,,0,0.0
2023,4.0,2023-04,Americas,BRA,Brazil,Storm,1,,0,0.0,1050.0,1,100.0,,0,0.0,,0,0.0
2023,4.0,2023-04,Americas,PER,Peru,Flood,1,25.0,1,100.0,124326.0,1,100.0,305000000.0,1,100.0,322258000.0,1,100.0
2023,4.0,2023-04,Americas,USA,United States of America,Drought,1,247.0,1,100.0,,0,0.0,14500000000.0,1,100.0,15320469000.0,1,100.0
2023,4.0,2023-04,Americas,USA,United States of America,Flood,1,,0,0.0,2000.0,1,100.0,1100000000.0,1,100.0,1162242000.0,1,100.0
2023,4.0,2023-04,Americas,USA,United States of America,Storm,3,6.0,2,66.67,278.0,2,66.67,7150000000.0,3,100.0,7554576000.0,3,100.0
2023,4.0,2023-04,Asia,BGD,Bangladesh,Storm,1,10.0,1,100.0,,0,0.0,,0,0.0,,0,0.0
2023,4.0,2023-04,Asia,IDN,Indonesia,Mass movement (wet),1,5.0,1,100.0,130.0,1,100.0,,0,0.0,,0,0.0
2023,4.0,2023-04,Asia,IND,India,Extreme temperature,2,190.0,2,100.0,790.0,2,100.0,,0,0.0,,0,0.0
2023,4.0,2023-04,Asia,IRN,Iran (Islamic Republic of),Storm,1,3.0,1,100.0,400.0,1,100.0,,0,0.0,,0,0.0
2023,4.0,2023-04,Asia,IRQ,Iraq,Storm,1,3.0,1,100.0,,0,0.0,,0,0.0,,0,0.0
2023,4.0,2023-04,Asia,KHM,Cambodia,Storm,1,,0,0.0,14100.0,1,100.0,,0,0.0,,0,0.0
2023,4.0,2023-04,Asia,KOR,Republic of Korea,Wildfire,1,1.0,1,100.0,500.0,1,100.0,,0,0.0,,0,0.0
2023,4.0,2023-04,Asia,LKA,Sri Lanka,Storm,1,,0,0.0,910.0,1,100.0,,0,0.0,,0,0.0
2023,4.0,2023-04,Asia,MMR,Myanmar,Storm,1,8.0,1,100.0,1280.0,1,100.0,,0,0.0,,0,0.0
2023,4.0,2023-04,Asia,NPL,Nepal,Epidemic,1,,0,0.0,600.0,1,100.0,,0,0.0,,0,0.0
2023,4.0,2023-04,Asia,PAK,Pakistan,Extreme temperature,1,22.0,1,100.0,,0,0.0,,0,0.0,,0,0.0
2023,4.0,2023-04,Asia,PAK,Pakistan,Flood,1,12.0,1,100.0,3.0,1,100.0,,0,0.0,,0,0.0
2023,4.0,2023-04,Asia,PHL,Philippines,Storm,1,,0,0.0,136149.0,1,100.0,222000.0,1,100.0,235000.0,1,100.0
2023,4.0,2023-04,Asia,THA,Thailand,Storm,1,,0,0.0,22200.0,1,100.0,,0,0.0,,0,0.0
2023,4.0,2023-04,Asia,TUR,Türkiye,Storm,1,1.0,1,100.0,554.0,1,100.0,,0,0.0,,0,0.0
2023,4.0,2023-04,Asia,VNM,Viet Nam,Flood,1,,0,0.0,6540.0,1,100.0,,0,0.0,,0,0.0
2023,4.0,2023-04,Europe,ITA,Italy,Flood,1,2.0,1,100.0,500.0,1,100.0,,0,0.0,,0,0.0
2023,4.0,2023-04,Europe,UKR,Ukraine,Flood,1,,0,0.0,2850.0,1,100.0,,0,0.0,,0,0.0
2023,4.0,2023-04,Oceania,NZL,New Zealand,Storm,1,,0,0.0,303.0,1,100.0,,0,0.0,,0,0.0
2023,4.0,2023-04,Oceania,PNG,Papua New Guinea,Earthquake,1,8.0,1,100.0,16274.0,1,100.0,,0,0.0,,0,0.0
2023,5.0,2023-05,Africa,COD,Democratic Republic of the Congo,Flood,1,2830.0,1,100.0,50220.0,1,100.0,10000000.0,1,100.0,10566000.0,1,100.0
2023,5.0,2023-05,Africa,GAB,Gabon,Storm,1,,0,0.0,3000.0,1,100.0,,0,0.0,,0,0.0
2023,5.0,2023-05,Africa,RWA,Rwanda,Flood,1,131.0,1,100.0,51982.0,1,100.0,,0,0.0,,0,0.0
2023,5.0,2023-05,Africa,SLE,Sierra Leone,Storm,1,15.0,1,100.0,17.0,1,100.0,,0,0.0,,0,0.0
2023,5.0,2023-05,Americas,ARG,Argentina,Flood,1,,0,0.0,38000.0,1,100.0,,0,0.0,,0,0.0
2023,5.0,2023-05,Americas,CAN,Canada,Flood,1,2.0,1,100.0,1000.0,1,100.0,,0,0.0,,0,0.0
2023,5.0,2023-05,Americas,CAN,Canada,Wildfire,1,2.0,1,100.0,30000.0,1,100.0,200000000.0,1,100.0,211317000.0,1,100.0
2023,5.0,2023-05,Americas,GTM,Guatemala,Flood,1,78.0,1,100.0,4400005.0,1,100.0,,0,0.0,,0,0.0
2023,5.0,2023-05,Americas,GTM,Guatemala,Volcanic activity,1,,0,0.0,1054.0,1,100.0,,0,0.0,,0,0.0
2023,5.0,2023-05,Americas,USA,United States of America,Storm,1,1.0,1,100.0,,0,0.0,2200000000.0,1,100.0,2324485000.0,1,100.0
2023,5.0,2023-05,Asia,AFG,Afghanistan,Flood,1,4.0,1,100.0,1525.0,1,100.0,,0,0.0,,0,0.0
2023,5.0,2023-05,Asia,BGD,Bangladesh,Storm,1,3.0,1,100.0,750012.0,1,100.0,1000000.0,1,100.0,1057000.0,1,100.0
2023,5.0,2023-05,Asia,CHN,China,Earthquake,1,,0,0.0,8410.0,1,100.0,30000000.0,1,100.0,31698000.0,1,100.0
2023,5.0,2023-05,Asia,CHN,China,Flood,1,,0,0.0,530000.0,1,100.0,95000000.0,1,100.0,100375000.0,1,100.0
2023,5.0,2023-05,Asia,IND,India,Storm,1,,0,0.0,1000.0,1,100.0,,0,0.0,,0,0.0
2023,5.0,2023-05,Asia,JPN,Japan,Earthquake,1,1.0,1,100.0,2254.0,1,100.0,,0,0.0,,0,0.0
2023,5.0,2023-05,Asia,MMR,Myanmar,Storm,1,148.0,1,100.0,1200132.0,1,100.0,2240000000.0,1,100.0,2366748000.0,1,100.0
2023,5.0,2023-05,Asia,MNG,Mongolia,Extreme temperature,1,2.0,1,100.0,5100.0,1,100.0,,0,0.0,,0,0.0
2023,5.0,2023-05,Asia,PAK,Pakistan,Mass movement (wet),1,11.0,1,100.0,25.0,1,100.0,,0,0.0,,0,0.0
2023,5.0,2023-05,Asia,PHL,Philippines,Storm,1,1.0,1,100.0,30501.0,1,100.0,,0,0.0,,0,0.0
2023,5.0,2023-05,Asia,TWN,Taiwan (Province of China),Storm,1,1.0,1,100.0,,0,0.0,,0,0.0,,0,0.0
2023,5.0,2023-05,Europe,BIH,Bosnia and Herzegovina,Flood,1,,0,0.0,10000.0,1,100.0,,0,0.0,,0,0.0
2023,5.0,2023-05,Europe,CZE,Czechia,Flood,1,,0,0.0,,0,0.0,,0,0.0,,0,0.0
2023,5.0,2023-05,Europe,HRV,Croatia,Flood,1,,0,0.0,177.0,1,100.0,,0,0.0,,0,0.0
2023,5.0,2023-05,Europe,ITA,Italy,Flood,1,15.0,1,100.0,46000.0,1,100.0,9750000000.0,1,100.0,10301695000.0,1,100.0
2023,5.0,2023-05,Europe,RUS,Russian Federation,Wildfire,1,21.0,1,100.0,15000.0,1,100.0,50000000.0,1,100.0,52829000.0,1,100.0
2023,5.0,2023-05,Oceania,GUM,Guam,Storm,1,2.0,1,100.0,100000.0,1,100.0,4300000000.0,1,100.0,4543312000.0,1,100.0
2023,6.0,2023-06,Africa,GHA,Ghana,Flood,1,8.0,1,100.0,250.0,1,100.0,,0,0.0,,0,0.0
2023,6.0,2023-06,Africa,ZAF,South Africa,Storm,1,5.0,1,100.0,150.0,1,100.0,,0,0.0,,0,0.0
2023,6.0,2023-06,Americas,BRA,Brazil,Flood,1,17.0,1,100.0,11100.0,1,100.0,205000000.0,1,100.0,216600000.0,1,100.0
2023,6.0,2023-06,Americas,BRB,Barbados,Storm,1,,0,0.0,179.0,1,100.0,,0,0.0,,0,0.0
2023,6.0,2023-06,Americas,CHL,Chile,Flood,1,4.0,1,100.0,21673.0,1,100.0,765000000.0,1,100.0,808287000.0,1,100.0
2023,6.0,2023-06,Americas,CUB,Cuba,Flood,1,6.0,1,100.0,18500.0,1,100.0,,0,0.0,,0,0.0
2023,6.0,2023-06,Americas,DOM,Dominican Republic,Flood,1,1.0,1,100.0,289083.0,1,100.0,,0,0.0,,0,0.0
2023,6.0,2023-06,Americas,ECU,Ecuador,Flood,1,,0,0.0,14186.0,1,100.0,,0,0.0,,0,0.0
2023,6.0,2023-06,Americas,HTI,Haiti,Flood,1,78.0,1,100.0,225143.0,1,100.0,420000000.0,1,100.0,443765000.0,1,100.0
2023,6.0,2023-06,Americas,PER,Peru,Epidemic,1,176.0,1,100.0,110000.0,1,100.0,,0,0.0,,0,0.0
2023,6.0,2023-06,Americas,USA,United States of America,Extreme temperature,1,14.0,1,100.0,,0,0.0,,0,0.0,,0,0.0
2023,6.0,2023-06,Americas,USA,United States of America,Storm,3,16.0,3,100.0,907.0,3,100.0,13200000000.0,3,100.0,13946910000.0,3,100.0
2023,6.0,2023-06,Americas,VCT,Saint Vincent and the Grenadines,Storm,1,,0,0.0,150.0,1,100.0,,0,0.0,,0,0.0
2023,6.0,2023-06,Americas,VEN,Venezuela (Bolivarian Republic of),Flood,1,12.0,1,100.0,112.0,1,100.0,,0,0.0,,0,0.0
2023,6.0,2023-06,Asia,ARM,Armenia,Storm,1,,0,0.0,18000.0,1,100.0,,0,0.0,,0,0.0
2023,6.0,2023-06,Asia,CHN,China,Flood,1,25.0,1,100.0,,0,0.0,,0,0.0,,0,0.0
2023,6.0,2023-06,Asia,CHN,China,Mass movement (wet),1,7.0,1,100.0,900.0,1,100.0,,0,0.0,,0,0.0
2023,6.0,2023-06,Asia,GEO,Georgia,Flood,1,,0,0.0,350000.0,1,100.0,,0,0.0,,0,0.0
2023,6.0,2023-06,Asia,IDN,Indonesia,Drought,1,,0,0.0,18750000.0,1,100.0,,0,0.0,,0,0.0
2023,6.0,2023-06,Asia,IDN,Indonesia,Earthquake,1,1.0,1,100.0,1120.0,1,100.0,,0,0.0,,0,0.0
2023,6.0,2023-06,Asia,IDN,Indonesia,Storm,1,,0,0.0,337.0,1,100.0,,0,0.0,,0,0.0
2023,6.0,2023-06,Asia,IND,India,Flood,3,1591.0,2,66.67,10750005.0,3,100.0,3000000.0,1,33.33,3170000.0,1,33.33
2023,6.0,2023-06,Asia,IND,India,Storm,1,7.0,1,100.0,10000.0,1,100.0,,0,0.0,,0,0.0
2023,6.0,2023-06,Asia,IRN,Iran (Islamic Republic of),Storm,1,,0,0.0,1050.0,1,100.0,,0,0.0,,0,0.0
2023,6.0,2023-06,Asia,JPN,Japan,Storm,1,3.0,1,100.0,35.0,1,100.0,,0,0.0,,0,0.0
2023,6.0,2023-06,Asia,KAZ,Kazakhstan,Wildfire,1,14.0,1,100.0,300.0,1,100.0,,0,0.0,,0,0.0
2023,6.0,2023-06,Asia,NPL,Nepal,Flood,1,36.0,1,100.0,1506.0,1,100.0,,0,0.0,,0,0.0
2023,6.0,2023-06,Asia,PAK,Pakistan,Flood,2,250.0,2,100.0,29373.0,2,100.0,,0,0.0,,0,0.0
2023,6.0,2023-06,Asia,PAK,Pakistan,Storm,1,1.0,1,100.0,,0,0.0,,0,0.0,,0,0.0
2023,6.0,2023-06,Asia,PHL,Philippines,Volcanic activity,1,,0,0.0,39024.0,1,100.0,,0,0.0,,0,0.0
2023,6.0,2023-06,Asia,SYR,Syrian Arab Republic,Wildfire,1,,0,0.0,50005.0,1,100.0,,0,0.0,,0,0.0
2023,6.0,2023-06,Europe,FRA,France,Earthquake,1,,0,0.0,752.0,1,100.0,445000000.0,1,100.0,470180000.0,1,100.0
2023,6.0,2023-06,Europe,SRB,Serbia,Flood,1,,0,0.0,15432.0,1,100.0,,0,0.0,,0,0.0
2023,7.0,2023-07,Africa,BWA,Botswana,Drought,1,,0,0.0,37000.0,1,100.0,,0,0.0,,0,0.0
2023,7.0,2023-07,Africa,CMR,Cameroon,Flood,1,2.0,1,100.0,93260.0,1,100.0,,0,0.0,,0,0.0
2023,7.0,2023-07,Africa,COG,Congo,Epidemic,1,52.0,1,100.0,85992.0,1,100.0,,0,0.0,,0,0.0
2023,7.0,2023-07,Africa,DZA,Algeria,Wildfire,1,34.0,1,100.0,30026.0,1,100.0,,0,0.0,,0,0.0
2023,7.0,2023-07,Africa,MRT,Mauritania,Flood,1,1.0,1,100.0,7200.0,1,100.0,,0,0.0,,0,0.0
2023,7.0,2023-07,Africa,NER,Niger,Flood,1,41.0,1,100.0,169651.0,1,100.0,,0,0.0,,0,0.0
2023,7.0,2023-07,Americas,BRA,Brazil,Flood,1,14.0,1,100.0,20000.0,1,100.0,,0,0.0,,0,0.0
2023,7.0,2023-07,Americas,CAN,Canada,Flood,1,4.0,1,100.0,450.0,1,100.0,,0,0.0,,0,0.0
2023,7.0,2023-07,Americas,COL,Colombia,Mass movement (wet),1,29.0,1,100.0,106.0,1,100.0,,0,0.0,,0,0.0
2023,7.0,2023-07,Americas,USA,United States of America,Flood,1,10.0,1,100.0,,0,0.0,2200000000.0,1,100.0,2324485000.0,1,100.0
2023,7.0,2023-07,Asia,AFG,Afghanistan,Flood,1,67.0,1,100.0,126024.0,1,100.0,,0,0.0,,0,0.0
2023,7.0,2023-07,Asia,CHN,China,Flood,1,21.0,1,100.0,109000.0,1,100.0,,0,0.0,,0,0.0
2023,7.0,2023-07,Asia,CHN,China,Storm,1,56.0,1,100.0,880039.0,1,100.0,25000000000.0,1,100.0,26414602000.0,1,100.0
2023,7.0,2023-07,Asia,CYP,Cyprus,Extreme temperature,1,151.0,1,100.0,,0,0.0,,0,0.0,,0,0.0
2023,7.0,2023-07,Asia,IDN,Indonesia,Flood,1,6.0,1,100.0,517.0,1,100.0,,0,0.0,,0,0.0
2023,7.0,2023-07,Asia,IND,India,Flood,1,23.0,1,100.0,,0,0.0,,0,0.0,,0,0.0
2023,7.0,2023-07,Asia,IND,India,Mass movement (wet),1,28.0,1,100.0,200.0,1,100.0,,0,0.0,,0,0.0
2023,7.0,2023-07,Asia,JPN,Japan,Flood,1,6.0,1,100.0,4218.0,1,100.0,,0,0.0,,0,0.0
2023,7.0,2023-07,Asia,KOR,Republic of Korea,Flood,1,58.0,1,100.0,10534.0,1,100.0,,0,0.0,,0,0.0
2023,7.0,2023-07,Asia,LAO,Lao People's Democratic Republic,Flood,1,7.0,1,100.0,110129.0,1,100.0,7719000.0,1,100.0,8156000.0,1,100.0
2023,7.0,2023-07,Asia,LKA,Sri Lanka,Storm,1,,0,0.0,6631.0,1,100.0,,0,0.0,,0,0.0
2023,7.0,2023-07,Asia,MNG,Mongolia,Flood,1,,0,0.0,288738.0,1,100.0,,0,0.0,,0,0.0
2023,7.0,2023-07,Asia,PAK,Pakistan,Flood,1,13.0,1,100.0,,0,0.0,,0,0.0,,0,0.0
2023,7.0,2023-07,Asia,PHL,Philippines,Storm,2,41.0,2,100.0,5385687.0,2,100.0,284256000.0,1,50.0,300340000.0,1,50.0
2023,7.0,2023-07,Asia,THA,Thailand,Flood,1,,0,0.0,7650.0,1,100.0,,0,0.0,,0,0.0
2023,7.0,2023-07,Asia,TWN,Taiwan (Province of China),Storm,1,1.0,1,100.0,68.0,1,100.0,10000000.0,1,100.0,10566000.0,1,100.0
2023,7.0,2023-07,Asia,VNM,Viet Nam,Flood,1,7.0,1,100.0,2175.0,1,100.0,,0,0.0,,0,0.0
2023,7.0,2023-07,Asia,VNM,Viet Nam,Storm,1,1.0,1,100.0,3.0,1,100.0,,0,0.0,,0,0.0
2023,7.0,2023-07,Europe,ALB,Albania,Extreme temperature,1,363.0,1,100.0,,0,0.0,,0,0.0,,0,0.0
2023,7.0,2023-07,Europe,AUT,Austria,Extreme temperature,1,486.0,1,100.0,,0,0.0,,0,0.0,,0,0.0
2023,7.0,2023-07,Europe,BEL,Belgium,Extreme temperature,1,324.0,1,100.0,,0,0.0,,0,0.0,,0,0.0
2023,7.0,2023-07,Europe,BGR,Bulgaria,Extreme temperature,1,1670.0,1,100.0,,0,0.0,,0,0.0,,0,0.0
2023,7.0,2023-07,Europe,BIH,Bosnia and Herzegovina,Storm,1,1.0,1,100.0,20.0,1,100.0,,0,0.0,,0,0.0
2023,7.0,2023-07,Europe,CHE,Switzerland,Extreme temperature,1,294.0,1,100.0,,0,0.0,,0,0.0,,0,0.0
2023,7.0,2023-07,Europe,CHE,Switzerland,Storm,1,2.0,1,100.0,15040.0,1,100.0,,0,0.0,,0,0.0
2023,7.0,2023-07,Europe,CZE,Czechia,Extreme temperature,1,361.0,1,100.0,,0,0.0,,0,0.0,,0,0.0
2023,7.0,2023-07,Europe,DEU,Germany,Extreme temperature,1,6376.0,1,100.0,,0,0.0,,0,0.0,,0,0.0
2023,7.0,2023-07,Europe,DEU,Germany,Storm,1,1.0,1,100.0,,0,0.0,,0,0.0,,0,0.0
2023,7.0,2023-07,Europe,DNK,Denmark,Extreme temperature,1,189.0,1,100.0,,0,0.0,,0,0.0,,0,0.0
2023,7.0,2023-07,Europe,ESP,Spain,Extreme temperature,1,8352.0,1,100.0,,0,0.0,,0,0.0,,0,0.0
2023,7.0,2023-07,Europe,EST,Estonia,Extreme temperature,1,103.0,1,100.0,,0,0.0,,0,0.0,,0,0.0
2023,7.0,2023-07,Europe,FIN,Finland,Extreme temperature,1,138.0,1,100.0,,0,0.0,,0,0.0,,0,0.0
2023,7.0,2023-07,Europe,FRA,France,Extreme temperature,1,2734.0,1,100.0,,0,0.0,,0,0.0,,0,0.0
2023,7.0,2023-07,Europe,GBR,United Kingdom of Great Britain and Northern Ireland,Extreme temperature,1,1851.0,1,100.0,,0,0.0,,0,0.0,,0,0.0
2023,7.0,2023-07,Europe,GRC,Greece,Extreme temperature,1,4339.0,1,100.0,,0,0.0,,0,0.0,,0,0.0
2023,7.0,2023-07,Europe,GRC,Greece,Wildfire,1,3.0,1,100.0,19011.0,1,100.0,,0,0.0,,0,0.0
2023,7.0,2023-07,Europe,HRV,Croatia,Extreme temperature,1,561.0,1,100.0,,0,0.0,,0,0.0,,0,0.0
2023,7.0,2023-07,Europe,HRV,Croatia,Storm,1,1.0,1,100.0,6100.0,1,100.0,,0,0.0,,0,0.0
2023,7.0,2023-07,Europe,HUN,Hungary,Extreme temperature,1,294.0,1,100.0,,0,0.0,,0,0.0,,0,0.0
2023,7.0,2023-07,Europe,IRL,Ireland,Extreme temperature,1,60.0,1,100.0,,0,0.0,,0,0.0,,0,0.0
2023,7.0,2023-07,Europe,ISL,Iceland,Extreme temperature,1,,0,0.0,,0,0.0,,0,0.0,,0,0.0
2023,7.0,2023-07,Europe,ITA,Italy,Extreme temperature,1,12743.0,1,100.0,,0,0.0,,0,0.0,,0,0.0
2023,7.0,2023-07,Europe,ITA,Italy,Storm,2,2.0,1,50.0,110.0,1,50.0,100000000.0,1,50.0,105658000.0,1,50.0
2023,7.0,2023-07,Europe,LIE,Liechtenstein,Extreme temperature,1,1.0,1,100.0,,0,0.0,,0,0.0,,0,0.0
2023,7.0,2023-07,Europe,LTU,Lithuania,Extreme temperature,1,247.0,1,100.0,,0,0.0,,0,0.0,,0,0.0
2023,7.0,2023-07,Europe,LUX,Luxembourg,Extreme temperature,1,33.0,1,100.0,,0,0.0,,0,0.0,,0,0.0
2023,7.0,2023-07,Europe,LVA,Latvia,Extreme temperature,1,58.0,1,100.0,,0,0.0,,0,0.0,,0,0.0
2023,7.0,2023-07,Europe,MLT,Malta,Extreme temperature,1,70.0,1,100.0,,0,0.0,,0,0.0,,0,0.0
2023,7.0,2023-07,Europe,MNE,Montenegro,Extreme temperature,1,41.0,1,100.0,,0,0.0,,0,0.0,,0,0.0
2023,7.0,2023-07,Europe,NLD,Netherlands (Kingdom of the),Extreme temperature,1,368.0,1,100.0,,0,0.0,,0,0.0,,0,0.0
2023,7.0,2023-07,Europe,NOR,Norway,Extreme temperature,1,29.0,1,100.0,,0,0.0,,0,0.0,,0,0.0
2023,7.0,2023-07,Europe,POL,Poland,Extreme temperature,1,616.0,1,100.0,,0,0.0,,0,0.0,,0,0.0
2023,7.0,2023-07,Europe,PRT,Portugal,Extreme temperature,1,1432.0,1,100.0,,0,0.0,,0,0.0,,0,0.0
2023,7.0,2023-07,Europe,ROU,Romania,Extreme temperature,1,2585.0,1,100.0,,0,0.0,,0,0.0,,0,0.0
2023,7.0,2023-07,Europe,ROU,Romania,Storm,1,2.0,1,100.0,,0,0.0,,0,0.0,,0,0.0
2023,7.0,2023-07,Europe,RUS,Russian Federation,Storm,1,10.0,1,100.0,76.0,1,100.0,,0,0.0,,0,0.0
2023,7.0,2023-07,Europe,SRB,Serbia,Extreme temperature,1,464.0,1,100.0,,0,0.0,,0,0.0,,0,0.0
2023,7.0,2023-07,Europe,SRB,Serbia,Storm,2,1.0,1,50.0,20.0,1,50.0,,0,0.0,,0,0.0
2023,7.0,2023-07,Europe,SVK,Slovakia,Extreme temperature,1,247.0,1,100.0,,0,0.0,,0,0.0,,0,0.0
2023,7.0,2023-07,Europe,SVK,Slovakia,Storm,1,,0,0.0,,0,0.0,,0,0.0,,0,0.0
2023,7.0,2023-07,Europe,SVN,Slovenia,Extreme temperature,1,95.0,1,100.0,,0,0.0,,0,0.0,,0,0.0
2023,7.0,2023-07,Europe,SVN,Slovenia,Storm,1,1.0,1,100.0,3003.0,1,100.0,,0,0.0,,0,0.0
2023,7.0,2023-07,Europe,SWE,Sweden,Extreme temperature,1,13.0,1,100.0,,0,0.0,,0,0.0,,0,0.0
2023,8.0,2023-08,Africa,GIN,Guinea,Flood,1,8.0,1,100.0,25072.0,1,100.0,,0,0.0,,0,0.0
2023,8.0,2023-08,Americas,CHL,Chile,Flood,1,3.0,1,100.0,32000.0,1,100.0,1100000000.0,1,100.0,1162242000.0,1,100.0
2023,8.0,2023-08,Americas,CRI,Costa Rica,Epidemic,1,,0,0.0,14403.0,1,100.0,,0,0.0,,0,0.0
2023,8.0,2023-08,Americas,CUB,Cuba,Storm,1,,0,0.0,,0,0.0,,0,0.0,,0,0.0
2023,8.0,2023-08,Americas,DOM,Dominican Republic,Storm,1,3.0,1,100.0,289083.0,1,100.0,,0,0.0,,0,0.0
2023,8.0,2023-08,Americas,USA,United States of America,Storm,1,5.0,1,100.0,,0,0.0,3500000000.0,1,100.0,3698044000.0,1,100.0
2023,8.0,2023-08,Americas,USA,United States of America,Wildfire,2,130.0,2,100.0,8497.0,2,100.0,6590000000.0,2,100.0,6962889000.0,2,100.0
2023,8.0,2023-08,Asia,BGD,Bangladesh,Flood,1,4.0,1,100.0,1000006.0,1,100.0,,0,0.0,,0,0.0
2023,8.0,2023-08,Asia,CHN,China,Earthquake,1,,0,0.0,399.0,1,100.0,35000000.0,1,100.0,36980000.0,1,100.0
2023,8.0,2023-08,Asia,CHN,China,Flood,3,92.0,3,100.0,734000.0,2,66.67,,0,0.0,,0,0.0
2023,8.0,2023-08,Asia,CHN,China,Storm,1,5.0,1,100.0,867.0,1,100.0,,0,0.0,,0,0.0
2023,8.0,2023-08,Asia,GEO,Georgia,Mass movement (wet),1,18.0,1,100.0,,0,0.0,,0,0.0,,0,0.0
2023,8.0,2023-08,Asia,IND,India,Mass movement (wet),2,36.0,2,100.0,607.0,2,100.0,,0,0.0,,0,0.0
2023,8.0,2023-08,Asia,JPN,Japan,Storm,2,2.0,1,50.0,707.0,2,100.0,,0,0.0,,0,0.0
2023,8.0,2023-08,Asia,KOR,Republic of Korea,Storm,1,2.0,1,100.0,,0,0.0,,0,0.0,,0,0.0
2023,8.0,2023-08,Asia,MMR,Myanmar,Flood,1,5.0,1,100.0,48000.0,1,100.0,,0,0.0,,0,0.0
2023,8.0,2023-08,Asia,MMR,Myanmar,Mass movement (wet),1,39.0,1,100.0,,0,0.0,,0,0.0,,0,0.0
2023,8.0,2023-08,Asia,MNG,Mongolia,Flood,1,4.0,1,100.0,1230.0,1,100.0,,0,0.0,,0,0.0
2023,8.0,2023-08,Asia,PAK,Pakistan,Flood,1,16.0,1,100.0,,0,0.0,,0,0.0,,0,0.0
2023,8.0,2023-08,Asia,PHL,Philippines,Storm,1,4.0,1,100.0,900003.0,1,100.0,33000000.0,1,100.0,34867000.0,1,100.0
2023,8.0,2023-08,Asia,TJK,Tajikistan,Flood,1,21.0,1,100.0,,0,0.0,,0,0.0,,0,0.0
2023,8.0,2023-08,Asia,VNM,Viet Nam,Flood,1,15.0,1,100.0,214535.0,1,100.0,,0,0.0,,0,0.0
2023,8.0,2023-08,Europe,FRA,France,Wildfire,1,,0,0.0,141.0,1,100.0,,0,0.0,,0,0.0
2023,8.0,2023-08,Europe,GRC,Greece,Wildfire,1,20.0,1,100.0,,0,0.0,200000000.0,1,100.0,211317000.0,1,100.0
2023,8.0,2023-08,Europe,PRT,Portugal,Wildfire,1,,0,0.0,1435.0,1,100.0,,0,0.0,,0,0.0
2023,8.0,2023-08,Europe,RUS,Russian Federation,Storm,1,3.0,1,100.0,13200.0,1,100.0,,0,0.0,,0,0.0
2023,8.0,2023-08,Europe,SVN,Slovenia,Flood,1,6.0,1,100.0,1500120.0,1,100.0,3257083000.0,1,100.0,3441382000.0,1,100.0
2023,9.0,2023-09,Africa,COD,Democratic Republic of the Congo,Mass movement (wet),1,17.0,1,100.0,,0,0.0,,0,0.0,,0,0.0
2023,9.0,2023-09,Africa,DZA,Algeria,Flood,1,8.0,1,100.0,1668.0,1,100.0,,0,0.0,,0,0.0
2023,9.0,2023-09,Africa,LBR,Liberia,Flood,1,,0,0.0,15200.0,1,100.0,,0,0.0,,0,0.0
2023,9.0,2023-09,Africa,LBY,Libya,Storm,1,13200.0,1,100.0,1600000.0,1,100.0,6200000000.0,1,100.0,6550821000.0,1,100.0
2023,9.0,2023-09,Africa,MAR,Morocco,Earthquake,1,2946.0,1,100.0,845674.0,1,100.0,7000000000.0,1,100.0,7396088000.0,1,100.0
2023,9.0,2023-09,Africa,NGA,Nigeria,Flood,1,,0,0.0,1336.0,1,100.0,,0,0.0,,0,0.0
2023,9.0,2023-09,Africa,SOM,Somalia,Flood,1,118.0,1,100.0,2480000.0,1,100.0,,0,0.0,,0,0.0
2023,9.0,2023-09,Africa,ZAF,South Africa,Flood,1,11.0,1,100.0,5000.0,1,100.0,,0,0.0,,0,0.0
2023,9.0,2023-09,Americas,ARG,Argentina,Storm,1,,0,0.0,6000.0,1,100.0,,0,0.0,,0,0.0
2023,9.0,2023-09,Americas,BOL,Bolivia (Plurinational State of),Drought,1,10.0,1,100.0,2050000.0,1,100.0,,0,0.0,,0,0.0
2023,9.0,2023-09,Americas,BRA,Brazil,Storm,1,46.0,1,100.0,341924.0,1,100.0,705000000.0,1,100.0,744892000.0,1,100.0
2023,9.0,2023-09,Americas,MEX,Mexico,Flood,1,11.0,1,100.0,,0,0.0,,0,0.0,,0,0.0
2023,9.0,2023-09,Americas,USA,United States of America,Flood,1,,0,0.0,,0,0.0,,0,0.0,,0,0.0
2023,9.0,2023-09,Americas,USA,United States of America,Storm,1,2.0,1,100.0,,0,0.0,1600000000.0,1,100.0,1690535000.0,1,100.0
2023,9.0,2023-09,Asia,CHN,China,Flood,1,,0,0.0,,0,0.0,,0,0.0,,0,0.0
2023,9.0,2023-09,Asia,CHN,China,Storm,1,1.0,1,100.0,2.0,1,100.0,690000000.0,1,100.0,729043000.0,1,100.0
2023,9.0,2023-09,Asia,HKG,"China, Hong Kong Special Administrative Region",Flood,1,,0,0.0,119.0,1,100.0,,0,0.0,,0,0.0
2023,9.0,2023-09,Asia,HKG,"China, Hong Kong Special Administrative Region",Storm,1,,0,0.0,86.0,1,100.0,,0,0.0,,0,0.0
2023,9.0,2023-09,Asia,IDN,Indonesia,Flood,1,,0,0.0,14500.0,1,100.0,,0,0.0,,0,0.0
2023,9.0,2023-09,Asia,IND,India,Storm,1,12.0,1,100.0,1074.0,1,100.0,,0,0.0,,0,0.0
2023,9.0,2023-09,Asia,IRN,Iran (Islamic Republic of),Storm,1,3.0,1,100.0,2017.0,1,100.0,,0,0.0,,0,0.0
2023,9.0,2023-09,Asia,JPN,Japan,Storm,1,3.0,1,100.0,3600.0,1,100.0,,0,0.0,,0,0.0
2023,9.0,2023-09,Asia,LKA,Sri Lanka,Flood,1,,0,0.0,244504.0,1,100.0,,0,0.0,,0,0.0
2023,9.0,2023-09,Asia,PAK,Pakistan,Flood,1,6.0,1,100.0,89601.0,1,100.0,,0,0.0,,0,0.0
2023,9.0,2023-09,Asia,PHL,Philippines,Earthquake,1,,0,0.0,180.0,1,100.0,,0,0.0,,0,0.0
2023,9.0,2023-09,Asia,TUR,Türkiye,Flood,1,8.0,1,100.0,31.0,1,100.0,,0,0.0,,0,0.0
2023,9.0,2023-09,Europe,BGR,Bulgaria,Flood,1,4.0,1,100.0,4000.0,1,100.0,,0,0.0,,0,0.0
2023,9.0,2023-09,Europe,ESP,Spain,Flood,1,3.0,1,100.0,6000.0,1,100.0,370000000.0,1,100.0,390936000.0,1,100.0
2023,9.0,2023-09,Europe,GRC,Greece,Flood,1,17.0,1,100.0,5260.0,1,100.0,,0,0.0,,0,0.0
2023,9.0,2023-09,Europe,GRC,Greece,Storm,1,,0,0.0,250.0,1,100.0,,0,0.0,,0,0.0
2023,9.0,2023-09,Oceania,FSM,Micronesia (Federated States of),Drought,1,,0,0.0,113401.0,1,100.0,,0,0.0,,0,0.0
2023,10.0,2023-10,Africa,BDI,Burundi,Flood,1,7.0,1,100.0,9346.0,1,100.0,,0,0.0,,0,0.0
2023,10.0,2023-10,Africa,CAF,Central African Republic,Storm,1,,0,0.0,6066.0,1,100.0,,0,0.0,,0,0.0
2023,10.0,2023-10,Africa,CMR,Cameroon,Mass movement (wet),1,27.0,1,100.0,2000.0,1,100.0,,0,0.0,,0,0.0
2023,10.0,2023-10,Africa,ETH,Ethiopia,Flood,1,60.0,1,100.0,1500000.0,1,100.0,,0,0.0,,0,0.0
2023,10.0,2023-10,Africa,GHA,Ghana,Flood,1,,0,0.0,40864.0,1,100.0,,0,0.0,,0,0.0
2023,10.0,2023-10,Africa,KEN,Kenya,Flood,1,178.0,1,100.0,695497.0,1,100.0,,0,0.0,,0,0.0
2023,10.0,2023-10,Africa,MOZ,Mozambique,Drought,1,,0,0.0,3300000.0,1,100.0,,0,0.0,,0,0.0
2023,10.0,2023-10,Africa,NGA,Nigeria,Flood,1,275.0,1,100.0,30000.0,1,100.0,,0,0.0,,0,0.0
2023,10.0,2023-10,Africa,SOM,Somalia,Flood,1,4.0,1,100.0,278000.0,1,100.0,,0,0.0,,0,0.0
2023,10.0,2023-10,Africa,TZA,United Republic of Tanzania,Flood,1,38.0,1,100.0,2896500.0,1,100.0,,0,0.0,,0,0.0
2023,10.0,2023-10,Africa,ZMB,Zambia,Epidemic,1,740.0,1,100.0,20102.0,1,100.0,,0,0.0,,0,0.0
2023,10.0,2023-10,Americas,ARG,Argentina,Wildfire,1,,0,0.0,800.0,1,100.0,,0,0.0,,0,0.0
2023,10.0,2023-10,Americas,BRA,Brazil,Flood,1,,0,0.0,26509.0,1,100.0,1200000.0,1,100.0,1268000.0,1,100.0
2023,10.0,2023-10,Americas,COL,Colombia,Flood,1,,0,0.0,41088.0,1,100.0,,0,0.0,,0,0.0
2023,10.0,2023-10,Americas,HND,Honduras,Storm,1,1.0,1,100.0,,0,0.0,,0,0.0,,0,0.0
2023,10.0,2023-10,Americas,MEX,Mexico,Storm,1,84.0,1,100.0,988000.0,1,100.0,12000000000.0,1,100.0,12679009000.0,1,100.0
2023,10.0,2023-10,Americas,PRY,Paraguay,Flood,1,6.0,1,100.0,7675.0,1,100.0,,0,0.0,,0,0.0
2023,10.0,2023-10,Americas,SLV,El Salvador,Storm,1,3.0,1,100.0,500.0,1,100.0,,0,0.0,,0,0.0
2023,10.0,2023-10,Americas,URY,Uruguay,Flood,1,,0,0.0,3472.0,1,100.0,,0,0.0,,0,0.0
2023,10.0,2023-10,Asia,AFG,Afghanistan,Earthquake,2,1481.0,2,100.0,277090.0,2,100.0,217000000.0,1,50.0,229279000.0,1,50.0
2023,10.0,2023-10,Asia,BGD,Bangladesh,Storm,1,3.0,1,100.0,1500000.0,1,100.0,250000000.0,1,100.0,264146000.0,1,100.0
2023,10.0,2023-10,Asia,CHN,China,Storm,1,,0,0.0,,0,0.0,,0,0.0,,0,0.0
2023,10.0,2023-10,Asia,HKG,"China, Hong Kong Special Administrative Region",Storm,1,,0,0.0,,0,0.0,,0,0.0,,0,0.0
2023,10.0,2023-10,Asia,IND,India,Glacial lake outburst flood,1,178.0,1,100.0,88400.0,1,100.0,,0,0.0,,0,0.0
2023,10.0,2023-10,Asia,MMR,Myanmar,Flood,1,5.0,1,100.0,27335.0,1,100.0,,0,0.0,,0,0.0
2023,10.0,2023-10,Asia,NPL,Nepal,Earthquake,1,1.0,1,100.0,36273.0,1,100.0,,0,0.0,,0,0.0
2023,10.0,2023-10,Asia,PHL,Philippines,Storm,1,,0,0.0,275.0,1,100.0,,0,0.0,,0,0.0
2023,10.0,2023-10,Asia,TWN,Taiwan (Province of China),Storm,1,1.0,1,100.0,190.0,1,100.0,,0,0.0,,0,0.0
2023,10.0,2023-10,Asia,VNM,Viet Nam,Flood,1,2.0,1,100.0,1900.0,1,100.0,,0,0.0,,0,0.0
2023,10.0,2023-10,Asia,YEM,Yemen,Storm,1,7.0,1,100.0,150.0,1,100.0,,0,0.0,,0,0.0
2023,10.0,2023-10,Europe,ISL,Iceland,Earthquake,1,,0,0.0,3665.0,1,100.0,75000000.0,1,100.0,79244000.0,1,100.0
2023,10.0,2023-10,Oceania,SLB,Solomon Islands,Storm,1,,0,0.0,22319.0,1,100.0,,0,0.0,,0,0.0
2023,10.0,2023-10,Oceania,VUT,Vanuatu,Storm,1,,0,0.0,91000.0,1,100.0,,0,0.0,,0,0.0
2023,11.0,2023-11,Africa,AGO,Angola,Flood,1,30.0,1,100.0,116275.0,1,100.0,,0,0.0,,0,0.0
2023,11.0,2023-11,Africa,COD,Democratic Republic of the Congo,Flood,1,4.0,1,100.0,3620.0,1,100.0,,0,0.0,,0,0.0
2023,11.0,2023-11,Africa,CPV,Cabo Verde,Epidemic,1,8.0,1,100.0,18208.0,1,100.0,,0,0.0,,0,0.0
2023,11.0,2023-11,Africa,SWZ,Eswatini,Drought,1,,0,0.0,270000.0,1,100.0,,0,0.0,,0,0.0
2023,11.0,2023-11,Americas,BOL,Bolivia (Plurinational State of),Wildfire,1,12.0,1,100.0,,0,0.0,,0,0.0,,0,0.0
2023,11.0,2023-11,Americas,BRA,Brazil,Flood,1,4.0,1,100.0,194063.0,1,100.0,,0,0.0,,0,0.0
2023,11.0,2023-11,Americas,BRA,Brazil,Storm,1,1.0,1,100.0,300.0,1,100.0,235000000.0,1,100.0,248297000.0,1,100.0
2023,11.0,2023-11,Americas,DOM,Dominican Republic,Flood,1,34.0,1,100.0,22236.0,1,100.0,17500000.0,1,100.0,18490000.0,1,100.0
2023,11.0,2023-11,Americas,GTM,Guatemala,Mass movement (wet),1,86.0,1,100.0,123325.0,1,100.0,,0,0.0,,0,0.0
2023,11.0,2023-11,Americas,HND,Honduras,Storm,1,4.0,1,100.0,46658.0,1,100.0,,0,0.0,,0,0.0
2023,11.0,2023-11,Americas,HTI,Haiti,Flood,1,2.0,1,100.0,,0,0.0,,0,0.0,,0,0.0
2023,11.0,2023-11,Americas,PER,Peru,Flood,1,,0,0.0,168.0,1,100.0,,0,0.0,,0,0.0
2023,11.0,2023-11,Asia,IDN,Indonesia,Flood,1,,0,0.0,17750.0,1,100.0,,0,0.0,,0,0.0
2023,11.0,2023-11,Asia,IND,India,Storm,1,24.0,1,100.0,25.0,1,100.0,,0,0.0,,0,0.0
2023,11.0,2023-11,Asia,JOR,Jordan,Extreme temperature,1,,0,0.0,2000.0,1,100.0,,0,0.0,,0,0.0
2023,11.0,2023-11,Asia,LKA,Sri Lanka,Storm,1,8.0,1,100.0,34800.0,1,100.0,,0,0.0,,0,0.0
2023,11.0,2023-11,Asia,MNG,Mongolia,Storm,1,8.0,1,100.0,669367.0,1,100.0,,0,0.0,,0,0.0
2023,11.0,2023-11,Asia,MYS,Malaysia,Flood,1,,0,0.0,881.0,1,100.0,,0,0.0,,0,0.0
2023,11.0,2023-11,Asia,NPL,Nepal,Earthquake,1,154.0,1,100.0,300366.0,1,100.0,100000000.0,1,100.0,105658000.0,1,100.0
2023,11.0,2023-11,Asia,PHL,Philippines,Earthquake,1,11.0,1,100.0,99578.0,1,100.0,25393000.0,1,100.0,26830000.0,1,100.0
2023,11.0,2023-11,Asia,PHL,Philippines,Flood,1,2.0,1,100.0,1157488.0,1,100.0,2160000.0,1,100.0,2282000.0,1,100.0
2023,11.0,2023-11,Asia,TUR,Türkiye,Storm,2,22.0,2,100.0,,0,0.0,,0,0.0,,0,0.0
2023,11.0,2023-11,Asia,VNM,Viet Nam,Storm,1,5.0,1,100.0,80000.0,1,100.0,,0,0.0,,0,0.0
2023,11.0,2023-11,Europe,BEL,Belgium,Flood,1,,0,0.0,3000.0,1,100.0,,0,0.0,,0,0.0
2023,11.0,2023-11,Europe,BEL,Belgium,Storm,1,2.0,1,100.0,,0,0.0,,0,0.0,,0,0.0
2023,11.0,2023-11,Europe,BGR,Bulgaria,Storm,2,4.0,2,100.0,36.0,1,50.0,,0,0.0,,0,0.0
2023,11.0,2023-11,Europe,DEU,Germany,Storm,2,3.0,2,100.0,,0,0.0,,0,0.0,,0,0.0
2023,11.0,2023-11,Europe,ESP,Spain,Storm,2,1.0,1,50.0,,0,0.0,,0,0.0,,0,0.0
2023,11.0,2023-11,Europe,ESP,Spain,Wildfire,1,,0,0.0,800.0,1,100.0,,0,0.0,,0,0.0
2023,11.0,2023-11,Europe,FRA,France,Flood,1,,0,0.0,3500.0,1,100.0,1650000000.0,1,100.0,1743364000.0,1,100.0
2023,11.0,2023-11,Europe,FRA,France,Storm,3,2.0,1,33.33,517066.0,2,66.67,40000000.0,1,33.33,42263000.0,1,33.33
2023,11.0,2023-11,Europe,GBR,United Kingdom of Great Britain and Northern Ireland,Storm,1,,0,0.0,,0,0.0,,0,0.0,,0,0.0
2023,11.0,2023-11,Europe,ITA,Italy,Storm,1,8.0,1,100.0,1200.0,1,100.0,,0,0.0,,0,0.0
2023,11.0,2023-11,Europe,MDA,Republic of Moldova,Storm,1,4.0,1,100.0,10.0,1,100.0,,0,0.0,,0,0.0
2023,11.0,2023-11,Europe,NLD,Netherlands (Kingdom of the),Storm,1,1.0,1,100.0,,0,0.0,,0,0.0,,0,0.0
2023,11.0,2023-11,Europe,ROU,Romania,Storm,1,,0,0.0,,0,0.0,,0,0.0,,0,0.0
2023,11.0,2023-11,Europe,RUS,Russian Federation,Storm,1,2.0,1,100.0,,0,0.0,,0,0.0,,0,0.0
2023,11.0,2023-11,Europe,UKR,Ukraine,Storm,1,12.0,1,100.0,23.0,1,100.0,,0,0.0,,0,0.0
2023,11.0,2023-11,Oceania,AUS,Australia,Flood,1,,0,0.0,390.0,1,100.0,,0,0.0,,0,0.0
2023,11.0,2023-11,Oceania,FJI,Fiji,Storm,1,,0,0.0,230000.0,1,100.0,,0,0.0,,0,0.0
2023,12.0,2023-12,Africa,BFA,Burkina Faso,Epidemic,1,10.0,1,100.0,3050.0,1,100.0,,0,0.0,,0,0.0
2023,12.0,2023-12,Africa,COD,Democratic Republic of the Congo,Flood,1,40.0,1,100.0,5.0,1,100.0,,0,0.0,,0,0.0
2023,12.0,2023-12,Africa,COD,Democratic Republic of the Congo,Mass movement (wet),2,36.0,2,100.0,,0,0.0,,0,0.0,,0,0.0
2023,12.0,2023-12,Africa,COG,Congo,Flood,1,23.0,1,100.0,1800000.0,1,100.0,,0,0.0,,0,0.0
2023,12.0,2023-12,Africa,LSO,Lesotho,Drought,1,,0,0.0,699049.0,1,100.0,,0,0.0,,0,0.0
2023,12.0,2023-12,Africa,LSO,Lesotho,Storm,1,2.0,1,100.0,968.0,1,100.0,,0,0.0,,0,0.0
2023,12.0,2023-12,Africa,SOM,Somalia,Epidemic,1,60.0,1,100.0,4956.0,1,100.0,,0,0.0,,0,0.0
2023,12.0,2023-12,Africa,TZA,United Republic of Tanzania,Mass movement (wet),1,89.0,1,100.0,6341.0,1,100.0,,0,0.0,,0,0.0
2023,12.0,2023-12,Africa,ZAF,South Africa,Flood,1,34.0,1,100.0,1800.0,1,100.0,,0,0.0,,0,0.0
2023,12.0,2023-12,Africa,ZAF,South Africa,Storm,1,1.0,1,100.0,1217.0,1,100.0,,0,0.0,,0,0.0
2023,12.0,2023-12,Americas,ARG,Argentina,Storm,1,13.0,1,100.0,8020.0,1,100.0,125000000.0,1,100.0,132073000.0,1,100.0
2023,12.0,2023-12,Americas,BOL,Bolivia (Plurinational State of),Flood,1,14.0,1,100.0,8900.0,1,100.0,,0,0.0,,0,0.0
2023,12.0,2023-12,Americas,CHL,Chile,Wildfire,1,,0,0.0,382.0,1,100.0,,0,0.0,,0,0.0
2023,12.0,2023-12,Americas,URY,Uruguay,Storm,1,2.0,1,100.0,,0,0.0,,0,0.0,,0,0.0
2023,12.0,2023-12,Americas,USA,United States of America,Flood,1,3.0,1,100.0,126.0,1,100.0,,0,0.0,,0,0.0
2023,12.0,2023-12,Americas,USA,United States of America,Storm,2,13.0,2,100.0,2110.0,2,100.0,1400000000.0,2,100.0,1479217000.0,2,100.0
2023,12.0,2023-12,Asia,CHN,China,Earthquake,1,151.0,1,100.0,600980.0,1,100.0,1000000000.0,1,100.0,1056584000.0,1,100.0
2023,12.0,2023-12,Asia,IDN,Indonesia,Volcanic activity,2,23.0,1,50.0,2316.0,2,100.0,,0,0.0,,0,0.0
2023,12.0,2023-12,Asia,IND,India,Flood,1,10.0,1,100.0,,0,0.0,,0,0.0,,0,0.0
2023,12.0,2023-12,Asia,IND,India,Storm,1,20.0,1,100.0,4390000.0,1,100.0,125000000.0,1,100.0,132073000.0,1,100.0
2023,12.0,2023-12,Asia,LKA,Sri Lanka,Storm,1,1.0,1,100.0,2003.0,1,100.0,,0,0.0,,0,0.0
2023,12.0,2023-12,Asia,MDV,Maldives,Epidemic,1,,0,0.0,455.0,1,100.0,,0,0.0,,0,0.0
2023,12.0,2023-12,Asia,MYS,Malaysia,Flood,1,2.0,1,100.0,25676.0,1,100.0,,0,0.0,,0,0.0
2023,12.0,2023-12,Asia,PHL,Philippines,Earthquake,1,3.0,1,100.0,721076.0,1,100.0,22712000.0,1,100.0,23997000.0,1,100.0
2023,12.0,2023-12,Asia,PHL,Philippines,Storm,1,1.0,1,100.0,425867.0,1,100.0,42000.0,1,100.0,44000.0,1,100.0
2023,12.0,2023-12,Asia,THA,Thailand,Flood,1,6.0,1,100.0,241473.0,1,100.0,,0,0.0,,0,0.0
2023,12.0,2023-12,Europe,FRA,France,Flood,1,1.0,1,100.0,6050.0,1,100.0,,0,0.0,,0,0.0
2023,12.0,2023-12,Oceania,AUS,Australia,Storm,2,10.0,1,50.0,2400.0,2,100.0,,0,0.0,,0,0.0
2024,1.0,2024-01,Africa,COD,Democratic Republic of the Congo,Flood,1,300.0,1,100.0,2190000.0,1,100.0,,0,0.0,,0,0.0
2024,1.0,2024-01,Africa,COM,Comoros,Epidemic,1,149.0,1,100.0,10342.0,1,100.0,,0,0.0,,0,0.0
2024,1.0,2024-01,Africa,MDG,Madagascar,Storm,1,10.0,1,100.0,25837.0,1,100.0,,0,0.0,,0,0.0
2024,1.0,2024-01,Africa,MUS,Mauritius,Storm,1,2.0,1,100.0,100000.0,1,100.0,,0,0.0,,0,0.0
2024,1.0,2024-01,Africa,REU,Réunion,Storm,1,4.0,1,100.0,700.0,1,100.0,,0,0.0,,0,0.0
2024,1.0,2024-01,Africa,TZA,United Republic of Tanzania,Mass movement (wet),1,22.0,1,100.0,,0,0.0,,0,0.0,,0,0.0
2024,1.0,2024-01,Africa,ZAF,South Africa,Flood,1,13.0,1,100.0,756.0,1,100.0,10000000.0,1,100.0,10263000.0,1,100.0
2024,1.0,2024-01,Africa,ZAF,South Africa,Storm,1,46.0,1,100.0,7813.0,1,100.0,,0,0.0,,0,0.0
2024,1.0,2024-01,Africa,ZAF,South Africa,Wildfire,1,,0,0.0,250.0,1,100.0,,0,0.0,,0,0.0
2024,1.0,2024-01,Americas,BOL,Bolivia (Plurinational State of),Flood,1,2.0,1,100.0,2506.0,1,100.0,,0,0.0,,0,0.0
2024,1.0,2024-01,Americas,BRA,Brazil,Drought,1,,0,0.0,745000.0,1,100.0,6050000000.0,1,100.0,6209193000.0,1,100.0
2024,1.0,2024-01,Americas,BRA,Brazil,Flood,2,19.0,2,100.0,179000.0,2,100.0,120000000.0,1,50.0,123158000.0,1,50.0
2024,1.0,2024-01,Americas,BRA,Brazil,Storm,1,4.0,1,100.0,600.0,1,100.0,,0,0.0,,0,0.0
2024,1.0,2024-01,Americas,COL,Colombia,Drought,1,,0,0.0,1143043.0,1,100.0,,0,0.0,,0,0.0
2024,1.0,2024-01,Americas,COL,Colombia,Mass movement (wet),1,34.0,1,100.0,19.0,1,100.0,,0,0.0,,0,0.0
2024,1.0,2024-01,Americas,ECU,Ecuador,Flood,1,6.0,1,100.0,117498.0,1,100.0,100000000.0,1,100.0,102631000.0,1,100.0
2024,1.0,2024-01,Americas,GTM,Guatemala,Wildfire,1,,0,0.0,200.0,1,100.0,,0,0.0,,0,0.0
2024,1.0,2024-01,Americas,PAN,Panama,Epidemic,1,22.0,1,100.0,29229.0,1,100.0,,0,0.0,,0,0.0
2024,1.0,2024-01,Americas,PER,Peru,Storm,1,,0,0.0,149.0,1,100.0,,0,0.0,,0,0.0
2024,1.0,2024-01,Americas,USA,United States of America,Drought,1,,0,0.0,,0,0.0,5400000000.0,1,100.0,5542089000.0,1,100.0
2024,1.0,2024-01,Americas,USA,United States of America,Storm,2,66.0,2,100.0,11.0,1,50.0,6650000000.0,2,100.0,6824981000.0,2,100.0
2024,1.0,2024-01,Asia,AFG,Afghanistan,Epidemic,1,178.0,1,100.0,41330.0,1,100.0,,0,0.0,,0,0.0
2024,1.0,2024-01,Asia,CHN,China,Drought,1,,0,0.0,,0,0.0,970000000.0,1,100.0,995523000.0,1,100.0
2024,1.0,2024-01,Asia,CHN,China,Earthquake,1,6.0,1,100.0,12572.0,1,100.0,430000000.0,1,100.0,441315000.0,1,100.0
2024,1.0,2024-01,Asia,CHN,China,Mass movement (wet),1,44.0,1,100.0,500.0,1,100.0,,0,0.0,,0,0.0
2024,1.0,2024-01,Asia,JPN,Japan,Earthquake,1,699.0,1,100.0,169562.0,1,100.0,15000000000.0,1,100.0,15394693000.0,1,100.0
2024,1.0,2024-01,Asia,KAZ,Kazakhstan,Earthquake,1,,0,0.0,67.0,1,100.0,,0,0.0,,0,0.0
2024,1.0,2024-01,Asia,LBN,Lebanon,Extreme temperature,1,,0,0.0,2975000.0,1,100.0,,0,0.0,,0,0.0
2024,1.0,2024-01,Asia,LKA,Sri Lanka,Flood,1,2.0,1,100.0,175000.0,1,100.0,,0,0.0,,0,0.0
2024,1.0,2024-01,Asia,PHL,Philippines,Flood,1,21.0,1,100.0,1228014.0,1,100.0,30000000.0,1,100.0,30789000.0,1,100.0
2024,1.0,2024-01,Asia,PHL,Philippines,Mass movement (wet),1,22.0,1,100.0,1567350.0,1,100.0,65110000.0,1,100.0,66823000.0,1,100.0
2024,1.0,2024-01,Asia,SYR,Syrian Arab Republic,Flood,1,,0,0.0,9700.0,1,100.0,,0,0.0,,0,0.0
2024,1.0,2024-01,Asia,VNM,Viet Nam,Drought,1,,0,0.0,266000.0,1,100.0,10000000.0,1,100.0,10263000.0,1,100.0
2024,1.0,2024-01,Europe,BIH,Bosnia and Herzegovina,Epidemic,1,,0,0.0,1749.0,1,100.0,,0,0.0,,0,0.0
2024,1.0,2024-01,Europe,ESP,Spain,Drought,1,,0,0.0,,0,0.0,110000000.0,1,100.0,112894000.0,1,100.0
2024,1.0,2024-01,Oceania,MHL,Marshall Islands,Drought,1,,0,0.0,13924.0,1,100.0,,0,0.0,,0,0.0
2024,1.0,2024-01,Oceania,MHL,Marshall Islands,Storm,1,,0,0.0,19532.0,1,100.0,,0,0.0,,0,0.0
2024,2.0,2024-02,Africa,DZA,Algeria,Flood,1,,0,0.0,1000.0,1,100.0,,0,0.0,,0,0.0
2024,2.0,2024-02,Africa,MWI,Malawi,Flood,1,6.0,1,100.0,14004.0,1,100.0,,0,0.0,,0,0.0
2024,2.0,2024-02,Africa,UGA,Uganda,Epidemic,1,,0,0.0,3391.0,1,100.0,,0,0.0,,0,0.0
2024,2.0,2024-02,Africa,ZMB,Zambia,Drought,1,,0,0.0,9800000.0,1,100.0,2261000.0,1,100.0,2320000.0,1,100.0
2024,2.0,2024-02,Americas,BOL,Bolivia (Plurinational State of),Flood,2,,0,0.0,4140.0,2,100.0,,0,0.0,,0,0.0
2024,2.0,2024-02,Americas,BRA,Brazil,Flood,2,9.0,1,50.0,841.0,2,100.0,,0,0.0,,0,0.0
2024,2.0,2024-02,Americas,BRA,Brazil,Storm,1,,0,0.0,28855.0,1,100.0,,0,0.0,,0,0.0
2024,2.0,2024-02,Americas,CHL,Chile,Wildfire,1,135.0,1,100.0,40778.0,1,100.0,1000000000.0,1,100.0,1026313000.0,1,100.0
2024,2.0,2024-02,Americas,PER,Peru,Flood,1,,0,0.0,346.0,1,100.0,,0,0.0,,0,0.0
2024,2.0,2024-02,Americas,USA,United States of America,Storm,2,10.0,2,100.0,86.0,1,50.0,2400000000.0,2,100.0,2463151000.0,2,100.0
2024,2.0,2024-02,Americas,USA,United States of America,Wildfire,1,2.0,1,100.0,339.0,1,100.0,610000000.0,1,100.0,626051000.0,1,100.0
2024,2.0,2024-02,Asia,AFG,Afghanistan,Flood,1,39.0,1,100.0,3152.0,1,100.0,,0,0.0,,0,0.0
2024,2.0,2024-02,Asia,AFG,Afghanistan,Mass movement (wet),1,25.0,1,100.0,158.0,1,100.0,,0,0.0,,0,0.0
2024,2.0,2024-02,Asia,ARE,United Arab Emirates,Flood,1,,0,0.0,346.0,1,100.0,,0,0.0,,0,0.0
2024,2.0,2024-02,Asia,CYP,Cyprus,Flood,1,,0,0.0,469.0,1,100.0,,0,0.0,,0,0.0
2024,2.0,2024-02,Asia,IDN,Indonesia,Flood,1,2.0,1,100.0,25502.0,1,100.0,,0,0.0,,0,0.0
2024,2.0,2024-02,Asia,IRN,Iran (Islamic Republic of),Flood,1,,0,0.0,258387.0,1,100.0,,0,0.0,,0,0.0
2024,2.0,2024-02,Asia,JPN,Japan,Storm,1,,0,0.0,240.0,1,100.0,,0,0.0,,0,0.0
2024,2.0,2024-02,Asia,OMN,Oman,Flood,1,7.0,1,100.0,191.0,1,100.0,,0,0.0,,0,0.0
2024,2.0,2024-02,Asia,PAK,Pakistan,Flood,1,40.0,1,100.0,3232.0,1,100.0,,0,0.0,,0,0.0
2024,2.0,2024-02,Asia,PHL,Philippines,Mass movement (wet),1,128.0,1,100.0,1400032.0,1,100.0,50000000.0,1,100.0,51316000.0,1,100.0
2024,2.0,2024-02,Asia,THA,Thailand,Storm,1,,0,0.0,1400.0,1,100.0,,0,0.0,,0,0.0
2024,2.0,2024-02,Asia,TUR,Türkiye,Flood,1,10.0,1,100.0,900.0,1,100.0,,0,0.0,,0,0.0
2024,2.0,2024-02,Europe,GRC,Greece,Flood,1,,0,0.0,,0,0.0,,0,0.0,,0,0.0
2024,2.0,2024-02,Oceania,AUS,Australia,Flood,1,2.0,1,100.0,6000.0,1,100.0,310000000.0,1,100.0,318157000.0,1,100.0
2024,3.0,2024-03,Africa,BDI,Burundi,Storm,1,,0,0.0,655.0,1,100.0,,0,0.0,,0,0.0
2024,3.0,2024-03,Africa,COD,Democratic Republic of the Congo,Flood,1,11.0,1,100.0,289430.0,1,100.0,,0,0.0,,0,0.0
2024,3.0,2024-03,Africa,COD,Democratic Republic of the Congo,Storm,1,2.0,1,100.0,527.0,1,100.0,,0,0.0,,0,0.0
2024,3.0,2024-03,Africa,KEN,Kenya,Flood,1,353.0,1,100.0,306708.0,1,100.0,,0,0.0,,0,0.0
2024,3.0,2024-03,Africa,MDG,Madagascar,Storm,1,22.0,1,100.0,89469.0,1,100.0,50000000.0,1,100.0,51316000.0,1,100.0
2024,3.0,2024-03,Africa,MOZ,Mozambique,Storm,1,2.0,1,100.0,93325.0,1,100.0,,0,0.0,,0,0.0
2024,3.0,2024-03,Africa,SPI,Canary Islands,Storm,1,2.0,1,100.0,,0,0.0,,0,0.0,,0,0.0
2024,3.0,2024-03,Africa,TCD,Chad,Flood,1,1.0,1,100.0,3805.0,1,100.0,,0,0.0,,0,0.0
2024,3.0,2024-03,Americas,ARG,Argentina,Flood,1,,0,0.0,400000.0,1,100.0,,0,0.0,,0,0.0
2024,3.0,2024-03,Americas,ARG,Argentina,Storm,1,1.0,1,100.0,400006.0,1,100.0,250000000.0,1,100.0,256578000.0,1,100.0
2024,3.0,2024-03,Americas,BRA,Brazil,Flood,1,34.0,1,100.0,7708.0,1,100.0,140000000.0,1,100.0,143684000.0,1,100.0
2024,3.0,2024-03,Americas,CHL,Chile,Wildfire,1,,0,0.0,126.0,1,100.0,,0,0.0,,0,0.0
2024,3.0,2024-03,Americas,CUB,Cuba,Storm,1,,0,0.0,270000.0,1,100.0,,0,0.0,,0,0.0
2024,3.0,2024-03,Americas,MEX,Mexico,Extreme temperature,1,155.0,1,100.0,2567.0,1,100.0,,0,0.0,,0,0.0
2024,3.0,2024-03,Americas,PER,Peru,Flood,1,,0,0.0,203.0,1,100.0,,0,0.0,,0,0.0
2024,3.0,2024-03,Americas,URY,Uruguay,Flood,1,,0,0.0,100000.0,1,100.0,,0,0.0,,0,0.0
2024,3.0,2024-03,Americas,USA,United States of America,Storm,2,8.0,2,100.0,70.0,1,50.0,8550000000.0,2,100.0,8774975000.0,2,100.0
2024,3.0,2024-03,Asia,AFG,Afghanistan,Extreme temperature,1,1197.0,1,100.0,327422.0,1,100.0,,0,0.0,,0,0.0
2024,3.0,2024-03,Asia,AFG,Afghanistan,Flood,1,7.0,1,100.0,1920.0,1,100.0,,0,0.0,,0,0.0
2024,3.0,2024-03,Asia,CHN,China,Wildfire,1,4.0,1,100.0,4900.0,1,100.0,,0,0.0,,0,0.0
2024,3.0,2024-03,Asia,IDN,Indonesia,Earthquake,1,,0,0.0,144522.0,1,100.0,40000000.0,1,100.0,41053000.0,1,100.0
2024,3.0,2024-03,Asia,IDN,Indonesia,Mass movement (wet),1,59.0,1,100.0,500012.0,1,100.0,20000000.0,1,100.0,20526000.0,1,100.0
2024,3.0,2024-03,Asia,IND,India,Extreme temperature,1,733.0,1,100.0,25000.0,1,100.0,,0,0.0,,0,0.0
2024,3.0,2024-03,Asia,IND,India,Storm,1,4.0,1,100.0,22932.0,1,100.0,,0,0.0,,0,0.0
2024,3.0,2024-03,Asia,IRQ,Iraq,Flood,1,3.0,1,100.0,18017.0,1,100.0,,0,0.0,,0,0.0
2024,3.0,2024-03,Asia,PAK,Pakistan,Storm,1,99.0,1,100.0,17594.0,1,100.0,,0,0.0,,0,0.0
2024,3.0,2024-03,Asia,YEM,Yemen,Epidemic,1,680.0,1,100.0,186000.0,1,100.0,,0,0.0,,0,0.0
2024,3.0,2024-03,Europe,CHE,Switzerland,Storm,1,6.0,1,100.0,,0,0.0,,0,0.0,,0,0.0
2024,3.0,2024-03,Europe,ESP,Spain,Storm,1,1.0,1,100.0,,0,0.0,,0,0.0,,0,0.0
2024,3.0,2024-03,Europe,FRA,France,Flood,1,1.0,1,100.0,750.0,1,100.0,,0,0.0,,0,0.0
2024,3.0,2024-03,Europe,FRA,France,Storm,1,8.0,1,100.0,1.0,1,100.0,,0,0.0,,0,0.0
2024,3.0,2024-03,Europe,ITA,Italy,Storm,1,1.0,1,100.0,3.0,1,100.0,,0,0.0,,0,0.0
2024,3.0,2024-03,Oceania,PNG,Papua New Guinea,Earthquake,1,5.0,1,100.0,5002.0,1,100.0,,0,0.0,,0,0.0
2024,3.0,2024-03,Oceania,PNG,Papua New Guinea,Mass movement (wet),1,23.0,1,100.0,,0,0.0,60000000.0,1,100.0,61579000.0,1,100.0
2024,4.0,2024-04,Africa,BDI,Burundi,Flood,1,29.0,1,100.0,237175.0,1,100.0,,0,0.0,,0,0.0
2024,4.0,2024-04,Africa,COD,Democratic Republic of the Congo,Mass movement (wet),1,75.0,1,100.0,,0,0.0,,0,0.0,,0,0.0
2024,4.0,2024-04,Africa,ETH,Ethiopia,Flood,1,5.0,1,100.0,181548.0,1,100.0,,0,0.0,,0,0.0
2024,4.0,2024-04,Africa,KEN,Kenya,Flood,2,23.0,2,100.0,15002.0,1,50.0,,0,0.0,,0,0.0
2024,4.0,2024-04,Africa,MWI,Malawi,Drought,1,,0,0.0,6100000.0,1,100.0,400000000.0,1,100.0,410525000.0,1,100.0
2024,4.0,2024-04,Africa,NGA,Nigeria,Storm,1,1.0,1,100.0,507.0,1,100.0,,0,0.0,,0,0.0
2024,4.0,2024-04,Africa,RWA,Rwanda,Flood,1,14.0,1,100.0,27.0,1,100.0,,0,0.0,,0,0.0
2024,4.0,2024-04,Africa,SOM,Somalia,Flood,1,9.0,1,100.0,226000.0,1,100.0,,0,0.0,,0,0.0
2024,4.0,2024-04,Africa,TZA,United Republic of Tanzania,Flood,1,155.0,1,100.0,200236.0,1,100.0,,0,0.0,,0,0.0
2024,4.0,2024-04,Africa,UGA,Uganda,Flood,1,77.0,1,100.0,57804.0,1,100.0,,0,0.0,,0,0.0
2024,4.0,2024-04,Africa,ZAF,South Africa,Storm,1,1.0,1,100.0,13895.0,1,100.0,,0,0.0,,0,0.0
2024,4.0,2024-04,Africa,ZWE,Zimbabwe,Drought,1,,0,0.0,7600000.0,1,100.0,500000000.0,1,100.0,513156000.0,1,100.0
2024,4.0,2024-04,Americas,BRA,Brazil,Flood,1,,0,0.0,2323.0,1,100.0,300000000.0,1,100.0,307894000.0,1,100.0
2024,4.0,2024-04,Americas,USA,United States of America,Extreme temperature,1,1006.0,1,100.0,,0,0.0,,0,0.0,,0,0.0
2024,4.0,2024-04,Americas,USA,United States of America,Flood,1,1.0,1,100.0,226.0,1,100.0,2700000000.0,1,100.0,2771045000.0,1,100.0
2024,4.0,2024-04,Americas,USA,United States of America,Storm,1,4.0,1,100.0,1165.0,1,100.0,1725000000.0,1,100.0,1770390000.0,1,100.0
2024,4.0,2024-04,Asia,ARE,United Arab Emirates,Flood,1,4.0,1,100.0,,0,0.0,,0,0.0,,0,0.0
2024,4.0,2024-04,Asia,BGD,Bangladesh,Extreme temperature,1,10.0,1,100.0,33000000.0,1,100.0,,0,0.0,,0,0.0
2024,4.0,2024-04,Asia,CHN,China,Flood,1,24.0,1,100.0,110006.0,1,100.0,1650000000.0,1,100.0,1693416000.0,1,100.0
2024,4.0,2024-04,Asia,CHN,China,Storm,1,5.0,1,100.0,456.0,1,100.0,,0,0.0,,0,0.0
2024,4.0,2024-04,Asia,IDN,Indonesia,Earthquake,1,1.0,1,100.0,2812.0,1,100.0,,0,0.0,,0,0.0
2024,4.0,2024-04,Asia,IDN,Indonesia,Flood,2,6.0,2,100.0,54944.0,2,100.0,,0,0.0,,0,0.0
2024,4.0,2024-04,Asia,IDN,Indonesia,Mass movement (wet),2,32.0,2,100.0,8.0,2,100.0,,0,0.0,,0,0.0
2024,4.0,2024-04,Asia,IDN,Indonesia,Volcanic activity,1,,0,0.0,8500.0,1,100.0,,0,0.0,,0,0.0
2024,4.0,2024-04,Asia,IRN,Iran (Islamic Republic of),Flood,1,10.0,1,100.0,46000.0,1,100.0,,0,0.0,,0,0.0
2024,4.0,2024-04,Asia,JPN,Japan,Extreme temperature,1,123.0,1,100.0,37000.0,1,100.0,,0,0.0,,0,0.0
2024,4.0,2024-04,Asia,KAZ,Kazakhstan,Flood,1,2.0,1,100.0,120000.0,1,100.0,,0,0.0,,0,0.0
2024,4.0,2024-04,Asia,KGZ,Kyrgyzstan,Flood,1,,0,0.0,103901.0,1,100.0,,0,0.0,,0,0.0
2024,4.0,2024-04,Asia,KHM,Cambodia,Extreme temperature,1,,0,0.0,,0,0.0,,0,0.0,,0,0.0
2024,4.0,2024-04,Asia,LAO,Lao People's Democratic Republic,Extreme temperature,1,,0,0.0,,0,0.0,,0,0.0,,0,0.0
2024,4.0,2024-04,Asia,MMR,Myanmar,Extreme temperature,1,50.0,1,100.0,100.0,1,100.0,,0,0.0,,0,0.0
2024,4.0,2024-04,Asia,OMN,Oman,Flood,1,20.0,1,100.0,1200.0,1,100.0,,0,0.0,,0,0.0
2024,4.0,2024-04,Asia,PAK,Pakistan,Storm,1,7.0,1,100.0,309.0,1,100.0,,0,0.0,,0,0.0
2024,4.0,2024-04,Asia,PHL,Philippines,Extreme temperature,1,,0,0.0,34.0,1,100.0,,0,0.0,,0,0.0
2024,4.0,2024-04,Asia,THA,Thailand,Extreme temperature,1,61.0,1,100.0,,0,0.0,,0,0.0,,0,0.0
2024,4.0,2024-04,Asia,THA,Thailand,Storm,1,2.0,1,100.0,3418.0,1,100.0,,0,0.0,,0,0.0
2024,4.0,2024-04,Asia,TWN,Taiwan (Province of China),Earthquake,1,20.0,1,100.0,2369.0,1,100.0,2530000000.0,1,100.0,2596572000.0,1,100.0
2024,4.0,2024-04,Asia,VNM,Viet Nam,Extreme temperature,1,,0,0.0,,0,0.0,,0,0.0,,0,0.0
2024,4.0,2024-04,Asia,VNM,Viet Nam,Storm,1,1.0,1,100.0,8320.0,1,100.0,10000000.0,1,100.0,10263000.0,1,100.0
2024,4.0,2024-04,Asia,YEM,Yemen,Flood,1,,0,0.0,39123.0,1,100.0,,0,0.0,,0,0.0
2024,4.0,2024-04,Europe,RUS,Russian Federation,Flood,1,3.0,1,100.0,38400.0,1,100.0,227000000.0,1,100.0,232973000.0,1,100.0
2024,4.0,2024-04,Oceania,AUS,Australia,Flood,1,,0,0.0,206.0,1,100.0,260000000.0,1,100.0,266841000.0,1,100.0
2024,5.0,2024-05,Africa,BFA,Burkina Faso,Flood,1,,0,0.0,7684.0,1,100.0,,0,0.0,,0,0.0
2024,5.0,2024-05,Africa,NAM,Namibia,Drought,1,,0,0.0,1655000.0,1,100.0,,0,0.0,,0,0.0
2024,5.0,2024-05,Africa,TZA,United Republic of Tanzania,Storm,1,5.0,1,100.0,7775.0,1,100.0,185000000.0,1,100.0,189868000.0,1,100.0
2024,5.0,2024-05,Americas,ARG,Argentina,Flood,1,,0,0.0,2400.0,1,100.0,,0,0.0,,0,0.0
2024,5.0,2024-05,Americas,BLZ,Belize,Wildfire,1,,0,0.0,800.0,1,100.0,,0,0.0,,0,0.0
2024,5.0,2024-05,Americas,BRA,Brazil,Flood,1,209.0,1,100.0,2399061.0,1,100.0,7000000000.0,1,100.0,7184190000.0,1,100.0
2024,5.0,2024-05,Americas,CAN,Canada,Wildfire,1,,0,0.0,3500.0,1,100.0,,0,0.0,,0,0.0
2024,5.0,2024-05,Americas,COL,Colombia,Storm,1,,0,0.0,7806.0,1,100.0,,0,0.0,,0,0.0
2024,5.0,2024-05,Americas,GRD,Grenada,Drought,1,,0,0.0,100000.0,1,100.0,,0,0.0,,0,0.0
2024,5.0,2024-05,Americas,GTM,Guatemala,Wildfire,1,,0,0.0,,0,0.0,,0,0.0,,0,0.0
2024,5.0,2024-05,Americas,HTI,Haiti,Mass movement (wet),1,13.0,1,100.0,11200.0,1,100.0,,0,0.0,,0,0.0
2024,5.0,2024-05,Americas,URY,Uruguay,Flood,1,,0,0.0,3588.0,1,100.0,,0,0.0,,0,0.0
2024,5.0,2024-05,Americas,USA,United States of America,Storm,5,38.0,5,100.0,642.0,3,60.0,18100000000.0,4,80.0,18576263000.0,4,80.0
2024,5.0,2024-05,Asia,AFG,Afghanistan,Flood,2,507.0,2,100.0,297427.0,2,100.0,,0,0.0,,0,0.0
2024,5.0,2024-05,Asia,ARM,Armenia,Flood,1,4.0,1,100.0,429.0,1,100.0,50000000.0,1,100.0,51316000.0,1,100.0
2024,5.0,2024-05,Asia,BGD,Bangladesh,Flood,1,15.0,1,100.0,5130000.0,1,100.0,34000000.0,1,100.0,34895000.0,1,100.0
2024,5.0,2024-05,Asia,BGD,Bangladesh,Storm,1,16.0,1,100.0,4590013.0,1,100.0,90700000.0,1,100.0,93087000.0,1,100.0
2024,5.0,2024-05,Asia,CHN,China,Mass movement (wet),1,48.0,1,100.0,30.0,1,100.0,,0,0.0,,0,0.0
2024,5.0,2024-05,Asia,IDN,Indonesia,Flood,1,87.0,1,100.0,3337.0,1,100.0,,0,0.0,,0,0.0
2024,5.0,2024-05,Asia,IDN,Indonesia,Mass movement (wet),2,16.0,2,100.0,19145.0,2,100.0,,0,0.0,,0,0.0
2024,5.0,2024-05,Asia,IDN,Indonesia,Volcanic activity,1,,0,0.0,2011.0,1,100.0,,0,0.0,,0,0.0
2024,5.0,2024-05,Asia,IND,India,Flood,1,48.0,1,100.0,2100000.0,1,100.0,,0,0.0,,0,0.0
2024,5.0,2024-05,Asia,IND,India,Storm,3,68.0,3,100.0,2186718.0,3,100.0,,0,0.0,,0,0.0
2024,5.0,2024-05,Asia,IRN,Iran (Islamic Republic of),Flood,1,19.0,1,100.0,450.0,1,100.0,,0,0.0,,0,0.0
2024,5.0,2024-05,Asia,KGZ,Kyrgyzstan,Flood,1,,0,0.0,500.0,1,100.0,,0,0.0,,0,0.0
2024,5.0,2024-05,Asia,KOR,Republic of Korea,Extreme temperature,1,22.0,1,100.0,2570.0,1,100.0,,0,0.0,,0,0.0
2024,5.0,2024-05,Asia,LKA,Sri Lanka,Flood,1,40.0,1,100.0,235902.0,1,100.0,,0,0.0,,0,0.0
2024,5.0,2024-05,Asia,PAK,Pakistan,Extreme temperature,1,,0,0.0,,0,0.0,,0,0.0,,0,0.0
2024,5.0,2024-05,Asia,PHL,Philippines,Storm,1,6.0,1,100.0,52008.0,1,100.0,20000000.0,1,100.0,20526000.0,1,100.0
2024,5.0,2024-05,Asia,THA,Thailand,Storm,1,,0,0.0,1300.0,1,100.0,,0,0.0,,0,0.0
2024,5.0,2024-05,Asia,TJK,Tajikistan,Flood,1,3.0,1,100.0,40.0,1,100.0,,0,0.0,,0,0.0
2024,5.0,2024-05,Asia,VNM,Viet Nam,Storm,1,3.0,1,100.0,2128.0,1,100.0,,0,0.0,,0,0.0
2024,5.0,2024-05,Europe,DEU,Germany,Flood,1,12.0,1,100.0,3407.0,1,100.0,4500000000.0,1,100.0,4618408000.0,1,100.0
2024,5.0,2024-05,Oceania,PNG,Papua New Guinea,Mass movement (wet),1,670.0,1,100.0,7849.0,1,100.0,,0,0.0,,0,0.0
2024,6.0,2024-06,Africa,AGO,Angola,Drought,1,,0,0.0,2800000.0,1,100.0,,0,0.0,,0,0.0
2024,6.0,2024-06,Africa,BEN,Benin,Flood,1,,0,0.0,34052.0,1,100.0,,0,0.0,,0,0.0
2024,6.0,2024-06,Africa,CIV,Côte d’Ivoire,Flood,1,26.0,1,100.0,227.0,1,100.0,,0,0.0,,0,0.0
2024,6.0,2024-06,Africa,LBR,Liberia,Flood,1,2.0,1,100.0,51000.0,1,100.0,,0,0.0,,0,0.0
2024,6.0,2024-06,Africa,MLI,Mali,Flood,1,92.0,1,100.0,380154.0,1,100.0,165000000.0,1,100.0,169342000.0,1,100.0
2024,6.0,2024-06,Africa,NER,Niger,Flood,1,396.0,1,100.0,1527058.0,1,100.0,225000000.0,1,100.0,230920000.0,1,100.0
2024,6.0,2024-06,Africa,SDN,Sudan,Flood,1,132.0,1,100.0,317107.0,1,100.0,,0,0.0,,0,0.0
2024,6.0,2024-06,Africa,ZAF,South Africa,Flood,1,21.0,1,100.0,46620.0,1,100.0,50000000.0,1,100.0,51316000.0,1,100.0
2024,6.0,2024-06,Americas,CAN,Canada,Wildfire,1,,0,0.0,,0,0.0,,0,0.0,,0,0.0
2024,6.0,2024-06,Americas,CHL,Chile,Flood,1,1.0,1,100.0,6393.0,1,100.0,540000000.0,1,100.0,554209000.0,1,100.0
2024,6.0,2024-06,Americas,CHL,Chile,Storm,1,1.0,1,100.0,26820.0,1,100.0,540000000.0,1,100.0,554209000.0,1,100.0
2024,6.0,2024-06,Americas,ECU,Ecuador,Mass movement (wet),1,19.0,1,100.0,3629.0,1,100.0,10000000.0,1,100.0,10263000.0,1,100.0
2024,6.0,2024-06,Americas,GTM,Guatemala,Flood,1,18.0,1,100.0,606115.0,1,100.0,,0,0.0,,0,0.0
2024,6.0,2024-06,Americas,GTM,Guatemala,Storm,1,10.0,1,100.0,14400.0,1,100.0,,0,0.0,,0,0.0
2024,6.0,2024-06,Americas,HND,Honduras,Storm,1,1.0,1,100.0,1500.0,1,100.0,,0,0.0,,0,0.0
2024,6.0,2024-06,Americas,MEX,Mexico,Storm,2,10.0,2,100.0,20000.0,1,50.0,140000000.0,1,50.0,143684000.0,1,50.0
2024,6.0,2024-06,Americas,NIC,Nicaragua,Storm,1,,0,0.0,,0,0.0,,0,0.0,,0,0.0
2024,6.0,2024-06,Americas,PER,Peru,Earthquake,1,,0,0.0,9063.0,1,100.0,,0,0.0,,0,0.0
2024,6.0,2024-06,Americas,SLV,El Salvador,Storm,1,19.0,1,100.0,8570.0,1,100.0,,0,0.0,,0,0.0
2024,6.0,2024-06,Americas,USA,United States of America,Flood,1,4.0,1,100.0,6000.0,1,100.0,1100000000.0,1,100.0,1128944000.0,1,100.0
2024,6.0,2024-06,Americas,USA,United States of America,Wildfire,1,2.0,1,100.0,1502.0,1,100.0,1200000000.0,1,100.0,1231575000.0,1,100.0
2024,6.0,2024-06,Asia,AFG,Afghanistan,Mass movement (wet),1,12.0,1,100.0,,0,0.0,,0,0.0,,0,0.0
2024,6.0,2024-06,Asia,CHN,China,Flood,1,77.0,1,100.0,55400.0,1,100.0,12000000000.0,1,100.0,12315754000.0,1,100.0
2024,6.0,2024-06,Asia,CYP,Cyprus,Extreme temperature,1,218.0,1,100.0,,0,0.0,,0,0.0,,0,0.0
2024,6.0,2024-06,Asia,IDN,Indonesia,Flood,1,6.0,1,100.0,15400.0,1,100.0,,0,0.0,,0,0.0
2024,6.0,2024-06,Asia,IRN,Iran (Islamic Republic of),Earthquake,1,4.0,1,100.0,120.0,1,100.0,,0,0.0,,0,0.0
2024,6.0,2024-06,Asia,MMR,Myanmar,Flood,1,,0,0.0,106792.0,1,100.0,,0,0.0,,0,0.0
2024,6.0,2024-06,Asia,NPL,Nepal,Flood,1,24.0,1,100.0,2734.0,1,100.0,,0,0.0,,0,0.0
2024,6.0,2024-06,Asia,PAK,Pakistan,Extreme temperature,1,568.0,1,100.0,7905.0,1,100.0,,0,0.0,,0,0.0
2024,6.0,2024-06,Asia,PHL,Philippines,Volcanic activity,1,,0,0.0,29137.0,1,100.0,,0,0.0,,0,0.0
2024,6.0,2024-06,Asia,SAU,Saudi Arabia,Extreme temperature,1,1301.0,1,100.0,2764.0,1,100.0,,0,0.0,,0,0.0
2024,6.0,2024-06,Asia,VNM,Viet Nam,Flood,1,3.0,1,100.0,9628.0,1,100.0,,0,0.0,,0,0.0
2024,6.0,2024-06,Asia,VNM,Viet Nam,Storm,1,7.0,1,100.0,401.0,1,100.0,,0,0.0,,0,0.0
2024,6.0,2024-06,Europe,AUT,Austria,Extreme temperature,1,1055.0,1,100.0,,0,0.0,,0,0.0,,0,0.0
2024,6.0,2024-06,Europe,BEL,Belgium,Extreme temperature,1,249.0,1,100.0,,0,0.0,,0,0.0,,0,0.0
2024,6.0,2024-06,Europe,BGR,Bulgaria,Extreme temperature,1,3414.0,1,100.0,,0,0.0,,0,0.0,,0,0.0
2024,6.0,2024-06,Europe,BIH,Bosnia and Herzegovina,Extreme temperature,1,909.0,1,100.0,,0,0.0,,0,0.0,,0,0.0
2024,6.0,2024-06,Europe,CHE,Switzerland,Extreme temperature,1,363.0,1,100.0,,0,0.0,,0,0.0,,0,0.0
2024,6.0,2024-06,Europe,CZE,Czechia,Extreme temperature,1,544.0,1,100.0,,0,0.0,,0,0.0,,0,0.0
2024,6.0,2024-06,Europe,DEU,Germany,Extreme temperature,1,6282.0,1,100.0,,0,0.0,,0,0.0,,0,0.0
2024,6.0,2024-06,Europe,DNK,Denmark,Extreme temperature,1,174.0,1,100.0,,0,0.0,,0,0.0,,0,0.0
2024,6.0,2024-06,Europe,ESP,Spain,Extreme temperature,1,6743.0,1,100.0,,0,0.0,,0,0.0,,0,0.0
2024,6.0,2024-06,Europe,EST,Estonia,Extreme temperature,1,85.0,1,100.0,,0,0.0,,0,0.0,,0,0.0
2024,6.0,2024-06,Europe,FIN,Finland,Extreme temperature,1,152.0,1,100.0,,0,0.0,,0,0.0,,0,0.0
2024,6.0,2024-06,Europe,FRA,France,Extreme temperature,1,2451.0,1,100.0,,0,0.0,,0,0.0,,0,0.0
2024,6.0,2024-06,Europe,GBR,United Kingdom of Great Britain and Northern Ireland,Extreme temperature,1,573.0,1,100.0,,0,0.0,,0,0.0,,0,0.0
2024,6.0,2024-06,Europe,GRC,Greece,Extreme temperature,1,5980.0,1,100.0,,0,0.0,,0,0.0,,0,0.0
2024,6.0,2024-06,Europe,HRV,Croatia,Extreme temperature,1,1255.0,1,100.0,,0,0.0,,0,0.0,,0,0.0
2024,6.0,2024-06,Europe,HUN,Hungary,Extreme temperature,1,1443.0,1,100.0,,0,0.0,,0,0.0,,0,0.0
2024,6.0,2024-06,Europe,IRL,Ireland,Extreme temperature,1,37.0,1,100.0,,0,0.0,,0,0.0,,0,0.0
2024,6.0,2024-06,Europe,ITA,Italy,Extreme temperature,1,19038.0,1,100.0,,0,0.0,,0,0.0,,0,0.0
2024,6.0,2024-06,Europe,LTU,Lithuania,Extreme temperature,1,329.0,1,100.0,,0,0.0,,0,0.0,,0,0.0
2024,6.0,2024-06,Europe,LUX,Luxembourg,Extreme temperature,1,15.0,1,100.0,,0,0.0,,0,0.0,,0,0.0
2024,6.0,2024-06,Europe,LVA,Latvia,Extreme temperature,1,71.0,1,100.0,,0,0.0,,0,0.0,,0,0.0
2024,6.0,2024-06,Europe,MNE,Montenegro,Extreme temperature,1,135.0,1,100.0,,0,0.0,,0,0.0,,0,0.0
2024,6.0,2024-06,Europe,NLD,Netherlands (Kingdom of the),Extreme temperature,1,234.0,1,100.0,,0,0.0,,0,0.0,,0,0.0
2024,6.0,2024-06,Europe,NOR,Norway,Extreme temperature,1,18.0,1,100.0,,0,0.0,,0,0.0,,0,0.0
2024,6.0,2024-06,Europe,POL,Poland,Extreme temperature,1,1780.0,1,100.0,,0,0.0,,0,0.0,,0,0.0
2024,6.0,2024-06,Europe,PRT,Portugal,Extreme temperature,1,938.0,1,100.0,,0,0.0,,0,0.0,,0,0.0
2024,6.0,2024-06,Europe,ROU,Romania,Extreme temperature,1,4943.0,1,100.0,,0,0.0,,0,0.0,,0,0.0
2024,6.0,2024-06,Europe,SRB,Serbia,Extreme temperature,1,2515.0,1,100.0,,0,0.0,,0,0.0,,0,0.0
2024,6.0,2024-06,Europe,SVK,Slovakia,Extreme temperature,1,522.0,1,100.0,,0,0.0,,0,0.0,,0,0.0
2024,6.0,2024-06,Europe,SVN,Slovenia,Extreme temperature,1,280.0,1,100.0,,0,0.0,,0,0.0,,0,0.0
2024,6.0,2024-06,Europe,SWE,Sweden,Extreme temperature,1,30.0,1,100.0,,0,0.0,,0,0.0,,0,0.0
2024,6.0,2024-06,Oceania,NZL,New Zealand,Storm,1,,0,0.0,1200.0,1,100.0,,0,0.0,,0,0.0
2024,7.0,2024-07,Africa,BDI,Burundi,Epidemic,1,,0,0.0,3543.0,1,100.0,,0,0.0,,0,0.0
2024,7.0,2024-07,Africa,DZA,Algeria,Epidemic,1,68.0,1,100.0,651.0,1,100.0,,0,0.0,,0,0.0
2024,7.0,2024-07,Africa,ETH,Ethiopia,Mass movement (wet),1,257.0,1,100.0,15527.0,1,100.0,,0,0.0,,0,0.0
2024,7.0,2024-07,Africa,GIN,Guinea,Flood,1,5.0,1,100.0,176000.0,1,100.0,,0,0.0,,0,0.0
2024,7.0,2024-07,Africa,MAR,Morocco,Extreme temperature,1,21.0,1,100.0,,0,0.0,,0,0.0,,0,0.0
2024,7.0,2024-07,Americas,BOL,Bolivia (Plurinational State of),Wildfire,1,2.0,1,100.0,25335.0,1,100.0,100000000.0,1,100.0,102631000.0,1,100.0
2024,7.0,2024-07,Americas,BRB,Barbados,Storm,1,,0,0.0,2500.0,1,100.0,96500000.0,1,100.0,99039000.0,1,100.0
2024,7.0,2024-07,Americas,CAN,Canada,Storm,2,1.0,1,50.0,20.0,1,50.0,2250000000.0,1,50.0,2309204000.0,1,50.0
2024,7.0,2024-07,Americas,CAN,Canada,Wildfire,1,1.0,1,100.0,,0,0.0,1000000000.0,1,100.0,1026313000.0,1,100.0
2024,7.0,2024-07,Americas,CYM,Cayman Islands,Storm,1,,0,0.0,,0,0.0,2100000.0,1,100.0,2155000.0,1,100.0
2024,7.0,2024-07,Americas,GRD,Grenada,Storm,1,8.0,1,100.0,12027.0,1,100.0,218000000.0,1,100.0,223736000.0,1,100.0
2024,7.0,2024-07,Americas,JAM,Jamaica,Storm,1,4.0,1,100.0,618556.0,1,100.0,354000000.0,1,100.0,363315000.0,1,100.0
2024,7.0,2024-07,Americas,LCA,Saint Lucia,Storm,1,,0,0.0,,0,0.0,2000000.0,1,100.0,2053000.0,1,100.0
2024,7.0,2024-07,Americas,MEX,Mexico,Storm,1,,0,0.0,,0,0.0,90000000.0,1,100.0,92368000.0,1,100.0
2024,7.0,2024-07,Americas,PER,Peru,Wildfire,1,14.0,1,100.0,1885.0,1,100.0,190000000.0,1,100.0,194999000.0,1,100.0
2024,7.0,2024-07,Americas,USA,United States of America,Storm,2,48.0,2,100.0,207.0,1,50.0,9600000000.0,2,100.0,9852604000.0,2,100.0
2024,7.0,2024-07,Americas,VCT,Saint Vincent and the Grenadines,Storm,1,8.0,1,100.0,40028.0,1,100.0,230600000.0,1,100.0,236668000.0,1,100.0
2024,7.0,2024-07,Americas,VEN,Venezuela (Bolivarian Republic of),Storm,1,9.0,1,100.0,29000.0,1,100.0,,0,0.0,,0,0.0
2024,7.0,2024-07,Asia,AFG,Afghanistan,Flood,1,58.0,1,100.0,10005.0,1,100.0,,0,0.0,,0,0.0
2024,7.0,2024-07,Asia,CHN,China,Flood,3,117.0,3,100.0,9700.0,2,66.67,,0,0.0,,0,0.0
2024,7.0,2024-07,Asia,CHN,China,Mass movement (wet),1,15.0,1,100.0,6.0,1,100.0,,0,0.0,,0,0.0
2024,7.0,2024-07,Asia,CHN,China,Storm,2,134.0,2,100.0,9083.0,1,50.0,4190000000.0,2,100.0,4300251000.0,2,100.0
2024,7.0,2024-07,Asia,IND,India,Flood,2,171.0,2,100.0,1000020.0,1,50.0,,0,0.0,,0,0.0
2024,7.0,2024-07,Asia,IND,India,Mass movement (wet),1,378.0,1,100.0,3091.0,1,100.0,140000000.0,1,100.0,143684000.0,1,100.0
2024,7.0,2024-07,Asia,JPN,Japan,Flood,1,6.0,1,100.0,13.0,1,100.0,800000000.0,1,100.0,821050000.0,1,100.0
2024,7.0,2024-07,Asia,KGZ,Kyrgyzstan,Flood,1,6.0,1,100.0,3000.0,1,100.0,,0,0.0,,0,0.0
2024,7.0,2024-07,Asia,KOR,Republic of Korea,Flood,1,4.0,1,100.0,3500.0,1,100.0,250000000.0,1,100.0,256578000.0,1,100.0
2024,7.0,2024-07,Asia,LAO,Lao People's Democratic Republic,Flood,1,,0,0.0,185843.0,1,100.0,2261000.0,1,100.0,2320000.0,1,100.0
2024,7.0,2024-07,Asia,LAO,Lao People's Democratic Republic,Storm,1,8.0,1,100.0,75006.0,1,100.0,5000000.0,1,100.0,5132000.0,1,100.0
2024,7.0,2024-07,Asia,NPL,Nepal,Mass movement (wet),2,87.0,2,100.0,13.0,1,50.0,,0,0.0,,0,0.0
2024,7.0,2024-07,Asia,PAK,Pakistan,Flood,1,368.0,1,100.0,551768.0,1,100.0,,0,0.0,,0,0.0
2024,7.0,2024-07,Asia,PHL,Philippines,Storm,1,53.0,1,100.0,6498934.0,1,100.0,211000000.0,1,100.0,216552000.0,1,100.0
2024,7.0,2024-07,Asia,PRK,Democratic People's Republic of Korea,Flood,1,,0,0.0,4200.0,1,100.0,,0,0.0,,0,0.0
2024,7.0,2024-07,Asia,TWN,Taiwan (Province of China),Storm,1,12.0,1,100.0,902.0,1,100.0,245000000.0,1,100.0,251447000.0,1,100.0
2024,7.0,2024-07,Asia,VNM,Viet Nam,Mass movement (wet),1,11.0,1,100.0,234.0,1,100.0,,0,0.0,,0,0.0
2024,7.0,2024-07,Asia,YEM,Yemen,Flood,2,302.0,2,100.0,859951.0,2,100.0,,0,0.0,,0,0.0
2024,8.0,2024-08,Africa,CAF,Central African Republic,Flood,1,,0,0.0,2700.0,1,100.0,145000000.0,1,100.0,148815000.0,1,100.0
2024,8.0,2024-08,Africa,CMR,Cameroon,Flood,1,38.0,1,100.0,500008.0,1,100.0,,0,0.0,,0,0.0
2024,8.0,2024-08,Africa,ETH,Ethiopia,Mass movement (wet),1,13.0,1,100.0,,0,0.0,,0,0.0,,0,0.0
2024,8.0,2024-08,Africa,NGA,Nigeria,Flood,1,321.0,1,100.0,1377411.0,1,100.0,225000000.0,1,100.0,230920000.0,1,100.0
2024,8.0,2024-08,Africa,SDN,Sudan,Epidemic,1,1508.0,1,100.0,57447.0,1,100.0,,0,0.0,,0,0.0
2024,8.0,2024-08,Africa,SSD,South Sudan,Flood,1,,0,0.0,1400000.0,1,100.0,,0,0.0,,0,0.0
2024,8.0,2024-08,Africa,TCD,Chad,Flood,1,576.0,1,100.0,1941869.0,1,100.0,380000000.0,1,100.0,389999000.0,1,100.0
2024,8.0,2024-08,Africa,UGA,Uganda,Mass movement (wet),1,34.0,1,100.0,1014.0,1,100.0,,0,0.0,,0,0.0
2024,8.0,2024-08,Americas,CAN,Canada,Storm,2,1.0,1,50.0,,0,0.0,5700000000.0,2,100.0,5849984000.0,2,100.0
2024,8.0,2024-08,Americas,USA,United States of America,Storm,1,17.0,1,100.0,,0,0.0,2500000000.0,1,100.0,2565782000.0,1,100.0
2024,8.0,2024-08,Asia,BGD,Bangladesh,Flood,1,71.0,1,100.0,5820000.0,1,100.0,155600000.0,1,100.0,159694000.0,1,100.0
2024,8.0,2024-08,Asia,CHN,China,Flood,1,27.0,1,100.0,939.0,1,100.0,,0,0.0,,0,0.0
2024,8.0,2024-08,Asia,IDN,Indonesia,Flood,1,21.0,1,100.0,615.0,1,100.0,,0,0.0,,0,0.0
2024,8.0,2024-08,Asia,IND,India,Flood,2,51.0,2,100.0,9707173.0,2,100.0,,0,0.0,,0,0.0
2024,8.0,2024-08,Asia,IND,India,Mass movement (wet),1,10.0,1,100.0,90.0,1,100.0,,0,0.0,,0,0.0
2024,8.0,2024-08,Asia,JPN,Japan,Storm,1,9.0,1,100.0,6727.0,1,100.0,500000000.0,1,100.0,513156000.0,1,100.0
2024,8.0,2024-08,Asia,NPL,Nepal,Glacial lake outburst flood,1,,0,0.0,135.0,1,100.0,,0,0.0,,0,0.0
2024,8.0,2024-08,Asia,PHL,Philippines,Earthquake,1,,0,0.0,24000.0,1,100.0,,0,0.0,,0,0.0
2024,8.0,2024-08,Asia,THA,Thailand,Flood,1,22.0,1,100.0,38350.0,1,100.0,210000000.0,1,100.0,215526000.0,1,100.0
2024,8.0,2024-08,Asia,TUR,Türkiye,Wildfire,1,,0,0.0,,0,0.0,,0,0.0,,0,0.0
2024,8.0,2024-08,Asia,YEM,Yemen,Flood,1,40.0,1,100.0,1075.0,1,100.0,,0,0.0,,0,0.0
2024,8.0,2024-08,Europe,GRC,Greece,Wildfire,1,1.0,1,100.0,900.0,1,100.0,60000000.0,1,100.0,61579000.0,1,100.0
2024,8.0,2024-08,Oceania,AUS,Australia,Storm,1,1.0,1,100.0,4402.0,1,100.0,,0,0.0,,0,0.0
2024,9.0,2024-09,Africa,DZA,Algeria,Flood,1,5.0,1,100.0,11000.0,1,100.0,,0,0.0,,0,0.0
2024,9.0,2024-09,Africa,MAR,Morocco,Flood,1,22.0,1,100.0,168.0,1,100.0,,0,0.0,,0,0.0
2024,9.0,2024-09,Africa,NGA,Nigeria,Flood,1,37.0,1,100.0,414058.0,1,100.0,,0,0.0,,0,0.0
2024,9.0,2024-09,Africa,RWA,Rwanda,Epidemic,1,13.0,1,100.0,45.0,1,100.0,,0,0.0,,0,0.0
2024,9.0,2024-09,Africa,SLE,Sierra Leone,Flood,1,,0,0.0,23596.0,1,100.0,,0,0.0,,0,0.0
2024,9.0,2024-09,Africa,SSD,South Sudan,Epidemic,1,1567.0,1,100.0,94549.0,1,100.0,,0,0.0,,0,0.0
2024,9.0,2024-09,Africa,TGO,Togo,Flood,1,,0,0.0,12700.0,1,100.0,,0,0.0,,0,0.0
2024,9.0,2024-09,Americas,CUB,Cuba,Storm,1,,0,0.0,,0,0.0,,0,0.0,,0,0.0
2024,9.0,2024-09,Americas,MEX,Mexico,Mass movement (wet),1,15.0,1,100.0,132.0,1,100.0,,0,0.0,,0,0.0
2024,9.0,2024-09,Americas,MEX,Mexico,Storm,2,24.0,1,50.0,3150.0,1,50.0,2450000000.0,1,50.0,2514467000.0,1,50.0
2024,9.0,2024-09,Americas,USA,United States of America,Storm,2,219.0,1,50.0,,0,0.0,81300000000.0,2,100.0,83439236000.0,2,100.0
2024,9.0,2024-09,Americas,USA,United States of America,Wildfire,1,,0,0.0,132.0,1,100.0,,0,0.0,,0,0.0
2024,9.0,2024-09,Asia,CHN,China,Storm,3,6.0,2,66.67,95.0,1,33.33,,0,0.0,,0,0.0
2024,9.0,2024-09,Asia,IDN,Indonesia,Earthquake,1,1.0,1,100.0,2875.0,1,100.0,30000000.0,1,100.0,30789000.0,1,100.0
2024,9.0,2024-09,Asia,IDN,Indonesia,Mass movement (wet),1,17.0,1,100.0,36.0,1,100.0,,0,0.0,,0,0.0
2024,9.0,2024-09,Asia,IRN,Iran (Islamic Republic of),Flood,1,15.0,1,100.0,,0,0.0,,0,0.0,,0,0.0
2024,9.0,2024-09,Asia,JPN,Japan,Storm,1,9.0,1,100.0,612.0,1,100.0,,0,0.0,,0,0.0
2024,9.0,2024-09,Asia,KOR,Republic of Korea,Storm,1,1.0,1,100.0,,0,0.0,,0,0.0,,0,0.0
2024,9.0,2024-09,Asia,LAO,Lao People's Democratic Republic,Storm,1,5.0,1,100.0,51440.0,1,100.0,300000000.0,1,100.0,307894000.0,1,100.0
2024,9.0,2024-09,Asia,MMR,Myanmar,Storm,1,460.0,1,100.0,1000048.0,1,100.0,222000000.0,1,100.0,227841000.0,1,100.0
2024,9.0,2024-09,Asia,NPL,Nepal,Flood,1,268.0,1,100.0,2590178.0,1,100.0,338043000.0,1,100.0,346938000.0,1,100.0
2024,9.0,2024-09,Asia,PHL,Philippines,Storm,4,87.0,4,100.0,3517054.0,4,100.0,44000000.0,2,50.0,45157000.0,2,50.0
2024,9.0,2024-09,Asia,THA,Thailand,Storm,1,45.0,1,100.0,100.0,1,100.0,904000000.0,1,100.0,927787000.0,1,100.0
2024,9.0,2024-09,Asia,VNM,Viet Nam,Storm,2,348.0,2,100.0,3603828.0,2,100.0,2000000000.0,1,50.0,2052626000.0,1,50.0
2024,9.0,2024-09,Europe,AUT,Austria,Storm,1,5.0,1,100.0,2220.0,1,100.0,,0,0.0,,0,0.0
2024,9.0,2024-09,Europe,CZE,Czechia,Storm,1,13.0,1,100.0,250000.0,1,100.0,3000000000.0,1,100.0,3078939000.0,1,100.0
2024,9.0,2024-09,Europe,ITA,Italy,Storm,1,3.0,1,100.0,1000.0,1,100.0,,0,0.0,,0,0.0
2024,9.0,2024-09,Europe,POL,Poland,Storm,1,9.0,1,100.0,57000.0,1,100.0,156762000.0,1,100.0,160887000.0,1,100.0
2024,9.0,2024-09,Europe,PRT,Portugal,Wildfire,1,9.0,1,100.0,41499.0,1,100.0,520000000.0,1,100.0,533683000.0,1,100.0
2024,9.0,2024-09,Europe,ROU,Romania,Storm,1,7.0,1,100.0,15000.0,1,100.0,,0,0.0,,0,0.0
2024,9.0,2024-09,Europe,SVK,Slovakia,Storm,1,1.0,1,100.0,,0,0.0,16700000.0,1,100.0,17139000.0,1,100.0
2024,10.0,2024-10,Africa,MOZ,Mozambique,Epidemic,1,42.0,1,100.0,1773.0,1,100.0,,0,0.0,,0,0.0
2024,10.0,2024-10,Africa,SEN,Senegal,Flood,1,,0,0.0,55600.0,1,100.0,,0,0.0,,0,0.0
2024,10.0,2024-10,Africa,ZAF,South Africa,Flood,1,10.0,1,100.0,3090.0,1,100.0,,0,0.0,,0,0.0
2024,10.0,2024-10,Americas,COL,Colombia,Storm,1,,0,0.0,254253.0,1,100.0,,0,0.0,,0,0.0
2024,10.0,2024-10,Americas,CUB,Cuba,Storm,1,10.0,1,100.0,320000.0,1,100.0,50000000.0,1,100.0,51316000.0,1,100.0
2024,10.0,2024-10,Americas,MEX,Mexico,Storm,2,12.0,2,100.0,3900.0,1,50.0,,0,0.0,,0,0.0
2024,10.0,2024-10,Americas,USA,United States of America,Flood,1,2.0,1,100.0,338.0,1,100.0,,0,0.0,,0,0.0
2024,10.0,2024-10,Americas,USA,United States of America,Storm,1,32.0,1,100.0,1013.0,1,100.0,38000000000.0,1,100.0,38999889000.0,1,100.0
2024,10.0,2024-10,Asia,BGD,Bangladesh,Flood,1,10.0,1,100.0,238931.0,1,100.0,,0,0.0,,0,0.0
2024,10.0,2024-10,Asia,BGD,Bangladesh,Storm,1,2.0,1,100.0,,0,0.0,,0,0.0,,0,0.0
2024,10.0,2024-10,Asia,CHN,China,Storm,1,8.0,1,100.0,,0,0.0,32200000.0,1,100.0,33047000.0,1,100.0
2024,10.0,2024-10,Asia,IND,India,Flood,1,15.0,1,100.0,,0,0.0,,0,0.0,,0,0.0
2024,10.0,2024-10,Asia,IND,India,Storm,1,9.0,1,100.0,3810012.0,1,100.0,73300000.0,1,100.0,75229000.0,1,100.0
2024,10.0,2024-10,Asia,LKA,Sri Lanka,Storm,1,3.0,1,100.0,155761.0,1,100.0,,0,0.0,,0,0.0
2024,10.0,2024-10,Asia,PHL,Philippines,Storm,2,181.0,1,50.0,9652739.0,1,50.0,373000000.0,1,50.0,382815000.0,1,50.0
2024,10.0,2024-10,Asia,TUR,Türkiye,Earthquake,1,,0,0.0,1717.0,1,100.0,,0,0.0,,0,0.0
2024,10.0,2024-10,Asia,TWN,Taiwan (Province of China),Storm,2,6.0,2,100.0,1190.0,2,100.0,41000000.0,1,50.0,42079000.0,1,50.0
2024,10.0,2024-10,Asia,VNM,Viet Nam,Storm,1,6.0,1,100.0,143429.0,1,100.0,20600000.0,1,100.0,21142000.0,1,100.0
2024,10.0,2024-10,Europe,BIH,Bosnia and Herzegovina,Flood,1,27.0,1,100.0,5000.0,1,100.0,10000000.0,1,100.0,10263000.0,1,100.0
2024,10.0,2024-10,Europe,ESP,Spain,Flood,1,232.0,1,100.0,36115.0,1,100.0,11000000000.0,1,100.0,11289441000.0,1,100.0
2024,10.0,2024-10,Europe,FRA,France,Flood,1,,0,0.0,2485.0,1,100.0,,0,0.0,,0,0.0
2024,11.0,2024-11,Africa,BWA,Botswana,Storm,1,,0,0.0,105000.0,1,100.0,,0,0.0,,0,0.0
2024,11.0,2024-11,Africa,CMR,Cameroon,Mass movement (wet),1,12.0,1,100.0,,0,0.0,,0,0.0,,0,0.0
2024,11.0,2024-11,Africa,COD,Democratic Republic of the Congo,Mass movement (wet),1,11.0,1,100.0,193.0,1,100.0,,0,0.0,,0,0.0
2024,11.0,2024-11,Africa,GAB,Gabon,Flood,1,,0,0.0,13400.0,1,100.0,,0,0.0,,0,0.0
2024,11.0,2024-11,Africa,MDG,Madagascar,Mass movement (dry),1,16.0,1,100.0,10.0,1,100.0,,0,0.0,,0,0.0
2024,11.0,2024-11,Africa,MWI,Malawi,Flood,1,11.0,1,100.0,48828.0,1,100.0,,0,0.0,,0,0.0
2024,11.0,2024-11,Africa,TZA,United Republic of Tanzania,Flood,1,9.0,1,100.0,140.0,1,100.0,,0,0.0,,0,0.0
2024,11.0,2024-11,Africa,UGA,Uganda,Mass movement (wet),1,141.0,1,100.0,30022.0,1,100.0,,0,0.0,,0,0.0
2024,11.0,2024-11,Africa,UGA,Uganda,Storm,1,14.0,1,100.0,34.0,1,100.0,,0,0.0,,0,0.0
2024,11.0,2024-11,Africa,ZWE,Zimbabwe,Epidemic,1,13.0,1,100.0,579.0,1,100.0,,0,0.0,,0,0.0
2024,11.0,2024-11,Americas,BLZ,Belize,Storm,1,,0,0.0,162.0,1,100.0,,0,0.0,,0,0.0
2024,11.0,2024-11,Americas,BOL,Bolivia (Plurinational State of),Flood,1,2.0,1,100.0,376.0,1,100.0,,0,0.0,,0,0.0
2024,11.0,2024-11,Americas,COL,Colombia,Storm,1,1.0,1,100.0,,0,0.0,150000000.0,1,100.0,153947000.0,1,100.0
2024,11.0,2024-11,Americas,COL,Colombia,Volcanic activity,1,,0,0.0,335.0,1,100.0,,0,0.0,,0,0.0
2024,11.0,2024-11,Americas,CRI,Costa Rica,Flood,1,8.0,1,100.0,1098668.0,1,100.0,,0,0.0,,0,0.0
2024,11.0,2024-11,Americas,CRI,Costa Rica,Storm,2,,0,0.0,3418.0,1,50.0,980000.0,1,50.0,1006000.0,1,50.0
2024,11.0,2024-11,Americas,CUB,Cuba,Earthquake,1,,0,0.0,6007.0,1,100.0,,0,0.0,,0,0.0
2024,11.0,2024-11,Americas,CUB,Cuba,Storm,1,,0,0.0,4000000.0,1,100.0,1080000000.0,1,100.0,1108418000.0,1,100.0
2024,11.0,2024-11,Americas,DOM,Dominican Republic,Flood,1,,0,0.0,15000.0,1,100.0,,0,0.0,,0,0.0
2024,11.0,2024-11,Americas,DOM,Dominican Republic,Storm,1,2.0,1,100.0,15000.0,1,100.0,,0,0.0,,0,0.0
2024,11.0,2024-11,Americas,GTM,Guatemala,Storm,1,,0,0.0,50240.0,1,100.0,,0,0.0,,0,0.0
2024,11.0,2024-11,Americas,HND,Honduras,Storm,1,2.0,1,100.0,127716.0,1,100.0,,0,0.0,,0,0.0
2024,11.0,2024-11,Americas,HTI,Haiti,Flood,2,16.0,1,50.0,172815.0,2,100.0,,0,0.0,,0,0.0
2024,11.0,2024-11,Americas,HTI,Haiti,Storm,1,1.0,1,100.0,,0,0.0,,0,0.0,,0,0.0
2024,11.0,2024-11,Americas,JAM,Jamaica,Storm,1,2.0,1,100.0,,0,0.0,8000000.0,1,100.0,8211000.0,1,100.0
2024,11.0,2024-11,Americas,NIC,Nicaragua,Storm,1,2.0,1,100.0,,0,0.0,,0,0.0,,0,0.0
2024,11.0,2024-11,Americas,PAN,Panama,Storm,1,7.0,1,100.0,3895.0,1,100.0,110000000.0,1,100.0,112894000.0,1,100.0
2024,11.0,2024-11,Americas,SLV,El Salvador,Storm,1,,0,0.0,480.0,1,100.0,,0,0.0,,0,0.0
2024,11.0,2024-11,Americas,USA,United States of America,Storm,1,5.0,1,100.0,539.0,1,100.0,,0,0.0,,0,0.0
2024,11.0,2024-11,Americas,USA,United States of America,Wildfire,1,,0,0.0,1116.0,1,100.0,100000000.0,1,100.0,102631000.0,1,100.0
2024,11.0,2024-11,Asia,IDN,Indonesia,Flood,1,20.0,1,100.0,1000.0,1,100.0,,0,0.0,,0,0.0
2024,11.0,2024-11,Asia,IDN,Indonesia,Volcanic activity,1,10.0,1,100.0,11511.0,1,100.0,,0,0.0,,0,0.0
2024,11.0,2024-11,Asia,LKA,Sri Lanka,Storm,1,17.0,1,100.0,441392.0,1,100.0,,0,0.0,,0,0.0
2024,11.0,2024-11,Asia,PHL,Philippines,Storm,3,16.0,2,66.67,4652017.0,3,100.0,120000000.0,3,100.0,123157000.0,3,100.0
2024,11.0,2024-11,Asia,SYR,Syrian Arab Republic,Wildfire,1,,0,0.0,15000.0,1,100.0,,0,0.0,,0,0.0
2024,11.0,2024-11,Asia,THA,Thailand,Flood,1,35.0,1,100.0,737000.0,1,100.0,,0,0.0,,0,0.0
2024,11.0,2024-11,Europe,ESP,Spain,Flood,1,,0,0.0,500.0,1,100.0,50000000.0,1,100.0,51316000.0,1,100.0
2024,11.0,2024-11,Europe,FRA,France,Storm,1,,0,0.0,26.0,1,100.0,,0,0.0,,0,0.0
2024,11.0,2024-11,Europe,GBR,United Kingdom of Great Britain and Northern Ireland,Storm,1,5.0,1,100.0,750.0,1,100.0,,0,0.0,,0,0.0
2024,11.0,2024-11,Europe,IRL,Ireland,Storm,1,,0,0.0,,0,0.0,,0,0.0,,0,0.0
2024,11.0,2024-11,Europe,NLD,Netherlands (Kingdom of the),Storm,1,1.0,1,100.0,,0,0.0,50000000.0,1,100.0,51316000.0,1,100.0
2024,12.0,2024-12,Africa,COM,Comoros,Storm,1,,0,0.0,64155.0,1,100.0,,0,0.0,,0,0.0
2024,12.0,2024-12,Africa,KEN,Kenya,Flood,1,13.0,1,100.0,3970.0,1,100.0,,0,0.0,,0,0.0
2024,12.0,2024-12,Africa,LBY,Libya,Flood,1,5.0,1,100.0,3335.0,1,100.0,,0,0.0,,0,0.0
2024,12.0,2024-12,Africa,MDG,Madagascar,Storm,1,,0,0.0,135838.0,1,100.0,,0,0.0,,0,0.0
2024,12.0,2024-12,Africa,MOZ,Mozambique,Storm,1,120.0,1,100.0,454839.0,1,100.0,,0,0.0,,0,0.0
2024,12.0,2024-12,Africa,MWI,Malawi,Storm,1,13.0,1,100.0,45191.0,1,100.0,,0,0.0,,0,0.0
2024,12.0,2024-12,Africa,MYT,Mayotte,Storm,1,35.0,1,100.0,231373.0,1,100.0,752000000.0,1,100.0,771787000.0,1,100.0
2024,12.0,2024-12,Africa,ZMB,Zambia,Epidemic,1,9.0,1,100.0,496.0,1,100.0,,0,0.0,,0,0.0
2024,12.0,2024-12,Americas,BRA,Brazil,Storm,1,,0,0.0,200.0,1,100.0,,0,0.0,,0,0.0
2024,12.0,2024-12,Americas,HTI,Haiti,Flood,1,14.0,1,100.0,1015.0,1,100.0,,0,0.0,,0,0.0
2024,12.0,2024-12,Americas,USA,United States of America,Wildfire,1,,0,0.0,150.0,1,100.0,,0,0.0,,0,0.0
2024,12.0,2024-12,Asia,IDN,Indonesia,Flood,1,12.0,1,100.0,10160.0,1,100.0,,0,0.0,,0,0.0
2024,12.0,2024-12,Asia,IND,India,Storm,1,20.0,1,100.0,,0,0.0,,0,0.0,,0,0.0
2024,12.0,2024-12,Asia,PHL,Philippines,Volcanic activity,1,,0,0.0,44053.0,1,100.0,,0,0.0,,0,0.0
2024,12.0,2024-12,Oceania,VUT,Vanuatu,Earthquake,1,14.0,1,100.0,80265.0,1,100.0,100000000.0,1,100.0,102631000.0,1,100.0
2025,1.0,2025-01,Africa,AGO,Angola,Epidemic,1,776.0,1,100.0,27728.0,1,100.0,,0,0.0,,0,0.0
2025,1.0,2025-01,Africa,ETH,Ethiopia,Earthquake,1,2.0,1,100.0,99952.0,1,100.0,,0,0.0,,0,0.0
2025,1.0,2025-01,Africa,KEN,Kenya,Drought,1,,0,0.0,2150000.0,1,100.0,,0,0.0,,0,0.0
2025,1.0,2025-01,Africa,MDG,Madagascar,Storm,2,8.0,2,100.0,8530.0,2,100.0,,0,0.0,,0,0.0
2025,1.0,2025-01,Africa,MOZ,Mozambique,Storm,1,6.0,1,100.0,283338.0,1,100.0,,0,0.0,,0,0.0
2025,1.0,2025-01,Africa,MWI,Malawi,Flood,1,39.0,1,100.0,181270.0,1,100.0,,0,0.0,,0,0.0
2025,1.0,2025-01,Africa,NGA,Nigeria,Epidemic,1,53.0,1,100.0,290.0,1,100.0,,0,0.0,,0,0.0
2025,1.0,2025-01,Africa,SLE,Sierra Leone,Wildfire,1,,0,0.0,4180.0,1,100.0,,0,0.0,,0,0.0
2025,1.0,2025-01,Africa,SOM,Somalia,Drought,1,,0,0.0,6500000.0,1,100.0,,0,0.0,,0,0.0
2025,1.0,2025-01,Africa,SOM,Somalia,Epidemic,1,12.0,1,100.0,39.0,1,100.0,,0,0.0,,0,0.0
2025,1.0,2025-01,Africa,TZA,United Republic of Tanzania,Epidemic,1,10.0,1,100.0,2.0,1,100.0,,0,0.0,,0,0.0
2025,1.0,2025-01,Americas,ARG,Argentina,Wildfire,1,1.0,1,100.0,1500.0,1,100.0,,0,0.0,,0,0.0
2025,1.0,2025-01,Americas,BOL,Bolivia (Plurinational State of),Storm,1,23.0,1,100.0,80000.0,1,100.0,,0,0.0,,0,0.0
2025,1.0,2025-01,Americas,BRA,Brazil,Drought,1,,0,0.0,,0,0.0,4800000000.0,1,100.0,4800000000.0,1,100.0
2025,1.0,2025-01,Americas,BRA,Brazil,Flood,1,,0,0.0,400.0,1,100.0,,0,0.0,,0,0.0
2025,1.0,2025-01,Americas,BRA,Brazil,Mass movement (wet),1,27.0,1,100.0,3700.0,1,100.0,,0,0.0,,0,0.0
2025,1.0,2025-01,Americas,CHL,Chile,Wildfire,1,,0,0.0,502.0,1,100.0,,0,0.0,,0,0.0
2025,1.0,2025-01,Americas,ECU,Ecuador,Storm,1,55.0,1,100.0,189298.0,1,100.0,,0,0.0,,0,0.0
2025,1.0,2025-01,Americas,PER,Peru,Flood,1,7.0,1,100.0,57000.0,1,100.0,,0,0.0,,0,0.0
2025,1.0,2025-01,Americas,USA,United States of America,Drought,1,89.0,1,100.0,,0,0.0,3100000000.0,1,100.0,3100000000.0,1,100.0
2025,1.0,2025-01,Americas,USA,United States of America,Storm,1,12.0,1,100.0,31.0,1,100.0,50000000.0,1,100.0,50000000.0,1,100.0
2025,1.0,2025-01,Americas,USA,United States of America,Wildfire,1,31.0,1,100.0,4.0,1,100.0,53000000000.0,1,100.0,53000000000.0,1,100.0
2025,1.0,2025-01,Asia,CHN,China,Earthquake,1,126.0,1,100.0,46688.0,1,100.0,1250000000.0,1,100.0,1250000000.0,1,100.0
2025,1.0,2025-01,Asia,IDN,Indonesia,Mass movement (wet),1,26.0,1,100.0,13.0,1,100.0,,0,0.0,,0,0.0
2025,1.0,2025-01,Asia,MYS,Malaysia,Flood,1,5.0,1,100.0,12500.0,1,100.0,,0,0.0,,0,0.0
2025,1.0,2025-01,Asia,NPL,Nepal,Earthquake,1,,0,0.0,83.0,1,100.0,,0,0.0,,0,0.0
2025,1.0,2025-01,Asia,TWN,Taiwan (Province of China),Earthquake,1,,0,0.0,27.0,1,100.0,1300000000.0,1,100.0,1300000000.0,1,100.0
2025,1.0,2025-01,Europe,ESP,Spain,Storm,1,1.0,1,100.0,,0,0.0,,0,0.0,,0,0.0
2025,1.0,2025-01,Europe,FRA,France,Storm,1,,0,0.0,1902.0,1,100.0,,0,0.0,,0,0.0
2025,1.0,2025-01,Europe,ITA,Italy,Storm,1,,0,0.0,,0,0.0,,0,0.0,,0,0.0
2025,1.0,2025-01,Oceania,AUS,Australia,Wildfire,1,,0,0.0,260.0,1,100.0,,0,0.0,,0,0.0
2025,2.0,2025-02,Africa,BWA,Botswana,Flood,1,9.0,1,100.0,190343.0,1,100.0,,0,0.0,,0,0.0
2025,2.0,2025-02,Africa,MDG,Madagascar,Flood,2,11.0,1,50.0,3688.0,1,50.0,,0,0.0,,0,0.0
2025,2.0,2025-02,Africa,MDG,Madagascar,Storm,2,4.0,1,50.0,50619.0,2,100.0,10000000.0,1,50.0,10000000.0,1,50.0
2025,2.0,2025-02,Africa,REU,Réunion,Storm,1,5.0,1,100.0,606.0,1,100.0,900000000.0,1,100.0,900000000.0,1,100.0
2025,2.0,2025-02,Americas,BOL,Bolivia (Plurinational State of),Flood,1,68.0,1,100.0,3005000.0,1,100.0,,0,0.0,,0,0.0
2025,2.0,2025-02,Americas,BRA,Brazil,Storm,1,9.0,1,100.0,130.0,1,100.0,,0,0.0,,0,0.0
2025,2.0,2025-02,Americas,CHL,Chile,Wildfire,1,1.0,1,100.0,36663.0,1,100.0,,0,0.0,,0,0.0
2025,2.0,2025-02,Americas,COL,Colombia,Storm,1,2.0,1,100.0,20000.0,1,100.0,,0,0.0,,0,0.0
2025,2.0,2025-02,Americas,PER,Peru,Flood,1,,0,0.0,150.0,1,100.0,,0,0.0,,0,0.0
2025,2.0,2025-02,Americas,USA,United States of America,Storm,1,18.0,1,100.0,1045.0,1,100.0,1980000000.0,1,100.0,1980000000.0,1,100.0
2025,2.0,2025-02,Asia,AFG,Afghanistan,Flood,1,39.0,1,100.0,44.0,1,100.0,,0,0.0,,0,0.0
2025,2.0,2025-02,Asia,CHN,China,Mass movement (wet),1,29.0,1,100.0,,0,0.0,,0,0.0,,0,0.0
2025,2.0,2025-02,Asia,GEO,Georgia,Storm,1,3.0,1,100.0,28870.0,1,100.0,,0,0.0,,0,0.0
2025,2.0,2025-02,Asia,IND,India,Mass movement (wet),1,8.0,1,100.0,219.0,1,100.0,,0,0.0,,0,0.0
2025,2.0,2025-02,Asia,JPN,Japan,Wildfire,1,1.0,1,100.0,252.0,1,100.0,70000000.0,1,100.0,70000000.0,1,100.0
2025,2.0,2025-02,Asia,MYS,Malaysia,Flood,1,,0,0.0,251.0,1,100.0,,0,0.0,,0,0.0
2025,2.0,2025-02,Asia,PHL,Philippines,Flood,1,7.0,1,100.0,123000.0,1,100.0,,0,0.0,,0,0.0
2025,2.0,2025-02,Asia,PHL,Philippines,Storm,1,,0,0.0,50678.0,1,100.0,,0,0.0,,0,0.0
2025,2.0,2025-02,Oceania,AUS,Australia,Storm,1,1.0,1,100.0,13.0,1,100.0,3500000000.0,1,100.0,3500000000.0,1,100.0
2025,3.0,2025-03,Africa,BEN,Benin,Storm,1,,0,0.0,1368.0,1,100.0,,0,0.0,,0,0.0
2025,3.0,2025-03,Africa,MDG,Madagascar,Storm,1,1.0,1,100.0,15001.0,1,100.0,,0,0.0,,0,0.0
2025,3.0,2025-03,Africa,MOZ,Mozambique,Storm,1,16.0,1,100.0,1020926.0,1,100.0,,0,0.0,,0,0.0
2025,3.0,2025-03,Africa,MWI,Malawi,Storm,1,3.0,1,100.0,20015.0,1,100.0,,0,0.0,,0,0.0
2025,3.0,2025-03,Africa,NAM,Namibia,Flood,1,16.0,1,100.0,,0,0.0,,0,0.0,,0,0.0
2025,3.0,2025-03,Africa,TZA,United Republic of Tanzania,Storm,1,,0,0.0,7851.0,1,100.0,,0,0.0,,0,0.0
2025,3.0,2025-03,Americas,ARG,Argentina,Flood,1,125.0,1,100.0,236700.0,1,100.0,375000000.0,1,100.0,375000000.0,1,100.0
2025,3.0,2025-03,Americas,COL,Colombia,Mass movement (wet),1,4.0,1,100.0,200.0,1,100.0,,0,0.0,,0,0.0
2025,3.0,2025-03,Americas,PER,Peru,Flood,1,,0,0.0,7966.0,1,100.0,,0,0.0,,0,0.0
2025,3.0,2025-03,Americas,USA,United States of America,Storm,3,55.0,3,100.0,2915.0,3,100.0,13650000000.0,3,100.0,13650000000.0,3,100.0
2025,3.0,2025-03,Americas,USA,United States of America,Wildfire,1,4.0,1,100.0,1811.0,1,100.0,,0,0.0,,0,0.0
2025,3.0,2025-03,Asia,CHN,China,Earthquake,1,,0,0.0,2842.0,1,100.0,,0,0.0,,0,0.0
2025,3.0,2025-03,Asia,IDN,Indonesia,Flood,2,5.0,1,50.0,80006.0,2,100.0,,0,0.0,,0,0.0
2025,3.0,2025-03,Asia,IND,India,Storm,1,2.0,1,100.0,3067.0,1,100.0,2900000.0,1,100.0,2900000.0,1,100.0
2025,3.0,2025-03,Asia,IRQ,Iraq,Flood,1,,0,0.0,30000.0,1,100.0,,0,0.0,,0,0.0
2025,3.0,2025-03,Asia,JPN,Japan,Wildfire,1,,0,0.0,2802.0,1,100.0,,0,0.0,,0,0.0
2025,3.0,2025-03,Asia,KGZ,Kyrgyzstan,Epidemic,1,9.0,1,100.0,9281.0,1,100.0,,0,0.0,,0,0.0
2025,3.0,2025-03,Asia,KOR,Republic of Korea,Wildfire,1,31.0,1,100.0,12089.0,1,100.0,800000000.0,1,100.0,800000000.0,1,100.0
2025,3.0,2025-03,Asia,MMR,Myanmar,Earthquake,1,3820.0,1,100.0,1355104.0,1,100.0,11000000000.0,1,100.0,11000000000.0,1,100.0
2025,3.0,2025-03,Asia,MYS,Malaysia,Flood,2,,0,0.0,15626.0,2,100.0,,0,0.0,,0,0.0
2025,3.0,2025-03,Asia,THA,Thailand,Earthquake,1,54.0,1,100.0,2351.0,1,100.0,,0,0.0,,0,0.0
2025,3.0,2025-03,Asia,THA,Thailand,Storm,1,,0,0.0,4231.0,1,100.0,,0,0.0,,0,0.0
2025,3.0,2025-03,Europe,BIH,Bosnia and Herzegovina,Flood,1,,0,0.0,3000.0,1,100.0,,0,0.0,,0,0.0
2025,3.0,2025-03,Europe,HRV,Croatia,Flood,1,,0,0.0,,0,0.0,,0,0.0,,0,0.0
2025,3.0,2025-03,Europe,ITA,Italy,Flood,1,,0,0.0,250.0,1,100.0,,0,0.0,,0,0.0
2025,4.0,2025-04,Africa,COD,Democratic Republic of the Congo,Flood,2,167.0,2,100.0,91554.0,2,100.0,,0,0.0,,0,0.0
2025,4.0,2025-04,Africa,SOM,Somalia,Flood,1,4.0,1,100.0,45000.0,1,100.0,,0,0.0,,0,0.0
2025,4.0,2025-04,Africa,SPI,Canary Islands,Storm,1,,0,0.0,,0,0.0,,0,0.0,,0,0.0
2025,4.0,2025-04,Americas,BRA,Brazil,Flood,1,,0,0.0,380.0,1,100.0,,0,0.0,,0,0.0
2025,4.0,2025-04,Americas,CRI,Costa Rica,Volcanic activity,1,,0,0.0,518948.0,1,100.0,,0,0.0,,0,0.0
2025,4.0,2025-04,Americas,ECU,Ecuador,Earthquake,1,,0,0.0,8512.0,1,100.0,,0,0.0,,0,0.0
2025,4.0,2025-04,Americas,USA,United States of America,Storm,4,43.0,4,100.0,1196.0,3,75.0,8400000000.0,3,75.0,8400000000.0,3,75.0
2025,4.0,2025-04,Asia,IDN,Indonesia,Flood,2,13.0,2,100.0,18665.0,2,100.0,,0,0.0,,0,0.0
2025,4.0,2025-04,Asia,IND,India,Extreme temperature,1,84.0,1,100.0,,0,0.0,,0,0.0,,0,0.0
2025,4.0,2025-04,Asia,IND,India,Storm,2,104.0,2,100.0,2502.0,1,50.0,,0,0.0,,0,0.0
2025,4.0,2025-04,Asia,IRN,Iran (Islamic Republic of),Storm,1,9.0,1,100.0,86.0,1,100.0,,0,0.0,,0,0.0
2025,4.0,2025-04,Asia,IRQ,Iraq,Storm,1,,0,0.0,2751.0,1,100.0,,0,0.0,,0,0.0
2025,4.0,2025-04,Asia,ISR,Israel,Wildfire,1,,0,0.0,23.0,1,100.0,,0,0.0,,0,0.0
2025,4.0,2025-04,Asia,NPL,Nepal,Storm,1,10.0,1,100.0,12.0,1,100.0,,0,0.0,,0,0.0
2025,4.0,2025-04,Asia,PAK,Pakistan,Extreme temperature,1,,0,0.0,1105.0,1,100.0,,0,0.0,,0,0.0
2025,4.0,2025-04,Asia,PHL,Philippines,Volcanic activity,1,,0,0.0,110000.0,1,100.0,,0,0.0,,0,0.0
2025,4.0,2025-04,Asia,THA,Thailand,Storm,1,1.0,1,100.0,7350.0,1,100.0,,0,0.0,,0,0.0
2025,4.0,2025-04,Asia,TJK,Tajikistan,Earthquake,1,1.0,1,100.0,4020.0,1,100.0,,0,0.0,,0,0.0
2025,4.0,2025-04,Asia,TUR,Türkiye,Earthquake,1,,0,0.0,236.0,1,100.0,100000000.0,1,100.0,100000000.0,1,100.0
2025,4.0,2025-04,Asia,TUR,Türkiye,Extreme temperature,2,17.0,1,50.0,,0,0.0,2000000000.0,1,50.0,2000000000.0,1,50.0
2025,4.0,2025-04,Asia,VNM,Viet Nam,Storm,2,5.0,2,100.0,504.0,2,100.0,,0,0.0,,0,0.0
2025,4.0,2025-04,Europe,ALB,Albania,Extreme temperature,1,,0,0.0,,0,0.0,,0,0.0,,0,0.0
2025,4.0,2025-04,Europe,AUT,Austria,Extreme temperature,1,180.0,1,100.0,,0,0.0,,0,0.0,,0,0.0
2025,4.0,2025-04,Europe,ESP,Spain,Extreme temperature,1,3893.0,1,100.0,,0,0.0,,0,0.0,,0,0.0
2025,4.0,2025-04,Europe,GBR,United Kingdom of Great Britain and Northern Ireland,Extreme temperature,1,1687.0,1,100.0,,0,0.0,,0,0.0,,0,0.0
2025,4.0,2025-04,Europe,GRC,Greece,Extreme temperature,1,1372.0,1,100.0,,0,0.0,,0,0.0,,0,0.0
2025,4.0,2025-04,Europe,HRV,Croatia,Extreme temperature,1,394.0,1,100.0,,0,0.0,,0,0.0,,0,0.0
2025,4.0,2025-04,Europe,ITA,Italy,Extreme temperature,1,6710.0,1,100.0,,0,0.0,,0,0.0,,0,0.0
2025,4.0,2025-04,Europe,PRT,Portugal,Extreme temperature,1,386.0,1,100.0,,0,0.0,,0,0.0,,0,0.0
2025,4.0,2025-04,Europe,ROU,Romania,Extreme temperature,1,1487.0,1,100.0,,0,0.0,,0,0.0,,0,0.0
2025,5.0,2025-05,Africa,CIV,Côte d’Ivoire,Mass movement (wet),1,12.0,1,100.0,7.0,1,100.0,,0,0.0,,0,0.0
2025,5.0,2025-05,Africa,COD,Democratic Republic of the Congo,Epidemic,1,128.0,1,100.0,6353.0,1,100.0,,0,0.0,,0,0.0
2025,5.0,2025-05,Africa,COD,Democratic Republic of the Congo,Flood,1,154.0,1,100.0,10028.0,1,100.0,,0,0.0,,0,0.0
2025,5.0,2025-05,Africa,DZA,Algeria,Flood,1,5.0,1,100.0,1350.0,1,100.0,,0,0.0,,0,0.0
2025,5.0,2025-05,Africa,NGA,Nigeria,Flood,1,1100.0,1,100.0,20200.0,1,100.0,,0,0.0,,0,0.0
2025,5.0,2025-05,Africa,SOM,Somalia,Flood,1,14.0,1,100.0,84010.0,1,100.0,,0,0.0,,0,0.0
2025,5.0,2025-05,Africa,TZA,United Republic of Tanzania,Flood,1,26.0,1,100.0,3150.0,1,100.0,,0,0.0,,0,0.0
2025,5.0,2025-05,Americas,USA,United States of America,Storm,4,31.0,4,100.0,15108.0,1,25.0,8200000000.0,3,75.0,8200000000.0,3,75.0
2025,5.0,2025-05,Americas,VEN,Venezuela (Bolivarian Republic of),Storm,1,,0,0.0,24095.0,1,100.0,,0,0.0,,0,0.0
2025,5.0,2025-05,Asia,BGD,Bangladesh,Flood,1,5.0,1,100.0,,0,0.0,,0,0.0,,0,0.0
2025,5.0,2025-05,Asia,BGD,Bangladesh,Storm,1,13.0,1,100.0,4.0,1,100.0,,0,0.0,,0,0.0
2025,5.0,2025-05,Asia,CHN,China,Mass movement (wet),1,21.0,1,100.0,,0,0.0,,0,0.0,,0,0.0
2025,5.0,2025-05,Asia,IDN,Indonesia,Earthquake,1,,0,0.0,181.0,1,100.0,,0,0.0,,0,0.0
2025,5.0,2025-05,Asia,IDN,Indonesia,Flood,1,20.0,1,100.0,4.0,1,100.0,,0,0.0,,0,0.0
2025,5.0,2025-05,Asia,IND,India,Flood,1,50.0,1,100.0,1441247.0,1,100.0,,0,0.0,,0,0.0
2025,5.0,2025-05,Asia,IND,India,Storm,1,14.0,1,100.0,51.0,1,100.0,,0,0.0,,0,0.0
2025,5.0,2025-05,Asia,IRN,Iran (Islamic Republic of),Storm,1,,0,0.0,240.0,1,100.0,,0,0.0,,0,0.0
2025,5.0,2025-05,Asia,IRQ,Iraq,Storm,1,,0,0.0,550.0,1,100.0,,0,0.0,,0,0.0
2025,5.0,2025-05,Asia,NPL,Nepal,Storm,1,4.0,1,100.0,675.0,1,100.0,,0,0.0,,0,0.0
2025,5.0,2025-05,Asia,PAK,Pakistan,Storm,2,30.0,2,100.0,171.0,2,100.0,,0,0.0,,0,0.0
2025,5.0,2025-05,Asia,PHL,Philippines,Storm,1,,0,0.0,233945.0,1,100.0,,0,0.0,,0,0.0
2025,5.0,2025-05,Asia,THA,Thailand,Flood,2,1.0,1,50.0,1844.0,2,100.0,,0,0.0,,0,0.0
2025,5.0,2025-05,Europe,CHE,Switzerland,Glacial lake outburst flood,1,1.0,1,100.0,,0,0.0,500000000.0,1,100.0,500000000.0,1,100.0
2025,5.0,2025-05,Oceania,AUS,Australia,Storm,1,5.0,1,100.0,50000.0,1,100.0,270000000.0,1,100.0,270000000.0,1,100.0
2025,6.0,2025-06,Africa,COD,Democratic Republic of the Congo,Flood,1,30.0,1,100.0,80579.0,1,100.0,,0,0.0,,0,0.0
2025,6.0,2025-06,Africa,COG,Congo,Epidemic,1,91.0,1,100.0,76.0,1,100.0,,0,0.0,,0,0.0
2025,6.0,2025-06,Africa,ETH,Ethiopia,Storm,1,1.0,1,100.0,38624.0,1,100.0,,0,0.0,,0,0.0
2025,6.0,2025-06,Africa,GNB,Guinea-Bissau,Storm,1,,0,0.0,3032.0,1,100.0,,0,0.0,,0,0.0
2025,6.0,2025-06,Africa,NGA,Nigeria,Flood,1,238.0,1,100.0,400826.0,1,100.0,30000000.0,1,100.0,30000000.0,1,100.0
2025,6.0,2025-06,Africa,SSD,South Sudan,Flood,1,20.0,1,100.0,960000.0,1,100.0,,0,0.0,,0,0.0
2025,6.0,2025-06,Africa,ZAF,South Africa,Flood,1,88.0,1,100.0,1000.0,1,100.0,,0,0.0,,0,0.0
2025,6.0,2025-06,Americas,ARG,Argentina,Storm,1,9.0,1,100.0,,0,0.0,,0,0.0,,0,0.0
2025,6.0,2025-06,Americas,CHL,Chile,Storm,1,,0,0.0,,0,0.0,,0,0.0,,0,0.0
2025,6.0,2025-06,Americas,COL,Colombia,Earthquake,1,,0,0.0,1651.0,1,100.0,,0,0.0,,0,0.0
2025,6.0,2025-06,Americas,COL,Colombia,Flood,1,130.0,1,100.0,407957.0,1,100.0,,0,0.0,,0,0.0
2025,6.0,2025-06,Americas,COL,Colombia,Mass movement (wet),1,26.0,1,100.0,1515.0,1,100.0,,0,0.0,,0,0.0
2025,6.0,2025-06,Americas,GTM,Guatemala,Storm,1,16.0,1,100.0,4726.0,1,100.0,,0,0.0,,0,0.0
2025,6.0,2025-06,Americas,HND,Honduras,Storm,1,1.0,1,100.0,25000.0,1,100.0,,0,0.0,,0,0.0
2025,6.0,2025-06,Americas,MEX,Mexico,Storm,1,1.0,1,100.0,150.0,1,100.0,213000000.0,1,100.0,213000000.0,1,100.0
2025,6.0,2025-06,Americas,PER,Peru,Earthquake,1,2.0,1,100.0,639.0,1,100.0,,0,0.0,,0,0.0
2025,6.0,2025-06,Americas,URY,Uruguay,Storm,1,7.0,1,100.0,3000.0,1,100.0,,0,0.0,,0,0.0
2025,6.0,2025-06,Americas,USA,United States of America,Flood,1,7.0,1,100.0,74.0,1,100.0,1250000000.0,1,100.0,1250000000.0,1,100.0
2025,6.0,2025-06,Americas,USA,United States of America,Storm,1,9.0,1,100.0,,0,0.0,2500000000.0,1,100.0,2500000000.0,1,100.0
2025,6.0,2025-06,Americas,USA,United States of America,Wildfire,1,,0,0.0,170.0,1,100.0,10000000.0,1,100.0,10000000.0,1,100.0
2025,6.0,2025-06,Asia,AFG,Afghanistan,Flood,1,4.0,1,100.0,2004.0,1,100.0,,0,0.0,,0,0.0
2025,6.0,2025-06,Asia,ARM,Armenia,Storm,1,4.0,1,100.0,20000.0,1,100.0,,0,0.0,,0,0.0
2025,6.0,2025-06,Asia,CHN,China,Mass movement (wet),1,10.0,1,100.0,3.0,1,100.0,,0,0.0,,0,0.0
2025,6.0,2025-06,Asia,CYP,Cyprus,Extreme temperature,1,49.0,1,100.0,,0,0.0,,0,0.0,,0,0.0
2025,6.0,2025-06,Asia,IDN,Indonesia,Flood,1,,0,0.0,27632.0,1,100.0,,0,0.0,,0,0.0
2025,6.0,2025-06,Asia,IDN,Indonesia,Volcanic activity,1,,0,0.0,2341.0,1,100.0,,0,0.0,,0,0.0
2025,6.0,2025-06,Asia,IND,India,Flood,1,140.0,1,100.0,80074.0,1,100.0,,0,0.0,,0,0.0
2025,6.0,2025-06,Asia,IND,India,Storm,1,27.0,1,100.0,33584.0,1,100.0,,0,0.0,,0,0.0
2025,6.0,2025-06,Asia,IRN,Iran (Islamic Republic of),Storm,1,,0,0.0,1544.0,1,100.0,,0,0.0,,0,0.0
2025,6.0,2025-06,Asia,MMR,Myanmar,Flood,1,,0,0.0,35000.0,1,100.0,,0,0.0,,0,0.0
2025,6.0,2025-06,Asia,PAK,Pakistan,Flood,1,1037.0,1,100.0,6901067.0,1,100.0,3000000000.0,1,100.0,3000000000.0,1,100.0
2025,6.0,2025-06,Asia,PHL,Philippines,Flood,1,,0,0.0,192.0,1,100.0,,0,0.0,,0,0.0
2025,6.0,2025-06,Asia,PHL,Philippines,Storm,1,3.0,1,100.0,17517.0,1,100.0,,0,0.0,,0,0.0
2025,6.0,2025-06,Asia,SYR,Syrian Arab Republic,Drought,1,,0,0.0,16200000.0,1,100.0,50000000.0,1,100.0,50000000.0,1,100.0
2025,6.0,2025-06,Asia,TUR,Türkiye,Wildfire,1,2.0,1,100.0,1194.0,1,100.0,,0,0.0,,0,0.0
2025,6.0,2025-06,Asia,VNM,Viet Nam,Flood,1,3.0,1,100.0,690.0,1,100.0,,0,0.0,,0,0.0
2025,6.0,2025-06,Asia,VNM,Viet Nam,Storm,2,11.0,2,100.0,21473.0,2,100.0,,0,0.0,,0,0.0
2025,6.0,2025-06,Europe,EST,Estonia,Extreme temperature,1,24.0,1,100.0,,0,0.0,,0,0.0,,0,0.0
2025,6.0,2025-06,Europe,FRA,France,Extreme temperature,1,2062.0,1,100.0,,0,0.0,,0,0.0,,0,0.0
2025,6.0,2025-06,Europe,GRC,Greece,Wildfire,1,,0,0.0,60.0,1,100.0,,0,0.0,,0,0.0
2025,6.0,2025-06,Europe,MLT,Malta,Extreme temperature,1,36.0,1,100.0,,0,0.0,,0,0.0,,0,0.0
2025,7.0,2025-07,Africa,NGA,Nigeria,Flood,1,36.0,1,100.0,5580.0,1,100.0,,0,0.0,,0,0.0
2025,7.0,2025-07,Americas,GTM,Guatemala,Earthquake,2,18.0,2,100.0,29100.0,2,100.0,,0,0.0,,0,0.0
2025,7.0,2025-07,Americas,MEX,Mexico,Flood,1,1.0,1,100.0,444.0,1,100.0,,0,0.0,,0,0.0
2025,7.0,2025-07,Americas,USA,United States of America,Earthquake,1,,0,0.0,,0,0.0,1000000.0,1,100.0,1000000.0,1,100.0
2025,7.0,2025-07,Americas,USA,United States of America,Flood,3,147.0,3,100.0,1453.0,2,66.67,1180000000.0,2,66.67,1180000000.0,2,66.67
2025,7.0,2025-07,Americas,USA,United States of America,Storm,1,6.0,1,100.0,,0,0.0,400000000.0,1,100.0,400000000.0,1,100.0
2025,7.0,2025-07,Asia,BGD,Bangladesh,Flood,1,,0,0.0,15350.0,1,100.0,,0,0.0,,0,0.0
2025,7.0,2025-07,Asia,CHN,China,Flood,1,91.0,1,100.0,300000.0,1,100.0,5800000000.0,1,100.0,5800000000.0,1,100.0
2025,7.0,2025-07,Asia,CHN,China,Glacial lake outburst flood,1,20.0,1,100.0,,0,0.0,,0,0.0,,0,0.0
2025,7.0,2025-07,Asia,CHN,China,Storm,2,12.0,1,50.0,507.0,2,100.0,,0,0.0,,0,0.0
2025,7.0,2025-07,Asia,CYP,Cyprus,Wildfire,1,2.0,1,100.0,599.0,1,100.0,,0,0.0,,0,0.0
2025,7.0,2025-07,Asia,HKG,"China, Hong Kong Special Administrative Region",Flood,1,,0,0.0,,0,0.0,,0,0.0,,0,0.0
2025,7.0,2025-07,Asia,HKG,"China, Hong Kong Special Administrative Region",Storm,1,,0,0.0,26.0,1,100.0,255000000.0,1,100.0,255000000.0,1,100.0
2025,7.0,2025-07,Asia,IDN,Indonesia,Flood,1,4.0,1,100.0,1365.0,1,100.0,,0,0.0,,0,0.0
2025,7.0,2025-07,Asia,JPN,Japan,Earthquake,1,1.0,1,100.0,11.0,1,100.0,,0,0.0,,0,0.0
2025,7.0,2025-07,Asia,KOR,Republic of Korea,Flood,1,28.0,1,100.0,14575.0,1,100.0,740000000.0,1,100.0,740000000.0,1,100.0
2025,7.0,2025-07,Asia,LAO,Lao People's Democratic Republic,Flood,1,13.0,1,100.0,172010.0,1,100.0,13060000.0,1,100.0,13060000.0,1,100.0
2025,7.0,2025-07,Asia,MAC,"China, Macao Special Administrative Region",Storm,1,,0,0.0,5.0,1,100.0,,0,0.0,,0,0.0
2025,7.0,2025-07,Asia,MMR,Myanmar,Storm,1,20.0,1,100.0,131000.0,1,100.0,,0,0.0,,0,0.0
2025,7.0,2025-07,Asia,NPL,Nepal,Glacial lake outburst flood,1,18.0,1,100.0,5585.0,1,100.0,,0,0.0,,0,0.0
2025,7.0,2025-07,Asia,PHL,Philippines,Storm,1,38.0,1,100.0,11138205.0,1,100.0,195000000.0,1,100.0,195000000.0,1,100.0
2025,7.0,2025-07,Asia,SYR,Syrian Arab Republic,Wildfire,1,,0,0.0,55000.0,1,100.0,,0,0.0,,0,0.0
2025,7.0,2025-07,Asia,THA,Thailand,Storm,2,6.0,1,50.0,235537.0,2,100.0,,0,0.0,,0,0.0
2025,7.0,2025-07,Asia,TUR,Türkiye,Wildfire,1,10.0,1,100.0,14.0,1,100.0,,0,0.0,,0,0.0
2025,7.0,2025-07,Asia,TWN,Taiwan (Province of China),Flood,1,7.0,1,100.0,5977.0,1,100.0,,0,0.0,,0,0.0
2025,7.0,2025-07,Asia,TWN,Taiwan (Province of China),Storm,1,2.0,1,100.0,330.0,1,100.0,82000000.0,1,100.0,82000000.0,1,100.0
2025,7.0,2025-07,Asia,VNM,Viet Nam,Flood,1,14.0,1,100.0,110.0,1,100.0,,0,0.0,,0,0.0
2025,7.0,2025-07,Asia,VNM,Viet Nam,Storm,1,20.0,1,100.0,93516.0,1,100.0,183000000.0,1,100.0,183000000.0,1,100.0
2025,7.0,2025-07,Europe,BEL,Belgium,Extreme temperature,1,269.0,1,100.0,,0,0.0,,0,0.0,,0,0.0
2025,7.0,2025-07,Europe,BGR,Bulgaria,Extreme temperature,1,866.0,1,100.0,,0,0.0,,0,0.0,,0,0.0
2025,7.0,2025-07,Europe,BIH,Bosnia and Herzegovina,Extreme temperature,1,,0,0.0,,0,0.0,,0,0.0,,0,0.0
2025,7.0,2025-07,Europe,CZE,Czechia,Extreme temperature,1,144.0,1,100.0,,0,0.0,,0,0.0,,0,0.0
2025,7.0,2025-07,Europe,DEU,Germany,Extreme temperature,1,2445.0,1,100.0,,0,0.0,,0,0.0,,0,0.0
2025,7.0,2025-07,Europe,DNK,Denmark,Extreme temperature,1,22.0,1,100.0,,0,0.0,,0,0.0,,0,0.0
2025,7.0,2025-07,Europe,ESP,Spain,Wildfire,2,3.0,2,100.0,32005.0,2,100.0,,0,0.0,,0,0.0
2025,7.0,2025-07,Europe,FIN,Finland,Extreme temperature,1,105.0,1,100.0,,0,0.0,,0,0.0,,0,0.0
2025,7.0,2025-07,Europe,FRA,France,Wildfire,1,,0,0.0,350.0,1,100.0,10000000.0,1,100.0,10000000.0,1,100.0
2025,7.0,2025-07,Europe,HUN,Hungary,Extreme temperature,1,362.0,1,100.0,,0,0.0,,0,0.0,,0,0.0
2025,7.0,2025-07,Europe,IRL,Ireland,Extreme temperature,1,13.0,1,100.0,,0,0.0,,0,0.0,,0,0.0
2025,7.0,2025-07,Europe,LTU,Lithuania,Extreme temperature,1,74.0,1,100.0,,0,0.0,,0,0.0,,0,0.0
2025,7.0,2025-07,Europe,LUX,Luxembourg,Extreme temperature,1,7.0,1,100.0,,0,0.0,,0,0.0,,0,0.0
2025,7.0,2025-07,Europe,LVA,Latvia,Extreme temperature,1,73.0,1,100.0,,0,0.0,,0,0.0,,0,0.0
2025,7.0,2025-07,Europe,MKD,North Macedonia,Extreme temperature,1,,0,0.0,,0,0.0,,0,0.0,,0,0.0
2025,7.0,2025-07,Europe,NLD,Netherlands (Kingdom of the),Extreme temperature,1,411.0,1,100.0,,0,0.0,,0,0.0,,0,0.0
2025,7.0,2025-07,Europe,NOR,Norway,Extreme temperature,1,52.0,1,100.0,,0,0.0,,0,0.0,,0,0.0
2025,7.0,2025-07,Europe,POL,Poland,Extreme temperature,1,694.0,1,100.0,,0,0.0,,0,0.0,,0,0.0
2025,7.0,2025-07,Europe,ROU,Romania,Flood,1,3.0,1,100.0,2500.0,1,100.0,,0,0.0,,0,0.0
2025,7.0,2025-07,Europe,RUS,Russian Federation,Earthquake,1,,0,0.0,169.0,1,100.0,,0,0.0,,0,0.0
2025,7.0,2025-07,Europe,SRB,Serbia,Extreme temperature,1,,0,0.0,,0,0.0,,0,0.0,,0,0.0
2025,7.0,2025-07,Europe,SVK,Slovakia,Extreme temperature,1,62.0,1,100.0,,0,0.0,,0,0.0,,0,0.0
2025,7.0,2025-07,Europe,SWE,Sweden,Extreme temperature,1,82.0,1,100.0,,0,0.0,,0,0.0,,0,0.0
2025,8.0,2025-08,Africa,CAF,Central African Republic,Flood,1,,0,0.0,2500.0,1,100.0,,0,0.0,,0,0.0
2025,8.0,2025-08,Africa,COD,Democratic Republic of the Congo,Flood,1,13.0,1,100.0,2012.0,1,100.0,,0,0.0,,0,0.0
2025,8.0,2025-08,Africa,CPV,Cabo Verde,Flood,1,17.0,1,100.0,119000.0,1,100.0,,0,0.0,,0,0.0
2025,8.0,2025-08,Africa,GIN,Guinea,Storm,1,15.0,1,100.0,10.0,1,100.0,,0,0.0,,0,0.0
2025,8.0,2025-08,Africa,GMB,Gambia,Flood,1,1.0,1,100.0,10610.0,1,100.0,,0,0.0,,0,0.0
2025,8.0,2025-08,Africa,GNQ,Equatorial Guinea,Flood,1,,0,0.0,23115.0,1,100.0,,0,0.0,,0,0.0
2025,8.0,2025-08,Africa,NGA,Nigeria,Flood,1,16.0,1,100.0,800.0,1,100.0,,0,0.0,,0,0.0
2025,8.0,2025-08,Africa,SDN,Sudan,Flood,1,32.0,1,100.0,10000.0,1,100.0,,0,0.0,,0,0.0
2025,8.0,2025-08,Africa,SDN,Sudan,Mass movement (wet),1,400.0,1,100.0,,0,0.0,,0,0.0,,0,0.0
2025,8.0,2025-08,Africa,SLE,Sierra Leone,Flood,1,,0,0.0,11080.0,1,100.0,,0,0.0,,0,0.0
2025,8.0,2025-08,Africa,TCD,Chad,Flood,1,22.0,1,100.0,123019.0,1,100.0,,0,0.0,,0,0.0
2025,8.0,2025-08,Africa,UGA,Uganda,Flood,1,5.0,1,100.0,15050.0,1,100.0,,0,0.0,,0,0.0
2025,8.0,2025-08,Africa,ZMB,Zambia,Epidemic,1,4.0,1,100.0,271.0,1,100.0,,0,0.0,,0,0.0
2025,8.0,2025-08,Americas,BOL,Bolivia (Plurinational State of),Wildfire,1,,0,0.0,14000.0,1,100.0,,0,0.0,,0,0.0
2025,8.0,2025-08,Americas,BRA,Brazil,Storm,1,,0,0.0,6000.0,1,100.0,,0,0.0,,0,0.0
2025,8.0,2025-08,Americas,PRI,Puerto Rico,Storm,1,,0,0.0,,0,0.0,,0,0.0,,0,0.0
2025,8.0,2025-08,Americas,USA,United States of America,Storm,2,2.0,1,50.0,225.0,1,50.0,1125000000.0,2,100.0,1125000000.0,2,100.0
2025,8.0,2025-08,Americas,USA,United States of America,Wildfire,1,,0,0.0,349.0,1,100.0,,0,0.0,,0,0.0
2025,8.0,2025-08,Asia,AFG,Afghanistan,Earthquake,1,2200.0,1,100.0,1304600.0,1,100.0,180000000.0,1,100.0,180000000.0,1,100.0
2025,8.0,2025-08,Asia,CHN,China,Flood,2,66.0,2,100.0,181.0,1,50.0,,0,0.0,,0,0.0
2025,8.0,2025-08,Asia,CHN,China,Storm,2,,0,0.0,100000.0,1,50.0,,0,0.0,,0,0.0
2025,8.0,2025-08,Asia,IDN,Indonesia,Earthquake,1,2.0,1,100.0,477.0,1,100.0,,0,0.0,,0,0.0
2025,8.0,2025-08,Asia,IND,India,Flood,2,150.0,2,100.0,400050.0,2,100.0,,0,0.0,,0,0.0
2025,8.0,2025-08,Asia,IND,India,Mass movement (wet),2,146.0,2,100.0,3500.0,1,50.0,,0,0.0,,0,0.0
2025,8.0,2025-08,Asia,JPN,Japan,Flood,1,5.0,1,100.0,2108.0,1,100.0,100000000.0,1,100.0,100000000.0,1,100.0
2025,8.0,2025-08,Asia,KOR,Republic of Korea,Flood,1,3.0,1,100.0,1000.0,1,100.0,20000000.0,1,100.0,20000000.0,1,100.0
2025,8.0,2025-08,Asia,LAO,Lao People's Democratic Republic,Storm,1,2.0,1,100.0,10124.0,1,100.0,,0,0.0,,0,0.0
2025,8.0,2025-08,Asia,MMR,Myanmar,Flood,1,6.0,1,100.0,580.0,1,100.0,,0,0.0,,0,0.0
2025,8.0,2025-08,Asia,MMR,Myanmar,Storm,1,,0,0.0,430.0,1,100.0,,0,0.0,,0,0.0
2025,8.0,2025-08,Asia,THA,Thailand,Storm,1,12.0,1,100.0,6315.0,1,100.0,,0,0.0,,0,0.0
2025,8.0,2025-08,Asia,TUR,Türkiye,Earthquake,1,1.0,1,100.0,1513.0,1,100.0,10000000.0,1,100.0,10000000.0,1,100.0
2025,8.0,2025-08,Asia,TWN,Taiwan (Province of China),Storm,1,1.0,1,100.0,100.0,1,100.0,,0,0.0,,0,0.0
2025,8.0,2025-08,Asia,VNM,Viet Nam,Storm,1,8.0,1,100.0,1500012.0,1,100.0,244000000.0,1,100.0,244000000.0,1,100.0
2025,8.0,2025-08,Asia,YEM,Yemen,Flood,1,82.0,1,100.0,455095.0,1,100.0,,0,0.0,,0,0.0
2025,8.0,2025-08,Europe,CHE,Switzerland,Extreme temperature,1,280.0,1,100.0,,0,0.0,,0,0.0,,0,0.0
2025,8.0,2025-08,Europe,ESP,Spain,Wildfire,1,4.0,1,100.0,44.0,1,100.0,,0,0.0,,0,0.0
2025,8.0,2025-08,Europe,FRA,France,Wildfire,1,1.0,1,100.0,133.0,1,100.0,,0,0.0,,0,0.0
2025,8.0,2025-08,Europe,PRT,Portugal,Wildfire,1,3.0,1,100.0,246.0,1,100.0,,0,0.0,,0,0.0
2025,8.0,2025-08,Europe,SVN,Slovenia,Extreme temperature,1,65.0,1,100.0,,0,0.0,,0,0.0,,0,0.0
2025,9.0,2025-09,Africa,COD,Democratic Republic of the Congo,Epidemic,1,45.0,1,100.0,19.0,1,100.0,,0,0.0,,0,0.0
2025,9.0,2025-09,Africa,GMB,Gambia,Flood,1,8.0,1,100.0,10767.0,1,100.0,,0,0.0,,0,0.0
2025,9.0,2025-09,Africa,MDG,Madagascar,Drought,1,,0,0.0,1200000.0,1,100.0,,0,0.0,,0,0.0
2025,9.0,2025-09,Africa,NER,Niger,Flood,1,110.0,1,100.0,268215.0,1,100.0,,0,0.0,,0,0.0
2025,9.0,2025-09,Americas,BHS,Bahamas,Storm,1,,0,0.0,600.0,1,100.0,,0,0.0,,0,0.0
2025,9.0,2025-09,Americas,CUB,Cuba,Storm,1,2.0,1,100.0,,0,0.0,,0,0.0,,0,0.0
2025,9.0,2025-09,Americas,DOM,Dominican Republic,Storm,1,1.0,1,100.0,3000.0,1,100.0,,0,0.0,,0,0.0
2025,9.0,2025-09,Americas,HTI,Haiti,Flood,1,1.0,1,100.0,4116.0,1,100.0,,0,0.0,,0,0.0
2025,9.0,2025-09,Americas,PRI,Puerto Rico,Storm,1,1.0,1,100.0,,0,0.0,,0,0.0,,0,0.0
2025,9.0,2025-09,Americas,VEN,Venezuela (Bolivarian Republic of),Earthquake,1,,0,0.0,210.0,1,100.0,,0,0.0,,0,0.0
2025,9.0,2025-09,Asia,CHN,China,Earthquake,1,,0,0.0,12995.0,1,100.0,,0,0.0,,0,0.0
2025,9.0,2025-09,Asia,CHN,China,Storm,1,,0,0.0,,0,0.0,,0,0.0,,0,0.0
2025,9.0,2025-09,Asia,GEO,Georgia,Flood,1,,0,0.0,20000.0,1,100.0,,0,0.0,,0,0.0
2025,9.0,2025-09,Asia,HKG,"China, Hong Kong Special Administrative Region",Storm,1,,0,0.0,975.0,1,100.0,,0,0.0,,0,0.0
2025,9.0,2025-09,Asia,IDN,Indonesia,Flood,2,20.0,2,100.0,789.0,2,100.0,,0,0.0,,0,0.0
2025,9.0,2025-09,Asia,IND,India,Flood,1,33.0,1,100.0,900.0,1,100.0,,0,0.0,,0,0.0
2025,9.0,2025-09,Asia,JPN,Japan,Storm,1,1.0,1,100.0,5677.0,1,100.0,,0,0.0,,0,0.0
2025,9.0,2025-09,Asia,MYS,Malaysia,Flood,1,13.0,1,100.0,3134.0,1,100.0,,0,0.0,,0,0.0
2025,9.0,2025-09,Asia,NPL,Nepal,Drought,1,,0,0.0,1200000.0,1,100.0,,0,0.0,,0,0.0
2025,9.0,2025-09,Asia,PHL,Philippines,Earthquake,1,79.0,1,100.0,755292.0,1,100.0,100000000.0,1,100.0,100000000.0,1,100.0
2025,9.0,2025-09,Asia,PHL,Philippines,Storm,3,67.0,3,100.0,5584041.0,3,100.0,357000000.0,2,66.67,357000000.0,2,66.67
2025,9.0,2025-09,Asia,THA,Thailand,Flood,1,4.0,1,100.0,250000.0,1,100.0,,0,0.0,,0,0.0
2025,9.0,2025-09,Asia,THA,Thailand,Storm,2,12.0,2,100.0,541126.0,2,100.0,,0,0.0,,0,0.0
2025,9.0,2025-09,Asia,TWN,Taiwan (Province of China),Storm,1,36.0,1,100.0,54.0,1,100.0,,0,0.0,,0,0.0
2025,9.0,2025-09,Asia,VNM,Viet Nam,Storm,1,57.0,1,100.0,588413.0,1,100.0,950000000.0,1,100.0,950000000.0,1,100.0
2025,9.0,2025-09,Europe,AZO,Azores Islands,Storm,1,,0,0.0,600.0,1,100.0,,0,0.0,,0,0.0
2025,9.0,2025-09,Europe,ESP,Spain,Storm,1,,0,0.0,,0,0.0,,0,0.0,,0,0.0
2025,9.0,2025-09,Europe,UKR,Ukraine,Flood,1,9.0,1,100.0,2010.0,1,100.0,,0,0.0,,0,0.0
2025,10.0,2025-10,Africa,EGY,Egypt,Flood,1,,0,0.0,6000.0,1,100.0,,0,0.0,,0,0.0
2025,10.0,2025-10,Africa,ETH,Ethiopia,Earthquake,1,1.0,1,100.0,43009.0,1,100.0,,0,0.0,,0,0.0
2025,10.0,2025-10,Africa,UGA,Uganda,Mass movement (wet),1,40.0,1,100.0,235.0,1,100.0,,0,0.0,,0,0.0
2025,10.0,2025-10,Americas,BHS,Bahamas,Storm,1,,0,0.0,2000.0,1,100.0,,0,0.0,,0,0.0
2025,10.0,2025-10,Americas,BMU,Bermuda,Storm,1,,0,0.0,,0,0.0,,0,0.0,,0,0.0
2025,10.0,2025-10,Americas,CRI,Costa Rica,Flood,1,,0,0.0,400000.0,1,100.0,,0,0.0,,0,0.0
2025,10.0,2025-10,Americas,CUB,Cuba,Storm,1,1.0,1,100.0,2200017.0,1,100.0,,0,0.0,,0,0.0
2025,10.0,2025-10,Americas,DOM,Dominican Republic,Storm,1,5.0,1,100.0,1274237.0,1,100.0,23360000.0,1,100.0,23360000.0,1,100.0
2025,10.0,2025-10,Americas,HND,Honduras,Flood,1,16.0,1,100.0,34073.0,1,100.0,,0,0.0,,0,0.0
2025,10.0,2025-10,Americas,HTI,Haiti,Storm,1,56.0,1,100.0,2300021.0,1,100.0,,0,0.0,,0,0.0
2025,10.0,2025-10,Americas,JAM,Jamaica,Storm,1,62.0,1,100.0,1900340.0,1,100.0,12230000000.0,1,100.0,12230000000.0,1,100.0
2025,10.0,2025-10,Americas,MEX,Mexico,Flood,1,107.0,1,100.0,211335.0,1,100.0,,0,0.0,,0,0.0
2025,10.0,2025-10,Americas,PAN,Panama,Storm,1,3.0,1,100.0,800.0,1,100.0,,0,0.0,,0,0.0
2025,10.0,2025-10,Americas,USA,United States of America,Storm,1,3.0,1,100.0,1509.0,1,100.0,,0,0.0,,0,0.0
2025,10.0,2025-10,Americas,VEN,Venezuela (Bolivarian Republic of),Mass movement (wet),1,14.0,1,100.0,,0,0.0,,0,0.0,,0,0.0
2025,10.0,2025-10,Asia,BGD,Bangladesh,Storm,1,,0,0.0,10100.0,1,100.0,50000000.0,1,100.0,50000000.0,1,100.0
2025,10.0,2025-10,Asia,IDN,Indonesia,Earthquake,1,,0,0.0,250.0,1,100.0,,0,0.0,,0,0.0
2025,10.0,2025-10,Asia,IND,India,Flood,1,32.0,1,100.0,2513.0,1,100.0,2200000.0,1,100.0,2200000.0,1,100.0
2025,10.0,2025-10,Asia,IND,India,Storm,1,8.0,1,100.0,1800000.0,1,100.0,600000000.0,1,100.0,600000000.0,1,100.0
2025,10.0,2025-10,Asia,IRN,Iran (Islamic Republic of),Wildfire,1,,0,0.0,50000.0,1,100.0,,0,0.0,,0,0.0
2025,10.0,2025-10,Asia,JPN,Japan,Storm,1,1.0,1,100.0,610.0,1,100.0,,0,0.0,,0,0.0
2025,10.0,2025-10,Asia,KHM,Cambodia,Flood,1,,0,0.0,67000.0,1,100.0,,0,0.0,,0,0.0
2025,10.0,2025-10,Asia,NPL,Nepal,Flood,1,57.0,1,100.0,20342.0,1,100.0,,0,0.0,,0,0.0
2025,10.0,2025-10,Asia,PHL,Philippines,Earthquake,1,10.0,1,100.0,1124781.0,1,100.0,,0,0.0,,0,0.0
2025,10.0,2025-10,Asia,PHL,Philippines,Storm,1,9.0,1,100.0,330001.0,1,100.0,,0,0.0,,0,0.0
2025,10.0,2025-10,Asia,THA,Thailand,Flood,1,22.0,1,100.0,369724.0,1,100.0,,0,0.0,,0,0.0
2025,10.0,2025-10,Asia,THA,Thailand,Storm,1,13.0,1,100.0,390000.0,1,100.0,,0,0.0,,0,0.0
2025,10.0,2025-10,Asia,VNM,Viet Nam,Storm,3,24.0,3,100.0,480650.0,3,100.0,1900000.0,1,33.33,1900000.0,1,33.33
2025,10.0,2025-10,Europe,BGR,Bulgaria,Flood,1,4.0,1,100.0,100.0,1,100.0,,0,0.0,,0,0.0
2025,10.0,2025-10,Europe,ESP,Spain,Storm,1,,0,0.0,1018.0,1,100.0,100000000.0,1,100.0,100000000.0,1,100.0
2025,10.0,2025-10,Oceania,PNG,Papua New Guinea,Mass movement (wet),1,21.0,1,100.0,,0,0.0,,0,0.0,,0,0.0
2025,11.0,2025-11,Africa,COD,Democratic Republic of the Congo,Flood,1,10.0,1,100.0,99291.0,1,100.0,,0,0.0,,0,0.0
2025,11.0,2025-11,Africa,COG,Congo,Storm,1,,0,0.0,61555.0,1,100.0,,0,0.0,,0,0.0
2025,11.0,2025-11,Africa,ETH,Ethiopia,Epidemic,1,14.0,1,100.0,,0,0.0,,0,0.0,,0,0.0
2025,11.0,2025-11,Africa,KEN,Kenya,Mass movement (wet),1,51.0,1,100.0,6327.0,1,100.0,,0,0.0,,0,0.0
2025,11.0,2025-11,Americas,BRA,Brazil,Storm,2,7.0,1,50.0,10990.0,2,100.0,22000000.0,1,50.0,22000000.0,1,50.0
2025,11.0,2025-11,Asia,AFG,Afghanistan,Earthquake,1,26.0,1,100.0,1412172.0,1,100.0,10000000.0,1,100.0,10000000.0,1,100.0
2025,11.0,2025-11,Asia,BGD,Bangladesh,Earthquake,1,10.0,1,100.0,507.0,1,100.0,,0,0.0,,0,0.0
2025,11.0,2025-11,Asia,IDN,Indonesia,Flood,1,23.0,1,100.0,23.0,1,100.0,,0,0.0,,0,0.0
2025,11.0,2025-11,Asia,IDN,Indonesia,Mass movement (wet),1,51.0,1,100.0,578.0,1,100.0,,0,0.0,,0,0.0
2025,11.0,2025-11,Asia,IDN,Indonesia,Storm,1,1345.0,1,100.0,3870000.0,1,100.0,4000000000.0,1,100.0,4000000000.0,1,100.0
2025,11.0,2025-11,Asia,IDN,Indonesia,Volcanic activity,1,,0,0.0,531.0,1,100.0,,0,0.0,,0,0.0
2025,11.0,2025-11,Asia,IND,India,Storm,1,3.0,1,100.0,,0,0.0,40000000.0,1,100.0,40000000.0,1,100.0
2025,11.0,2025-11,Asia,LKA,Sri Lanka,Mass movement (wet),1,31.0,1,100.0,3007.0,1,100.0,,0,0.0,,0,0.0
2025,11.0,2025-11,Asia,LKA,Sri Lanka,Storm,1,823.0,1,100.0,1702737.0,1,100.0,4100000000.0,1,100.0,4100000000.0,1,100.0
2025,11.0,2025-11,Asia,MYS,Malaysia,Flood,1,3.0,1,100.0,18700.0,1,100.0,,0,0.0,,0,0.0
2025,11.0,2025-11,Asia,PHL,Philippines,Storm,3,408.0,3,100.0,14056963.0,3,100.0,,0,0.0,,0,0.0
2025,11.0,2025-11,Asia,THA,Thailand,Flood,1,276.0,1,100.0,4000005.0,1,100.0,15600000000.0,1,100.0,15600000000.0,1,100.0
2025,11.0,2025-11,Asia,VNM,Viet Nam,Flood,1,108.0,1,100.0,808603.0,1,100.0,345351000.0,1,100.0,345351000.0,1,100.0
2025,11.0,2025-11,Asia,VNM,Viet Nam,Storm,1,8.0,1,100.0,11407.0,1,100.0,,0,0.0,,0,0.0
2025,11.0,2025-11,Europe,ALB,Albania,Storm,2,2.0,2,100.0,840.0,2,100.0,,0,0.0,,0,0.0
2025,11.0,2025-11,Europe,GBR,United Kingdom of Great Britain and Northern Ireland,Storm,1,,0,0.0,2055.0,1,100.0,,0,0.0,,0,0.0
2025,11.0,2025-11,Europe,GRC,Greece,Storm,1,,0,0.0,,0,0.0,,0,0.0,,0,0.0
2025,11.0,2025-11,Europe,ITA,Italy,Storm,1,2.0,1,100.0,300.0,1,100.0,,0,0.0,,0,0.0
2025,11.0,2025-11,Europe,SVN,Slovenia,Storm,1,,0,0.0,,0,0.0,,0,0.0,,0,0.0
2025,12.0,2025-12,Africa,MAR,Morocco,Flood,1,52.0,1,100.0,2838.0,1,100.0,,0,0.0,,0,0.0
2025,12.0,2025-12,Africa,MDG,Madagascar,Epidemic,1,3.0,1,100.0,1188.0,1,100.0,,0,0.0,,0,0.0
2025,12.0,2025-12,Africa,MOZ,Mozambique,Flood,1,201.0,1,100.0,724422.0,1,100.0,220000000.0,1,100.0,220000000.0,1,100.0
2025,12.0,2025-12,Africa,MWI,Malawi,Storm,1,42.0,1,100.0,49313.0,1,100.0,,0,0.0,,0,0.0
2025,12.0,2025-12,Africa,ZAF,South Africa,Flood,1,39.0,1,100.0,19705.0,1,100.0,,0,0.0,,0,0.0
2025,12.0,2025-12,Africa,ZMB,Zambia,Flood,1,,0,0.0,25000.0,1,100.0,,0,0.0,,0,0.0
2025,12.0,2025-12,Americas,ARG,Argentina,Storm,1,,0,0.0,1800.0,1,100.0,,0,0.0,,0,0.0
2025,12.0,2025-12,Americas,BOL,Bolivia (Plurinational State of),Flood,1,30.0,1,100.0,10642.0,1,100.0,36000000.0,1,100.0,36000000.0,1,100.0
2025,12.0,2025-12,Americas,BRA,Brazil,Storm,2,,0,0.0,480.0,2,100.0,,0,0.0,,0,0.0
2025,12.0,2025-12,Americas,CAN,Canada,Storm,1,,0,0.0,396.0,1,100.0,,0,0.0,,0,0.0
2025,12.0,2025-12,Americas,CHL,Chile,Wildfire,1,23.0,1,100.0,22033.0,1,100.0,400000000.0,1,100.0,400000000.0,1,100.0
2025,12.0,2025-12,Americas,PER,Peru,Mass movement (wet),1,41.0,1,100.0,25.0,1,100.0,,0,0.0,,0,0.0
2025,12.0,2025-12,Americas,PRY,Paraguay,Storm,1,,0,0.0,,0,0.0,,0,0.0,,0,0.0
2025,12.0,2025-12,Americas,USA,United States of America,Flood,1,4.0,1,100.0,,0,0.0,100000000.0,1,100.0,100000000.0,1,100.0
2025,12.0,2025-12,Americas,USA,United States of America,Storm,1,2.0,1,100.0,1202.0,1,100.0,200000000.0,1,100.0,200000000.0,1,100.0
2025,12.0,2025-12,Asia,IDN,Indonesia,Flood,2,,0,0.0,17745.0,2,100.0,,0,0.0,,0,0.0
2025,12.0,2025-12,Asia,IRN,Iran (Islamic Republic of),Flood,1,7.0,1,100.0,42131.0,1,100.0,,0,0.0,,0,0.0
2025,12.0,2025-12,Asia,IRQ,Iraq,Flood,1,6.0,1,100.0,16249.0,1,100.0,,0,0.0,,0,0.0
2025,12.0,2025-12,Asia,ISR,Israel,Storm,1,,0,0.0,,0,0.0,,0,0.0,,0,0.0
2025,12.0,2025-12,Asia,LBN,Lebanon,Storm,1,,0,0.0,,0,0.0,,0,0.0,,0,0.0
2025,12.0,2025-12,Asia,MYS,Malaysia,Flood,1,,0,0.0,2103.0,1,100.0,,0,0.0,,0,0.0
2025,12.0,2025-12,Asia,PSE,State of Palestine,Storm,1,18.0,1,100.0,235020.0,1,100.0,,0,0.0,,0,0.0
2025,12.0,2025-12,Asia,SYR,Syrian Arab Republic,Storm,1,2.0,1,100.0,158000.0,1,100.0,,0,0.0,,0,0.0
2025,12.0,2025-12,Oceania,AUS,Australia,Wildfire,1,1.0,1,100.0,159.0,1,100.0,,0,0.0,,0,0.0
2026,1.0,2026-01,Africa,COD,Democratic Republic of the Congo,Mass movement (wet),2,213.0,2,100.0,74.0,2,100.0,,0,0.0,,0,0.0
2026,1.0,2026-01,Africa,DZA,Algeria,Flood,1,1.0,1,100.0,6000.0,1,100.0,,0,0.0,,0,0.0
2026,1.0,2026-01,Africa,MAR,Morocco,Flood,1,43.0,1,100.0,2000023.0,1,100.0,320000000.0,1,100.0,,0,0.0
2026,1.0,2026-01,Africa,MDG,Madagascar,Storm,1,14.0,1,100.0,203007.0,1,100.0,490000000.0,1,100.0,,0,0.0
2026,1.0,2026-01,Africa,TUN,Tunisia,Flood,1,5.0,1,100.0,25000.0,1,100.0,,0,0.0,,0,0.0
2026,1.0,2026-01,Africa,ZAF,South Africa,Storm,1,2.0,1,100.0,150.0,1,100.0,,0,0.0,,0,0.0
2026,1.0,2026-01,Africa,ZWE,Zimbabwe,Flood,1,109.0,1,100.0,41536.0,1,100.0,,0,0.0,,0,0.0
2026,1.0,2026-01,Americas,ARG,Argentina,Mass movement (wet),1,,0,0.0,10500.0,1,100.0,,0,0.0,,0,0.0
2026,1.0,2026-01,Americas,ARG,Argentina,Wildfire,1,,0,0.0,3001.0,1,100.0,,0,0.0,,0,0.0
2026,1.0,2026-01,Americas,BRA,Brazil,Storm,1,,0,0.0,1202.0,1,100.0,,0,0.0,,0,0.0
2026,1.0,2026-01,Americas,COL,Colombia,Flood,1,44.0,1,100.0,580003.0,1,100.0,2200000000.0,1,100.0,,0,0.0
2026,1.0,2026-01,Americas,COL,Colombia,Storm,1,18.0,1,100.0,150000.0,1,100.0,,0,0.0,,0,0.0
2026,1.0,2026-01,Americas,ECU,Ecuador,Storm,1,14.0,1,100.0,68286.0,1,100.0,,0,0.0,,0,0.0
2026,1.0,2026-01,Americas,MEX,Mexico,Earthquake,1,1.0,1,100.0,16152.0,1,100.0,,0,0.0,,0,0.0
2026,1.0,2026-01,Americas,USA,United States of America,Storm,1,115.0,1,100.0,34.0,1,100.0,4900000000.0,1,100.0,,0,0.0
2026,1.0,2026-01,Asia,AFG,Afghanistan,Flood,1,17.0,1,100.0,14711.0,1,100.0,10000000.0,1,100.0,,0,0.0
2026,1.0,2026-01,Asia,AFG,Afghanistan,Storm,1,61.0,1,100.0,2390.0,1,100.0,,0,0.0,,0,0.0
2026,1.0,2026-01,Asia,IDN,Indonesia,Flood,2,16.0,1,50.0,21304.0,2,100.0,,0,0.0,,0,0.0
2026,1.0,2026-01,Asia,IDN,Indonesia,Mass movement (wet),1,78.0,1,100.0,699.0,1,100.0,20000000.0,1,100.0,,0,0.0
2026,1.0,2026-01,Asia,JPN,Japan,Storm,1,49.0,1,100.0,324.0,1,100.0,250000000.0,1,100.0,,0,0.0
2026,1.0,2026-01,Asia,PAK,Pakistan,Earthquake,1,1.0,1,100.0,152.0,1,100.0,,0,0.0,,0,0.0
2026,1.0,2026-01,Asia,PHL,Philippines,Volcanic activity,1,,0,0.0,4000.0,1,100.0,,0,0.0,,0,0.0
2026,1.0,2026-01,Europe,ALB,Albania,Storm,1,1.0,1,100.0,2400.0,1,100.0,250000000.0,1,100.0,,0,0.0
2026,1.0,2026-01,Europe,BIH,Bosnia and Herzegovina,Storm,2,2.0,2,100.0,,0,0.0,,0,0.0,,0,0.0
2026,1.0,2026-01,Europe,FRA,France,Storm,1,6.0,1,100.0,305.0,1,100.0,,0,0.0,,0,0.0
2026,1.0,2026-01,Europe,GBR,United Kingdom of Great Britain and Northern Ireland,Storm,1,1.0,1,100.0,180.0,1,100.0,,0,0.0,,0,0.0
2026,1.0,2026-01,Europe,NLD,Netherlands (Kingdom of the),Storm,1,,0,0.0,,0,0.0,,0,0.0,,0,0.0
2026,1.0,2026-01,Oceania,AUS,Australia,Wildfire,1,1.0,1,100.0,780.0,1,100.0,1000000000.0,1,100.0,,0,0.0
2026,2.0,2026-02,Africa,AGO,Angola,Flood,1,,0,0.0,6493.0,1,100.0,,0,0.0,,0,0.0
2026,2.0,2026-02,Africa,CAF,Central African Republic,Wildfire,1,,0,0.0,1352.0,1,100.0,,0,0.0,,0,0.0
2026,2.0,2026-02,Africa,CMR,Cameroon,Wildfire,1,1.0,1,100.0,23199.0,1,100.0,,0,0.0,,0,0.0
2026,2.0,2026-02,Africa,MAR,Morocco,Storm,2,11.0,2,100.0,6000300.0,2,100.0,,0,0.0,,0,0.0
2026,2.0,2026-02,Africa,MDG,Madagascar,Storm,1,71.0,1,100.0,478804.0,1,100.0,142000000.0,1,100.0,,0,0.0
2026,2.0,2026-02,Africa,MOZ,Mozambique,Storm,1,4.0,1,100.0,6170.0,1,100.0,,0,0.0,,0,0.0
2026,2.0,2026-02,Americas,BRA,Brazil,Storm,1,73.0,1,100.0,10000.0,1,100.0,60000000.0,1,100.0,,0,0.0
2026,2.0,2026-02,Americas,DOM,Dominican Republic,Flood,1,,0,0.0,16120.0,1,100.0,,0,0.0,,0,0.0
2026,2.0,2026-02,Americas,URY,Uruguay,Drought,1,,0,0.0,15000.0,1,100.0,,0,0.0,,0,0.0
2026,2.0,2026-02,Americas,USA,United States of America,Mass movement (wet),1,9.0,1,100.0,6.0,1,100.0,200000000.0,1,100.0,,0,0.0
2026,2.0,2026-02,Americas,USA,United States of America,Storm,1,2.0,1,100.0,,0,0.0,480000000.0,1,100.0,,0,0.0
2026,2.0,2026-02,Asia,MNG,Mongolia,Storm,1,5.0,1,100.0,39183.0,1,100.0,,0,0.0,,0,0.0
2026,2.0,2026-02,Asia,PHL,Philippines,Mass movement (wet),1,7.0,1,100.0,1139.0,1,100.0,,0,0.0,,0,0.0
2026,2.0,2026-02,Asia,PHL,Philippines,Storm,1,7.0,1,100.0,645612.0,1,100.0,30000000.0,1,100.0,,0,0.0
2026,2.0,2026-02,Asia,SYR,Syrian Arab Republic,Flood,1,3.0,1,100.0,5305.0,1,100.0,,0,0.0,,0,0.0
2026,2.0,2026-02,Europe,ESP,Spain,Storm,3,5.0,3,100.0,90.0,1,33.33,,0,0.0,,0,0.0
2026,2.0,2026-02,Europe,FRA,France,Flood,1,1.0,1,100.0,6000.0,1,100.0,,0,0.0,,0,0.0
2026,2.0,2026-02,Europe,FRA,France,Storm,1,4.0,1,100.0,26.0,1,100.0,,0,0.0,,0,0.0
2026,2.0,2026-02,Europe,PRT,Portugal,Storm,3,4.0,3,100.0,,0,0.0,,0,0.0,,0,0.0
2026,3.0,2026-03,Africa,COD,Democratic Republic of the Congo,Flood,1,2.0,1,100.0,223084.0,1,100.0,,0,0.0,,0,0.0
2026,3.0,2026-03,Africa,ETH,Ethiopia,Flood,1,131.0,1,100.0,14263.0,1,100.0,,0,0.0,,0,0.0
2026,3.0,2026-03,Africa,GAB,Gabon,Storm,1,,0,0.0,6155.0,1,100.0,,0,0.0,,0,0.0
2026,3.0,2026-03,Africa,GNB,Guinea-Bissau,Wildfire,1,,0,0.0,2051.0,1,100.0,,0,0.0,,0,0.0
2026,3.0,2026-03,Africa,KEN,Kenya,Flood,1,59.0,1,100.0,27.0,1,100.0,,0,0.0,,0,0.0
2026,3.0,2026-03,Africa,LBR,Liberia,Storm,1,,0,0.0,3704.0,1,100.0,,0,0.0,,0,0.0
2026,3.0,2026-03,Africa,MWI,Malawi,Flood,1,29.0,1,100.0,140142.0,1,100.0,,0,0.0,,0,0.0
2026,3.0,2026-03,Africa,TZA,United Republic of Tanzania,Mass movement (wet),1,20.0,1,100.0,605.0,1,100.0,,0,0.0,,0,0.0
2026,3.0,2026-03,Americas,USA,United States of America,Storm,3,19.0,3,100.0,55.0,2,66.67,1750000000.0,2,66.67,,0,0.0
2026,3.0,2026-03,Asia,AFG,Afghanistan,Flood,1,169.0,1,100.0,74430.0,1,100.0,,0,0.0,,0,0.0
2026,3.0,2026-03,Asia,BGD,Bangladesh,Epidemic,1,253.0,1,100.0,5567.0,1,100.0,,0,0.0,,0,0.0
2026,3.0,2026-03,Asia,IDN,Indonesia,Mass movement (wet),1,4.0,1,100.0,,0,0.0,,0,0.0,,0,0.0
2026,3.0,2026-03,Asia,IDN,Indonesia,Storm,1,11.0,1,100.0,619.0,1,100.0,,0,0.0,,0,0.0
2026,3.0,2026-03,Asia,IRQ,Iraq,Flood,1,4.0,1,100.0,31320.0,1,100.0,,0,0.0,,0,0.0
2026,3.0,2026-03,Asia,PAK,Pakistan,Storm,2,102.0,2,100.0,2365.0,2,100.0,5000000.0,1,50.0,,0,0.0
2026,3.0,2026-03,Asia,SYR,Syrian Arab Republic,Storm,1,7.0,1,100.0,50000.0,1,100.0,,0,0.0,,0,0.0
2026,3.0,2026-03,Asia,VNM,Viet Nam,Storm,1,4.0,1,100.0,26300.0,1,100.0,,0,0.0,,0,0.0
2026,3.0,2026-03,Asia,YEM,Yemen,Storm,1,73.0,1,100.0,132144.0,1,100.0,,0,0.0,,0,0.0
2026,3.0,2026-03,Europe,GRC,Greece,Earthquake,1,,0,0.0,420.0,1,100.0,,0,0.0,,0,0.0
2026,3.0,2026-03,Europe,HRV,Croatia,Storm,1,,0,0.0,152.0,1,100.0,,0,0.0,,0,0.0
2026,3.0,2026-03,Oceania,AUS,Australia,Flood,1,2.0,1,100.0,197.0,1,100.0,,0,0.0,,0,0.0
2026,4.0,2026-04,Africa,AGO,Angola,Flood,1,45.0,1,100.0,51292.0,1,100.0,,0,0.0,,0,0.0
2026,4.0,2026-04,Africa,BWA,Botswana,Flood,1,,0,0.0,7829.0,1,100.0,,0,0.0,,0,0.0
2026,4.0,2026-04,Africa,COD,Democratic Republic of the Congo,Flood,1,6.0,1,100.0,65013.0,1,100.0,,0,0.0,,0,0.0
2026,4.0,2026-04,Africa,KEN,Kenya,Storm,1,18.0,1,100.0,515.0,1,100.0,,0,0.0,,0,0.0
2026,4.0,2026-04,Americas,BRA,Brazil,Flood,2,2.0,1,50.0,1800.0,1,50.0,,0,0.0,,0,0.0
2026,4.0,2026-04,Americas,DOM,Dominican Republic,Flood,1,13.0,1,100.0,172002.0,1,100.0,,0,0.0,,0,0.0
2026,4.0,2026-04,Americas,HTI,Haiti,Storm,1,12.0,1,100.0,2500.0,1,100.0,,0,0.0,,0,0.0
2026,4.0,2026-04,Americas,USA,United States of America,Storm,2,2.0,1,50.0,439.0,2,100.0,5800000000.0,1,50.0,,0,0.0
2026,4.0,2026-04,Americas,USA,United States of America,Wildfire,1,1.0,1,100.0,559.0,1,100.0,,0,0.0,,0,0.0
2026,4.0,2026-04,Asia,AFG,Afghanistan,Earthquake,1,12.0,1,100.0,194.0,1,100.0,,0,0.0,,0,0.0
2026,4.0,2026-04,Asia,AFG,Afghanistan,Flood,1,18.0,1,100.0,73309.0,1,100.0,,0,0.0,,0,0.0
2026,4.0,2026-04,Asia,AZE,Azerbaijan,Flood,1,1.0,1,100.0,167.0,1,100.0,,0,0.0,,0,0.0
2026,4.0,2026-04,Asia,BGD,Bangladesh,Storm,2,26.0,2,100.0,23.0,2,100.0,,0,0.0,,0,0.0
2026,4.0,2026-04,Asia,IDN,Indonesia,Earthquake,2,1.0,1,50.0,3427.0,2,100.0,,0,0.0,,0,0.0
2026,4.0,2026-04,Asia,VNM,Viet Nam,Storm,1,2.0,1,100.0,21800.0,1,100.0,2000000.0,1,100.0,,0,0.0
2026,4.0,2026-04,Europe,RUS,Russian Federation,Flood,1,6.0,1,100.0,1500000.0,1,100.0,30000000.0,1,100.0,,0,0.0
2026,4.0,2026-04,Oceania,FJI,Fiji,Storm,1,1.0,1,100.0,75000.0,1,100.0,1500000.0,1,100.0,,0,0.0
2026,4.0,2026-04,Oceania,FSM,Micronesia (Federated States of),Storm,1,,0,0.0,34000.0,1,100.0,96000000.0,1,100.0,,0,0.0
2026,4.0,2026-04,Oceania,GUM,Guam,Storm,1,2.0,1,100.0,,0,0.0,458000000.0,1,100.0,,0,0.0
2026,4.0,2026-04,Oceania,MNP,Northern Mariana Islands,Storm,1,6.0,1,100.0,,0,0.0,1000000000.0,1,100.0,,0,0.0
2026,4.0,2026-04,Oceania,NZL,New Zealand,Storm,2,1.0,1,50.0,,0,0.0,,0,0.0,,0,0.0
2026,4.0,2026-04,Oceania,PNG,Papua New Guinea,Storm,1,23.0,1,100.0,200007.0,1,100.0,,0,0.0,,0,0.0
2026,4.0,2026-04,Oceania,SLB,Solomon Islands,Storm,1,8.0,1,100.0,340641.0,1,100.0,,0,0.0,,0,0.0
2026,5.0,2026-05,Africa,CIV,Côte d’Ivoire,Flood,1,59.0,1,100.0,3648.0,1,100.0,,0,0.0,,0,0.0
2026,5.0,2026-05,Africa,COD,Democratic Republic of the Congo,Flood,1,6.0,1,100.0,79000.0,1,100.0,,0,0.0,,0,0.0
2026,5.0,2026-05,Africa,NGA,Nigeria,Epidemic,1,73.0,1,100.0,4920.0,1,100.0,,0,0.0,,0,0.0
2026,5.0,2026-05,Africa,ZAF,South Africa,Flood,1,10.0,1,100.0,41635.0,1,100.0,580000000.0,1,100.0,,0,0.0
2026,5.0,2026-05,Americas,HND,Honduras,Drought,1,,0,0.0,1000000.0,1,100.0,,0,0.0,,0,0.0
2026,5.0,2026-05,Asia,AFG,Afghanistan,Flood,1,28.0,1,100.0,3260.0,1,100.0,,0,0.0,,0,0.0
2026,5.0,2026-05,Asia,CHN,China,Flood,1,42.0,1,100.0,61500.0,1,100.0,900000000.0,1,100.0,,0,0.0
2026,5.0,2026-05,Asia,IND,India,Storm,1,122.0,1,100.0,1194.0,1,100.0,10000000.0,1,100.0,,0,0.0
2026,5.0,2026-05,Asia,THA,Thailand,Storm,1,,0,0.0,2600.0,1,100.0,,0,0.0,,0,0.0
2026,5.0,2026-05,Asia,VNM,Viet Nam,Storm,1,,0,0.0,8320.0,1,100.0,,0,0.0,,0,0.0
2026,6.0,2026-06,Americas,MEX,Mexico,Storm,1,4.0,1,100.0,2400.0,1,100.0,100000000.0,1,100.0,,0,0.0
2026,6.0,2026-06,Americas,VEN,Venezuela (Bolivarian Republic of),Earthquake,1,7909.0,1,100.0,6800740.0,1,100.0,30000000000.0,1,100.0,,0,0.0
2026,6.0,2026-06,Asia,GEO,Georgia,Flood,1,,0,0.0,81868.0,1,100.0,,0,0.0,,0,0.0
2026,6.0,2026-06,Asia,IDN,Indonesia,Earthquake,1,3.0,1,100.0,25995.0,1,100.0,,0,0.0,,0,0.0
2026,6.0,2026-06,Asia,JPN,Japan,Storm,1,,0,0.0,194.0,1,100.0,,0,0.0,,0,0.0
2026,6.0,2026-06,Asia,PHL,Philippines,Earthquake,1,108.0,1,100.0,1601339.0,1,100.0,1400000000.0,1,100.0,,0,0.0
2026,6.0,2026-06,Asia,PHL,Philippines,Storm,1,,0,0.0,,0,0.0,3400000.0,1,100.0,,0,0.0
2026,7.0,2026-07,Africa,DZA,Algeria,Wildfire,1,6.0,1,100.0,10000.0,1,100.0,,0,0.0,,0,0.0
2026,7.0,2026-07,Americas,CHL,Chile,Storm,2,22.0,2,100.0,24900.0,2,100.0,,0,0.0,,0,0.0
2026,7.0,2026-07,Americas,ECU,Ecuador,Flood,1,18.0,1,100.0,188.0,1,100.0,,0,0.0,,0,0.0
2026,7.0,2026-07,Americas,MEX,Mexico,Earthquake,1,,0,0.0,1218.0,1,100.0,,0,0.0,,0,0.0
2026,7.0,2026-07,Americas,PER,Peru,Earthquake,1,6.0,1,100.0,23721.0,1,100.0,,0,0.0,,0,0.0
2026,7.0,2026-07,Asia,AFG,Afghanistan,Flood,1,28.0,1,100.0,15405.0,1,100.0,,0,0.0,,0,0.0
2026,7.0,2026-07,Asia,BGD,Bangladesh,Flood,1,59.0,1,100.0,1280039.0,1,100.0,,0,0.0,,0,0.0
2026,7.0,2026-07,Asia,CHN,China,Mass movement (dry),1,61.0,1,100.0,10.0,1,100.0,,0,0.0,,0,0.0
2026,7.0,2026-07,Asia,CHN,China,Mass movement (wet),1,21.0,1,100.0,,0,0.0,,0,0.0,,0,0.0
2026,7.0,2026-07,Asia,CHN,China,Storm,1,,0,0.0,,0,0.0,,0,0.0,,0,0.0
2026,7.0,2026-07,Asia,IND,India,Flood,3,106.0,3,100.0,1144733.0,1,33.33,,0,0.0,,0,0.0
2026,7.0,2026-07,Asia,JPN,Japan,Earthquake,1,38.0,1,100.0,63463.0,1,100.0,,0,0.0,,0,0.0
2026,7.0,2026-07,Asia,JPN,Japan,Storm,1,,0,0.0,,0,0.0,,0,0.0,,0,0.0
2026,7.0,2026-07,Asia,PHL,Philippines,Storm,1,36.0,1,100.0,654000.0,1,100.0,,0,0.0,,0,0.0
2026,7.0,2026-07,Asia,TWN,Taiwan (Province of China),Storm,1,,0,0.0,134.0,1,100.0,,0,0.0,,0,0.0
2026,7.0,2026-07,Europe,FRA,France,Wildfire,1,,0,0.0,2886.0,1,100.0,,0,0.0,,0,0.0
2026,7.0,2026-07,Europe,GRC,Greece,Wildfire,1,2.0,1,100.0,300.0,1,100.0,,0,0.0,,0,0.0
2026,7.0,2026-07,Oceania,GUM,Guam,Storm,1,,0,0.0,4.0,1,100.0,,0,0.0,,0,0.0
2026,7.0,2026-07,Oceania,MNP,Northern Mariana Islands,Storm,1,,0,0.0,,0,0.0,,0,0.0,,0,0.0
2026,8.0,2026-08,Africa,DZA,Algeria,Wildfire,1,12.0,1,100.0,54.0,1,100.0,,0,0.0,,0,0.0
2026,8.0,2026-08,Africa,ETH,Ethiopia,Mass movement (wet),1,14.0,1,100.0,5.0,1,100.0,,0,0.0,,0,0.0
2026,8.0,2026-08,Africa,GIN,Guinea,Mass movement (wet),1,36.0,1,100.0,1633.0,1,100.0,,0,0.0,,0,0.0
2026,8.0,2026-08,Americas,COL,Colombia,Earthquake,1,730.0,1,100.0,496236.0,1,100.0,9570000000.0,1,100.0,,0,0.0
2026,8.0,2026-08,Americas,USA,United States of America,Storm,1,3.0,1,100.0,300.0,1,100.0,,0,0.0,,0,0.0
2026,8.0,2026-08,Americas,USA,United States of America,Wildfire,1,,0,0.0,148.0,1,100.0,,0,0.0,,0,0.0
2026,8.0,2026-08,Asia,CHN,China,Flood,1,562.0,1,100.0,,0,0.0,,0,0.0,,0,0.0
2026,8.0,2026-08,Asia,IDN,Indonesia,Earthquake,1,105.0,1,100.0,485658.0,1,100.0,,0,0.0,,0,0.0
2026,8.0,2026-08,Asia,JPN,Japan,Flood,1,10.0,1,100.0,205.0,1,100.0,,0,0.0,,0,0.0
2026,8.0,2026-08,Asia,NPL,Nepal,Flood,1,6342.0,1,100.0,84267.0,1,100.0,1300000000.0,1,100.0,,0,0.0
2026,8.0,2026-08,Asia,PHL,Philippines,Flood,1,32.0,1,100.0,7467255.0,1,100.0,,0,0.0,,0,0.0
2026,8.0,2026-08,Europe,FRA,France,Storm,1,2.0,1,100.0,1038.0,1,100.0,,0,0.0,,0,0.0
2026,9.0,2026-09,Americas,VEN,Venezuela (Bolivarian Republic of),Storm,1,5.0,1,100.0,,0,0.0,3000000.0,1,100.0,,0,0.0
